Name,EvolutionStage,WebCardID,ImageURL,CardType,HP,Attribute,Ability,AbilityDesc,Skill1Name,Skill1Cost,Skill1Damage,Skill1Effect,Skill2Name,Skill2Cost,Skill2Damage,Skill2Effect,Weakness,WeaknessType,Resistance,ResistanceType,RetreatCost,CollectorNumber,Rarity,Mark,Expansion,ExpansionCode,Illustrator,PokemonInfo,Evolution,Subtypes,Tier,Score,ScoreBreakdown,PrimaryEffectType,SpecialEffectType
N的ＰＰ提升劑,,13083,https://asia.pokemon-card.com/hk/card-img/hk00013083.png,物品卡,,,,,,,,從自己的棄牌區選擇1張基本能量卡，附於備戰區的「N的寶可夢」身上。,,,,,,,,,,89,normal,I,擴充包「對戰搭檔」,SV9,Toyste Beach,,,,B,13.00,Base:7.0|Meta:0.0|Exp:3.0|Func:3.0|Syn:0.0|Eff:0.0|Dmg:0.0|Mod:1.00,搜索效果,無
N的城堡,,13091,https://asia.pokemon-card.com/hk/card-img/hk00013091.png,競技場卡,,,,,,,,雙方場上所有「N的寶可夢」【撤退】所需的能量全部消除。,,,,,,,,,,97,normal,I,擴充包「對戰搭檔」,SV9,AYUMI ODASHIMA,,,,B,13.00,Base:6.0|Meta:0.0|Exp:3.0|Func:2.0|Syn:2.0|Eff:0.0|Dmg:0.0|Mod:1.00,撤退干擾,撤退效果
N的謀劃,,14104,https://asia.pokemon-card.com/hk/card-img/hk00014104.png,支援者卡,,,,,,,,選擇最多2個自己的備戰寶可夢身上附加的能量，改附於戰鬥寶可夢身上。,,,,,,,,,,83,normal,I,擴充包「漆黑伏特」,SV11B,hncl,,,,A,17.00,Base:8.0|Meta:0.0|Exp:3.0|Func:6.0|Syn:0.0|Eff:0.0|Dmg:0.0|Mod:1.00,能量操作,無
八朔,,11382,https://asia.pokemon-card.com/hk/card-img/hk00011382.png,支援者卡,,,,,,,,這張卡必須在上個對手的回合自己的寶可夢【昏厥】了才可使用。<br/> <br/>查看自己的牌庫上方8張卡，從其中選擇最多3張卡加入手牌。將剩餘卡放回牌庫並重洗。,,,,,,,,,,98,normal,H,擴充包「變幻假面」,SV6,GOSSAN,,,,B+,16.00,Base:8.0|Meta:0.0|Exp:3.0|Func:5.0|Syn:0.0|Eff:0.0|Dmg:0.0|Mod:1.00,"抽卡效果, 搜索效果, 連續技",無
力量蛋白飲,,14261,https://asia.pokemon-card.com/hk/card-img/hk00014261.png,物品卡,,,,,,,,在這個回合，自己的【鬥】寶可夢使用的招式，對對手的戰鬥寶可夢造成的傷害「+30」點。,,,,,,,,,,58,normal,I,擴充包「超級勇氣」,M1L,Toyste Beach,,,,C,8.00,Base:7.0|Meta:0.0|Exp:-1.0|Func:2.0|Syn:0.0|Eff:0.0|Dmg:0.0|Mod:1.00,"HP提升, 傷害效果",無
也慈,,9614,https://asia.pokemon-card.com/hk/card-img/hk00009614.png,支援者卡,,,,,,,,在使用了這張卡的回合結束前，自己的所有寶可夢無法使用招式。（包含新上場的寶可夢。）<br/>從自己的牌庫選擇最多2張基本能量卡，附於自己的1隻寶可夢身上。並且重洗牌庫。,,,,在自己的回合時，支援者卡只可使用1張。,,,,,,103,normal,G,擴充包「黯焰支配者」,SV3,kirisAki,,,,B,13.00,Base:8.0|Meta:0.0|Exp:2.0|Func:3.0|Syn:0.0|Eff:0.0|Dmg:0.0|Mod:1.00,"全體防禦, 招式鎖定, 搜索效果",無
千里,,10023,https://asia.pokemon-card.com/hk/card-img/hk00010023.png,支援者卡,,,,,,,,從自己的牌庫抽出2張卡。若對手的戰鬥寶可夢為「寶可夢【ex】」，則再抽出2張卡。,,,,,,,,,,65,normal,G,擴充包「古代咆哮」,SV4K,Hideki Ishikawa,,,,A,17.00,Base:8.0|Meta:0.0|Exp:2.0|Func:5.0|Syn:2.0|Eff:0.0|Dmg:0.0|Mod:1.00,"抽卡效果, 搜索效果",無
大地之容器,,11018,https://asia.pokemon-card.com/hk/card-img/hk00011018.png,物品卡,,,,,,,,這張卡必須將自己的1張手牌丟棄才可使用。 <br/><br/> 從自己的牌庫選擇最多2張基本能量卡，在給對手看過後加入手牌。並且重洗牌庫。,,,,,,,,,,84,promo,G,特典卡 朱&紫,SV,AYUMI ODASHIMA,,,,B+,15.00,Base:7.0|Meta:0.0|Exp:2.0|Func:6.0|Syn:0.0|Eff:0.0|Dmg:0.0|Mod:1.00,"抽卡效果, 搜索效果",丟棄效果
學習裝置,,8364,https://asia.pokemon-card.com/hk/card-img/hk00008364.png,寶可夢道具,,,,,,,,每次當自己的戰鬥寶可夢受到對手的寶可夢招式的傷害而【昏厥】時，可選擇1張那隻寶可夢身上附加的基本能量卡，改附於附有這張卡的寶可夢身上。,[寶可夢道具規則],,,在自己的回合時，寶可夢道具卡可不限張數附於自己的寶可夢身上。1隻寶可夢只可附上1張寶可夢道具卡，並且保持附加狀態。,,,,,,72,normal,G,擴充包「朱ex」,SV1S,Toyste Beach,,,,A,18.00,Base:6.0|Meta:3.0|Exp:2.0|Func:7.0|Syn:0.0|Eff:0.0|Dmg:0.0|Mod:1.00,"其他效果, 昏厥條件, 能量操作",無
大師球,,10954,https://asia.pokemon-card.com/hk/card-img/hk00010954.png,物品卡,,,,,,,,從自己的牌庫選擇1張寶可夢卡，在給對手看過後加入手牌。並且重洗牌庫。,,,,,,,,,,15,normal,H,起始組合「古代故勒頓ex」,SVHK,Studio Bora Inc.,,,,B+,16.00,Base:7.0|Meta:0.0|Exp:2.0|Func:4.0|Syn:3.0|Eff:0.0|Dmg:0.0|Mod:1.00,"抽卡效果, 搜索效果",無
小光,,14541,https://asia.pokemon-card.com/hk/card-img/hk00014541.png,支援者卡,,,,,,,,從自己的牌庫選擇「【基礎】寶可夢」卡「【1階進化】寶可夢」卡「【2階進化】寶可夢」卡各一張，在給對手看過後加入手牌。並且重洗牌庫。,,,,,,,,,,77,normal,I,擴充包「烈獄狂火X」,M2,Yuu Nishida,,,,B+,14.00,Base:8.0|Meta:0.0|Exp:-1.0|Func:7.0|Syn:0.0|Eff:0.0|Dmg:0.0|Mod:1.00,"抽卡效果, 搜索效果, 進化支援",無
小剛的發掘,,13090,https://asia.pokemon-card.com/hk/card-img/hk00013090.png,支援者卡,,,,,,,,從自己的牌庫選擇最多2張【基礎】寶可夢卡，或者1張進化寶可夢卡，在給對手看過後加入手牌。並且重洗牌庫。,,,,,,,,,,96,normal,I,擴充包「對戰搭檔」,SV9,Teeziro,,,,A,18.00,Base:8.0|Meta:0.0|Exp:3.0|Func:7.0|Syn:0.0|Eff:0.0|Dmg:0.0|Mod:1.00,"抽卡效果, 搜索效果, 進化支援",無
不公印章,,14369,https://asia.pokemon-card.com/hk/card-img/hk00014369.png,物品卡,,,,,,,,這張卡必須在上個對手的回合自己的寶可夢【昏厥】了才可使用。<br/><br/> <br/><br/>雙方玩家各自將手牌全部放回牌庫並重洗。然後，從牌庫抽卡，自己抽出5張，對手抽出2張。,,,,,,,,,,11,normal,I,挑戰牌組 「超級蒂安希ex」,MBD,Toyste Beach,,,,B+,16.00,Base:7.0|Meta:0.0|Exp:-1.0|Func:8.0|Syn:2.0|Eff:0.0|Dmg:0.0|Mod:1.00,"牌庫重洗, 連續技",大量抽卡
中立中心,,11514,https://asia.pokemon-card.com/hk/card-img/hk00011514.png,競技場卡,,,,,,,,雙方的所有寶可夢（「擁有規則的寶可夢」除外），不會受到對手的「寶可夢【ex】・【V】」招式的傷害。<br/><br/><br/><br/>這張卡只要在棄牌區，無法加入手牌，無法放回牌庫。,,,,,,,,,,63,normal,H,強化擴充包「黑夜漫遊者」,SV6a,imoniii,,,,B,12.00,Base:6.0|Meta:0.0|Exp:3.0|Func:3.0|Syn:0.0|Eff:0.0|Dmg:0.0|Mod:1.00,"傷害防禦, 抽卡效果, 效果免疫, 棄牌區傷害加成",無
丹瑜,,11381,https://asia.pokemon-card.com/hk/card-img/hk00011381.png,支援者卡,,,,,,,,這張卡可在先攻玩家的最初回合使用。<br/> <br/>將自己的手牌全部丟棄，從牌庫抽出5張卡。,,,,,,,,,,97,normal,H,擴充包「變幻假面」,SV6,kantaro,,,,B+,16.00,Base:8.0|Meta:0.0|Exp:3.0|Func:3.0|Syn:2.0|Eff:0.0|Dmg:0.0|Mod:1.00,搜索效果,大量抽卡
反擊增幅器,,14202,https://asia.pokemon-card.com/hk/card-img/hk00014202.png,寶可夢道具,,,,,,,,若自己剩餘獎賞卡的張數比對手剩餘獎賞卡的張數多，則附有這張卡的寶可夢使用招式所需的能量，減少1個【無】能量。,,,,,,,,,,17,promo,H,特典卡 超級進化,M,Toyste Beach,,,,B,12.00,Base:6.0|Meta:1.0|Exp:-1.0|Func:4.0|Syn:2.0|Eff:0.0|Dmg:0.0|Mod:1.00,"獎賞控制, 能量需求增加",無
化朗鎮,,13093,https://asia.pokemon-card.com/hk/card-img/hk00013093.png,競技場卡,,,,,,,,雙方的「赫普的寶可夢」使用的招式，對對手的戰鬥寶可夢造成的傷害「+30」點。,,,,,,,,,,99,normal,I,擴充包「對戰搭檔」,SV9,AYUMI ODASHIMA,,,,B,11.00,Base:6.0|Meta:0.0|Exp:3.0|Func:2.0|Syn:0.0|Eff:0.0|Dmg:0.0|Mod:1.00,"HP提升, 傷害效果",無
反擊捕捉器,,4647,https://asia.pokemon-card.com/hk/card-img/hk00004647.png,物品卡,,,,,,,,這張卡只有在自己剩餘獎賞卡的張數比對手剩餘獎賞卡的張數多時才可使用。選擇對手的1隻備戰寶可夢，與戰鬥寶可夢互換。,,,,在自己的回合時，物品卡可不限張數使用。,,,,,,130,normal,G,擴充包「眾星雲集組合篇」SET A,AC1a,Toyste Beach,,,,B+,16.00,Base:7.0|Meta:3.0|Exp:-1.0|Func:5.0|Syn:2.0|Eff:0.0|Dmg:0.0|Mod:1.00,"切換效果, 獎賞控制",無
天星隊手下,,8367,https://asia.pokemon-card.com/hk/card-img/hk00008367.png,支援者卡,,,,,,,,選擇1個對手的戰鬥寶可夢身上附加的能量，放回對手的牌庫上方。,,,,在自己的回合時，支援者卡只可使用1張。,,,,,,75,normal,G,擴充包「朱ex」,SV1S,nagimiso,,,,B+,15.00,Base:8.0|Meta:0.0|Exp:2.0|Func:5.0|Syn:0.0|Eff:0.0|Dmg:0.0|Mod:1.00,"搜索效果, 能量操作",無
太晶珠,,12566,https://asia.pokemon-card.com/hk/card-img/hk00012566.png,物品卡,,,,,,,,從自己的牌庫選擇1張「太晶」寶可夢卡，在給對手看過後加入手牌。並且重洗牌庫。,,,,,,,,,,145,normal,H,高級擴充包「太晶慶典ex」,SV8a,Ayaka Yoshida,,,太晶,B+,14.00,Base:7.0|Meta:0.0|Exp:3.0|Func:4.0|Syn:0.0|Eff:0.0|Dmg:0.0|Mod:1.00,"抽卡效果, 搜索效果",無
引力山岳,,12182,https://asia.pokemon-card.com/hk/card-img/hk00012182.png,競技場卡,,,,,,,,雙方場上所有【2階進化】寶可夢的最大HP各「-30」。,,,,,,,,,,106,normal,H,擴充包「超電突圍」,SV8,AYUMI ODASHIMA,,,,B+,15.00,Base:6.0|Meta:0.0|Exp:3.0|Func:4.0|Syn:2.0|Eff:0.0|Dmg:0.0|Mod:1.00,"HP提升, 進化支援",無
手部修剪器,,10929,https://asia.pokemon-card.com/hk/card-img/hk00010929.png,物品卡,,,,,,,,雙方玩家各將自己的手牌丟棄直到變為5張為止。（對手先丟棄。手牌為5張以下的玩家不丟棄。）,,,,,,,,,,61,normal,H,擴充包「異度審判」,SV5M,Ayaka Yoshida,,,,B,11.00,Base:7.0|Meta:0.0|Exp:2.0|Func:2.0|Syn:0.0|Eff:0.0|Dmg:0.0|Mod:1.00,無,丟棄效果
基本惡能量,,,https://asia.pokemon-card.com/hk/card-img/,基本能量卡,,,,,,,,,,,,,,,,,,DAR,n/a,G,G超起始牌組「傳說交鋒」,AS6D,n/a,,,,D,5.00,Base:5.0|Meta:0.0|Exp:0.0|Func:0.0|Syn:0.0|Eff:0.0|Dmg:0.0|Mod:1.00,無,無
基本鬥能量,,,https://asia.pokemon-card.com/hk/card-img/,基本能量卡,,,,,,,,,,,,,,,,,,FIG,n/a,G,G超起始牌組「傳說交鋒」,AS6D,n/a,,,,D,5.00,Base:5.0|Meta:0.0|Exp:0.0|Func:0.0|Syn:0.0|Eff:0.0|Dmg:0.0|Mod:1.00,無,無
基本火能量,,,https://asia.pokemon-card.com/hk/card-img/,基本能量卡,,,,,,,,,,,,,,,,,,FIR,n/a,G,G超起始牌組「傳說交鋒」,AS6D,n/a,,,,D,5.00,Base:5.0|Meta:0.0|Exp:0.0|Func:0.0|Syn:0.0|Eff:0.0|Dmg:0.0|Mod:1.00,無,無
基本草能量,,,https://asia.pokemon-card.com/hk/card-img/,基本能量卡,,,,,,,,,,,,,,,,,,GRA,n/a,G,G超起始牌組「傳說交鋒」,AS6D,n/a,,,,D,5.00,Base:5.0|Meta:0.0|Exp:0.0|Func:0.0|Syn:0.0|Eff:0.0|Dmg:0.0|Mod:1.00,無,無
基本雷能量,,,https://asia.pokemon-card.com/hk/card-img/,基本能量卡,,,,,,,,,,,,,,,,,,LIG,n/a,G,G超起始牌組「傳說交鋒」,AS6D,n/a,,,,D,5.00,Base:5.0|Meta:0.0|Exp:0.0|Func:0.0|Syn:0.0|Eff:0.0|Dmg:0.0|Mod:1.00,無,無
基本鋼能量,,,https://asia.pokemon-card.com/hk/card-img/,基本能量卡,,,,,,,,,,,,,,,,,,MET,n/a,G,G超起始牌組「傳說交鋒」,AS6D,n/a,,,,D,5.00,Base:5.0|Meta:0.0|Exp:0.0|Func:0.0|Syn:0.0|Eff:0.0|Dmg:0.0|Mod:1.00,無,無
基本超能量,,,https://asia.pokemon-card.com/hk/card-img/,基本能量卡,,,,,,,,,,,,,,,,,,PSY,n/a,G,G超起始牌組「傳說交鋒」,AS6D,n/a,,,,D,5.00,Base:5.0|Meta:0.0|Exp:0.0|Func:0.0|Syn:0.0|Eff:0.0|Dmg:0.0|Mod:1.00,無,無
基本水能量,,,https://asia.pokemon-card.com/hk/card-img/,基本能量卡,,,,,,,,,,,,,,,,,,WAT,n/a,G,G超起始牌組「傳說交鋒」,AS6D,n/a,,,,D,5.00,Base:5.0|Meta:0.0|Exp:0.0|Func:0.0|Syn:0.0|Eff:0.0|Dmg:0.0|Mod:1.00,無,無
妙蛙種子,基礎,14345,https://asia.pokemon-card.com/hk/card-img/hk00014345.png,寶可夢,80,Grass,,,束縛,Grass,10,在下個對手的回合，受到這個招式的寶可夢無法撤退。,,,,,,Fire,,,2,1,promo,I,特典卡 超級進化,M,HYOGONOSUKE,在出生後的一段時間內，<br/> 牠會吸收背上種子裡<br/> 儲存著的營養成長。,妙蛙種子 → 妙蛙草 → 妙蛙花 → 超級妙蛙花ex → 妙蛙花ex,,D,6.00,Base:5.0|Meta:0.0|Exp:-1.0|Func:2.0|Syn:0.0|Eff:0.0|Dmg:0.0|Mod:1.00,撤退封鎖,撤退效果
妙蛙種子,基礎,8867,https://asia.pokemon-card.com/hk/card-img/hk00008867.png,寶可夢,70,Grass,,,寄生種子,"Grass,Colorless",20,將這隻寶可夢恢復「20」HP。,,,,,,Fire,,,2,1,normal,G,強化擴充包「寶可夢卡牌151」,SV2a,Yuu Nishida,在出生後的一段時間內，牠會吸收背上種子裡<br/>儲存著的營養成長。,妙蛙種子 → 妙蛙草 → 妙蛙花 → 妙蛙花ex,,C+,9.00,Base:5.0|Meta:0.0|Exp:2.0|Func:2.0|Syn:0.0|Eff:0.0|Dmg:0.0|Mod:1.00,回復效果,無
妙蛙草,1階進化,14346,https://asia.pokemon-card.com/hk/card-img/hk00014346.png,寶可夢,110,Grass,,,飛葉快刀,"Grass,Grass",60,,,,,,,Fire,,,3,2,promo,I,特典卡 超級進化,M,Takumi Wada,沐浴在陽光下越久，<br/> 身體內會湧出越多力量，<br/> 背上的花苞也會漸漸成長。,妙蛙種子 → 妙蛙草 → 妙蛙花 → 超級妙蛙花ex → 妙蛙花ex,,D,6.00,Base:5.0|Meta:0.0|Exp:-1.0|Func:0.0|Syn:0.0|Eff:0.0|Dmg:2.0|Mod:1.00,無,無
妙蛙草,1階進化,8868,https://asia.pokemon-card.com/hk/card-img/hk00008868.png,寶可夢,100,Grass,,,寄生種子,"Grass,Colorless",30,將這隻寶可夢恢復「20」HP。,藤鞭,"Grass,Grass,Colorless",80,,,Fire,,,3,2,normal,G,強化擴充包「寶可夢卡牌151」,SV2a,Yuu Nishida,沐浴在陽光下越久，身體內會湧出越多力量，<br/>背上的花苞也會漸漸成長。,妙蛙種子 → 妙蛙草 → 妙蛙花 → 妙蛙花ex,,B,11.00,Base:5.0|Meta:0.0|Exp:2.0|Func:2.0|Syn:0.0|Eff:0.0|Dmg:2.0|Mod:1.00,回復效果,無
時拉比,基礎,14347,https://asia.pokemon-card.com/hk/card-img/hk00014347.png,寶可夢,80,Grass,,,時間輪轉,Grass,,從自己的牌庫選擇【草】寶可夢卡與競技場卡合計最多3張，在給對手看過後加入手牌。並且重洗牌庫。,日光刀,Grass,30,,,Fire,,,1,3,promo,I,特典卡 超級進化,M,Naoki Saito,從未來穿越時光而來。<br/> 能夠治癒傷痛，<br/> 也會把自己的力量分給草木。,時拉比,,C+,9.00,Base:5.0|Meta:0.0|Exp:-1.0|Func:4.0|Syn:0.0|Eff:0.0|Dmg:1.0|Mod:1.00,"抽卡效果, 搜索效果",競技場效果
時拉比,基礎,12183,https://asia.pokemon-card.com/hk/card-img/hk00012183.png,寶可夢,80,Grass,,,呼喚,Colorless,,從自己的牌庫抽出1張卡。,綠葉舞步,Grass,30,,,Fire,,,1,1,normal,H,Trianers Camp,SVI,satoma,擁有能夠穿越時光的力量。<br/>在許多時代都留下了<br/>將牠視為森林之神的紀錄。,時拉比,,B,11.00,Base:5.0|Meta:0.0|Exp:2.0|Func:3.0|Syn:0.0|Eff:0.0|Dmg:1.0|Mod:1.00,"抽卡效果, 搜索效果",無
凱西,基礎,14348,https://asia.pokemon-card.com/hk/card-img/hk00014348.png,寶可夢,50,Psychic,,,瞬間移動攻擊,Psychic,10,將這隻寶可夢與備戰寶可夢互換。,,,,,,Darkness,,Fighting,1,4,promo,I,特典卡 超級進化,M,Orca,就算在睡夢中也能使用瞬間移動。<br/> 據說當牠睡得越熟，<br/> 瞬間移動的距離就會越遠。,凱西 → 勇基拉 → 胡地 → 胡地ex,,C,7.00,Base:5.0|Meta:0.0|Exp:-1.0|Func:3.0|Syn:0.0|Eff:0.0|Dmg:0.0|Mod:1.00,切換效果,無
凱西,基礎,8929,https://asia.pokemon-card.com/hk/card-img/hk00008929.png,寶可夢,50,Psychic,,,精神射擊,Psychic,20,,,,,,,Darkness,,Fighting,1,63,normal,G,強化擴充包「寶可夢卡牌151」,SV2a,Mitsuhiro Arita,就算在睡夢中也能使用瞬間移動。據說當牠睡得越熟，<br/>瞬間移動的距離就會越遠。,凱西 → 勇基拉 → 胡地 → 胡地ex,,C,7.00,Base:5.0|Meta:0.0|Exp:2.0|Func:0.0|Syn:0.0|Eff:0.0|Dmg:0.0|Mod:1.00,無,無
拉魯拉絲,基礎,14349,https://asia.pokemon-card.com/hk/card-img/hk00014349.png,寶可夢,70,Psychic,,,呼喚,Colorless,,從自己的牌庫抽出1張卡。,頭錘,Psychic,10,,,Darkness,,Fighting,1,5,promo,I,特典卡 超級進化,M,Terada Tera,擁有使用頭上的紅角<br/> 就可以敏銳察覺<br/> 人類感情的能力。,拉魯拉絲 → 奇魯莉安 → 沙奈朵ex → 沙奈朵 → 艾路雷朵 → 沙奈朵GX → 超級沙奈朵ex,,C,7.00,Base:5.0|Meta:0.0|Exp:-1.0|Func:3.0|Syn:0.0|Eff:0.0|Dmg:0.0|Mod:1.00,"抽卡效果, 搜索效果",無
拉魯拉絲,基礎,8318,https://asia.pokemon-card.com/hk/card-img/hk00008318.png,寶可夢,70,Psychic,,,精神射擊,"Psychic,Colorless",30,,,,,,,Darkness,,Fighting,1,26,normal,G,擴充包「朱ex」,SV1S,Tika Matsuno,擁有使用頭上的紅角就可以敏銳察覺<br/>人類感情的能力。,拉魯拉絲 → 奇魯莉安 → 沙奈朵ex → 沙奈朵 → 艾路雷朵 → 沙奈朵GX,,C,8.00,Base:5.0|Meta:0.0|Exp:2.0|Func:0.0|Syn:0.0|Eff:0.0|Dmg:1.0|Mod:1.00,無,無
奇魯莉安,1階進化,14350,https://asia.pokemon-card.com/hk/card-img/hk00014350.png,寶可夢,100,Psychic,,,呼喚信號,Psychic,,從自己的牌庫選擇最多3張寶可夢卡，在給對手看過後加入手牌。並且重洗牌庫。,精神射擊,Psychic,30,,,Darkness,,Fighting,1,6,promo,I,特典卡 超級進化,M,satoma,能夠操縱精神力量<br/> 來扭曲周圍的空間，<br/> 讓自己看見未來。,拉魯拉絲 → 奇魯莉安 → 沙奈朵ex → 沙奈朵 → 艾路雷朵 → 沙奈朵GX → 超級沙奈朵ex,,C+,9.00,Base:5.0|Meta:0.0|Exp:-1.0|Func:4.0|Syn:0.0|Eff:0.0|Dmg:1.0|Mod:1.00,"抽卡效果, 搜索效果",無
奇魯莉安,1階進化,8319,https://asia.pokemon-card.com/hk/card-img/hk00008319.png,寶可夢,90,Psychic,,,魔法射擊,"Psychic,Colorless",30,,精神強念,"Psychic,Psychic,Colorless",60+,增加對手的戰鬥寶可夢身上附加的能量的數量×20點傷害。,,Darkness,,Fighting,1,27,normal,G,擴充包「朱ex」,SV1S,kawayoo,能夠操縱精神力量來扭曲周圍的空間，<br/>讓自己看見未來。,拉魯拉絲 → 奇魯莉安 → 沙奈朵ex → 沙奈朵 → 艾路雷朵 → 沙奈朵GX,,B+,15.00,Base:5.0|Meta:0.0|Exp:2.0|Func:5.0|Syn:0.0|Eff:0.0|Dmg:3.0|Mod:1.00,"備戰傷害加成, 能量操作",無
幕下力士,基礎,14351,https://asia.pokemon-card.com/hk/card-img/hk00014351.png,寶可夢,80,Fighting,,,推擊,Fighting,10,,正面對決,"Fighting,Fighting",30,,,Psychic,,,2,7,promo,I,特典卡 超級進化,M,Jerky,會在不斷的嚴格訓練中逐漸變強。<br/> 能夠承受任何攻擊，<br/> 是很有毅力的寶可夢。,幕下力士 → 鐵掌力士,,D,5.00,Base:5.0|Meta:0.0|Exp:-1.0|Func:0.0|Syn:0.0|Eff:0.0|Dmg:1.0|Mod:1.00,無,無
利歐路,基礎,14352,https://asia.pokemon-card.com/hk/card-img/hk00014352.png,寶可夢,80,Fighting,,,加速突刺,Fighting,30,在下個自己的回合，這隻寶可夢無法使用「加速突刺」。,,,,,,Psychic,,,2,8,promo,I,特典卡 超級進化,M,hncl,夥伴們之間會透過發出<br/> 波導來與彼此溝通。<br/> 跑步可以跑上一整晚。,利歐路 → 路卡利歐 → 路卡利歐GX → 超級路卡利歐ex → 路卡利歐ex,,D,5.00,Base:5.0|Meta:0.0|Exp:-1.0|Func:0.0|Syn:0.0|Eff:0.0|Dmg:1.0|Mod:1.00,招式鎖定,無
利歐路,基礎,8332,https://asia.pokemon-card.com/hk/card-img/hk00008332.png,寶可夢,70,Fighting,,,出拳,Fighting,10,,突擊,"Fighting,Colorless",50,這隻寶可夢也受到20點傷害。,,Psychic,,,1,40,normal,G,擴充包「朱ex」,SV1S,chibi,夥伴們之間會透過發出波導來與彼此溝通。<br/>跑步可以跑上一整晚。,利歐路 → 路卡利歐 → 路卡利歐GX → 路卡利歐ex,,C,8.00,Base:5.0|Meta:0.0|Exp:2.0|Func:0.0|Syn:0.0|Eff:0.0|Dmg:1.0|Mod:1.00,反噬傷害,無
利歐路,基礎,12672,https://asia.pokemon-card.com/hk/card-img/hk00012672.png,寶可夢,70,Fighting,,,電光一閃,Fighting,10+,擲1次硬幣若為正面，則增加20點傷害。,,,,,,Psychic,,,1,64,normal,H,雙ex初階牌組 Generations,SVM,Tika Matsuno,擁有能夠透過波形<br/>來分辨出喜悅及憤怒<br/>等情感的神奇力量。,利歐路 → 路卡利歐 → 路卡利歐GX → 路卡利歐ex,,B,11.00,Base:5.0|Meta:0.0|Exp:2.0|Func:0.0|Syn:2.0|Eff:0.0|Dmg:2.0|Mod:1.00,"條件傷害, 硬幣判定",無
瑪夏多,基礎,14353,https://asia.pokemon-card.com/hk/card-img/hk00014353.png,寶可夢,90,Fighting,,,暗影側踢,"Fighting,Fighting",60,若對手的寶可夢因這個招式的傷害而【昏厥】了，則在下個對手的回合，這隻寶可夢不會受到招式的傷害與效果的影響。,,,,,,Psychic,,,1,9,promo,I,特典卡 超級進化,M,Tomomi Ozaki,擁有潛入一切影子裡的能力，<br/> 所以在很長一段時間裡<br/> 都沒有任何人發現牠。,瑪夏多,,C+,10.00,Base:5.0|Meta:0.0|Exp:-1.0|Func:2.0|Syn:2.0|Eff:0.0|Dmg:2.0|Mod:1.00,"傷害防禦, 效果免疫, 昏厥條件",無
月光丘陵,,9802,https://asia.pokemon-card.com/hk/card-img/hk00009802.png,競技場卡,,,,,,,,雙方玩家在每個自己的回合時，可使用1次，若從自己的手牌將1張「基本【超】能量」卡丟棄，則可將自己的所有寶可夢各恢復「30」HP。,,,,,,,,,,49,promo,G,特典卡 朱&紫,SV,AYUMI ODASHIMA,,,,B+,14.00,Base:6.0|Meta:0.0|Exp:2.0|Func:4.0|Syn:2.0|Eff:0.0|Dmg:0.0|Mod:1.00,回復效果,無
水蓮的照顧,,11181,https://asia.pokemon-card.com/hk/card-img/hk00011181.png,支援者卡,,,,,,,,從自己的棄牌區選擇寶可夢卡（「擁有規則的寶可夢」除外）與基本能量卡合計最多3張，在給對手看過後加入手牌。,,,,,,,,,,64,normal,H,強化擴充包「緋紅薄霧」,SV5a,Atsushi Furusawa,,,,B+,15.00,Base:8.0|Meta:0.0|Exp:2.0|Func:5.0|Syn:0.0|Eff:0.0|Dmg:0.0|Mod:1.00,搜索效果,無
菊草葉,基礎,14197,https://asia.pokemon-card.com/hk/card-img/hk00014197.png,寶可夢,70,Grass,,,飛葉快刀,Grass,20,,,,,,,Fire,,,1,12,promo,I,特典卡 超級進化,M,Makura Tami,最喜歡沐浴在陽光下。<br/> 會用頭上的葉子<br/> 尋找溫暖的地方。,菊草葉 → 月桂葉 → 大竺葵,,D,4.00,Base:5.0|Meta:0.0|Exp:-1.0|Func:0.0|Syn:0.0|Eff:0.0|Dmg:0.0|Mod:1.00,無,無
拉普拉斯ex,基礎,14198,https://asia.pokemon-card.com/hk/card-img/hk00014198.png,寶可夢,210,Water,,,水炮迴旋,Water,30×,造成這隻寶可夢身上附加的【水】能量的數量×30點傷害。將這隻寶可夢與備戰寶可夢互換。,衝浪,"Water,Water,Water",140,,,Lightning,,,2,13,promo,I,特典卡 超級進化,M,5ban Graphics,,拉普拉斯ex,ex,A,18.00,Base:5.0|Meta:0.0|Exp:-1.0|Func:6.0|Syn:0.0|Eff:0.0|Dmg:8.0|Mod:1.00,"備戰傷害加成, 傷害效果, 切換效果, 能量操作",無
拉普拉斯ex,基礎,11810,https://asia.pokemon-card.com/hk/card-img/hk00011810.png,寶可夢,220,Water,,,力量飛濺,Water,40×,造成這隻寶可夢身上附加的能量的數量×40點傷害。,海紋石之雨,"Water,Psychic,Metal",,查看自己的牌庫上方20張卡，從其中選擇任意數量的能量卡，以任意方式附於自己的寶可夢身上。將剩餘卡放回牌庫並重洗。,,Metal,,,2,19,normal,H,擴充包「星晶奇跡」,SV7,5ban Graphics,,拉普拉斯ex,"太晶,ex",A+,21.00,Base:5.0|Meta:0.0|Exp:3.0|Func:5.0|Syn:0.0|Eff:0.0|Dmg:8.0|Mod:1.00,"備戰傷害加成, 傷害效果, 搜索效果, 能量回收, 能量操作",無
願增猿,基礎,14199,https://asia.pokemon-card.com/hk/card-img/hk00014199.png,寶可夢,110,Psychic,腎上腺腦力,若這隻寶可夢身上附有【惡】能量卡，則在自己的回合時可使用1次。選擇最多3個自己的1隻場上寶可夢身上放置的傷害指示物，改放於對手的1隻場上寶可夢身上。,精神歪曲,"Psychic,Colorless",60,將對手的戰鬥寶可夢【混亂】。,,,,,,Darkness,,Fighting,1,14,promo,H,特典卡 超級進化,M,kodama,會從安全的地方釋放出<br/> 能引起強烈頭暈的念力，<br/> 把敵手戲弄得團團轉。,願增猿,,C+,10.00,Base:5.0|Meta:0.0|Exp:-1.0|Func:4.0|Syn:0.0|Eff:0.0|Dmg:2.0|Mod:1.00,"傷害指示物, 狀態異常",放置效果
火箭隊的工廠,,13449,https://asia.pokemon-card.com/hk/card-img/hk00013449.png,競技場卡,,,,,,,,在每個自己的回合時，可使用1次。在這個回合從手牌使出了名稱中有「火箭隊」的支援者卡的玩家，可從自己的牌庫抽出2張卡。,,,,,,,,,,97,normal,I,擴充包「火箭隊的榮耀」,SV10,imoniii,,,,B,12.00,Base:6.0|Meta:0.0|Exp:3.0|Func:3.0|Syn:0.0|Eff:0.0|Dmg:0.0|Mod:1.00,"抽卡效果, 搜索效果",無
基本【鬥】能量,,14358,https://asia.pokemon-card.com/hk/card-img/hk00014358.png,基本能量卡,,,,,,,,,,,,,,,,,,FIG,n/a,I,特典卡 超級進化,M,,,,,D,4.00,Base:5.0|Meta:0.0|Exp:-1.0|Func:0.0|Syn:0.0|Eff:0.0|Dmg:0.0|Mod:1.00,無,無
基本【草】能量,,14356,https://asia.pokemon-card.com/hk/card-img/hk00014356.png,基本能量卡,,,,,,,,,,,,,,,,,,GRA,n/a,I,特典卡 超級進化,M,,,,,D,4.00,Base:5.0|Meta:0.0|Exp:-1.0|Func:0.0|Syn:0.0|Eff:0.0|Dmg:0.0|Mod:1.00,無,無
基本【超】能量,,14357,https://asia.pokemon-card.com/hk/card-img/hk00014357.png,基本能量卡,,,,,,,,,,,,,,,,,,PSY,n/a,I,特典卡 超級進化,M,,,,,D,4.00,Base:5.0|Meta:0.0|Exp:-1.0|Func:0.0|Syn:0.0|Eff:0.0|Dmg:0.0|Mod:1.00,無,無
超級妙蛙花ex,2階進化,14206,https://asia.pokemon-card.com/hk/card-img/hk00014206.png,寶可夢,380,Grass,日光轉移,在自己的回合時，可不限次數使用。選擇1個自己的場上寶可夢身上附加的「基本【草】能量」，改附於自己的其他寶可夢身上。,叢林拋擲,"Grass,Grass,Grass,Grass",240,將這隻寶可夢恢復「30」HP。,,,,,,Fire,,,4,3,normal,I,擴充包「超級勇氣」,M1L,5ban Graphics,,妙蛙種子 → 妙蛙草 → 妙蛙花 → 超級妙蛙花ex → 妙蛙花ex,ex,A,17.00,Base:5.0|Meta:0.0|Exp:-1.0|Func:7.0|Syn:0.0|Eff:0.0|Dmg:6.0|Mod:1.00,"回復效果, 能量操作",無
蛋蛋,基礎,14207,https://asia.pokemon-card.com/hk/card-img/hk00014207.png,寶可夢,60,Grass,,,果實盈滿,Colorless,,從自己的牌庫選擇1張「基本【草】能量」卡，附於這隻寶可夢身上。並且重洗牌庫。,,,,,,Fire,,,1,4,normal,I,擴充包「超級勇氣」,M1L,aspara,若以為是蛋而去觸摸牠，<br/>就會被不斷聚集而來的<br/>蛋蛋的夥伴集體攻擊。,蛋蛋 → 椰蛋樹 → 阿羅拉 椰蛋樹 → 阿羅拉 椰蛋樹GX → 阿羅拉 椰蛋樹ex,,C,7.00,Base:5.0|Meta:0.0|Exp:-1.0|Func:3.0|Syn:0.0|Eff:0.0|Dmg:0.0|Mod:1.00,搜索效果,無
蛋蛋,基礎,8968,https://asia.pokemon-card.com/hk/card-img/hk00008968.png,寶可夢,60,Grass,,,滾球,"Colorless,Colorless",30×,擲硬幣直到出現反面，造成正面出現的次數×30點傷害。,,,,,,Fire,,,1,102,normal,G,強化擴充包「寶可夢卡牌151」,SV2a,Shigenori Negishi,非得湊齊６隻才會有安全感。那怕只是少了１隻，都會立刻<br/>變得很膽小，隨時想要逃跑。,蛋蛋 → 椰蛋樹 → 阿羅拉 椰蛋樹 → 阿羅拉 椰蛋樹GX → 阿羅拉 椰蛋樹ex,,C+,10.00,Base:5.0|Meta:0.0|Exp:2.0|Func:0.0|Syn:0.0|Eff:0.0|Dmg:3.0|Mod:1.00,"傷害效果, 硬幣判定",無
蛋蛋,基礎,11927,https://asia.pokemon-card.com/hk/card-img/hk00011927.png,寶可夢,30,Grass,,,早熟進化,Colorless,,這個招式可在先攻玩家的最初回合使用。從自己的牌庫選擇1張從這隻寶可夢進化而來的卡，放置於這隻寶可夢身上完成進化。並且重洗牌庫。,,,,,,Fire,,,1,1,normal,H,強化擴充包「樂園騰龍」,SV7a,Tetsu Kayama,會發出只有蛋蛋才能收到的<br/>心靈感應，因此不論何時<br/>都能６隻聚集在一起。,蛋蛋 → 椰蛋樹 → 阿羅拉 椰蛋樹 → 阿羅拉 椰蛋樹GX → 阿羅拉 椰蛋樹ex,,B+,16.00,Base:5.0|Meta:0.0|Exp:3.0|Func:8.0|Syn:0.0|Eff:0.0|Dmg:0.0|Mod:1.00,"搜索效果, 進化支援",無
蛋蛋,基礎,12077,https://asia.pokemon-card.com/hk/card-img/hk00012077.png,寶可夢,50,Grass,,,吸取,Colorless,10,將這隻寶可夢恢復「10」HP。,,,,,,Fire,,,1,1,normal,H,擴充包「超電突圍」,SV8,OKUBO,會發出只有蛋蛋才能收到的<br/>心靈感應，因此不論何時<br/>都能６隻聚集在一起。,蛋蛋 → 椰蛋樹 → 阿羅拉 椰蛋樹 → 阿羅拉 椰蛋樹GX → 阿羅拉 椰蛋樹ex,,C+,10.00,Base:5.0|Meta:0.0|Exp:3.0|Func:2.0|Syn:0.0|Eff:0.0|Dmg:0.0|Mod:1.00,回復效果,無
蛋蛋,基礎,9826,https://asia.pokemon-card.com/hk/card-img/hk00009826.png,寶可夢,60,Psychic,,,催眠術,Psychic,,將對手的戰鬥寶可夢【睡眠】。,滾動衝撞,"Psychic,Colorless",30,,,Darkness,,Fighting,2,2,normal,G,起始組合 太晶 超夢ex,SVEM,Kariya,非得湊齊６隻才會有安全感。那怕只是少了１隻，都會立刻<br/>變得很膽小，隨時想要逃跑。,蛋蛋 → 椰蛋樹 → 阿羅拉 椰蛋樹 → 阿羅拉 椰蛋樹GX → 阿羅拉 椰蛋樹ex,,C+,10.00,Base:5.0|Meta:0.0|Exp:2.0|Func:2.0|Syn:0.0|Eff:0.0|Dmg:1.0|Mod:1.00,狀態異常,無
蛋蛋,基礎,12612,https://asia.pokemon-card.com/hk/card-img/hk00012612.png,寶可夢,60,Grass,,,衝撞,"Grass,Colorless",30,,,,,,,Fire,,,1,4,normal,H,雙ex初階牌組 Generations,SVM,Iori Suzuki,會發出只有蛋蛋才能收到的<br/>心靈感應，因此不論何時<br/>都能６隻聚集在一起。,蛋蛋 → 椰蛋樹 → 阿羅拉 椰蛋樹 → 阿羅拉 椰蛋樹GX → 阿羅拉 椰蛋樹ex,,C,8.00,Base:5.0|Meta:0.0|Exp:2.0|Func:0.0|Syn:0.0|Eff:0.0|Dmg:1.0|Mod:1.00,無,無
椰蛋樹,1階進化,14208,https://asia.pokemon-card.com/hk/card-img/hk00014208.png,寶可夢,140,Grass,,,防守壓制,Grass,30,在下個對手的回合，這隻寶可夢受到招式的傷害「-30」點。,木之重壓,"Colorless,Colorless,Colorless",60+,增加這隻寶可夢身上附加的【草】能量的數量×30點傷害。,,Fire,,,2,5,normal,I,擴充包「超級勇氣」,M1L,Kazumasa Yasukuni,被稱為會走路的熱帶雨林。<br/>每個果實都有自己的臉，<br/>而且各有各的思想。,蛋蛋 → 椰蛋樹 → 阿羅拉 椰蛋樹 → 阿羅拉 椰蛋樹GX → 阿羅拉 椰蛋樹ex,,B,12.00,Base:5.0|Meta:0.0|Exp:-1.0|Func:5.0|Syn:0.0|Eff:0.0|Dmg:3.0|Mod:1.00,"備戰傷害加成, 其他效果, 能量操作",無
椰蛋樹,1階進化,11108,https://asia.pokemon-card.com/hk/card-img/hk00011108.png,寶可夢,140,Grass,,,精神強念,"Colorless,Colorless",30+,增加對手的戰鬥寶可夢身上附加的能量的數量×30點傷害。,頭突,"Grass,Grass,Colorless",130,,,Fire,,,3,95,promo,G,特典卡 朱&紫,SV,Shigenori Negishi,３顆頭團結一致發出的精神力量威力強大。天氣變陰時動作就會變得遲緩。,蛋蛋 → 椰蛋樹 → 阿羅拉 椰蛋樹 → 阿羅拉 椰蛋樹GX → 阿羅拉 椰蛋樹ex,,B+,16.00,Base:5.0|Meta:0.0|Exp:2.0|Func:5.0|Syn:0.0|Eff:0.0|Dmg:4.0|Mod:1.00,"備戰傷害加成, 能量操作",無
椰蛋樹,1階進化,12078,https://asia.pokemon-card.com/hk/card-img/hk00012078.png,寶可夢,130,Grass,,,投球時刻,Grass,60×,擲與雙方的戰鬥寶可夢身上附加的能量的數量相同次數的硬幣，造成正面出現的次數×60點傷害。,,,,,,Fire,,,2,2,normal,H,擴充包「超電突圍」,SV8,Oswaldo KATO,聽說在極少數的情況下，<br/>當其中一顆頭掉落到地面，<br/>就會變成蛋蛋並且動起來。,蛋蛋 → 椰蛋樹 → 阿羅拉 椰蛋樹 → 阿羅拉 椰蛋樹GX → 阿羅拉 椰蛋樹ex,,A,19.00,Base:5.0|Meta:0.0|Exp:3.0|Func:3.0|Syn:0.0|Eff:0.0|Dmg:8.0|Mod:1.00,"傷害效果, 硬幣判定, 能量操作",無
椰蛋樹,1階進化,9827,https://asia.pokemon-card.com/hk/card-img/hk00009827.png,寶可夢,130,Psychic,,,催眠波動,"Psychic,Colorless",30,將對手的戰鬥寶可夢【睡眠】。,超能閉環,"Psychic,Psychic,Colorless",160,選擇2個這隻寶可夢身上附加的能量，放回手牌。,,Darkness,,Fighting,2,3,normal,G,起始組合 太晶 超夢ex,SVEM,Yoriyuki Ikegami,３顆頭團結一致發出的精神力量威力強大。天氣<br/>變陰時動作就會變得遲緩。,蛋蛋 → 椰蛋樹 → 阿羅拉 椰蛋樹 → 阿羅拉 椰蛋樹GX → 阿羅拉 椰蛋樹ex,,A,17.00,Base:5.0|Meta:0.0|Exp:2.0|Func:5.0|Syn:0.0|Eff:0.0|Dmg:5.0|Mod:1.00,"狀態異常, 能量操作",無
椰蛋樹,1階進化,12613,https://asia.pokemon-card.com/hk/card-img/hk00012613.png,寶可夢,140,Grass,,,超級吸取,"Grass,Colorless",50,將這隻寶可夢恢復「30」HP。,日光束,"Grass,Grass,Colorless",130,,,Fire,,,3,5,normal,H,雙ex初階牌組 Generations,SVM,Dsuke,聽說在極少數的情況下，<br/>當其中一顆頭掉落到地面，<br/>就會變成蛋蛋並且動起來。,蛋蛋 → 椰蛋樹 → 阿羅拉 椰蛋樹 → 阿羅拉 椰蛋樹GX → 阿羅拉 椰蛋樹ex,,B,13.00,Base:5.0|Meta:0.0|Exp:2.0|Func:2.0|Syn:0.0|Eff:0.0|Dmg:4.0|Mod:1.00,回復效果,無
橡實果,基礎,14210,https://asia.pokemon-card.com/hk/card-img/hk00014210.png,寶可夢,60,Grass,,,小憩,Colorless,,將這隻寶可夢恢復「20」HP。,種子炸彈,"Grass,Colorless",20,,,Fire,,,1,7,normal,I,擴充包「超級勇氣」,M1L,Miki Tanaka,會假裝成樹果，讓鳥寶可夢<br/>將牠抓住並運到遙遠的地方，<br/>藉此拓展棲息地。,橡實果 → 長鼻葉 → 狡猾天狗 → 狡猾天狗GX,,D,6.00,Base:5.0|Meta:0.0|Exp:-1.0|Func:2.0|Syn:0.0|Eff:0.0|Dmg:0.0|Mod:1.00,回復效果,無
橡實果,基礎,10871,https://asia.pokemon-card.com/hk/card-img/hk00010871.png,寶可夢,60,Grass,,,硬化,Grass,,在下個對手的回合，這隻寶可夢受到招式的傷害「-30」點。,垂吊,"Colorless,Colorless",20,,,Fire,,,1,3,normal,H,擴充包「異度審判」,SV5M,Asako Ito,在牠一動也不動的時候，看起來和樹果一模一樣，<br/>以嚇唬來啄食自己的寶可夢為樂。,橡實果 → 長鼻葉 → 狡猾天狗 → 狡猾天狗GX,,C+,9.00,Base:5.0|Meta:0.0|Exp:2.0|Func:2.0|Syn:0.0|Eff:0.0|Dmg:0.0|Mod:1.00,其他效果,無
長鼻葉,1階進化,14211,https://asia.pokemon-card.com/hk/card-img/hk00014211.png,寶可夢,100,Grass,,,拍擊,Grass,30,,踢倒,"Grass,Colorless",50,,,Fire,,,2,8,normal,I,擴充包「超級勇氣」,M1L,takashi shiraishi,在森林深處靜靜地生活。<br/>會以草笛聲來警告<br/>踏進自己地盤的對手。,橡實果 → 長鼻葉 → 狡猾天狗 → 狡猾天狗GX,,D,5.00,Base:5.0|Meta:0.0|Exp:-1.0|Func:0.0|Syn:0.0|Eff:0.0|Dmg:1.0|Mod:1.00,無,無
狡猾天狗,2階進化,14212,https://asia.pokemon-card.com/hk/card-img/hk00014212.png,寶可夢,160,Grass,,,陣風返,Grass,,擲1次硬幣若為正面，則選擇1隻對手的寶可夢，將那隻寶可夢與附加的卡全部放回對手的牌庫並重洗。,蠱惑,"Grass,Colorless",100,將對手的戰鬥寶可夢【混亂】。,,Fire,,,2,9,normal,I,擴充包「超級勇氣」,M1L,Uninori,據說當牠在老樹的頂上<br/>搧動葉片團扇，就會<br/>刮起寒風，迎來冬季。,橡實果 → 長鼻葉 → 狡猾天狗 → 狡猾天狗GX,,B+,15.00,Base:5.0|Meta:0.0|Exp:-1.0|Func:4.0|Syn:4.0|Eff:0.0|Dmg:3.0|Mod:1.00,"搜索效果, 狀態異常, 硬幣判定",無
狡猾天狗,2階進化,10873,https://asia.pokemon-card.com/hk/card-img/hk00010873.png,寶可夢,150,Grass,,,驅趕龍捲風,Grass,,選擇3隻對手的備戰寶可夢。然後，將對手的沒有選擇的所有備戰寶可夢與附加的卡，全部放回對手的牌庫並重洗。,能量閉環,"Colorless,Colorless",140,選擇1個這隻寶可夢身上附加的能量，放回手牌。,,Fire,,,2,5,normal,H,擴充包「異度審判」,SV5M,Souichirou Gunjima,過去被視為森林之神而受到畏懼的寶可夢。有著讀取對手想法並<br/>搶先一步行動的能力。,橡實果 → 長鼻葉 → 狡猾天狗 → 狡猾天狗GX,,A+,20.00,Base:5.0|Meta:0.0|Exp:2.0|Func:7.0|Syn:2.0|Eff:0.0|Dmg:4.0|Mod:1.00,"搜索效果, 能量操作",無
六尾,基礎,14213,https://asia.pokemon-card.com/hk/card-img/hk00014213.png,寶可夢,70,Fire,,,踩,Colorless,10,,烈焰,"Fire,Colorless",20,,,Water,,,1,10,normal,I,擴充包「超級勇氣」,M1L,Naoyo Kimura,遭到比自己強大的對手襲擊時，<br/>會假裝受傷來迷惑對手，<br/>然後趁機逃走。,六尾 → 九尾 → 九尾ex,,D,4.00,Base:5.0|Meta:0.0|Exp:-1.0|Func:0.0|Syn:0.0|Eff:0.0|Dmg:0.0|Mod:1.00,無,無
六尾,基礎,8903,https://asia.pokemon-card.com/hk/card-img/hk00008903.png,寶可夢,70,Fire,,,火焰灼燒,"Fire,Colorless",20,擲1次硬幣若為正面，則將對手的戰鬥寶可夢【灼傷】。,,,,,,Water,,,1,37,normal,G,強化擴充包「寶可夢卡牌151」,SV2a,kawayoo,隨著身體的成長，６根尾巴的毛髮也會變得更漂亮。<br/>緊緊抱著牠時能感到微微的溫暖。,六尾 → 九尾 → 九尾ex,,B,11.00,Base:5.0|Meta:0.0|Exp:2.0|Func:2.0|Syn:2.0|Eff:0.0|Dmg:0.0|Mod:1.00,"狀態施加, 硬幣判定",無
六尾,基礎,11991,https://asia.pokemon-card.com/hk/card-img/hk00011991.png,寶可夢,70,Fire,,,猛撞,Fire,30,這隻寶可夢也受到10點傷害。,,,,,,Water,,,1,1,normal,H,ex特別組合 太晶屬性：星晶 蒼炎刃鬼ex,SVPS,Narumi Sato,隨著身體的成長， 溫暖的６根尾巴的毛髮也會變得更漂亮。,六尾 → 九尾 → 九尾ex,,C,8.00,Base:5.0|Meta:0.0|Exp:2.0|Func:0.0|Syn:0.0|Eff:0.0|Dmg:1.0|Mod:1.00,反噬傷害,無
九尾,1階進化,14214,https://asia.pokemon-card.com/hk/card-img/hk00014214.png,寶可夢,120,Fire,,,靈怪變化,Colorless,,將自己的牌庫上方1張卡丟棄，若那張卡為支援者卡，則將那個效果作為這個招式的效果使用。,烈焰,"Fire,Colorless",60,,,Water,,,1,11,normal,I,擴充包「超級勇氣」,M1L,satoma,傳聞牠的９根尾巴，<br/>每一根都蘊藏著<br/>不同的神秘力量。,六尾 → 九尾 → 九尾ex,,C,8.00,Base:5.0|Meta:0.0|Exp:-1.0|Func:0.0|Syn:2.0|Eff:0.0|Dmg:2.0|Mod:1.00,其他效果,無
九尾,1階進化,9526,https://asia.pokemon-card.com/hk/card-img/hk00009526.png,寶可夢,120,Fire,,,鬼火,Fire,20,,九尾狐之舞,"Fire,Fire",,在對手的1隻寶可夢身上放置9個傷害指示物。在下個自己的回合，這隻寶可夢無法使用招式。,,Water,,,1,15,normal,G,擴充包「黯焰支配者」,SV3,Yoshioka,聰明伶俐但很會記仇。據說如果敢亂抓牠的尾巴，牠就會纏著你作祟１０００年。,六尾 → 九尾 → 九尾ex,,C+,9.00,Base:5.0|Meta:0.0|Exp:2.0|Func:2.0|Syn:0.0|Eff:0.0|Dmg:0.0|Mod:1.00,"使用限制, 傷害指示物, 傷害防禦, 招式鎖定",無
九尾,1階進化,11128,https://asia.pokemon-card.com/hk/card-img/hk00011128.png,寶可夢,120,Fire,,,奇異燈火,"Fire,Fire",90,將對手的戰鬥寶可夢【灼傷】與【混亂】。,,,,,,Water,,,2,11,normal,H,強化擴充包「緋紅薄霧」,SV5a,KEIICHIRO ITO,擁有金光閃閃的體毛 以及９根長長的尾巴。<br/> 據說壽命長達１０００年。,六尾 → 九尾 → 九尾ex,,B,12.00,Base:5.0|Meta:0.0|Exp:2.0|Func:2.0|Syn:0.0|Eff:0.0|Dmg:3.0|Mod:1.00,"狀態異常, 簡單灼傷",無
九尾,1階進化,11992,https://asia.pokemon-card.com/hk/card-img/hk00011992.png,寶可夢,120,Fire,,,火焰聖靈,Fire,50,對手的1隻備戰寶可夢也受到30點傷害。[在備戰區不計算弱點・抵抗力。],,,,,,Water,,,1,2,normal,H,ex特別組合 太晶屬性：星晶 蒼炎刃鬼ex,SVPS,Kamome Shirahama,擁有金光閃閃的體毛 以及９根長長的尾巴。 據說壽命長達１０００年。,六尾 → 九尾 → 九尾ex,,B,11.00,Base:5.0|Meta:0.0|Exp:2.0|Func:3.0|Syn:0.0|Eff:0.0|Dmg:1.0|Mod:1.00,連鎖傷害,無
呆火駝,基礎,14215,https://asia.pokemon-card.com/hk/card-img/hk00014215.png,寶可夢,80,Fire,,,呼朋引伴,Fire,,從自己的牌庫選擇最多2張【基礎】寶可夢卡，放置於備戰區。並且重洗牌庫。,火焰,"Fire,Colorless,Colorless",30,,,Water,,,2,12,normal,I,擴充包「超級勇氣」,M1L,Wintr Wandr,體內燃燒著１２００度的熔岩。<br/>一旦氣溫變低，熔岩就會凝固，<br/>動作也會因此變得遲緩。,呆火駝 → 噴火駝 → 超級噴火駝ex,,C,7.00,Base:5.0|Meta:0.0|Exp:-1.0|Func:2.0|Syn:0.0|Eff:0.0|Dmg:1.0|Mod:1.00,搜索效果,放置效果
呆火駝,基礎,8743,https://asia.pokemon-card.com/hk/card-img/hk00008743.png,寶可夢,90,Fire,,,熾熱熔岩,"Fire,Colorless",20,將對手的戰鬥寶可夢【灼傷】。,,,,,,Water,,,3,10,normal,G,擴充包「碟旋暴擊」,SV2D,Mizue,體內燃燒著１２００度的熔岩。一旦氣溫變低，熔岩就會凝固，<br/>動作也會因此變得遲緩。,呆火駝 → 噴火駝,,C+,9.00,Base:5.0|Meta:0.0|Exp:2.0|Func:2.0|Syn:0.0|Eff:0.0|Dmg:0.0|Mod:1.00,簡單灼傷,無
超級噴火駝ex,1階進化,14216,https://asia.pokemon-card.com/hk/card-img/hk00014216.png,寶可夢,340,Fire,,,炙燒,Fire,80+,若對手的戰鬥寶可夢【灼傷】，則增加160點傷害。,火山流星,"Fire,Colorless,Colorless,Colorless",280,選擇2個這隻寶可夢身上附加的能量，將其丟棄。,,Water,,,4,13,normal,I,擴充包「超級勇氣」,M1L,5ban Graphics,,呆火駝 → 噴火駝 → 超級噴火駝ex,ex,A,17.00,Base:5.0|Meta:0.0|Exp:-1.0|Func:5.0|Syn:2.0|Eff:0.0|Dmg:6.0|Mod:1.00,"條件傷害, 狀態施加, 能量操作",無
波爾凱尼恩,基礎,14217,https://asia.pokemon-card.com/hk/card-img/hk00014217.png,寶可夢,130,Fire,,,灼熱,Fire,,將對手的戰鬥寶可夢【灼傷】。,逆火,"Fire,Fire,Colorless",130,選擇2個這隻寶可夢身上附加的【火】能量，放回手牌。,,Water,,,2,14,normal,I,擴充包「超級勇氣」,M1L,GIDORA,從背上的手臂噴出<br/>體內的水蒸氣。<br/>有著將整座山轟飛的威力。,波爾凱尼恩,,B,13.00,Base:5.0|Meta:0.0|Exp:-1.0|Func:5.0|Syn:0.0|Eff:0.0|Dmg:4.0|Mod:1.00,"簡單灼傷, 能量操作",無
波爾凱尼恩,基礎,9807,https://asia.pokemon-card.com/hk/card-img/hk00009807.png,寶可夢,130,Fire,,,二重渦輪,Fire,20,選擇最多2隻自己的備戰寶可夢，從棄牌區附給那些寶可夢各1張「基本【火】能量」卡。,重磅衝擊,"Fire,Colorless,Colorless,Colorless",120,,,Water,,,2,4,normal,G,起始組合 太晶 骨紋巨聲鱷ex,SVEL,Nisota Niso,從背上的手臂噴出體內的水蒸氣。<br/>有著將整座山轟飛的威力。,波爾凱尼恩,,B+,14.00,Base:5.0|Meta:0.0|Exp:2.0|Func:3.0|Syn:0.0|Eff:0.0|Dmg:4.0|Mod:1.00,搜索效果,無
炎兔兒,基礎,14218,https://asia.pokemon-card.com/hk/card-img/hk00014218.png,寶可夢,70,Fire,,,踹,Colorless,30,擲1次硬幣若為反面，則這個招式失敗。,,,,,,Water,,,1,15,normal,I,擴充包「超級勇氣」,M1L,svlt,當全身的溫度提升後，<br/>就會發揮出真正的力量，<br/>因此會為此做熱身運動。,炎兔兒 → 騰蹴小將 → 閃焰王牌 → 閃焰王牌ex,,C,7.00,Base:5.0|Meta:0.0|Exp:-1.0|Func:0.0|Syn:2.0|Eff:0.0|Dmg:1.0|Mod:1.00,"條件失敗, 硬幣判定",無
炎兔兒,基礎,11807,https://asia.pokemon-card.com/hk/card-img/hk00011807.png,寶可夢,70,Fire,,,電光一閃,Colorless,10+,擲1次硬幣若為正面，則增加10點傷害。,,,,,,Water,,,1,16,normal,H,擴充包「星晶奇跡」,SV7,Cona Nitanda,聚集了火之能量的<br/> 腳底肉球會升至高溫，<br/> 帶給對手巨大的傷害。,炎兔兒 → 騰蹴小將 → 閃焰王牌 → 閃焰王牌ex,,B,12.00,Base:5.0|Meta:0.0|Exp:3.0|Func:0.0|Syn:2.0|Eff:0.0|Dmg:2.0|Mod:1.00,"條件傷害, 硬幣判定",無
騰蹴小將,1階進化,14219,https://asia.pokemon-card.com/hk/card-img/hk00014219.png,寶可夢,100,Fire,,,跳踢,Colorless,,對手的1隻寶可夢受到40點傷害。[在備戰區不計算弱點・抵抗力。],,,,,,Water,,,1,16,normal,I,擴充包「超級勇氣」,M1L,Narumi Sato,蓬鬆的體毛幫助牠更容易<br/>提升火之能量的溫度，<br/>釋放出更強的火焰。,炎兔兒 → 騰蹴小將 → 閃焰王牌 → 閃焰王牌ex,,C,7.00,Base:5.0|Meta:0.0|Exp:-1.0|Func:3.0|Syn:0.0|Eff:0.0|Dmg:0.0|Mod:1.00,連鎖傷害,無
騰蹴小將,1階進化,11808,https://asia.pokemon-card.com/hk/card-img/hk00011808.png,寶可夢,90,Fire,,,下盤踢,Fire,30,,烈焰,"Fire,Colorless,Colorless",60,,,Water,,,1,17,normal,H,擴充包「星晶奇跡」,SV7,aspara,以自己多彩多姿的踢技為傲，<br/> 但利用因火焰而變熱的額頭<br/> 使出的頭錘也十分強勁。,炎兔兒 → 騰蹴小將 → 閃焰王牌 → 閃焰王牌ex,,C+,10.00,Base:5.0|Meta:0.0|Exp:3.0|Func:0.0|Syn:0.0|Eff:0.0|Dmg:2.0|Mod:1.00,無,無
閃焰王牌,2階進化,14220,https://asia.pokemon-card.com/hk/card-img/hk00014220.png,寶可夢,160,Fire,瞬間爆發力,進行對戰準備將寶可夢放置於戰鬥場上時，若手牌有這張卡，則可將這張卡反面朝上放置於戰鬥場。,閃焰渦輪,Colorless,50,從自己的牌庫選擇最多3張基本能量卡，以任意方式附於備戰寶可夢身上。並且重洗牌庫。,,,,,,Water,,,0,17,normal,I,擴充包「超級勇氣」,M1L,REND,雖然擁有容易亢奮的性格，<br/>但只要有牠信任的訓練家在，<br/>就能展現出毫無破綻的戰鬥方式。,炎兔兒 → 騰蹴小將 → 閃焰王牌 → 閃焰王牌ex,,C+,9.00,Base:5.0|Meta:0.0|Exp:-1.0|Func:4.0|Syn:0.0|Eff:0.0|Dmg:1.0|Mod:1.00,搜索效果,放置效果
龍蝦小兵,基礎,14221,https://asia.pokemon-card.com/hk/card-img/hk00014221.png,寶可夢,80,Water,,,夾住,Colorless,10,,猛撞,"Colorless,Colorless",30,這隻寶可夢也受到10點傷害。,,Lightning,,,2,18,normal,I,擴充包「超級勇氣」,M1L,Sanosuke Sakuma,來自外國，有著頑強生命力<br/>的寶可夢。即使河水很髒，<br/>也能接連不斷地繁衍後代。,龍蝦小兵 → 鐵螯龍蝦,,D,5.00,Base:5.0|Meta:0.0|Exp:-1.0|Func:0.0|Syn:0.0|Eff:0.0|Dmg:1.0|Mod:1.00,反噬傷害,無
索財靈,基礎,14222,https://asia.pokemon-card.com/hk/card-img/hk00014222.png,寶可夢,70,Psychic,,,巴掌,Colorless,10,,,,,,,Darkness,,Fighting,2,19,normal,I,擴充包「超級勇氣」,M1L,Takeshi Nakamura,約１５００年前出生在寶箱裡。<br/>如果有惡棍打算偷走寶藏，<br/>就會被牠吸走精氣。,索財靈 → 賽富豪 → 賽富豪ex,,D,4.00,Base:5.0|Meta:0.0|Exp:-1.0|Func:0.0|Syn:0.0|Eff:0.0|Dmg:0.0|Mod:1.00,無,無
索財靈,基礎,9865,https://asia.pokemon-card.com/hk/card-img/hk00009865.png,寶可夢,50,Psychic,,,呼朋引伴,Colorless,,從自己的牌庫選擇1張【基礎】寶可夢卡，放置於備戰區。並且重洗牌庫。,推擊,"Colorless,Colorless",20,,,Darkness,,Fighting,1,20,normal,G,強化擴充包「激狂駭浪」,SV3a,Mizue,約１５００年前出生在寶箱裡。如果有惡棍打算偷走寶藏，<br/>就會被牠吸走精氣。,索財靈 → 賽富豪ex → 賽富豪,,C+,9.00,Base:5.0|Meta:0.0|Exp:2.0|Func:2.0|Syn:0.0|Eff:0.0|Dmg:0.0|Mod:1.00,搜索效果,放置效果
索財靈,基礎,9866,https://asia.pokemon-card.com/hk/card-img/hk00009866.png,寶可夢,70,Psychic,,,連續擲幣,Colorless,20×,擲硬幣直到出現反面，造成正面出現的次數×20點傷害。,,,,,,Darkness,,Fighting,2,21,normal,G,強化擴充包「激狂駭浪」,SV3a,Kouki Saitou,約１５００年前出生在寶箱裡。如果有惡棍打算偷走寶藏，<br/>就會被牠吸走精氣。,索財靈 → 賽富豪ex → 賽富豪,,C+,9.00,Base:5.0|Meta:0.0|Exp:2.0|Func:0.0|Syn:0.0|Eff:0.0|Dmg:2.0|Mod:1.00,"傷害效果, 硬幣判定",無
索財靈,基礎,10213,https://asia.pokemon-card.com/hk/card-img/hk00010213.png,寶可夢,50,Psychic,,,藏入盒子,Colorless,,擲1次硬幣若為正面，則在下個對手的回合，這隻寶可夢不會受到招式的傷害與效果的影響。,衝撞,Colorless,10,,,Darkness,,Fighting,1,99,normal,G,高級擴充包「閃色寶藏ex」,SV4a,OKUBO,約１５００年前出生在寶箱裡。如果有惡棍打算偷走寶藏，<br/>就會被牠吸走精氣。,索財靈 → 賽富豪ex → 賽富豪,,B,11.00,Base:5.0|Meta:0.0|Exp:2.0|Func:2.0|Syn:2.0|Eff:0.0|Dmg:0.0|Mod:1.00,"傷害防禦, 效果免疫, 硬幣判定",無
索財靈,基礎,11950,https://asia.pokemon-card.com/hk/card-img/hk00011950.png,寶可夢,70,Psychic,,,小使者,Colorless,,從自己的牌庫選擇最多2張基本能量卡，在給對手看過後加入手牌。並且重洗牌庫。,撞擊,"Colorless,Colorless,Colorless",50,,,Darkness,,Fighting,2,24,normal,H,強化擴充包「樂園騰龍」,SV7a,Scav,棲息在老舊的寶箱中。有時會<br/>因沒人注意到自己是寶可夢，<br/>而被擱置在道具店的角落。,索財靈 → 賽富豪ex → 賽富豪,,B+,15.00,Base:5.0|Meta:0.0|Exp:3.0|Func:6.0|Syn:0.0|Eff:0.0|Dmg:1.0|Mod:1.00,"抽卡效果, 搜索效果",無
穿山鼠,基礎,14223,https://asia.pokemon-card.com/hk/card-img/hk00014223.png,寶可夢,70,Fighting,,,豎爪,Colorless,10,,擲泥,"Fighting,Colorless",20,,,Grass,,,1,20,normal,I,擴充包「超級勇氣」,M1L,Shinji Kanda,會挖掘深洞在裡頭生活。<br/>危險逼近時，會將身體蜷成一團<br/>一動也不動地忍受敵手的攻擊。,穿山鼠 → 穿山王,,D,4.00,Base:5.0|Meta:0.0|Exp:-1.0|Func:0.0|Syn:0.0|Eff:0.0|Dmg:0.0|Mod:1.00,無,無
穿山王,1階進化,14224,https://asia.pokemon-card.com/hk/card-img/hk00014224.png,寶可夢,120,Fighting,,,潑沙,"Colorless,Colorless",50,在下個對手的回合，受到這個招式的寶可夢使用招式時，對手擲1次硬幣。若為反面，則那個招式失敗。,泥巴射擊,"Fighting,Colorless,Colorless",100,,,Grass,,,1,21,normal,I,擴充包「超級勇氣」,M1L,imoniii,擅長敏捷地跑來跑去，<br/>並且用背部的尖針和<br/>銳利的爪子進行攻擊。,穿山鼠 → 穿山王,,B,11.00,Base:5.0|Meta:0.0|Exp:-1.0|Func:2.0|Syn:2.0|Eff:0.0|Dmg:3.0|Mod:1.00,"條件失敗, 硬幣判定",無
穿山王,1階進化,8894,https://asia.pokemon-card.com/hk/card-img/hk00008894.png,寶可夢,120,Fighting,,,地鳴,Fighting,30,在下個對手的回合，受到這個招式的寶可夢無法撤退。,針裂,"Fighting,Colorless,Colorless",80+,若對手的戰鬥寶可夢身上放置有傷害指示物，則增加100點傷害。,,Grass,,,2,28,normal,G,強化擴充包「寶可夢卡牌151」,SV2a,kodama,會用銳利的爪子當作鉤子來爬樹。這是為了將樹果擊落，<br/>分給在樹下等待的穿山鼠們。,穿山鼠 → 穿山王,,B+,15.00,Base:5.0|Meta:0.0|Exp:2.0|Func:2.0|Syn:2.0|Eff:0.0|Dmg:4.0|Mod:1.00,"傷害指示物, 撤退封鎖, 條件傷害",撤退效果
穿山王,1階進化,11342,https://asia.pokemon-card.com/hk/card-img/hk00011342.png,寶可夢,120,Fighting,,,豎爪,Colorless,30,,地震,"Fighting,Colorless",120,自己的所有備戰寶可夢也各受到10點傷害。<br/> [在備戰區不計算弱點・抵抗力。],,Grass,,,1,58,normal,H,擴充包「變幻假面」,SV6,Nisota Niso,身上的刺是皮膚硬化後形成的。<br/> 會將身體蜷成一團，<br/> 用尖刺刺向對手進行攻擊。,穿山鼠 → 穿山王,,B,13.00,Base:5.0|Meta:0.0|Exp:3.0|Func:1.0|Syn:0.0|Eff:0.0|Dmg:4.0|Mod:1.00,連鎖傷害,無
大岩蛇,基礎,14225,https://asia.pokemon-card.com/hk/card-img/hk00014225.png,寶可夢,120,Fighting,,,綁緊,"Colorless,Colorless",30,擲1次硬幣若為正面，則將對手的戰鬥寶可夢【麻痺】。,怪力,"Colorless,Colorless,Colorless,Colorless",100,,,Grass,,,4,22,normal,I,擴充包「超級勇氣」,M1L,Uta,彎曲扭動巨大結實的身體，<br/>以時速８０公里的<br/>猛烈勢頭挖掘前進。,大岩蛇 → 大鋼蛇,,B,11.00,Base:5.0|Meta:0.0|Exp:-1.0|Func:2.0|Syn:2.0|Eff:0.0|Dmg:3.0|Mod:1.00,"狀態異常, 硬幣判定",無
大岩蛇,基礎,8961,https://asia.pokemon-card.com/hk/card-img/hk00008961.png,寶可夢,120,Fighting,,,轟隆崩塌,"Colorless,Colorless",80×,將自己的牌庫上方5張卡丟棄，造成其中【撤退】所需的能量為4個的寶可夢卡的張數×80點傷害。,重磅衝擊,"Fighting,Fighting,Colorless,Colorless",100,,,Grass,,,4,95,normal,G,強化擴充包「寶可夢卡牌151」,SV2a,Shin Nagasawa,彎曲扭動巨大結實的身體，以時速８０公里的<br/>猛烈勢頭挖掘前進。,大岩蛇 → 大鋼蛇,,A,17.00,Base:5.0|Meta:0.0|Exp:2.0|Func:2.0|Syn:0.0|Eff:0.0|Dmg:8.0|Mod:1.00,"傷害效果, 撤退干擾, 棄牌區傷害加成",撤退效果
大岩蛇,基礎,10063,https://asia.pokemon-card.com/hk/card-img/hk00010063.png,寶可夢,120,Fighting,,,堅硬頭錘,Colorless,20,擲1次硬幣若為正面，則在下個對手的回合，這隻寶可夢不會受到招式的傷害與效果的影響。,大地粉碎,"Colorless,Colorless,Colorless",80,,,Grass,,,4,39,normal,G,擴充包「未來閃光」,SV4M,Shiburingaru,彎曲扭動巨大結實的身體，以時速８０公里的猛烈勢頭挖掘前進。,大岩蛇 → 大鋼蛇,,B,13.00,Base:5.0|Meta:0.0|Exp:2.0|Func:2.0|Syn:2.0|Eff:0.0|Dmg:2.0|Mod:1.00,"傷害防禦, 效果免疫, 硬幣判定",無
無畏小子,基礎,14226,https://asia.pokemon-card.com/hk/card-img/hk00014226.png,寶可夢,30,Fighting,,,叩叩打擊,,10+,擲硬幣直到出現反面，增加正面出現的次數×30點傷害。,,,,,,Psychic,,,0,23,normal,I,擴充包「超級勇氣」,M1L,OKUBO,會透過與各式各樣的對手戰鬥，<br/>來摸索出適合自己的格鬥風格。<br/>是總是全力以赴的寶可夢。,無畏小子,,D,6.00,Base:5.0|Meta:0.0|Exp:-1.0|Func:0.0|Syn:0.0|Eff:0.0|Dmg:2.0|Mod:1.00,硬幣判定,無
鐵掌力士,1階進化,14228,https://asia.pokemon-card.com/hk/card-img/hk00014228.png,寶可夢,150,Fighting,大力捕捉器,在自己的回合，從手牌使出這張卡並完成進化時，可使用1次。選擇1隻對手的備戰寶可夢，與戰鬥寶可夢互換。,狂野壓制,"Fighting,Fighting,Fighting",210,這隻寶可夢也受到70點傷害。,,,,,,Psychic,,,3,25,normal,I,擴充包「超級勇氣」,M1L,GOSSAN,最喜歡和對手比力氣。<br/>擁有的力量足以一掌擋下<br/>迎面馳來的列車。,幕下力士 → 鐵掌力士,,A+,20.00,Base:5.0|Meta:0.0|Exp:-1.0|Func:10.0|Syn:0.0|Eff:0.0|Dmg:6.0|Mod:1.00,"切換效果, 反噬傷害",進化效果
鐵掌力士,1階進化,8637,https://asia.pokemon-card.com/hk/card-img/hk00008637.png,寶可夢,140,Fighting,猛推演練,只要這隻寶可夢在場上，自己的所有寶可夢受到對手的寶可夢招式的傷害「-10」點。,火箭巴掌,"Fighting,Colorless,Colorless",120,,,,,,,Psychic,,,3,48,normal,G,強化擴充包「三連音爆」,SV1a,Hasuno,最喜歡和對手比力氣。擁有的力量足以一掌擋下<br/>迎面馳來的列車。,幕下力士 → 鐵掌力士,,B,13.00,Base:5.0|Meta:0.0|Exp:2.0|Func:2.0|Syn:0.0|Eff:0.0|Dmg:4.0|Mod:1.00,其他效果,無
月石,基礎,14229,https://asia.pokemon-card.com/hk/card-img/hk00014229.png,寶可夢,110,Fighting,月光循環,若自己的場上有「太陽岩」，且在自己的回合，從自己的手牌將1張「基本【鬥】能量」卡丟棄，則可使用1次。從自己的牌庫抽出3張卡。在使用了其他的「月光循環」的回合，這個特性無法使用。,力量寶石,"Fighting,Fighting",50,,,,,,,Grass,,,1,26,normal,I,擴充包「超級勇氣」,M1L,Whisker,在４０年前隕石墜落的<br/> 地點第一次被發現。<br/> 瞪一眼就能使敵人沉睡。,月石,,C+,10.00,Base:5.0|Meta:0.0|Exp:-1.0|Func:5.0|Syn:0.0|Eff:0.0|Dmg:1.0|Mod:1.00,"抽卡效果, 招式鎖定, 搜索效果",特性效果
太陽岩,基礎,14230,https://asia.pokemon-card.com/hk/card-img/hk00014230.png,寶可夢,110,Fighting,,,宇宙光束,Fighting,70,若自己的備戰區沒有「月石」，則這個招式失敗。這個招式的傷害不計算弱點・抵抗力。,,,,,,Grass,,,1,27,normal,I,擴充包「超級勇氣」,M1L,Whisker,太陽能量是力量的來源，<br/> 所以在白天裡很強。<br/> 旋轉時身體會發光。,太陽岩,,C+,9.00,Base:5.0|Meta:0.0|Exp:-1.0|Func:1.0|Syn:2.0|Eff:0.0|Dmg:2.0|Mod:1.00,"條件失敗, 無視弱點/效果",無
太陽岩,基礎,9559,https://asia.pokemon-card.com/hk/card-img/hk00009559.png,寶可夢,90,Psychic,,,呼朋引伴,Colorless,,從自己的牌庫選擇最多2張【基礎】寶可夢卡，放置於備戰區。並且重洗牌庫。,日光束,"Psychic,Colorless",50,,,Darkness,,Fighting,1,48,normal,G,擴充包「黯焰支配者」,SV3,Tetsu Kayama,太陽能量是力量的來源，所以在白天裡很強。旋轉時身體會發光。,太陽岩,,C+,10.00,Base:5.0|Meta:0.0|Exp:2.0|Func:2.0|Syn:0.0|Eff:0.0|Dmg:1.0|Mod:1.00,搜索效果,放置效果
超級路卡利歐ex,1階進化,14232,https://asia.pokemon-card.com/hk/card-img/hk00014232.png,寶可夢,340,Fighting,,,波動突刺,Fighting,130,從自己的棄牌區選擇最多3張「基本【鬥】能量」卡，以任意方式附於備戰寶可夢身上。,超級勇氣,"Fighting,Fighting",270,在下個自己的回合，這隻寶可夢無法使用「超級勇氣」。,,Psychic,,,2,29,normal,I,擴充包「超級勇氣」,M1L,5ban Graphics,,利歐路 → 路卡利歐 → 路卡利歐GX → 超級路卡利歐ex → 路卡利歐ex,ex,B,13.00,Base:5.0|Meta:0.0|Exp:-1.0|Func:3.0|Syn:0.0|Eff:0.0|Dmg:6.0|Mod:1.00,"招式鎖定, 搜索效果",無
不良蛙,基礎,14233,https://asia.pokemon-card.com/hk/card-img/hk00014233.png,寶可夢,70,Fighting,,,掌擊,Fighting,20,,,,,,,Psychic,,,1,30,normal,I,擴充包「超級勇氣」,M1L,matazo,會鼓起毒囊鳴叫。<br/>讓四周響起詭異的聲音，<br/>等對手畏縮，便施以毒擊。,不良蛙 → 毒骷蛙ex → 毒骷蛙,,D,4.00,Base:5.0|Meta:0.0|Exp:-1.0|Func:0.0|Syn:0.0|Eff:0.0|Dmg:0.0|Mod:1.00,無,無
不良蛙,基礎,8773,https://asia.pokemon-card.com/hk/card-img/hk00008773.png,寶可夢,70,Fighting,,,毒針,Fighting,10,將對手的戰鬥寶可夢【中毒】。,,,,,,Psychic,,,1,40,normal,G,擴充包「碟旋暴擊」,SV2D,kawayoo,會鼓起毒囊鳴叫。讓四周響起詭異的聲音，<br/>等對手畏縮，便施以毒擊。,不良蛙 → 毒骷蛙ex → 毒骷蛙,,C+,9.00,Base:5.0|Meta:0.0|Exp:2.0|Func:2.0|Syn:0.0|Eff:0.0|Dmg:0.0|Mod:1.00,狀態異常,無
毒骷蛙,1階進化,14234,https://asia.pokemon-card.com/hk/card-img/hk00014234.png,寶可夢,130,Fighting,,,突擊,Fighting,70,這隻寶可夢也受到20點傷害。,,,,,,Psychic,,,1,31,normal,I,擴充包「超級勇氣」,M1L,Hasuno,會一邊靠柔軟的身體閃避攻擊，<br/>一邊往對手的懷裡衝過去，<br/>然後用帶毒的尖刺猛戳。,不良蛙 → 毒骷蛙ex → 毒骷蛙,,D,6.00,Base:5.0|Meta:0.0|Exp:-1.0|Func:0.0|Syn:0.0|Eff:0.0|Dmg:2.0|Mod:1.00,反噬傷害,無
毒骷蛙,1階進化,8774,https://asia.pokemon-card.com/hk/card-img/hk00008774.png,寶可夢,130,Fighting,,,突刺,Fighting,30,,拳頭刺,"Fighting,Colorless",60,將對手的戰鬥寶可夢【中毒】。,,Psychic,,,1,41,normal,G,擴充包「碟旋暴擊」,SV2D,Yuya Oka,會一邊靠柔軟的身體閃避攻擊，一邊往對手的懷裡衝過去，<br/>然後用帶毒的尖刺猛戳。,不良蛙 → 毒骷蛙ex → 毒骷蛙,,B,11.00,Base:5.0|Meta:0.0|Exp:2.0|Func:2.0|Syn:0.0|Eff:0.0|Dmg:2.0|Mod:1.00,狀態異常,無
巨石丁,基礎,14236,https://asia.pokemon-card.com/hk/card-img/hk00014236.png,寶可夢,130,Fighting,,,岩石踢,Fighting,20,對手的1隻備戰寶可夢也受到20點傷害。[在備戰區不計算弱點・抵抗力。],潛力,"Fighting,Fighting,Colorless",140,在下個自己的回合，這隻寶可夢無法使用招式。,,Grass,,,2,33,normal,I,擴充包「超級勇氣」,M1L,Hitoshi Ariga,在距離牠棲息地很遠<br/>的地方，有岩盤和牠<br/>身體的岩石成分一致。,巨石丁,,B,11.00,Base:5.0|Meta:0.0|Exp:-1.0|Func:3.0|Syn:0.0|Eff:0.0|Dmg:4.0|Mod:1.00,"使用限制, 招式鎖定, 連鎖傷害",無
巨石丁,基礎,8481,https://asia.pokemon-card.com/hk/card-img/hk00008481.png,寶可夢,130,Fighting,堅硬身軀,這隻寶可夢受到招式的傷害「-20」點。,百萬噸重踢,"Fighting,Colorless,Colorless",100,,,,,,,Grass,,,2,10,normal,G,起始組合ex 新葉喵&路卡利歐 ex,SVAM,Yuka Morii,在距離牠棲息地很遠的地方，有岩盤和牠<br/>身體的岩石成分一致。,巨石丁,,C+,10.00,Base:5.0|Meta:0.0|Exp:2.0|Func:0.0|Syn:0.0|Eff:0.0|Dmg:3.0|Mod:1.00,其他效果,無
鹽石寶,基礎,14237,https://asia.pokemon-card.com/hk/card-img/hk00014237.png,寶可夢,70,Fighting,,,衝撞,Colorless,10,,,,,,,Grass,,,2,34,normal,I,擴充包「超級勇氣」,M1L,sowsow,出生在地底的岩鹽層。<br/>會願意分享貴重的鹽巴，<br/>因此在過去更是受到重視。,鹽石寶 → 鹽石壘 → 鹽石巨靈 → 鹽石巨靈ex,,D,4.00,Base:5.0|Meta:0.0|Exp:-1.0|Func:0.0|Syn:0.0|Eff:0.0|Dmg:0.0|Mod:1.00,無,無
鹽石寶,基礎,8779,https://asia.pokemon-card.com/hk/card-img/hk00008779.png,寶可夢,70,Fighting,,,抹鹽,Fighting,,將自己的1隻寶可夢恢復「20」HP。,撞擊,"Fighting,Fighting",30,,,Grass,,,3,46,normal,G,擴充包「碟旋暴擊」,SV2D,Shin Nagasawa,出生在地底的岩鹽層。會願意分享貴重的鹽巴，<br/>因此在過去更是受到重視。,鹽石寶 → 鹽石壘 → 鹽石巨靈 → 鹽石巨靈ex,,C+,10.00,Base:5.0|Meta:0.0|Exp:2.0|Func:2.0|Syn:0.0|Eff:0.0|Dmg:1.0|Mod:1.00,回復效果,無
鹽石寶,基礎,9996,https://asia.pokemon-card.com/hk/card-img/hk00009996.png,寶可夢,70,Fighting,,,窮追不捨,Fighting,10,在下個對手的回合，受到這個招式的寶可夢無法撤退。,,,,,,Grass,,,3,38,normal,G,擴充包「古代咆哮」,SV4K,Pani Kobayashi,出生在地底的岩鹽層。會願意分享貴重的鹽巴，<br/>因此在過去更是受到重視。,鹽石寶 → 鹽石壘 → 鹽石巨靈 → 鹽石巨靈ex,,C+,9.00,Base:5.0|Meta:0.0|Exp:2.0|Func:2.0|Syn:0.0|Eff:0.0|Dmg:0.0|Mod:1.00,撤退封鎖,撤退效果
鹽石壘,1階進化,14238,https://asia.pokemon-card.com/hk/card-img/hk00014238.png,寶可夢,110,Fighting,,,岩石投擲,"Fighting,Colorless",50,這個招式的傷害不計算抵抗力。,,,,,,Grass,,,3,35,normal,I,擴充包「超級勇氣」,M1L,kodama,會將鹽噴向獵物，將其做成<br/>醃漬物。獵物體內的水分<br/>會在醃漬過程中被奪走。,鹽石寶 → 鹽石壘 → 鹽石巨靈 → 鹽石巨靈ex,,D,5.00,Base:5.0|Meta:0.0|Exp:-1.0|Func:0.0|Syn:0.0|Eff:0.0|Dmg:1.0|Mod:1.00,無視弱點/效果,無
鹽石壘,1階進化,8780,https://asia.pokemon-card.com/hk/card-img/hk00008780.png,寶可夢,100,Fighting,,,鹽加農炮,"Fighting,Fighting",60×,擲3次硬幣，造成正面出現的次數×60點傷害。,,,,,,Grass,,,3,47,normal,G,擴充包「碟旋暴擊」,SV2D,GIDORA,會將鹽噴向獵物，將其做成醃漬物。獵物體內的水分<br/>會在醃漬過程中被奪走。,鹽石寶 → 鹽石壘 → 鹽石巨靈 → 鹽石巨靈ex,,B,12.00,Base:5.0|Meta:0.0|Exp:2.0|Func:0.0|Syn:0.0|Eff:0.0|Dmg:5.0|Mod:1.00,"傷害效果, 硬幣判定",無
鹽石壘,1階進化,9997,https://asia.pokemon-card.com/hk/card-img/hk00009997.png,寶可夢,100,Fighting,,,巨岩衝撞,"Fighting,Fighting",80,這隻寶可夢也受到30點傷害。,,,,,,Grass,,,3,39,normal,G,擴充包「古代咆哮」,SV4K,KEIICHIRO ITO,會將鹽噴向獵物，將其做成醃漬物。獵物體內的水分<br/>會在醃漬過程中被奪走。,鹽石寶 → 鹽石壘 → 鹽石巨靈 → 鹽石巨靈ex,,C+,9.00,Base:5.0|Meta:0.0|Exp:2.0|Func:0.0|Syn:0.0|Eff:0.0|Dmg:2.0|Mod:1.00,反噬傷害,無
鹽石巨靈,2階進化,14239,https://asia.pokemon-card.com/hk/card-img/hk00014239.png,寶可夢,180,Fighting,力之鹽,只要這隻寶可夢在場上，自己的【鬥】寶可夢使用的招式，對對手的戰鬥寶可夢造成的傷害「+30」點。,頭突,"Fighting,Fighting,Colorless",130,,,,,,,Grass,,,4,36,normal,I,擴充包「超級勇氣」,M1L,danciao,只要合起指尖，搓出鹽來<br/>灑在受傷的寶可夢身上，<br/>就算再重的傷都會瞬間痊癒。,鹽石寶 → 鹽石壘 → 鹽石巨靈 → 鹽石巨靈ex,,C+,10.00,Base:5.0|Meta:0.0|Exp:-1.0|Func:2.0|Syn:0.0|Eff:0.0|Dmg:4.0|Mod:1.00,"HP提升, 傷害效果",無
鹽石巨靈,2階進化,8781,https://asia.pokemon-card.com/hk/card-img/hk00008781.png,寶可夢,180,Fighting,恩澤之鹽,只要這隻寶可夢在場上，每次寶可夢檢查時，將自己的所有寶可夢各恢復「20」HP。,敲擊之錘,"Fighting,Fighting",130,將對手的牌庫上方1張卡丟棄。,,,,,,Grass,,,3,48,normal,G,擴充包「碟旋暴擊」,SV2D,Anesaki Dynamic,只要合起指尖，搓出鹽來灑在受傷的寶可夢身上，<br/>就算再重的傷都會瞬間痊癒。,鹽石寶 → 鹽石壘 → 鹽石巨靈 → 鹽石巨靈ex,,B+,15.00,Base:5.0|Meta:0.0|Exp:2.0|Func:4.0|Syn:0.0|Eff:0.0|Dmg:4.0|Mod:1.00,回復效果,丟棄效果
鐵螯龍蝦,1階進化,14240,https://asia.pokemon-card.com/hk/card-img/hk00014240.png,寶可夢,130,Darkness,,,夾住,Colorless,30,,反撲剪,"Darkness,Darkness,Colorless",130,若這隻寶可夢身上放置有傷害指示物，則這個招式只需要1個【惡】能量即可使用。,,Grass,,,3,37,normal,I,擴充包「超級勇氣」,M1L,kawayoo,性情好戰的寶可夢。<br/>會用鉗子把自己地盤裡所有的<br/>寶可夢夾起來然後扔飛出去！,龍蝦小兵 → 鐵螯龍蝦,,B,12.00,Base:5.0|Meta:0.0|Exp:-1.0|Func:2.0|Syn:2.0|Eff:0.0|Dmg:4.0|Mod:1.00,"傷害指示物, 能量條件",無
鐵螯龍蝦,1階進化,11137,https://asia.pokemon-card.com/hk/card-img/hk00011137.png,寶可夢,130,Water,,,喀嚓喀嚓,"Water,Colorless",40,擲2次硬幣，將對手的牌庫上方與正面出現的次數相同數量的卡丟棄。,暴亂之錘,"Water,Water,Colorless",180,在下個自己的回合，這隻寶可夢無法使用招式。,,Lightning,,,3,20,normal,H,強化擴充包「緋紅薄霧」,SV5a,Kurata So,不停揮舞自己巨大的鉗子， 是個性情粗暴的傢伙。<br/> 被認為是很難培育的寶可夢。,龍蝦小兵 → 鐵螯龍蝦,,B+,14.00,Base:5.0|Meta:0.0|Exp:2.0|Func:2.0|Syn:0.0|Eff:0.0|Dmg:5.0|Mod:1.00,"使用限制, 招式鎖定, 硬幣判定",丟棄效果
超級阿勃梭魯ex,基礎,14241,https://asia.pokemon-card.com/hk/card-img/hk00014241.png,寶可夢,280,Darkness,,,死亡終局,"Darkness,Colorless",,若對手的戰鬥寶可夢身上放置的傷害指示物為6個，則將那隻寶可夢【昏厥】。,惡之鉤爪,"Darkness,Darkness,Colorless",200,查看對手的手牌，從其中選擇1張卡，將其丟棄。,,Grass,,,2,38,normal,I,擴充包「超級勇氣」,M1L,aky CG Works,,超級阿勃梭魯ex,ex,B+,15.00,Base:5.0|Meta:0.0|Exp:-1.0|Func:3.0|Syn:2.0|Eff:0.0|Dmg:6.0|Mod:1.00,"傷害指示物, 情報收集, 昏厥條件",丟棄效果
花岩怪,基礎,14242,https://asia.pokemon-card.com/hk/card-img/hk00014242.png,寶可夢,80,Darkness,怨恨旋渦,只要這隻寶可夢在場上，自己戰鬥場的【惡】寶可夢受到對手的寶可夢招式的傷害時，在使用招式的寶可夢身上放置1個傷害指示物。,崩山,Darkness,10,將對手的牌庫上方1張卡丟棄。,,,,,,Grass,,,1,39,normal,I,擴充包「超級勇氣」,M1L,mingo,總是作惡多端，<br/>不料有一天本體被<br/>神奇法術綁縛到了楔石上。,花岩怪,,D,6.00,Base:5.0|Meta:0.0|Exp:-1.0|Func:2.0|Syn:0.0|Eff:0.0|Dmg:0.0|Mod:1.00,傷害指示物,"丟棄效果, 放置效果"
花岩怪,基礎,8422,https://asia.pokemon-card.com/hk/card-img/hk00008422.png,寶可夢,70,Darkness,,,挑釁,Darkness,,選擇1隻對手的備戰寶可夢，與戰鬥寶可夢互換。,滅亡宣告,"Darkness,Darkness",,擲2次硬幣，若全部為正面，則將對手的戰鬥寶可夢【昏厥】。,,Grass,,,1,52,normal,G,擴充包「紫ex」,SV1V,Naoyo Kimura,由１０８個靈魂構成。為了防止自己再度作惡，<br/>而被綁縛到了楔石上。,花岩怪,,B+,16.00,Base:5.0|Meta:0.0|Exp:2.0|Func:5.0|Syn:4.0|Eff:0.0|Dmg:0.0|Mod:1.00,"切換效果, 昏厥條件, 硬幣判定",無
花岩怪,基礎,8761,https://asia.pokemon-card.com/hk/card-img/hk00008761.png,寶可夢,60,Psychic,漆黑降災,只要這隻寶可夢在場上，雙方場上【基礎】寶可夢的「寶可夢【V】」的特性全部消除。,憑空消失,Colorless,10,將這隻寶可夢與附加的卡，全部放回手牌。,,,,,,Darkness,,Fighting,1,28,normal,G,擴充包「碟旋暴擊」,SV2D,Aya Kusube,總是作惡多端，不料有一天本體被<br/>神奇法術綁縛到了楔石上。,花岩怪,,C+,10.00,Base:5.0|Meta:0.0|Exp:2.0|Func:1.0|Syn:2.0|Eff:0.0|Dmg:0.0|Mod:1.00,其他效果,特性效果
伊裴爾塔爾,基礎,14243,https://asia.pokemon-card.com/hk/card-img/hk00014243.png,寶可夢,110,Darkness,,,緊抓,Darkness,20,在下個對手的回合，受到這個招式的寶可夢無法撤退。,黑暗羽毛,"Darkness,Darkness,Colorless",110,,,Lightning,,Fighting,0,40,normal,I,擴充包「超級勇氣」,M1L,akagi,據說當生命走到盡頭時，<br/>會吸光所有生物的生命，<br/>回到繭的狀態。,伊裴爾塔爾,,C+,9.00,Base:5.0|Meta:0.0|Exp:-1.0|Func:2.0|Syn:0.0|Eff:0.0|Dmg:3.0|Mod:1.00,撤退封鎖,撤退效果
伊裴爾塔爾,基礎,9884,https://asia.pokemon-card.com/hk/card-img/hk00009884.png,寶可夢,130,Darkness,,,揮擊,"Colorless,Colorless",30+,若對手的戰鬥寶可夢為進化寶可夢，則增加60點傷害。,暗黑刀鋒,"Darkness,Darkness,Colorless",120,選擇1個這隻寶可夢身上附加的能量，將其丟棄。,,Lightning,,Fighting,2,39,normal,G,強化擴充包「激狂駭浪」,SV3a,kawayoo,據說當生命走到盡頭時， 會吸光所有生物的生命， <br/>回到繭的狀態。,伊裴爾塔爾,,A+,21.00,Base:5.0|Meta:0.0|Exp:2.0|Func:8.0|Syn:2.0|Eff:0.0|Dmg:4.0|Mod:1.00,"條件傷害, 能量操作, 進化支援",無
伊裴爾塔爾,基礎,11486,https://asia.pokemon-card.com/hk/card-img/hk00011486.png,寶可夢,120,Darkness,,,侵蝕之風,Darkness,,在對手的身上放置有傷害指示物的所有寶可夢身上，各放置2個傷害指示物。,破壞光束,"Darkness,Darkness,Colorless",100,擲1次硬幣若為正面，則選擇1個對手的戰鬥寶可夢身上附加的能量，將其丟棄。,,Lightning,,Fighting,1,35,normal,H,強化擴充包「黑夜漫遊者」,SV6a,SIE NANAHARA,傳說的寶可夢。據說當牠<br/>展開的翅膀與尾羽閃耀紅色光芒時，<br/>就會吸走生物的生命。,伊裴爾塔爾,,A,18.00,Base:5.0|Meta:0.0|Exp:3.0|Func:5.0|Syn:2.0|Eff:0.0|Dmg:3.0|Mod:1.00,"傷害指示物, 硬幣判定, 能量操作",丟棄效果
偷兒狐,基礎,14244,https://asia.pokemon-card.com/hk/card-img/hk00014244.png,寶可夢,70,Darkness,,,暗之牙,Darkness,20,,,,,,,Grass,,,1,41,normal,I,擴充包「超級勇氣」,M1L,Souichirou Gunjima,性情謹慎且狡猾。<br/> 在偷盜食物逃走的時候<br/> 會用尾巴擦掉自己的足跡。,偷兒狐 → 狐大盜,,D,4.00,Base:5.0|Meta:0.0|Exp:-1.0|Func:0.0|Syn:0.0|Eff:0.0|Dmg:0.0|Mod:1.00,無,無
偷兒狐,基礎,9885,https://asia.pokemon-card.com/hk/card-img/hk00009885.png,寶可夢,70,Darkness,,,偷襲,Colorless,30,擲1次硬幣若為反面，則這個招式失敗。,,,,,,Grass,,,1,40,normal,G,強化擴充包「激狂駭浪」,SV3a,Yuu Nishida,性情謹慎且狡猾。在偷盜食物逃走的時候<br/>會用尾巴擦掉自己的足跡。,偷兒狐 → 狐大盜,,C+,10.00,Base:5.0|Meta:0.0|Exp:2.0|Func:0.0|Syn:2.0|Eff:0.0|Dmg:1.0|Mod:1.00,"條件失敗, 硬幣判定",無
狐大盜,1階進化,14245,https://asia.pokemon-card.com/hk/card-img/hk00014245.png,寶可夢,120,Darkness,,,貪慾狩獵,Colorless,20,若希望，從牌庫抽卡直到自己的手牌滿6張為止。,漆黑之牙,"Darkness,Colorless",60,,,Grass,,,1,42,normal,I,擴充包「超級勇氣」,M1L,ryoma uratsuka,靠著輕盈的身體和銳利的<br/> 爪子到處去偷食物和蛋。<br/> 逐電犬是牠的天敵。,偷兒狐 → 狐大盜,,B,11.00,Base:5.0|Meta:0.0|Exp:-1.0|Func:3.0|Syn:2.0|Eff:0.0|Dmg:2.0|Mod:1.00,抽卡效果,無
狐大盜,1階進化,9886,https://asia.pokemon-card.com/hk/card-img/hk00009886.png,寶可夢,110,Darkness,強盜,在自己的回合，從手牌使出這張卡並完成進化時，可使用1次。查看對手的手牌，從其中選擇2張能量卡，放回對手的牌庫並重洗。,利爪劈擊,"Colorless,Colorless",60,,,,,,,Grass,,,1,41,normal,G,強化擴充包「激狂駭浪」,SV3a,SIE NANAHARA,靠著輕盈的身體和銳利的爪子到處去偷食物和蛋。<br/>逐電犬是牠的天敵。,偷兒狐 → 狐大盜,,A,19.00,Base:5.0|Meta:0.0|Exp:2.0|Func:10.0|Syn:0.0|Eff:0.0|Dmg:2.0|Mod:1.00,搜索效果,進化效果
滋汁鼴,基礎,14246,https://asia.pokemon-card.com/hk/card-img/hk00014246.png,寶可夢,60,Darkness,,,毒擊,"Darkness,Colorless",20,將對手的戰鬥寶可夢【中毒】。,,,,,,Fighting,,,1,43,normal,I,擴充包「超級勇氣」,M1L,osare,雖然性情溫馴，但一旦被激怒，<br/>就會用滲入了毒素的尖銳門牙<br/>過來咬住你，讓你全身麻痺不已。,滋汁鼴 → 塗標客,,D,6.00,Base:5.0|Meta:0.0|Exp:-1.0|Func:2.0|Syn:0.0|Eff:0.0|Dmg:0.0|Mod:1.00,狀態異常,無
滋汁鼴,基礎,8786,https://asia.pokemon-card.com/hk/card-img/hk00008786.png,寶可夢,50,Darkness,,,搜尋樹果,Colorless,,從自己的棄牌區選擇1張基本能量卡，在給對手看過後加入手牌。,抓,Darkness,10,,,Fighting,,,1,53,normal,G,擴充包「碟旋暴擊」,SV2D,Akira Komayama,雖然性情溫馴，但一旦被激怒，就會用滲入了毒素的尖銳門牙<br/>過來咬住你，讓你全身麻痺不已。,滋汁鼴 → 塗標客,,B,12.00,Base:5.0|Meta:0.0|Exp:2.0|Func:5.0|Syn:0.0|Eff:0.0|Dmg:0.0|Mod:1.00,搜索效果,無
滋汁鼴,基礎,12149,https://asia.pokemon-card.com/hk/card-img/hk00012149.png,寶可夢,60,Darkness,,,噴汁,Darkness,20,,,,,,,Fighting,,,1,73,normal,H,擴充包「超電突圍」,SV8,Yukiko Baba,為了不讓敵人靠近地盤，<br/>會用有刺鼻臭味的毒液，<br/>在巢的周圍描繪圖形。,滋汁鼴 → 塗標客,,C,8.00,Base:5.0|Meta:0.0|Exp:3.0|Func:0.0|Syn:0.0|Eff:0.0|Dmg:0.0|Mod:1.00,無,無
塗標客,1階進化,14247,https://asia.pokemon-card.com/hk/card-img/hk00014247.png,寶可夢,100,Darkness,,,奇跡作畫,"Darkness,Colorless",90,擲1次硬幣若為正面，則從特殊狀態中選擇1種，將對手的戰鬥寶可夢處於那個狀態。,,,,,,Fighting,,,1,44,normal,I,擴充包「超級勇氣」,M1L,Dsuke,會將能隨著吃下的食物<br/>而變色的毒唾液塗在指頭上，<br/>在森林的樹木描繪上圖案。,滋汁鼴 → 塗標客,,B,11.00,Base:5.0|Meta:0.0|Exp:-1.0|Func:2.0|Syn:2.0|Eff:0.0|Dmg:3.0|Mod:1.00,硬幣判定,無
塗標客,1階進化,8788,https://asia.pokemon-card.com/hk/card-img/hk00008788.png,寶可夢,90,Darkness,,,毒液,Darkness,,將對手的戰鬥寶可夢【中毒】。,鮮豔塗鴉,Darkness,40×,從自己的手牌將任意數量的基本能量卡丟棄，造成丟棄的基本能量卡的屬性種類的數量×40點傷害。,,Fighting,,,1,55,normal,G,擴充包「碟旋暴擊」,SV2D,Souichirou Gunjima,會將能隨著吃下的食物而變色的毒唾液塗在指頭上，<br/>在森林的樹木描繪上圖案。,滋汁鼴 → 塗標客,,A,19.00,Base:5.0|Meta:0.0|Exp:2.0|Func:4.0|Syn:0.0|Eff:0.0|Dmg:8.0|Mod:1.00,"備戰傷害加成, 傷害效果, 狀態異常",無
塗標客,1階進化,12150,https://asia.pokemon-card.com/hk/card-img/hk00012150.png,寶可夢,100,Darkness,,,惡作劇作畫,Colorless,,從對手的棄牌區選擇最多3張能量卡，以任意方式附於對手的寶可夢身上。,能量塗鴉,"Darkness,Darkness",40×,造成對手的所有寶可夢身上附加的能量的數量×40點傷害。,,Fighting,,,1,74,normal,H,擴充包「超電突圍」,SV8,NC Empire,塗標客畫的圖案<br/>會依個體而有所不同。<br/>一生不斷畫著相同圖案。,滋汁鼴 → 塗標客,,A+,21.00,Base:5.0|Meta:0.0|Exp:3.0|Func:5.0|Syn:0.0|Eff:0.0|Dmg:8.0|Mod:1.00,"備戰傷害加成, 傷害效果, 搜索效果, 能量操作",無
大鋼蛇,1階進化,14248,https://asia.pokemon-card.com/hk/card-img/hk00014248.png,寶可夢,200,Metal,,,歡迎之尾,"Colorless,Colorless",40+,若自己剩餘獎賞卡的張數為6張，則增加200點傷害。,火箭頭錘,"Metal,Metal,Colorless,Colorless",140,,,Fire,,Grass,4,45,normal,I,擴充包「超級勇氣」,M1L,Anesaki Dynamic,人們認為牠的身體是因為<br/> 堆積了和泥土一起吞下的<br/> 鐵質，才會發生變化的。,大岩蛇 → 大鋼蛇,,C+,10.00,Base:5.0|Meta:0.0|Exp:-1.0|Func:0.0|Syn:2.0|Eff:0.0|Dmg:4.0|Mod:1.00,"條件傷害, 獎賞控制",無
大鋼蛇,1階進化,10065,https://asia.pokemon-card.com/hk/card-img/hk00010065.png,寶可夢,180,Metal,,,地震,Metal,130,自己的所有備戰寶可夢也各受到30點傷害。<br/>[在備戰區不計算弱點・抵抗力。],重磅衝擊,"Metal,Metal,Colorless,Colorless,Colorless",180,,,Fire,,Grass,4,41,normal,G,擴充包「未來閃光」,SV4M,Po-Suzuki,人們認為牠的身體是因為堆積了和泥土一起吞下的鐵質，才會發生變化的。,大岩蛇 → 大鋼蛇,,B,13.00,Base:5.0|Meta:0.0|Exp:2.0|Func:1.0|Syn:0.0|Eff:0.0|Dmg:5.0|Mod:1.00,連鎖傷害,無
超級大嘴娃ex,基礎,14249,https://asia.pokemon-card.com/hk/card-img/hk00014249.png,寶可夢,270,Metal,,,貪心,"Metal,Metal",80×,造成自己已經獲得的獎賞卡的張數×80點傷害。,大啃咬,"Metal,Metal,Colorless",260,若對手的戰鬥寶可夢身上放置有傷害指示物，則這個招式的傷害改為「30」點。,,Fire,,Grass,2,46,normal,I,擴充包「超級勇氣」,M1L,aky CG Works,,超級大嘴娃ex,ex,B+,14.00,Base:5.0|Meta:0.0|Exp:-1.0|Func:2.0|Syn:2.0|Eff:0.0|Dmg:6.0|Mod:1.00,"傷害指示物, 傷害效果, 棄牌區傷害加成, 獎賞控制",無
帝牙盧卡,基礎,14250,https://asia.pokemon-card.com/hk/card-img/hk00014250.png,寶可夢,140,Metal,,,光束,Metal,30,,時間爆炸,"Metal,Metal,Colorless",80+,若希望，將這隻寶可夢身上附加的能量卡全部放回牌庫並重洗，增加80點傷害。,,Fire,,Grass,2,47,normal,I,擴充包「超級勇氣」,M1L,Teeziro,擁有操縱時間的力量。<br/>在神奧地區被稱為神，<br/>並在神話中登場。,帝牙盧卡,,B+,16.00,Base:5.0|Meta:0.0|Exp:-1.0|Func:4.0|Syn:4.0|Eff:0.0|Dmg:4.0|Mod:1.00,"條件傷害, 牌庫重洗, 能量回收, 能量操作",無
帝牙盧卡,基礎,11968,https://asia.pokemon-card.com/hk/card-img/hk00011968.png,寶可夢,130,Dragon,,,時間掌控,Colorless,,從自己的牌庫任意選擇2張卡。重洗剩餘牌庫，將所選的卡以任意順序排列，放回牌庫上方。,光炮尾,"Psychic,Metal,Colorless",160,,,,,,2,42,normal,H,強化擴充包「樂園騰龍」,SV7a,Takumi Wada,因為帝牙盧卡的誕生，<br/>時間才得以開始流動。<br/>是有著如此傳說的寶可夢。,帝牙盧卡,,B+,14.00,Base:5.0|Meta:0.0|Exp:3.0|Func:1.0|Syn:0.0|Eff:0.0|Dmg:5.0|Mod:1.00,搜索效果,無
小鍛匠,基礎,14251,https://asia.pokemon-card.com/hk/card-img/hk00014251.png,寶可夢,70,Metal,,,敲擊,Metal,20,,,,,,,Fire,,Grass,1,48,normal,I,擴充包「超級勇氣」,M1L,You Iribi,雖然會揮舞著手工打造的<br/>錘子來保護自己，但卻常被<br/>以金屬為食的寶可夢搶走。,小鍛匠 → 巧鍛匠 → 巨鍛匠 → 巨鍛匠ex,,D,4.00,Base:5.0|Meta:0.0|Exp:-1.0|Func:0.0|Syn:0.0|Eff:0.0|Dmg:0.0|Mod:1.00,無,無
小鍛匠,基礎,8629,https://asia.pokemon-card.com/hk/card-img/hk00008629.png,寶可夢,60,Psychic,,,呼喚,Colorless,,從自己的牌庫抽出1張卡。,推擊,"Psychic,Colorless",20,,,Metal,,,1,40,normal,G,強化擴充包「三連音爆」,SV1a,Mizue,雖然會揮舞著手工打造的錘子來保護自己，但卻常被<br/>以金屬為食的寶可夢搶走。,小鍛匠 → 巧鍛匠 → 巨鍛匠 → 巨鍛匠ex,,C+,10.00,Base:5.0|Meta:0.0|Exp:2.0|Func:3.0|Syn:0.0|Eff:0.0|Dmg:0.0|Mod:1.00,"抽卡效果, 搜索效果",無
小鍛匠,基礎,8630,https://asia.pokemon-card.com/hk/card-img/hk00008630.png,寶可夢,70,Psychic,,,狂舞揮打,Psychic,10+,擲1次硬幣若為正面，則增加20點傷害。,,,,,,Metal,,,1,41,normal,G,強化擴充包「三連音爆」,SV1a,Pani Kobayashi,雖然會揮舞著手工打造的錘子來保護自己，但卻常被<br/>以金屬為食的寶可夢搶走。,小鍛匠 → 巧鍛匠 → 巨鍛匠 → 巨鍛匠ex,,B,11.00,Base:5.0|Meta:0.0|Exp:2.0|Func:0.0|Syn:2.0|Eff:0.0|Dmg:2.0|Mod:1.00,"條件傷害, 硬幣判定",無
小鍛匠,基礎,8765,https://asia.pokemon-card.com/hk/card-img/hk00008765.png,寶可夢,60,Psychic,,,撿鐵屑,Colorless,,從自己的棄牌區選擇1張物品卡，在給對手看過後加入手牌。,妖精之風,"Psychic,Colorless,Colorless",30,,,Metal,,,1,32,normal,G,擴充包「碟旋暴擊」,SV2D,Shibuzoh.,雖然會揮舞著手工打造的錘子來保護自己，但卻常被<br/>以金屬為食的寶可夢搶走。,小鍛匠 → 巧鍛匠 → 巨鍛匠 → 巨鍛匠ex,,B,11.00,Base:5.0|Meta:0.0|Exp:2.0|Func:3.0|Syn:0.0|Eff:0.0|Dmg:1.0|Mod:1.00,搜索效果,無
小鍛匠,基礎,8766,https://asia.pokemon-card.com/hk/card-img/hk00008766.png,寶可夢,70,Psychic,,,碎,Psychic,10,擲1次硬幣若為正面，則選擇1個對手的戰鬥寶可夢身上附加的能量，將其丟棄。,,,,,,Metal,,,2,33,normal,G,擴充包「碟旋暴擊」,SV2D,Kouki Saitou,雖然會揮舞著手工打造的錘子來保護自己，但卻常被<br/>以金屬為食的寶可夢搶走。,小鍛匠 → 巧鍛匠 → 巨鍛匠 → 巨鍛匠ex,,B+,14.00,Base:5.0|Meta:0.0|Exp:2.0|Func:5.0|Syn:2.0|Eff:0.0|Dmg:0.0|Mod:1.00,"硬幣判定, 能量操作",丟棄效果
小鍛匠,基礎,10058,https://asia.pokemon-card.com/hk/card-img/hk00010058.png,寶可夢,60,Psychic,,,找山,Psychic,,查看自己的牌庫上方1張卡。將那些卡加入手牌。或者將那張卡丟棄，從自己的牌庫抽出1張卡。,囈語,Psychic,10,,,Metal,,,1,34,normal,G,擴充包「未來閃光」,SV4M,Teeziro,敲打鐵屑來製作錘子。直到做出自己滿意的作品前，會一次又一次地重做。,小鍛匠 → 巧鍛匠 → 巨鍛匠 → 巨鍛匠ex,,B,12.00,Base:5.0|Meta:0.0|Exp:2.0|Func:5.0|Syn:0.0|Eff:0.0|Dmg:0.0|Mod:1.00,"抽卡效果, 搜索效果",無
小鍛匠,基礎,10059,https://asia.pokemon-card.com/hk/card-img/hk00010059.png,寶可夢,70,Psychic,,,潛力,Psychic,40,在下個自己的回合，這隻寶可夢無法使用招式。,,,,,,Metal,,,2,35,normal,G,擴充包「未來閃光」,SV4M,Oswaldo KATO,敲打鐵屑來製作錘子。直到做出自己滿意的作品前，會一次又一次地重做。,小鍛匠 → 巧鍛匠 → 巨鍛匠 → 巨鍛匠ex,,C,8.00,Base:5.0|Meta:0.0|Exp:2.0|Func:0.0|Syn:0.0|Eff:0.0|Dmg:1.0|Mod:1.00,"使用限制, 招式鎖定",無
巧鍛匠,1階進化,14252,https://asia.pokemon-card.com/hk/card-img/hk00014252.png,寶可夢,90,Metal,臨場之錘,在自己的回合，從手牌使出這張卡並完成進化時，可使用1次。擲1次硬幣若為正面，則選擇1個對手的戰鬥寶可夢身上附加的能量，將其丟棄。,打擊,Metal,30,,,,,,,Fire,,Grass,2,49,normal,I,擴充包「超級勇氣」,M1L,KEIICHIRO ITO,為了製作又大又堅固的<br/>錘子，會去襲擊劈斬司令<br/>的群體，藉以收集金屬。,小鍛匠 → 巧鍛匠 → 巨鍛匠 → 巨鍛匠ex,,B+,15.00,Base:5.0|Meta:0.0|Exp:-1.0|Func:10.0|Syn:0.0|Eff:0.0|Dmg:1.0|Mod:1.00,"硬幣判定, 能量操作","丟棄效果, 進化效果"
巧鍛匠,1階進化,8767,https://asia.pokemon-card.com/hk/card-img/hk00008767.png,寶可夢,90,Psychic,,,嬉鬧,"Colorless,Colorless",30+,擲1次硬幣若為正面，則增加30點傷害。,粉碎壓制,"Psychic,Colorless,Colorless",60,這個招式的傷害不計算對手的戰鬥寶可夢身上的附加效果。,,Metal,,,2,34,normal,G,擴充包「碟旋暴擊」,SV2D,sowsow,為了製作又大又堅固的錘子，會去襲擊劈斬司令<br/>的群體，藉以收集金屬。,小鍛匠 → 巧鍛匠 → 巨鍛匠 → 巨鍛匠ex,,B+,14.00,Base:5.0|Meta:0.0|Exp:2.0|Func:3.0|Syn:2.0|Eff:0.0|Dmg:2.0|Mod:1.00,"條件傷害, 無視弱點/效果, 硬幣判定",無
巧鍛匠,1階進化,10060,https://asia.pokemon-card.com/hk/card-img/hk00010060.png,寶可夢,80,Psychic,,,合金橫掃,Psychic,20+,若這隻寶可夢身上附有【鋼】能量卡，則增加40點傷害。,,,,,,Metal,,,2,36,normal,G,擴充包「未來閃光」,SV4M,Souichirou Gunjima,棲息在堆滿破銅爛鐵的地方。為了測試錘子的強度，會和夥伴們激烈地敲打彼此。,小鍛匠 → 巧鍛匠 → 巨鍛匠 → 巨鍛匠ex,,B,13.00,Base:5.0|Meta:0.0|Exp:2.0|Func:2.0|Syn:2.0|Eff:0.0|Dmg:2.0|Mod:1.00,條件傷害,無
巨鍛匠,2階進化,14253,https://asia.pokemon-card.com/hk/card-img/hk00014253.png,寶可夢,160,Metal,,,大橫掃,Metal,240-,減少對手的戰鬥寶可夢身上附加的能量的數量×60點傷害。,,,,,,Fire,,Grass,2,50,normal,I,擴充包「超級勇氣」,M1L,toriyufu,智商高超，性格豪邁。<br/>會用錘子打飛岩石來攻擊<br/>飛在空中的鋼鎧鴉。,小鍛匠 → 巧鍛匠 → 巨鍛匠 → 巨鍛匠ex,,C+,9.00,Base:5.0|Meta:0.0|Exp:-1.0|Func:5.0|Syn:0.0|Eff:0.0|Dmg:0.0|Mod:1.00,"備戰傷害加成, 能量操作",無
巨鍛匠,2階進化,10106,https://asia.pokemon-card.com/hk/card-img/hk00010106.png,寶可夢,140,Psychic,,,拍落,Psychic,40,在不看正面的情況下，選擇1張對手的手牌，將其丟棄。,狂野壓制,"Psychic,Colorless,Colorless",220,這隻寶可夢也受到60點傷害。,,Metal,,,2,62,promo,G,特典卡 朱&紫,SV,DOM,智商高超，性格豪邁。 會用錘子打飛岩石來攻擊<br/> 飛在空中的鋼鎧鴉。,小鍛匠 → 巧鍛匠 → 巨鍛匠 → 巨鍛匠ex,,B+,15.00,Base:5.0|Meta:0.0|Exp:2.0|Func:2.0|Syn:0.0|Eff:0.0|Dmg:6.0|Mod:1.00,"反噬傷害, 情報收集",丟棄效果
巨鍛匠,2階進化,8632,https://asia.pokemon-card.com/hk/card-img/hk00008632.png,寶可夢,140,Psychic,收集素材,在自己的回合，若將自己的1張手牌丟棄，則可使用1次。從自己的牌庫抽出3張卡。,特殊鐵錘,"Psychic,Colorless",90+,若這隻寶可夢身上附有特殊能量卡，則增加90點傷害。,,,,,,Metal,,,2,43,normal,G,強化擴充包「三連音爆」,SV1a,Kouki Saitou,智商高超，性格豪邁。會用錘子打飛岩石來攻擊<br/>飛在空中的鋼鎧鴉。,小鍛匠 → 巧鍛匠 → 巨鍛匠 → 巨鍛匠ex,,A,18.00,Base:5.0|Meta:0.0|Exp:2.0|Func:5.0|Syn:2.0|Eff:0.0|Dmg:4.0|Mod:1.00,"抽卡效果, 搜索效果, 條件傷害",無
巨鍛匠,2階進化,10061,https://asia.pokemon-card.com/hk/card-img/hk00010061.png,寶可夢,130,Psychic,,,破壞一擊,Psychic,30,選擇1個對手的戰鬥寶可夢身上附加的能量，將其丟棄。,合金之錘,Psychic,60+,若這隻寶可夢身上附有【鋼】能量卡，則增加120點傷害。,,Metal,,,2,37,normal,G,擴充包「未來閃光」,SV4M,KEIICHIRO ITO,會輕鬆地揮舞著超過１００公斤的錘子來奪取想要的東西，然後帶回自己的住處。,小鍛匠 → 巧鍛匠 → 巨鍛匠 → 巨鍛匠ex,,A,17.00,Base:5.0|Meta:0.0|Exp:2.0|Func:5.0|Syn:2.0|Eff:0.0|Dmg:3.0|Mod:1.00,"條件傷害, 能量操作",丟棄效果
賽富豪,1階進化,14254,https://asia.pokemon-card.com/hk/card-img/hk00014254.png,寶可夢,130,Metal,,,抓到飽,Colorless,,擲硬幣直到出現反面，從自己的牌庫任意選擇最多與正面出現的次數相同數量的卡，加入手牌。並且重洗牌庫。,高速攻擊,"Metal,Colorless,Colorless",100,,,Fire,,Grass,2,51,normal,I,擴充包「超級勇氣」,M1L,Yukihiro Tada,據說身體是由１０００枚硬幣<br/>所組成的。喜歡與人親近，<br/>不管與誰都能馬上變得融洽。,索財靈 → 賽富豪 → 賽富豪ex,,C+,9.00,Base:5.0|Meta:0.0|Exp:-1.0|Func:2.0|Syn:0.0|Eff:0.0|Dmg:3.0|Mod:1.00,"抽卡效果, 搜索效果, 硬幣判定",無
賽富豪,1階進化,10247,https://asia.pokemon-card.com/hk/card-img/hk00010247.png,寶可夢,130,Metal,,,盛宴招待,Colorless,,從自己的手牌選擇任意數量的「基本【鋼】能量」卡，以任意方式附於自己的寶可夢身上。,豪華衝浪,"Metal,Colorless,Colorless",80×,擲與這隻寶可夢身上附加的【鋼】能量的數量相同次數的硬幣，造成正面出現的次數×80點傷害。,,Fire,,Grass,2,133,normal,G,高級擴充包「閃色寶藏ex」,SV4a,Mitsuhiro Arita,據說身體是由１０００枚硬幣所組成的。喜歡與人親近，<br/>不管與誰都能馬上變得融洽。,索財靈 → 賽富豪ex → 賽富豪,,A,18.00,Base:5.0|Meta:0.0|Exp:2.0|Func:3.0|Syn:0.0|Eff:0.0|Dmg:8.0|Mod:1.00,"傷害效果, 硬幣判定, 能量操作, 能量附著",無
賽富豪,1階進化,11964,https://asia.pokemon-card.com/hk/card-img/hk00011964.png,寶可夢,130,Metal,,,富裕強襲,Metal,30+,在這個回合，若這隻寶可夢從「索財靈」進化，則增加90點傷害。,賽富迴旋,"Colorless,Colorless,Colorless",100,若希望，將這隻寶可夢與附加的卡，全部放回自己的牌庫並重洗。,,Fire,,Grass,2,38,normal,H,強化擴充包「樂園騰龍」,SV7a,Dsuke,堆疊硬幣而形成的身體<br/>結實堅固。會連續發射<br/>硬幣來壓制敵人。,索財靈 → 賽富豪ex → 賽富豪,,A+,20.00,Base:5.0|Meta:0.0|Exp:3.0|Func:5.0|Syn:4.0|Eff:0.0|Dmg:3.0|Mod:1.00,"其他效果, 條件傷害, 進化支援",無
烈雀,基礎,14255,https://asia.pokemon-card.com/hk/card-img/hk00014255.png,寶可夢,60,Colorless,,,啄食,Colorless,10,在造成傷害前，將對手的戰鬥寶可夢身上附加的「寶可夢道具」卡丟棄。,,,,,,Lightning,,Fighting,1,52,normal,I,擴充包「超級勇氣」,M1L,Scav,翅膀很短，無法長距離飛行。<br/><br/>總是不停地四處跳來跳去，<br/><br/>忙著啄食蟲寶可夢。,烈雀 → 大嘴雀,,C,7.00,Base:5.0|Meta:0.0|Exp:-1.0|Func:3.0|Syn:0.0|Eff:0.0|Dmg:0.0|Mod:1.00,傷害效果,丟棄效果
烈雀,基礎,8887,https://asia.pokemon-card.com/hk/card-img/hk00008887.png,寶可夢,50,Colorless,搶先進化,若在後攻玩家的最初回合，則這隻寶可夢就算剛使出也可進化。,高速飛行,Colorless,10,,,,,,,Lightning,,Fighting,1,21,normal,G,強化擴充包「寶可夢卡牌151」,SV2a,Gemi,翅膀很短，無法長距離飛行。 總是不停地四處跳來跳去， <br/>忙著啄食蟲寶可夢。,烈雀 → 大嘴雀,,C+,10.00,Base:5.0|Meta:0.0|Exp:2.0|Func:3.0|Syn:0.0|Eff:0.0|Dmg:0.0|Mod:1.00,進化支援,無
大嘴雀,1階進化,14256,https://asia.pokemon-card.com/hk/card-img/hk00014256.png,寶可夢,100,Colorless,,,機關槍鑽,Colorless,30×,擲5次硬幣，造成正面出現的次數×30點傷害。,,,,,,Lightning,,Fighting,1,53,normal,I,擴充包「超級勇氣」,M1L,Saboteri,在大嘴雀的地盤上<br/><br/>帶著食物走動是件危險的事，<br/><br/>食物轉眼間就會被奪走。,烈雀 → 大嘴雀,,C,7.00,Base:5.0|Meta:0.0|Exp:-1.0|Func:0.0|Syn:0.0|Eff:0.0|Dmg:3.0|Mod:1.00,"傷害效果, 硬幣判定",無
大嘴雀,1階進化,8888,https://asia.pokemon-card.com/hk/card-img/hk00008888.png,寶可夢,90,Colorless,,,鳥嘴捕捉,Colorless,,從自己的牌庫任意選擇最多3張卡加入手牌。並且重洗牌庫。,高速飛行,Colorless,50,,,Lightning,,Fighting,0,22,normal,G,強化擴充包「寶可夢卡牌151」,SV2a,Gemi,在大嘴雀的地盤上帶著食物走動是件危險的事，<br/>食物轉眼間就會被奪走。,烈雀 → 大嘴雀,,C+,10.00,Base:5.0|Meta:0.0|Exp:2.0|Func:2.0|Syn:0.0|Eff:0.0|Dmg:1.0|Mod:1.00,"抽卡效果, 搜索效果",無
大奶罐,基礎,14257,https://asia.pokemon-card.com/hk/card-img/hk00014257.png,寶可夢,120,Colorless,,,飽腹鮮奶,"Colorless,Colorless",,擲2次硬幣，若全部為正面，則將自己的1隻寶可夢的HP全部恢復。,撞擊,"Colorless,Colorless,Colorless",60,,,Fighting,,,2,54,normal,I,擴充包「超級勇氣」,M1L,Kouki Saitou,如果沒有每天擠鮮奶，<br/>身體的狀況就會變糟。<br/>鮮奶的風味會隨季節改變。,大奶罐,,B,12.00,Base:5.0|Meta:0.0|Exp:-1.0|Func:2.0|Syn:4.0|Eff:0.0|Dmg:2.0|Mod:1.00,"回復效果, 硬幣判定",無
大奶罐,基礎,10077,https://asia.pokemon-card.com/hk/card-img/hk00010077.png,寶可夢,120,Colorless,,,活潑衝撞,"Colorless,Colorless",60+,在這個回合，若這隻寶可夢恢復了HP，則增加90點傷害。,,,,,,Fighting,,,2,53,normal,G,擴充包「未來閃光」,SV4M,sowsow,如果沒有每天擠鮮奶，身體的狀況就會變糟。鮮奶的風味會隨季節改變。,大奶罐,,B+,14.00,Base:5.0|Meta:0.0|Exp:2.0|Func:2.0|Syn:2.0|Eff:0.0|Dmg:3.0|Mod:1.00,"回復效果, 條件傷害",無
大奶罐,基礎,12704,https://asia.pokemon-card.com/hk/card-img/hk00012704.png,寶可夢,130,Colorless,,,滾動,Colorless,20,,哞哞回轉,"Colorless,Colorless",100,這個招式必須在上個自己的回合這隻寶可夢使用了「滾動」才可使用。,,Fighting,,,2,96,normal,H,雙ex初階牌組 Generations,SVM,Keisin,由於能生產營養滿分的<br/>鮮奶，自古以來支持著<br/>人類與寶可夢的生活。,大奶罐,,C+,10.00,Base:5.0|Meta:0.0|Exp:2.0|Func:0.0|Syn:0.0|Eff:0.0|Dmg:3.0|Mod:1.00,連續技,無
貓鼬少,基礎,14258,https://asia.pokemon-card.com/hk/card-img/hk00014258.png,寶可夢,70,Colorless,,,呼喚,Colorless,,從自己的牌庫抽出1張卡。,咬,"Colorless,Colorless",20,,,Fighting,,,1,55,normal,I,擴充包「超級勇氣」,M1L,Mékayu,整個身體幾乎都是胃。<br/>每天都徘徊在固定的路線上，<br/>四處尋找新鮮的食物。,貓鼬少 → 貓鼬探長 → 貓鼬探長GX,,C,7.00,Base:5.0|Meta:0.0|Exp:-1.0|Func:3.0|Syn:0.0|Eff:0.0|Dmg:0.0|Mod:1.00,"抽卡效果, 搜索效果",無
貓鼬少,基礎,8651,https://asia.pokemon-card.com/hk/card-img/hk00008651.png,寶可夢,70,Colorless,,,擊飛,Colorless,10+,擲1次硬幣若為正面，則增加10點傷害。,,,,,,Fighting,,,1,62,normal,G,強化擴充包「三連音爆」,SV1a,saino misaki,整個身體幾乎都是胃。每天都徘徊在固定的路線上，<br/>四處尋找新鮮的食物。,貓鼬少 → 貓鼬探長 → 貓鼬探長GX,,B,11.00,Base:5.0|Meta:0.0|Exp:2.0|Func:0.0|Syn:2.0|Eff:0.0|Dmg:2.0|Mod:1.00,"條件傷害, 硬幣判定",無
貓鼬探長,1階進化,14259,https://asia.pokemon-card.com/hk/card-img/hk00014259.png,寶可夢,100,Colorless,蒐證,在自己的回合時可使用1次。選擇1張自己的手牌，與牌庫上方的卡互換。,咬住,"Colorless,Colorless",50,,,,,,,Fighting,,,1,56,normal,I,擴充包「超級勇氣」,M1L,Shigenori Negishi,一旦發現獵物的蹤跡，<br/>就會發揮十足的耐心<br/>蹲守在該處直到日落。,貓鼬少 → 貓鼬探長 → 貓鼬探長GX,,C,7.00,Base:5.0|Meta:0.0|Exp:-1.0|Func:2.0|Syn:0.0|Eff:0.0|Dmg:1.0|Mod:1.00,"切換效果, 搜索效果",無
火箭隊的坂木,,13445,https://asia.pokemon-card.com/hk/card-img/hk00013445.png,支援者卡,,,,,,,,將自己的戰鬥場的「火箭隊的寶可夢」與備戰區的「火箭隊的寶可夢」互換。然後，選擇1隻對手的備戰寶可夢，與戰鬥寶可夢互換。,,,,,,,,,,93,normal,I,擴充包「火箭隊的榮耀」,SV10,akagi,,,,B+,16.00,Base:8.0|Meta:0.0|Exp:3.0|Func:5.0|Syn:0.0|Eff:0.0|Dmg:0.0|Mod:1.00,切換效果,無
火箭隊的妨礙機器人,,13439,https://asia.pokemon-card.com/hk/card-img/hk00013439.png,物品卡,,,,,,,,選擇1張對手的反面朝上的獎賞卡，並在不看正面的情況下，從對手的手牌選擇1張，查看各自的正面。若希望，令對手互換所選的卡。（在對戰結束前，那張獎賞卡維持正面朝上。）,,,,,,,,,,87,normal,I,擴充包「火箭隊的榮耀」,SV10,Toyste Beach,,,,A,17.00,Base:7.0|Meta:0.0|Exp:3.0|Func:5.0|Syn:2.0|Eff:0.0|Dmg:0.0|Mod:1.00,"切換效果, 情報收集, 獎賞控制",無
火箭隊的拉姆達,,13446,https://asia.pokemon-card.com/hk/card-img/hk00013446.png,支援者卡,,,,,,,,從自己的牌庫選擇1張訓練家卡，在給對手看過後加入手牌。並且重洗牌庫。,,,,,,,,,,94,normal,I,擴充包「火箭隊的榮耀」,SV10,GOSSAN,,,,B+,15.00,Base:8.0|Meta:0.0|Exp:3.0|Func:4.0|Syn:0.0|Eff:0.0|Dmg:0.0|Mod:1.00,"抽卡效果, 搜索效果",無
火箭隊的阿波羅,,13444,https://asia.pokemon-card.com/hk/card-img/hk00013444.png,支援者卡,,,,,,,,這張卡必須在上個對手的回合自己的「火箭隊的寶可夢」【昏厥】了才可使用。<br/> <br/> 雙方玩家各將手牌全部放回牌庫並重洗。然後，從牌庫抽卡，自己抽出5張，對手抽出3張。,,,,,,,,,,92,normal,I,擴充包「火箭隊的榮耀」,SV10,Hideki Ishikawa,,,,A+,21.00,Base:8.0|Meta:0.0|Exp:3.0|Func:8.0|Syn:2.0|Eff:0.0|Dmg:0.0|Mod:1.00,"牌庫重洗, 連續技",大量抽卡
火箭隊的接收器,,13442,https://asia.pokemon-card.com/hk/card-img/hk00013442.png,物品卡,,,,,,,,從自己的牌庫選擇1張名稱中有「火箭隊」的支援者卡，在給對手看過後加入手牌。並且重洗牌庫。,,,,,,,,,,90,normal,I,擴充包「火箭隊的榮耀」,SV10,inose yukie,,,,B+,14.00,Base:7.0|Meta:0.0|Exp:3.0|Func:4.0|Syn:0.0|Eff:0.0|Dmg:0.0|Mod:1.00,"抽卡效果, 搜索效果",無
火箭隊的超級球,,13440,https://asia.pokemon-card.com/hk/card-img/hk00013440.png,物品卡,,,,,,,,擲1次硬幣。若為正面，則從自己的牌庫選擇1張進化寶可夢的「火箭隊的寶可夢」，若為反面，則選擇1張【基礎】寶可夢的「火箭隊的寶可夢」，在給對手看過後加入手牌。並且重洗牌庫。,,,,,,,,,,88,normal,I,擴充包「火箭隊的榮耀」,SV10,Toyste Beach,,,,S+,27.00,Base:7.0|Meta:5.0|Exp:3.0|Func:7.0|Syn:5.0|Eff:0.0|Dmg:0.0|Mod:1.00,"抽卡效果, 搜索效果, 硬幣判定, 進化支援",無
火箭隊的雅典娜,,13443,https://asia.pokemon-card.com/hk/card-img/hk00013443.png,支援者卡,,,,,,,,從牌庫抽卡直到自己的手牌滿5張為止。若自己的所有場上寶可夢皆為「火箭隊的寶可夢」，則抽卡直到滿8張為止。,,,,,,,,,,91,normal,I,擴充包「火箭隊的榮耀」,SV10,hncl,,,,A,18.00,Base:8.0|Meta:0.0|Exp:3.0|Func:3.0|Syn:4.0|Eff:0.0|Dmg:0.0|Mod:1.00,抽卡效果,無
氣球,,14456,https://asia.pokemon-card.com/hk/card-img/hk00014456.png,寶可夢道具,,,,,,,,附有這張卡的寶可夢，【撤退】所需的能量減少2個。,,,,,,,,,,84,high,I,擴充包「超級勇氣」,M1L,Studio Bora Inc.,,,,C+,10.00,Base:6.0|Meta:0.0|Exp:-1.0|Func:2.0|Syn:3.0|Eff:0.0|Dmg:0.0|Mod:1.00,撤退干擾,撤退效果
蔓藤怪,基礎,14267,https://asia.pokemon-card.com/hk/card-img/hk00014267.png,寶可夢,80,Grass,,,毒粉,Grass,,將對手的戰鬥寶可夢【中毒】。,鉤住,"Grass,Colorless,Colorless",30,,,Fire,,,2,1,normal,I,擴充包「超級交響樂」,M1S,Yuriko Akase,藤蔓即使斷了也會繼續<br/>無限地生長。藤蔓下的<br/>真面目至今仍是個謎。,蔓藤怪 → 巨蔓藤,,C,7.00,Base:5.0|Meta:0.0|Exp:-1.0|Func:2.0|Syn:0.0|Eff:0.0|Dmg:1.0|Mod:1.00,狀態異常,無
蔓藤怪,基礎,8980,https://asia.pokemon-card.com/hk/card-img/hk00008980.png,寶可夢,80,Grass,,,緊束作法,Grass,10+,在這個回合，若從手牌使出了「莉佳的招待」，則增加60點傷害。,,,,,,Fire,,,2,114,normal,G,強化擴充包「寶可夢卡牌151」,SV2a,Aya Kusube,藤蔓即使斷了也會繼續無限地生長。藤蔓下的<br/>真面目至今仍是個謎。,蔓藤怪 → 巨蔓藤,,B,11.00,Base:5.0|Meta:0.0|Exp:2.0|Func:0.0|Syn:2.0|Eff:0.0|Dmg:2.0|Mod:1.00,條件傷害,無
蔓藤怪,基礎,11118,https://asia.pokemon-card.com/hk/card-img/hk00011118.png,寶可夢,80,Grass,,,重摑,Colorless,10,,藤蔓攻擊,"Grass,Colorless",30,,,Fire,,,2,1,normal,H,強化擴充包「緋紅薄霧」,SV5a,Yoriyuki Ikegami,藤蔓即使斷了也會繼續無限地生長。藤蔓下的<br/>真面目至今仍是個謎。,蔓藤怪 → 巨蔓藤,,C,8.00,Base:5.0|Meta:0.0|Exp:2.0|Func:0.0|Syn:0.0|Eff:0.0|Dmg:1.0|Mod:1.00,無,無
巨蔓藤,1階進化,14268,https://asia.pokemon-card.com/hk/card-img/hk00014268.png,寶可夢,150,Grass,,,吸取,"Grass,Colorless",30,將這隻寶可夢恢復「30」HP。,肌力鞭打,"Grass,Grass,Colorless,Colorless",120+,若身上附有的能量比使用這個招式所需的能量多2個，則增加140點傷害。,,Fire,,,4,2,normal,I,擴充包「超級交響樂」,M1S,REND,棲息的地方越溫暖，藤蔓就會<br/>長得越快。當藤蔓變得太長時，<br/>就會自己扯斷它來調整長度。,蔓藤怪 → 巨蔓藤,,B+,15.00,Base:5.0|Meta:0.0|Exp:-1.0|Func:4.0|Syn:2.0|Eff:0.0|Dmg:5.0|Mod:1.00,"回復效果, 條件傷害",無
巨蔓藤,1階進化,11119,https://asia.pokemon-card.com/hk/card-img/hk00011119.png,寶可夢,150,Grass,密林之軀,這隻寶可夢受到招式的傷害「-30」點。,覆蓋,"Grass,Colorless,Colorless",150-,減少這隻寶可夢身上放置的傷害指示物的數量×10點傷害。,,,,,,Fire,,,4,2,normal,H,強化擴充包「緋紅薄霧」,SV5a,LINNE,最近的研究發現，牠這雙能夠自由伸縮的手臂其實<br/>是由成束的藤蔓形成的。,蔓藤怪 → 巨蔓藤,,C,7.00,Base:5.0|Meta:0.0|Exp:2.0|Func:0.0|Syn:0.0|Eff:0.0|Dmg:0.0|Mod:1.00,"備戰傷害加成, 傷害指示物, 其他效果",無
月桂葉,1階進化,14270,https://asia.pokemon-card.com/hk/card-img/hk00014270.png,寶可夢,110,Grass,,,推倒,"Grass,Colorless",50,將對手的戰鬥寶可夢與備戰寶可夢互換。[由對手選擇放置於戰鬥場的寶可夢。],,,,,,Fire,,,2,4,normal,I,擴充包「超級交響樂」,M1S,nisimono,聞著從牠脖子周圍<br/>散發出的香辛料般的香味，<br/>就會莫名其妙地想要戰鬥。,菊草葉 → 月桂葉 → 大竺葵,,C+,10.00,Base:5.0|Meta:0.0|Exp:-1.0|Func:5.0|Syn:0.0|Eff:0.0|Dmg:1.0|Mod:1.00,切換效果,無
大竺葵,2階進化,14271,https://asia.pokemon-card.com/hk/card-img/hk00014271.png,寶可夢,160,Grass,繁茂,只要這隻寶可夢在場上，自己的所有寶可夢身上附加的「基本【草】能量」卡，視為各提供2個【草】能量。這個特性的效果不會重複。,日光束,"Grass,Grass,Colorless,Colorless",140,,,,,,,Fire,,,2,5,normal,I,擴充包「超級交響樂」,M1S,Yoriyuki Ikegami,只要待在大竺葵身邊，<br/>就會像是做了森林浴，<br/>神清氣爽心情好。,菊草葉 → 月桂葉 → 大竺葵,,B,11.00,Base:5.0|Meta:0.0|Exp:-1.0|Func:3.0|Syn:0.0|Eff:0.0|Dmg:4.0|Mod:1.00,能量操作,特性效果
壺壺,基礎,14272,https://asia.pokemon-card.com/hk/card-img/hk00014272.png,寶可夢,80,Grass,發酵果汁,若這隻寶可夢身上附有【草】能量卡，則在自己的回合時可使用1次。將自己的1隻寶可夢恢復「30」HP。,滾動,"Grass,Colorless",30,,,,,,,Fire,,,1,6,normal,I,擴充包「超級交響樂」,M1S,Shinya Komatsu,儲存在壺形甲殼裡的<br/> 樹果會在不知不覺間<br/> 變成黏糊糊的果汁。,壺壺,,C+,9.00,Base:5.0|Meta:0.0|Exp:-1.0|Func:4.0|Syn:0.0|Eff:0.0|Dmg:1.0|Mod:1.00,回復效果,無
壺壺,基礎,9516,https://asia.pokemon-card.com/hk/card-img/hk00009516.png,寶可夢,80,Grass,,,樹果香氣,Colorless,,從自己的牌庫選擇1張【基礎】寶可夢卡，放置於備戰區。並且重洗牌庫。,防守壓制,"Colorless,Colorless",30,在下個對手的回合，這隻寶可夢受到招式的傷害「-30」點。,,Fire,,,1,5,normal,G,擴充包「黯焰支配者」,SV3,Kurata So,儲存在壺形甲殼裡的樹果會在不知不覺間變成黏糊糊的果汁。,壺壺,,B,12.00,Base:5.0|Meta:0.0|Exp:2.0|Func:4.0|Syn:0.0|Eff:0.0|Dmg:1.0|Mod:1.00,"其他效果, 搜索效果",放置效果
土居忍士,基礎,14273,https://asia.pokemon-card.com/hk/card-img/hk00014273.png,寶可夢,50,Grass,,,抓,Colorless,20,,,,,,,Fire,,,1,7,normal,I,擴充包「超級交響樂」,M1S,Kuroimori,有時會在土裡生活<br/> １０年以上。會從樹木<br/> 的根部吸取營養。,土居忍士 → 脫殼忍者 → 鐵面忍者,,D,4.00,Base:5.0|Meta:0.0|Exp:-1.0|Func:0.0|Syn:0.0|Eff:0.0|Dmg:0.0|Mod:1.00,無,無
鐵面忍者,1階進化,14274,https://asia.pokemon-card.com/hk/card-img/hk00014274.png,寶可夢,80,Grass,脫殼,在自己的回合，從手牌使出這張卡並完成進化時，可使用1次。從自己的牌庫選擇1張「脫殼忍者」，放置於備戰區。並且重洗牌庫。,急速折返,"Grass,Colorless",90,將這隻寶可夢與備戰寶可夢互換。,,,,,,Fire,,,0,8,normal,I,擴充包「超級交響樂」,M1S,Apios,行動十分迅速的寶可夢。<br/> 說牠無論什麼攻擊都能避開也不誇張。<br/> 非常喜歡甘甜的樹液。,土居忍士 → 脫殼忍者 → 鐵面忍者,,A,17.00,Base:5.0|Meta:0.0|Exp:-1.0|Func:10.0|Syn:0.0|Eff:0.0|Dmg:3.0|Mod:1.00,"切換效果, 搜索效果","放置效果, 進化效果"
破破舵輪,基礎,14275,https://asia.pokemon-card.com/hk/card-img/hk00014275.png,寶可夢,120,Grass,,,大地能量,"Grass,Colorless",30+,若場上有自己的競技場卡，則增加50點傷害。,,,,,,Fire,,,2,9,normal,I,擴充包「超級交響樂」,M1S,Haru Akasaka,把錨拋到海裡，伏擊獵物。<br/> 會去捕捉巨大的吼鯨王，<br/> 吸取牠們的精氣。,破破舵輪,,C+,10.00,Base:5.0|Meta:0.0|Exp:-1.0|Func:0.0|Syn:4.0|Eff:0.0|Dmg:2.0|Mod:1.00,條件傷害,競技場效果
破破舵輪,基礎,10879,https://asia.pokemon-card.com/hk/card-img/hk00010879.png,寶可夢,130,Grass,,,迴轉攻擊,"Colorless,Colorless",30,,鋼鐵船錨,"Grass,Grass,Colorless",80+,若自己的備戰區有【鋼】寶可夢，則增加80點傷害。,,Fire,,,3,11,normal,H,擴充包「異度審判」,SV5M,Saya Tsuruta,在海底飄蕩的海藻吸收了沉船的零件後<br/>轉生而成的幽靈寶可夢。,破破舵輪,,B+,14.00,Base:5.0|Meta:0.0|Exp:2.0|Func:1.0|Syn:2.0|Eff:0.0|Dmg:4.0|Mod:1.00,條件傷害,無
破破舵輪,基礎,11930,https://asia.pokemon-card.com/hk/card-img/hk00011930.png,寶可夢,130,Grass,,,救援船錨,Colorless,,從自己的棄牌區選擇最多2張寶可夢卡，在給對手看過後加入手牌。,破壞船錨,"Grass,Colorless,Colorless",80,在造成傷害前，將對手的戰鬥寶可夢身上附加的「寶可夢道具」卡丟棄。,,Fire,,,3,4,normal,H,強化擴充包「樂園騰龍」,SV7a,Mori Yuu,在海底飄蕩的海藻<br/>吸收了沉船的零件後<br/>轉生而成的幽靈寶可夢。,破破舵輪,,B+,14.00,Base:5.0|Meta:0.0|Exp:3.0|Func:4.0|Syn:0.0|Eff:0.0|Dmg:2.0|Mod:1.00,"傷害效果, 搜索效果",丟棄效果
破破舵輪,基礎,12663,https://asia.pokemon-card.com/hk/card-img/hk00012663.png,寶可夢,130,Psychic,,,束縛,"Psychic,Colorless,Colorless",60,在下個對手的回合，受到這個招式的寶可夢無法撤退。,船錨粉碎,"Psychic,Psychic,Colorless,Colorless",130,,,Darkness,,Fighting,3,55,normal,H,雙ex初階牌組 Generations,SVM,Sanosuke Sakuma,在海底飄蕩的海藻<br/>吸收了沉船的零件後<br/>轉生而成的幽靈寶可夢。,破破舵輪,,B,13.00,Base:5.0|Meta:0.0|Exp:2.0|Func:2.0|Syn:0.0|Eff:0.0|Dmg:4.0|Mod:1.00,撤退封鎖,撤退效果
小獅獅,基礎,14276,https://asia.pokemon-card.com/hk/card-img/hk00014276.png,寶可夢,70,Fire,,,火焰,"Fire,Colorless",30,,,,,,,Water,,,2,10,normal,I,擴充包「超級交響樂」,M1S,Kurata So,年幼時雌性的火炎獅<br/>會教導自己如何狩獵，<br/>長大後就會離群索居。,小獅獅 → 火炎獅,,D,5.00,Base:5.0|Meta:0.0|Exp:-1.0|Func:0.0|Syn:0.0|Eff:0.0|Dmg:1.0|Mod:1.00,無,無
小獅獅,基礎,8603,https://asia.pokemon-card.com/hk/card-img/hk00008603.png,寶可夢,70,Fire,,,燒光,Colorless,,將場上的競技場卡丟棄。,火種,Fire,10,,,Water,,,1,14,normal,G,強化擴充包「三連音爆」,SV1a,Yuu Nishida,年幼時雌性的火炎獅會教導自己如何狩獵，<br/>長大後就會離群索居。,小獅獅 → 火炎獅,,C+,9.00,Base:5.0|Meta:0.0|Exp:2.0|Func:0.0|Syn:2.0|Eff:0.0|Dmg:0.0|Mod:1.00,無,競技場效果
火炎獅,1階進化,14277,https://asia.pokemon-card.com/hk/card-img/hk00014277.png,寶可夢,130,Fire,威嚇之牙,只要這隻寶可夢在戰鬥場上，對手的戰鬥寶可夢使用的招式的傷害「-30」點。,灼燒,"Fire,Colorless,Colorless",70,將對手的戰鬥寶可夢【灼傷】。,,,,,,Water,,,2,11,normal,I,擴充包「超級交響樂」,M1S,KEIICHIRO ITO,在戰鬥時，雄性的鬃毛<br/>會提升到攝氏２０００度。<br/>光是靠近都會造成重度灼傷。,小獅獅 → 火炎獅,,C,8.00,Base:5.0|Meta:0.0|Exp:-1.0|Func:2.0|Syn:0.0|Eff:0.0|Dmg:2.0|Mod:1.00,"其他效果, 簡單灼傷",無
火炎獅,1階進化,12634,https://asia.pokemon-card.com/hk/card-img/hk00012634.png,寶可夢,120,Fire,,,火之鬃,"Fire,Colorless",50,,爆焰衝撞,"Fire,Fire,Colorless",160,在下個自己的回合，這隻寶可夢無法使用招式。,,Water,,,2,26,normal,H,雙ex初階牌組 Generations,SVM,Takeshi Nakamura,在戰鬥時，雄性的鬃毛<br/>會提升到攝氏２０００度。<br/>光是靠近都會造成重度灼傷。,小獅獅 → 火炎獅,,B,12.00,Base:5.0|Meta:0.0|Exp:2.0|Func:0.0|Syn:0.0|Eff:0.0|Dmg:5.0|Mod:1.00,"使用限制, 招式鎖定",無
燒火蚣,基礎,14278,https://asia.pokemon-card.com/hk/card-img/hk00014278.png,寶可夢,80,Fire,,,衝撞,Fire,10,,烈焰,"Fire,Fire,Colorless",50,,,Water,,,2,12,normal,I,擴充包「超級交響樂」,M1S,GIDORA,會用滾燙的身體勒緊獵物，<br/> 等到烤得恰到好處之時，<br/> 就把牠們大口大口地吃掉。,燒火蚣 → 焚焰蚣,,D,5.00,Base:5.0|Meta:0.0|Exp:-1.0|Func:0.0|Syn:0.0|Eff:0.0|Dmg:1.0|Mod:1.00,無,無
燒火蚣,基礎,10807,https://asia.pokemon-card.com/hk/card-img/hk00010807.png,寶可夢,80,Fire,,,高溫奇襲,Fire,30,這隻寶可夢也受到10點傷害。,,,,,,Water,,,2,10,normal,H,擴充包「狂野之力」,SV5K,Yukiko Baba,靠儲存在體內的可燃氣體來發熱。熱度最高的是<br/>腹部的黃色部分。,燒火蚣 → 焚焰蚣,,C,8.00,Base:5.0|Meta:0.0|Exp:2.0|Func:0.0|Syn:0.0|Eff:0.0|Dmg:1.0|Mod:1.00,反噬傷害,無
焚焰蚣,1階進化,14279,https://asia.pokemon-card.com/hk/card-img/hk00014279.png,寶可夢,140,Fire,,,緊束粉碎,"Colorless,Colorless",50,擲2次硬幣，選擇與正面出現的次數相同數量的對手的戰鬥寶可夢身上附加的能量，將其丟棄。,高溫爬蟲,"Fire,Fire,Colorless,Colorless",140,,,Water,,,3,13,normal,I,擴充包「超級交響樂」,M1S,Shiburingaru,性情極具攻擊性。<br/> 危險的不只是牠燒燙的身體，<br/> 大大的獠牙也銳利無比。,燒火蚣 → 焚焰蚣,,B,13.00,Base:5.0|Meta:0.0|Exp:-1.0|Func:5.0|Syn:0.0|Eff:0.0|Dmg:4.0|Mod:1.00,"硬幣判定, 能量操作",丟棄效果
焚焰蚣,1階進化,10808,https://asia.pokemon-card.com/hk/card-img/hk00010808.png,寶可夢,140,Fire,,,灼熱,Fire,,將對手的戰鬥寶可夢【灼傷】。,焦黑吐息,"Fire,Fire",180,若對手的戰鬥寶可夢沒有【灼傷】，則這個招式失敗。,,Water,,,3,11,normal,H,擴充包「狂野之力」,SV5K,Krgc,發熱時的體溫大約有８００度。會像鞭子那樣彎曲身體，<br/>朝著敵人彈跳過去。,燒火蚣 → 焚焰蚣,,B+,16.00,Base:5.0|Meta:0.0|Exp:2.0|Func:2.0|Syn:2.0|Eff:0.0|Dmg:5.0|Mod:1.00,"條件失敗, 狀態施加, 簡單灼傷",無
焚焰蚣,1階進化,12092,https://asia.pokemon-card.com/hk/card-img/hk00012092.png,寶可夢,130,Fire,,,燃燒熱浪,Fire,130,自己的所有備戰寶可夢也各受到30點傷害。[在備戰區不計算弱點・抵抗力。],高溫爆破,"Colorless,Colorless,Colorless",80,,,Water,,,2,16,normal,H,擴充包「超電突圍」,SV8,Aliya Chen,發熱時的體溫大約有８００度。<br/>會像鞭子那樣彎曲身體，<br/>朝著敵人彈跳過去。,燒火蚣 → 焚焰蚣,,B,13.00,Base:5.0|Meta:0.0|Exp:3.0|Func:1.0|Syn:0.0|Eff:0.0|Dmg:4.0|Mod:1.00,連鎖傷害,無
古玉魚,基礎,14280,https://asia.pokemon-card.com/hk/card-img/hk00014280.png,寶可夢,110,Fire,,,燒灼大地,Fire,40,將場上的對手的競技場卡丟棄。有丟棄的情況下，在下個對手的回合，對手無法從手牌使出競技場卡。,,,,,,Water,,,1,14,normal,I,擴充包「超級交響樂」,M1S,Gemi,能操控３０００度的火焰。<br/>會熔化岩石和沙礫做成熔岩海，<br/>並在裡面悠閒自在地游泳。,古玉魚,,C+,9.00,Base:5.0|Meta:0.0|Exp:-1.0|Func:2.0|Syn:2.0|Eff:0.0|Dmg:1.0|Mod:1.00,無,"丟棄效果, 競技場效果"
古玉魚,基礎,9974,https://asia.pokemon-card.com/hk/card-img/hk00009974.png,寶可夢,110,Fire,,,閃焰到來,Fire,,從自己的棄牌區選擇最多2張「基本【火】能量」卡，附於自己的1隻寶可夢身上。,嫉妒業火,"Fire,Fire",50+,在上個對手的回合，若自己的寶可夢因招式的傷害而【昏厥】了，則增加90點傷害。,,Water,,,1,16,normal,G,擴充包「古代咆哮」,SV4K,Oswaldo KATO,能操控３０００度的火焰。會熔化岩石和沙礫做成熔岩海，<br/>並在裡面悠閒自在地游泳。,古玉魚,,B+,16.00,Base:5.0|Meta:0.0|Exp:2.0|Func:4.0|Syn:2.0|Eff:0.0|Dmg:3.0|Mod:1.00,"搜索效果, 昏厥條件, 條件傷害",無
古玉魚,基礎,11135,https://asia.pokemon-card.com/hk/card-img/hk00011135.png,寶可夢,110,Fire,,,吸引,Colorless,,從自己的牌庫抽出2張卡。,大地熔化,"Fire,Colorless",60+,若場上有競技場卡，則增加60點傷害。然後，將那張競技場卡丟棄。,,Water,,,1,18,normal,H,強化擴充包「緋紅薄霧」,SV5a,Oku,曾引起無數鬥爭的勾玉聚集了 嫉妒之情。這些嫉妒之情<br/> 纏繞了火焰，變成了寶可夢。,古玉魚,,A,17.00,Base:5.0|Meta:0.0|Exp:2.0|Func:3.0|Syn:4.0|Eff:0.0|Dmg:3.0|Mod:1.00,"抽卡效果, 搜索效果, 條件傷害",競技場效果
巨翅飛魚,基礎,14281,https://asia.pokemon-card.com/hk/card-img/hk00014281.png,寶可夢,110,Water,,,呼朋引伴,Colorless,,從自己的牌庫選擇最多2張【基礎】寶可夢卡，放置於備戰區。並且重洗牌庫。,攀瀑,"Water,Colorless",50,,,Lightning,,,1,15,normal,I,擴充包「超級交響樂」,M1S,Shimaris Yukichi,悠然地暢游在大海中。<br/> 就算有覬覦食物殘渣的鐵炮魚<br/> 吸附在自己身上也毫不在意。,巨翅飛魚,,C,7.00,Base:5.0|Meta:0.0|Exp:-1.0|Func:2.0|Syn:0.0|Eff:0.0|Dmg:1.0|Mod:1.00,搜索效果,放置效果
巨翅飛魚,基礎,11999,https://asia.pokemon-card.com/hk/card-img/hk00011999.png,寶可夢,110,Water,,,飛濺,Water,30,,水俯衝,"Water,Colorless",,對手的1隻寶可夢受到50點傷害。[在備戰區不計算弱點・抵抗力。],,Lightning,,,1,1,normal,H,ex特別組合 太晶屬性：星晶 仙子伊布ex,SVPN,satoma,游動時速度上來後，<br/>甚至會從波浪上飛起來，<br/>然後就這樣滑翔１００公尺。,巨翅飛魚,,B,11.00,Base:5.0|Meta:0.0|Exp:2.0|Func:3.0|Syn:0.0|Eff:0.0|Dmg:1.0|Mod:1.00,連鎖傷害,無
蓋歐卡,基礎,14282,https://asia.pokemon-card.com/hk/card-img/hk00014282.png,寶可夢,150,Water,,,逆流,Water,20×,在給對手看過自己的棄牌區的所有「基本【水】能量」卡後，造成其張數×20點傷害。然後，將給對手看過的能量卡放回牌庫並重洗。,漩渦波,"Water,Water,Colorless",130,選擇2個這隻寶可夢身上附加的能量，將其丟棄。,,Lightning,,,3,16,normal,I,擴充包「超級交響樂」,M1S,Nisota Niso,據說會用降下大雨的能力擴張海洋。<br/>一直沉睡在海溝的底部。,蓋歐卡,,A,18.00,Base:5.0|Meta:0.0|Exp:-1.0|Func:6.0|Syn:0.0|Eff:0.0|Dmg:8.0|Mod:1.00,"傷害效果, 情報收集, 棄牌區傷害加成, 能量回收, 能量操作",無
雪笠怪,基礎,14283,https://asia.pokemon-card.com/hk/card-img/hk00014283.png,寶可夢,90,Water,,,敲擊,Water,10,,雪花冰,"Water,Water",30,,,Metal,,,3,17,normal,I,擴充包「超級交響樂」,M1S,Pani Kobayashi,在寒冷的季節裡會<br/>移動到山腳下，一到春天就會<br/>返回積雪尚存的山頂。,雪笠怪 → 暴雪王 → 超級暴雪王ex,,D,5.00,Base:5.0|Meta:0.0|Exp:-1.0|Func:0.0|Syn:0.0|Eff:0.0|Dmg:1.0|Mod:1.00,無,無
超級暴雪王ex,1階進化,14284,https://asia.pokemon-card.com/hk/card-img/hk00014284.png,寶可夢,350,Water,,,山崩之錘,"Water,Water",100×,將自己的牌庫上方6張卡丟棄，造成其中「基本【水】能量」卡的張數×100點傷害。,冰霜屏障,"Water,Water,Water",200,在下個對手的回合，這隻寶可夢受到招式的傷害「-30」點。,,Metal,,,4,18,normal,I,擴充包「超級交響樂」,M1S,5ban Graphics,,雪笠怪 → 暴雪王 → 超級暴雪王ex,ex,B+,16.00,Base:5.0|Meta:0.0|Exp:-1.0|Func:4.0|Syn:0.0|Eff:0.0|Dmg:8.0|Mod:1.00,"傷害效果, 其他效果, 棄牌區傷害加成",無
鐵臂槍蝦,基礎,14285,https://asia.pokemon-card.com/hk/card-img/hk00014285.png,寶可夢,80,Water,,,飛濺,"Water,Water",50,,,,,,,Lightning,,,2,19,normal,I,擴充包「超級交響樂」,M1S,Tomokazu Komiya,在右臂的鉗子裡讓<br/>氣體爆炸來發射出水。<br/>會狙擊飛在空中的寶可夢。,鐵臂槍蝦 → 鋼炮臂蝦,,D,5.00,Base:5.0|Meta:0.0|Exp:-1.0|Func:0.0|Syn:0.0|Eff:0.0|Dmg:1.0|Mod:1.00,無,無
鋼炮臂蝦,1階進化,14286,https://asia.pokemon-card.com/hk/card-img/hk00014286.png,寶可夢,130,Water,返回重載,在自己的回合，這隻寶可夢從戰鬥場回到備戰區時，可使用1次。從自己的手牌選擇最多2張「基本【水】能量」卡，附於這隻寶可夢身上。,水之發射器,"Water,Water,Water",210,將這隻寶可夢身上附加的能量卡全部丟棄。,,,,,,Lightning,,,2,20,normal,I,擴充包「超級交響樂」,M1S,Anesaki Dynamic,會利用體內氣體的力量<br/>從鉗子後部噴出水，使牠<br/>能夠以６０節的速度游泳。,鐵臂槍蝦 → 鋼炮臂蝦,,B+,16.00,Base:5.0|Meta:0.0|Exp:-1.0|Func:4.0|Syn:2.0|Eff:0.0|Dmg:6.0|Mod:1.00,"能量操作, 能量附著",無
鋼炮臂蝦,1階進化,8392,https://asia.pokemon-card.com/hk/card-img/hk00008392.png,寶可夢,120,Water,,,水槍,"Water,Colorless",50,,水流加農炮,"Water,Water,Colorless",160,在下個自己的回合，這隻寶可夢無法使用招式。,,Lightning,,,2,22,normal,G,擴充包「紫ex」,SV1V,Souichirou Gunjima,從牠的鉗子發射出的海水砲彈，威力大到<br/>足以貫穿油輪的船體。,鐵臂槍蝦 → 鋼炮臂蝦,,B,12.00,Base:5.0|Meta:0.0|Exp:2.0|Func:0.0|Syn:0.0|Eff:0.0|Dmg:5.0|Mod:1.00,"使用限制, 招式鎖定",無
淚眼蜥,基礎,14287,https://asia.pokemon-card.com/hk/card-img/hk00014287.png,寶可夢,70,Water,,,偷襲,Water,30,擲1次硬幣若為反面，則這個招式失敗。,,,,,,Lightning,,,1,21,normal,I,擴充包「超級交響樂」,M1S,Taira Akitsu,會利用口中噴出的<br/>水彈擊落樹果來吃。<br/>彈無虛發，百發百中。,淚眼蜥 → 變澀蜥 → 千面避役,,C,7.00,Base:5.0|Meta:0.0|Exp:-1.0|Func:0.0|Syn:2.0|Eff:0.0|Dmg:1.0|Mod:1.00,"條件失敗, 硬幣判定",無
變澀蜥,1階進化,14288,https://asia.pokemon-card.com/hk/card-img/hk00014288.png,寶可夢,100,Water,,,二連撞,Water,30×,擲2次硬幣，造成正面出現的次數×30點傷害。,,,,,,Lightning,,,1,22,normal,I,擴充包「超級交響樂」,M1S,Souichirou Gunjima,會用迅雷不及掩耳的速度<br/>伸出滿是黏液的長舌頭，<br/>漂亮地給予獵物致命一擊。,淚眼蜥 → 變澀蜥 → 千面避役,,C,7.00,Base:5.0|Meta:0.0|Exp:-1.0|Func:0.0|Syn:0.0|Eff:0.0|Dmg:3.0|Mod:1.00,"傷害效果, 硬幣判定",無
千面避役,2階進化,14289,https://asia.pokemon-card.com/hk/card-img/hk00014289.png,寶可夢,150,Water,,,擊斃,Water,,從雙方的場上寶可夢（這隻寶可夢除外）中選擇1隻剩餘HP最少的寶可夢，將其【昏厥】。,水射擊,Water,110,選擇1個這隻寶可夢身上附加的能量，將其丟棄。,,Lightning,,,1,23,normal,I,擴充包「超級交響樂」,M1S,akagi,會用眼睛的特殊晶狀體<br/>感知對手的體溫等情報，<br/>並在看穿要害後進行攻擊。,淚眼蜥 → 變澀蜥 → 千面避役,,B,13.00,Base:5.0|Meta:0.0|Exp:-1.0|Func:4.0|Syn:2.0|Eff:0.0|Dmg:3.0|Mod:1.00,"其他效果, 能量操作",無
雪吞蟲,基礎,14290,https://asia.pokemon-card.com/hk/card-img/hk00014290.png,寶可夢,50,Water,,,躲藏,Water,,擲1次硬幣若為正面，則在下個對手的回合，這隻寶可夢不會受到招式的傷害與效果的影響。,,,,,,Metal,,,1,24,normal,I,擴充包「超級交響樂」,M1S,Kagemaru Himeno,地面的積雪是牠的主食。<br/>對新下的鬆軟白雪情有獨鍾，<br/>會朝著山頂一路吃過去。,雪吞蟲 → 雪絨蛾,,C,8.00,Base:5.0|Meta:0.0|Exp:-1.0|Func:2.0|Syn:2.0|Eff:0.0|Dmg:0.0|Mod:1.00,"傷害防禦, 效果免疫, 硬幣判定",無
雪吞蟲,基礎,10816,https://asia.pokemon-card.com/hk/card-img/hk00010816.png,寶可夢,50,Water,,,細雪,Water,10,將對手的戰鬥寶可夢【睡眠】。,,,,,,Metal,,,2,19,normal,H,擴充包「狂野之力」,SV5K,Orca,地面的積雪是牠的主食。對新下的鬆軟白雪情有獨鍾，<br/>會朝著山頂一路吃過去。,雪吞蟲 → 雪絨蛾,,C+,9.00,Base:5.0|Meta:0.0|Exp:2.0|Func:2.0|Syn:0.0|Eff:0.0|Dmg:0.0|Mod:1.00,狀態異常,無
雪絨蛾,1階進化,14291,https://asia.pokemon-card.com/hk/card-img/hk00014291.png,寶可夢,110,Water,,,冰凍羽擊,Water,,對手的所有寶可夢各受到20點傷害。將對手的戰鬥寶可夢【睡眠】。[在備戰區不計算弱點・抵抗力。],,,,,,Metal,,,2,25,normal,I,擴充包「超級交響樂」,M1S,miki kudo,觸角能用來察覺大氣的<br/>流動。會如同降雪般地<br/>灑下混進了寒氣的鱗粉。,雪吞蟲 → 雪絨蛾,,C,7.00,Base:5.0|Meta:0.0|Exp:-1.0|Func:3.0|Syn:0.0|Eff:0.0|Dmg:0.0|Mod:1.00,"狀態異常, 連鎖傷害",無
雪絨蛾,1階進化,10817,https://asia.pokemon-card.com/hk/card-img/hk00010817.png,寶可夢,110,Water,,,冰冷寒氣,"Water,Water",100,在下個對手的回合，受到這個招式的寶可夢無法使用招式。,,,,,,Metal,,,2,20,normal,H,擴充包「狂野之力」,SV5K,rika,觸角能用來察覺大氣的流動。會如同降雪般地<br/>灑下混進了寒氣的鱗粉。,雪吞蟲 → 雪絨蛾,,B,12.00,Base:5.0|Meta:0.0|Exp:2.0|Func:2.0|Syn:0.0|Eff:0.0|Dmg:3.0|Mod:1.00,招式鎖定,無
冰砌鵝,基礎,14292,https://asia.pokemon-card.com/hk/card-img/hk00014292.png,寶可夢,110,Water,,,嚴寒頭錘,Colorless,20,擲1次硬幣若為正面，則將對手的戰鬥寶可夢【麻痺】。,撞擊,"Water,Colorless,Colorless",90,,,Metal,,,1,26,normal,I,擴充包「超級交響樂」,M1S,Akira Komayama,在氣溫高的日子裡，會把<br/>頭的冰塊和夥伴們的緊貼<br/>在一起，冰鎮彼此來度日。,冰砌鵝,,B,11.00,Base:5.0|Meta:0.0|Exp:-1.0|Func:2.0|Syn:2.0|Eff:0.0|Dmg:3.0|Mod:1.00,"狀態異常, 硬幣判定",無
冰砌鵝,基礎,8681,https://asia.pokemon-card.com/hk/card-img/hk00008681.png,寶可夢,110,Water,,,頭錘,Water,20,,冰之障礙,"Water,Water,Water",100,將這隻寶可夢身上附加的能量卡全部丟棄。在下個對手的回合，這隻寶可夢受到招式的傷害「-100」點。,,Metal,,,1,19,normal,G,擴充包「冰雪險境」,SV2P,kawayoo,在氣溫高的日子裡，會把頭的冰塊和夥伴們的緊貼<br/>在一起，冰鎮彼此來度日。,冰砌鵝,,A,17.00,Base:5.0|Meta:0.0|Exp:2.0|Func:5.0|Syn:2.0|Eff:0.0|Dmg:3.0|Mod:1.00,"能量操作, 高額傷害減免",丟棄效果
小磁怪,基礎,14293,https://asia.pokemon-card.com/hk/card-img/hk00014293.png,寶可夢,70,Lightning,,,光束,Lightning,10,,,,,,,Fighting,,,1,27,normal,I,擴充包「超級交響樂」,M1S,Krgc,從左右兩邊的組件<br/>發出的電磁波能阻礙重力，<br/>使牠浮在空中。,小磁怪 → 三合一磁怪 → 自爆磁怪 → 自爆磁怪ex,,D,4.00,Base:5.0|Meta:0.0|Exp:-1.0|Func:0.0|Syn:0.0|Eff:0.0|Dmg:0.0|Mod:1.00,無,無
小磁怪,基礎,8396,https://asia.pokemon-card.com/hk/card-img/hk00008396.png,寶可夢,60,Lightning,,,反抗,Colorless,,將這隻寶可夢與備戰寶可夢互換。,電球,Lightning,10,,,Fighting,,,1,26,normal,G,擴充包「紫ex」,SV1V,KIYOTAKA OSHIYAMA,會浮在空中移動，從左右兩邊的組件發射<br/>電磁波之類的東西。,小磁怪 → 三合一磁怪 → 自爆磁怪 → 自爆磁怪ex,,C+,10.00,Base:5.0|Meta:0.0|Exp:2.0|Func:3.0|Syn:0.0|Eff:0.0|Dmg:0.0|Mod:1.00,切換效果,無
小磁怪,基礎,8834,https://asia.pokemon-card.com/hk/card-img/hk00008834.png,寶可夢,50,Lightning,,,磁力蓄電,Colorless,,從自己的棄牌區選擇最多2張「基本【雷】能量」卡，附於1隻備戰寶可夢身上。,高速球,"Lightning,Colorless",20,,,Fighting,,,1,2,normal,G,起始組合ex 皮卡丘特別組合,SVC,ryoma uratsuka,從左右兩邊的組件發出的電磁波能阻礙重力，使牠浮在空中。,小磁怪 → 三合一磁怪 → 自爆磁怪 → 自爆磁怪ex,,C+,10.00,Base:5.0|Meta:0.0|Exp:2.0|Func:3.0|Syn:0.0|Eff:0.0|Dmg:0.0|Mod:1.00,搜索效果,無
三合一磁怪,1階進化,14294,https://asia.pokemon-card.com/hk/card-img/hk00014294.png,寶可夢,90,Lightning,,,電擊,Lightning,30,擲1次硬幣若為正面，則將對手的戰鬥寶可夢【麻痺】。,,,,,,Fighting,,,2,28,normal,I,擴充包「超級交響樂」,M1S,Saboteri,３隻小磁怪因著強烈的<br/>磁力而結合。只要靠近牠<br/>就會發生強烈的耳鳴。,小磁怪 → 三合一磁怪 → 自爆磁怪 → 自爆磁怪ex,,C+,9.00,Base:5.0|Meta:0.0|Exp:-1.0|Func:2.0|Syn:2.0|Eff:0.0|Dmg:1.0|Mod:1.00,"狀態異常, 硬幣判定",無
三合一磁怪,1階進化,12798,https://asia.pokemon-card.com/hk/card-img/hk00012798.png,寶可夢,100,Lightning,‌‌‌過度放電,在自己的回合時可使用1次，若使用，則將這隻寶可夢【昏厥】。從自己的棄牌區選擇最多3張基本能量卡，以任意方式附於自己的【雷】寶可夢身上。,雷電球,"Lightning,Colorless",40,,,,,,,Fighting,,,1,191,promo,H,特典卡 朱&紫,SV,Shinya Mizuno,據說太陽黑子多的時候，<br/>這類連結在一起的小磁怪<br/>會大量出現。,小磁怪 → 三合一磁怪 → 自爆磁怪 → 自爆磁怪ex,,C+,10.00,Base:5.0|Meta:0.0|Exp:2.0|Func:2.0|Syn:0.0|Eff:0.0|Dmg:1.0|Mod:1.00,"搜索效果, 昏厥條件",無
三合一磁怪,1階進化,8948,https://asia.pokemon-card.com/hk/card-img/hk00008948.png,寶可夢,90,Lightning,,,廢品磁鐵,Lightning,,從自己的棄牌區選擇最多2張物品卡，在給對手看過後加入手牌。,伏特頭擊,"Lightning,Colorless,Colorless",60,,,Fighting,,,2,82,normal,G,強化擴充包「寶可夢卡牌151」,SV2a,Yuka Morii,３隻小磁怪因著強烈的磁力而結合。只要靠近牠<br/>就會發生強烈的耳鳴。,小磁怪 → 三合一磁怪 → 自爆磁怪 → 自爆磁怪ex,,B,12.00,Base:5.0|Meta:0.0|Exp:2.0|Func:3.0|Syn:0.0|Eff:0.0|Dmg:2.0|Mod:1.00,搜索效果,無
自爆磁怪,2階進化,14295,https://asia.pokemon-card.com/hk/card-img/hk00014295.png,寶可夢,160,Lightning,,,衝天電光,Lightning,50+,在這個回合，若這隻寶可夢從「三合一磁怪」進化，則增加120點傷害。,閃光伏特,"Lightning,Lightning",160,在下個自己的回合，這隻寶可夢無法使用「閃光伏特」。,,Fighting,,,3,29,normal,I,擴充包「超級交響樂」,M1S,nagimiso,據說會一邊發送怪異電波<br/>一邊在空中四處飛行，<br/>接收未知的電波。,小磁怪 → 三合一磁怪 → 自爆磁怪 → 自爆磁怪ex,,B+,14.00,Base:5.0|Meta:0.0|Exp:-1.0|Func:3.0|Syn:2.0|Eff:0.0|Dmg:5.0|Mod:1.00,"招式鎖定, 條件傷害, 進化支援",無
自爆磁怪,2階進化,12112,https://asia.pokemon-card.com/hk/card-img/hk00012112.png,寶可夢,170,Lightning,,,強勁磁場,"Lightning,Colorless,Colorless",80,將對手的戰鬥寶可夢【混亂】。在下個對手的回合，受到這個招式的寶可夢無法撤退。,電磁炮,"Lightning,Colorless,Colorless,Colorless",180,在下個自己的回合，這隻寶可夢無法使用「電磁炮」。,,Fighting,,,3,36,normal,H,擴充包「超電突圍」,SV8,Po-Suzuki,在特殊磁場的影響下，<br/>三合一磁怪的分子構造受到重組，<br/>從而進化成了自爆磁怪。,小磁怪 → 三合一磁怪 → 自爆磁怪 → 自爆磁怪ex,,B+,15.00,Base:5.0|Meta:0.0|Exp:3.0|Func:2.0|Syn:0.0|Eff:0.0|Dmg:5.0|Mod:1.00,"招式鎖定, 撤退封鎖, 狀態異常",撤退效果
自爆磁怪,2階進化,9260,https://asia.pokemon-card.com/hk/card-img/hk00009260.png,寶可夢,170,Lightning,,,磁力抵制,Lightning,50,若希望，將對手的戰鬥寶可夢與備戰寶可夢互換。[由對手選擇放置於戰鬥場的寶可夢。],打雷,"Lightning,Colorless,Colorless",180,這隻寶可夢也受到30點傷害。,,Fighting,,,2,38,normal,G,ex初階牌組,SVD,Anesaki Dynamic,據說會一邊發送怪異電波一邊在空中四處飛行，<br/>接收未知的電波。,小磁怪 → 三合一磁怪 → 自爆磁怪 → 自爆磁怪ex,,A,19.00,Base:5.0|Meta:0.0|Exp:2.0|Func:5.0|Syn:2.0|Eff:0.0|Dmg:5.0|Mod:1.00,"切換效果, 反噬傷害",無
雷公,基礎,14296,https://asia.pokemon-card.com/hk/card-img/hk00014296.png,寶可夢,120,Lightning,,,電氣墜落,"Lightning,Lightning",30+,若自己的場上的【雷】能量有4個以上，則增加90點傷害。,,,,,,Fighting,,,1,30,normal,I,擴充包「超級交響樂」,M1S,Takumi Wada,會一邊以雷擊的形式釋放<br/>體內激盪的力量，一邊在大地上<br/>四處奔馳的兇猛寶可夢。,雷公,,B,12.00,Base:5.0|Meta:0.0|Exp:-1.0|Func:2.0|Syn:4.0|Eff:0.0|Dmg:2.0|Mod:1.00,條件傷害,無
落雷獸,基礎,14297,https://asia.pokemon-card.com/hk/card-img/hk00014297.png,寶可夢,70,Lightning,,,電流攻擊,Lightning,30,這隻寶可夢也受到10點傷害。,,,,,,Fighting,,,1,31,normal,I,擴充包「超級交響樂」,M1S,Naoki Saito,會在體毛中儲存靜電。<br/> 在空氣乾燥的季節<br/> 會從全身散發出火花。,落雷獸 → 雷電獸 → 超級雷電獸ex,,D,5.00,Base:5.0|Meta:0.0|Exp:-1.0|Func:0.0|Syn:0.0|Eff:0.0|Dmg:1.0|Mod:1.00,反噬傷害,無
落雷獸,基礎,13238,https://asia.pokemon-card.com/hk/card-img/hk00013238.png,寶可夢,60,Lightning,,,後踢,Colorless,10,,小伏特,"Lightning,Colorless",30,,,Fighting,,,1,37,normal,I,強化擴充包「熱風競技場」,SV9a,Narano,會在體毛中儲存靜電。<br/>在空氣乾燥的季節<br/>會從全身散發出火花。,落雷獸 → 雷電獸,,C+,9.00,Base:5.0|Meta:0.0|Exp:3.0|Func:0.0|Syn:0.0|Eff:0.0|Dmg:1.0|Mod:1.00,無,無
超級雷電獸ex,1階進化,14298,https://asia.pokemon-card.com/hk/card-img/hk00014298.png,寶可夢,330,Lightning,,,閃光射線,"Lightning,Lightning",120,在下個對手的回合，這隻寶可夢不會受到【基礎】寶可夢招式的傷害。,狂暴噴射,"Lightning,Lightning,Lightning",200+,若希望，將這隻寶可夢身上附加的能量卡全部丟棄，增加130點傷害。,,Fighting,,,0,32,normal,I,擴充包「超級交響樂」,M1S,5ban Graphics,,落雷獸 → 雷電獸 → 超級雷電獸ex,ex,A,19.00,Base:5.0|Meta:0.0|Exp:-1.0|Func:5.0|Syn:4.0|Eff:0.0|Dmg:6.0|Mod:1.00,"傷害防禦, 效果免疫, 條件傷害, 能量操作",無
帕奇利茲,基礎,14299,https://asia.pokemon-card.com/hk/card-img/hk00014299.png,寶可夢,70,Lightning,,,麻痺門牙,Lightning,10,在下個對手的回合，每次對手從手牌將能量卡附於受到這個招式的寶可夢身上時，在那隻寶可夢身上放置8個傷害指示物。,,,,,,Fighting,,,1,33,normal,I,擴充包「超級交響樂」,M1S,tono,雙頰上有電囊的寶可夢<br/>的一員。儲存的電力<br/>會從尾巴釋放出去。,帕奇利茲,,C,8.00,Base:5.0|Meta:0.0|Exp:-1.0|Func:4.0|Syn:0.0|Eff:0.0|Dmg:0.0|Mod:1.00,傷害指示物,無
帕奇利茲,基礎,8399,https://asia.pokemon-card.com/hk/card-img/hk00008399.png,寶可夢,70,Lightning,電氣袋,這隻寶可夢不會【麻痺】。,一同放電,"Lightning,Colorless",10+,增加自己的備戰區的【雷】寶可夢的數量×20點傷害。這個招式的傷害不計算弱點。,,,,,,Fighting,,,1,29,normal,G,擴充包「紫ex」,SV1V,Naoki Saito,有時候可以見到為了將儲存的電力分給同伴<br/>而互相摩擦頰囊的帕奇利茲。,帕奇利茲,,C+,10.00,Base:5.0|Meta:0.0|Exp:2.0|Func:1.0|Syn:0.0|Eff:0.0|Dmg:2.0|Mod:1.00,"備戰傷害加成, 無視弱點/效果, 狀態異常",無
帕奇利茲,基礎,13806,https://asia.pokemon-card.com/hk/card-img/hk00013806.png,寶可夢,70,Lightning,,,啪滋啪滋充電,Colorless,,‌擲3次硬幣，從自己的棄牌區選擇最多與正面出現的次數相同數量的「基本【雷】能量」卡，以任意方式附於備戰寶可夢身上。,小伏特,"Lightning,Colorless",30,,,Fighting,,,1,6,normal,H,ex初階牌組 皮卡丘,SVQP,Yuya Oka,有時候可以見到<br/>為了將儲存的電力分給同伴<br/>而互相摩擦頰囊的帕奇利茲。,帕奇利茲,,B,11.00,Base:5.0|Meta:0.0|Exp:2.0|Func:3.0|Syn:0.0|Eff:0.0|Dmg:1.0|Mod:1.00,"搜索效果, 硬幣判定",無
傘電蜥,基礎,14300,https://asia.pokemon-card.com/hk/card-img/hk00014300.png,寶可夢,70,Lightning,,,雙重抓,Colorless,10×,擲2次硬幣，造成正面出現的次數×10點傷害。,,,,,,Fighting,,,1,34,normal,I,擴充包「超級交響樂」,M1S,Yuka Morii,擁有太陽能發電的結構。<br/> 如果有人打擾牠發電，<br/> 牠就會因心理壓力而衰弱。,傘電蜥 → 光電傘蜥,,D,5.00,Base:5.0|Meta:0.0|Exp:-1.0|Func:0.0|Syn:0.0|Eff:0.0|Dmg:1.0|Mod:1.00,"傷害效果, 硬幣判定",無
傘電蜥,基礎,11145,https://asia.pokemon-card.com/hk/card-img/hk00011145.png,寶可夢,60,Lightning,,,呼喚,Colorless,,從自己的牌庫抽出1張卡。,劈哩啪啦,Lightning,10,,,Fighting,,,1,28,normal,H,強化擴充包「緋紅薄霧」,SV5a,Taiga Kayama,當牠張開頭部的褶邊用太陽光發電，就能使出<br/>威力強大的電屬性招式。,傘電蜥 → 光電傘蜥,,C+,10.00,Base:5.0|Meta:0.0|Exp:2.0|Func:3.0|Syn:0.0|Eff:0.0|Dmg:0.0|Mod:1.00,"抽卡效果, 搜索效果",無
傘電蜥,基礎,12164,https://asia.pokemon-card.com/hk/card-img/hk00012164.png,寶可夢,70,Colorless,,,小伏特,Colorless,10,,突擊,"Colorless,Colorless,Colorless",40,這隻寶可夢也受到10點傷害。,,Fighting,,,1,88,normal,H,擴充包「超電突圍」,SV8,miki kudo,當牠張開頭部的褶邊<br/>用太陽光發電，就能使出<br/>威力強大的電屬性招式。,傘電蜥 → 光電傘蜥,,C+,9.00,Base:5.0|Meta:0.0|Exp:3.0|Func:0.0|Syn:0.0|Eff:0.0|Dmg:1.0|Mod:1.00,反噬傷害,無
光電傘蜥,1階進化,14301,https://asia.pokemon-card.com/hk/card-img/hk00014301.png,寶可夢,120,Lightning,,,閃光彈,Colorless,20,將對手的戰鬥寶可夢【混亂】。,伏特頭擊,"Lightning,Colorless",70,,,Fighting,,,1,35,normal,I,擴充包「超級交響樂」,M1S,Nakamura Ippan,如果展開頸傘沐浴陽光，<br/> 單憑１隻光電傘蜥就能<br/> 製造出大城市所需的電力。,傘電蜥 → 光電傘蜥,,C,8.00,Base:5.0|Meta:0.0|Exp:-1.0|Func:2.0|Syn:0.0|Eff:0.0|Dmg:2.0|Mod:1.00,狀態異常,無
光電傘蜥,1階進化,11146,https://asia.pokemon-card.com/hk/card-img/hk00011146.png,寶可夢,100,Lightning,,,瘋狂伏特,Lightning,70,這隻寶可夢也受到20點傷害。,,,,,,Fighting,,,1,29,normal,H,強化擴充包「緋紅薄霧」,SV5a,Atsuya Uki,在如今已滅亡的沙漠之國曾經是人們珍視的對象。<br/>和財寶一起來到了伽勒爾地區。,傘電蜥 → 光電傘蜥,,C+,9.00,Base:5.0|Meta:0.0|Exp:2.0|Func:0.0|Syn:0.0|Eff:0.0|Dmg:2.0|Mod:1.00,反噬傷害,無
光電傘蜥,1階進化,12165,https://asia.pokemon-card.com/hk/card-img/hk00012165.png,寶可夢,110,Colorless,,,拋物面充電,Colorless,,從自己的牌庫選擇最多4張能量卡，在給對手看過後加入手牌。並且重洗牌庫。,電氣猛擊,"Colorless,Colorless,Colorless",80,,,Fighting,,,1,89,normal,H,擴充包「超電突圍」,SV8,Ryota Murayama,如果展開頸傘沐浴陽光，<br/> 單憑１隻光電傘蜥就能<br/> 製造出大城市所需的電力。,傘電蜥 → 光電傘蜥,,B+,16.00,Base:5.0|Meta:0.0|Exp:3.0|Func:6.0|Syn:0.0|Eff:0.0|Dmg:2.0|Mod:1.00,"抽卡效果, 搜索效果",無
勇基拉,1階進化,14303,https://asia.pokemon-card.com/hk/card-img/hk00014303.png,寶可夢,80,Psychic,精神抽出,在自己的回合，從手牌使出這張卡並完成進化時，可使用1次。從自己的牌庫抽出2張卡。,超念力,Psychic,30,,,,,,,Darkness,,Fighting,1,37,normal,I,擴充包「超級交響樂」,M1S,Saboteri,念力的威力大得驚人。<br/>會把精神力量儲存在額頭<br/>的星星裡，以備進化所需。,凱西 → 勇基拉 → 胡地 → 胡地ex,,B+,15.00,Base:5.0|Meta:0.0|Exp:-1.0|Func:10.0|Syn:0.0|Eff:0.0|Dmg:1.0|Mod:1.00,"抽卡效果, 搜索效果",進化效果
勇基拉,1階進化,8930,https://asia.pokemon-card.com/hk/card-img/hk00008930.png,寶可夢,80,Psychic,,,瞬間移動攻擊,Psychic,30,將這隻寶可夢與備戰寶可夢互換。,,,,,,Darkness,,Fighting,1,64,normal,G,強化擴充包「寶可夢卡牌151」,SV2a,Mitsuhiro Arita,念力的威力大得驚人。會把精神力量儲存在額頭<br/>的星星裡，以備進化所需。,凱西 → 勇基拉 → 胡地 → 胡地ex,,B,11.00,Base:5.0|Meta:0.0|Exp:2.0|Func:3.0|Syn:0.0|Eff:0.0|Dmg:1.0|Mod:1.00,切換效果,無
勇基拉,1階進化,11332,https://asia.pokemon-card.com/hk/card-img/hk00011332.png,寶可夢,80,Psychic,,,精神強念,Psychic,10+,增加對手的戰鬥寶可夢身上附加的能量的數量×30點傷害。,,,,,,Darkness,,Fighting,1,48,normal,H,擴充包「變幻假面」,SV6,Uninori,會用精神力量浮在空中睡覺。<br/> 牠還會把彈力十足的尾巴<br/> 當成枕頭用喔。,凱西 → 勇基拉 → 胡地 → 胡地ex,,B+,15.00,Base:5.0|Meta:0.0|Exp:3.0|Func:5.0|Syn:0.0|Eff:0.0|Dmg:2.0|Mod:1.00,"備戰傷害加成, 能量操作",無
胡地,2階進化,14304,https://asia.pokemon-card.com/hk/card-img/hk00014304.png,寶可夢,140,Psychic,精神抽出,在自己的回合，從手牌使出這張卡並完成進化時，可使用1次。從自己的牌庫抽出3張卡。,手之力量,Psychic,,將與自己的手牌的張數×2個的相同數量的傷害指示物，放置於對手的戰鬥寶可夢身上。,,,,,,Darkness,,Fighting,1,38,normal,I,擴充包「超級交響樂」,M1S,Bun Toujo,能操控強大的超能力。<br/>雙手中的湯匙據說就是<br/>用牠的力量創造出來的。,凱西 → 勇基拉 → 胡地 → 胡地ex,,B+,14.00,Base:5.0|Meta:0.0|Exp:-1.0|Func:10.0|Syn:0.0|Eff:0.0|Dmg:0.0|Mod:1.00,"傷害指示物, 抽卡效果, 搜索效果, 棄牌區傷害加成",進化效果
胡地,2階進化,11333,https://asia.pokemon-card.com/hk/card-img/hk00011333.png,寶可夢,140,Psychic,,,奇異駭入,Psychic,,將對手的戰鬥寶可夢【混亂】。選擇任意數量的對手的場上寶可夢身上放置的傷害指示物，以任意方式改放於對手的場上寶可夢身上。,精神強念,Psychic,10+,增加對手的戰鬥寶可夢身上附加的能量的數量×50點傷害。,,Darkness,,Fighting,1,49,normal,H,擴充包「變幻假面」,SV6,Masako Tomii,擁有非常高的智商。<br/> 據說牠能記住從出生到死<br/> 一輩子發生過的所有事情。,凱西 → 勇基拉 → 胡地 → 胡地ex,,A,17.00,Base:5.0|Meta:0.0|Exp:3.0|Func:5.0|Syn:2.0|Eff:0.0|Dmg:2.0|Mod:1.00,"備戰傷害加成, 傷害指示物, 狀態異常, 能量操作",放置效果
迷唇姐,基礎,14305,https://asia.pokemon-card.com/hk/card-img/hk00014305.png,寶可夢,110,Psychic,,,精神強念,"Psychic,Psychic",30+,增加對手的戰鬥寶可夢身上附加的能量的數量×30點傷害。,,,,,,Darkness,,Fighting,1,39,normal,I,擴充包「超級交響樂」,M1S,Minahamu,奇異的叫聲聽起來就像是<br/>人類的語言。也有些音樂家<br/>會創作讓迷唇姐唱的曲子。,迷唇姐,,B,11.00,Base:5.0|Meta:0.0|Exp:-1.0|Func:5.0|Syn:0.0|Eff:0.0|Dmg:2.0|Mod:1.00,"備戰傷害加成, 能量操作",無
迷唇姐,基礎,11312,https://asia.pokemon-card.com/hk/card-img/hk00011312.png,寶可夢,90,Water,,,邀請之吻,Colorless,,從自己的牌庫選擇1張【基礎】寶可夢卡，放置於備戰區。並且重洗牌庫。然後，選擇1個這隻寶可夢身上附加的能量，改附於新上場的寶可夢身上。,雪花冰,Water,30,,,Metal,,,1,28,normal,H,擴充包「變幻假面」,SV6,Gapao,在伽勒爾的某個地區，<br/> 人們稱迷唇姐為冰之女王，<br/> 並且敬畏崇拜牠。,迷唇姐,,B+,16.00,Base:5.0|Meta:0.0|Exp:3.0|Func:7.0|Syn:0.0|Eff:0.0|Dmg:1.0|Mod:1.00,"搜索效果, 能量操作",放置效果
超級沙奈朵ex,2階進化,14308,https://asia.pokemon-card.com/hk/card-img/hk00014308.png,寶可夢,360,Psychic,,,盈溢祈願,Psychic,,從牌庫附給自己的所有備戰寶可夢各1張「基本【超】能量」卡。並且重洗牌庫。,超級交響樂,Psychic,50×,造成自己的所有寶可夢身上附加的【超】能量的數量×50點傷害。,,Darkness,,Fighting,2,42,normal,I,擴充包「超級交響樂」,M1S,takuyoa,,拉魯拉絲 → 奇魯莉安 → 沙奈朵ex → 沙奈朵 → 艾路雷朵 → 沙奈朵GX → 超級沙奈朵ex,ex,A,17.00,Base:5.0|Meta:0.0|Exp:-1.0|Func:5.0|Syn:0.0|Eff:0.0|Dmg:8.0|Mod:1.00,"備戰傷害加成, 傷害效果, 搜索效果, 能量操作",無
脫殼忍者,1階進化,14309,https://asia.pokemon-card.com/hk/card-img/hk00014309.png,寶可夢,60,Psychic,脆弱蛻殼,這隻寶可夢就算受到對手的「寶可夢【ex】」招式的傷害而【昏厥】，對手也無法獲得獎賞卡。,傷害律動,Psychic,20×,造成對手的戰鬥寶可夢身上放置的傷害指示物的數量×20點傷害。,,,,,,Darkness,,Fighting,0,43,normal,I,擴充包「超級交響樂」,M1S,IKEDA Saki,不拍動翅膀也能四處飛行。<br/> 身體裡面空空的，是一種<br/> 不呼吸的奇妙寶可夢。,土居忍士 → 脫殼忍者 → 鐵面忍者,,C,7.00,Base:5.0|Meta:0.0|Exp:-1.0|Func:2.0|Syn:0.0|Eff:0.0|Dmg:1.0|Mod:1.00,"備戰傷害加成, 傷害指示物, 傷害效果, 獎賞控制",無
跳跳豬,基礎,14310,https://asia.pokemon-card.com/hk/card-img/hk00014310.png,寶可夢,70,Psychic,,,三重旋轉,Psychic,10×,擲3次硬幣，造成正面出現的次數×10點傷害。,,,,,,Darkness,,Fighting,1,44,normal,I,擴充包「超級交響樂」,M1S,toi8,如果不保持跳動就會死亡。<br/>戴在頭上的珍珠能讓<br/>自己的精神力量增強。,跳跳豬 → 噗噗豬,,D,5.00,Base:5.0|Meta:0.0|Exp:-1.0|Func:0.0|Syn:0.0|Eff:0.0|Dmg:1.0|Mod:1.00,"傷害效果, 硬幣判定",無
跳跳豬,基礎,8625,https://asia.pokemon-card.com/hk/card-img/hk00008625.png,寶可夢,70,Psychic,,,躍起,Psychic,10,,衝撞,"Colorless,Colorless",20,,,Darkness,,Fighting,1,36,normal,G,強化擴充包「三連音爆」,SV1a,GOSSAN,如果不保持跳動就會死亡。戴在頭上的珍珠能讓<br/>自己的精神力量增強。,跳跳豬 → 噗噗豬,,C,7.00,Base:5.0|Meta:0.0|Exp:2.0|Func:0.0|Syn:0.0|Eff:0.0|Dmg:0.0|Mod:1.00,無,無
噗噗豬,1階進化,14311,https://asia.pokemon-card.com/hk/card-img/hk00014311.png,寶可夢,120,Psychic,能量舞步,在自己的回合，從手牌使出這張卡並完成進化時，可使用1次。查看自己的牌庫上方4張卡，從其中選擇任意數量的基本能量卡，以任意方式附於自己的寶可夢身上。將剩餘卡放回牌庫並重洗。,‌念動彈,"Psychic,Colorless,Colorless",60,,,,,,,Darkness,,Fighting,2,45,normal,I,擴充包「超級交響樂」,M1S,cochi8i,操縱對手時跳的奇異舞步，<br/>過去曾在外國掀起過<br/>一陣風潮。,跳跳豬 → 噗噗豬,,B+,16.00,Base:5.0|Meta:0.0|Exp:-1.0|Func:10.0|Syn:0.0|Eff:0.0|Dmg:2.0|Mod:1.00,"搜索效果, 能量回收",進化效果
噗噗豬,1階進化,8626,https://asia.pokemon-card.com/hk/card-img/hk00008626.png,寶可夢,120,Psychic,,,力量舞步,Psychic,,從自己的牌庫選擇最多2張基本能量卡，以任意方式附於自己的寶可夢身上。並且重洗牌庫。,意念頭錘,"Psychic,Colorless,Colorless",100,,,Darkness,,Fighting,1,37,normal,G,強化擴充包「三連音爆」,SV1a,Scav,操縱對手時跳的奇異舞步，過去曾在外國掀起過<br/>一陣風潮。,跳跳豬 → 噗噗豬,,B,13.00,Base:5.0|Meta:0.0|Exp:2.0|Func:3.0|Syn:0.0|Eff:0.0|Dmg:3.0|Mod:1.00,搜索效果,無
哲爾尼亞斯,基礎,14312,https://asia.pokemon-card.com/hk/card-img/hk00014312.png,寶可夢,120,Psychic,,,大地之門,Psychic,,從自己的牌庫選擇最多3張【超】屬性的【基礎】寶可夢卡，放置於備戰區。並且重洗牌庫。,光明角擊,"Psychic,Psychic,Colorless",120,在下個自己的回合，這隻寶可夢無法使用「光明角擊」。,,Metal,,,1,46,normal,I,擴充包「超級交響樂」,M1S,Kazumasa Yasukuni,據說當頭上的角閃耀七色光芒時，<br/>就會分享永恆的生命。,哲爾尼亞斯,,C+,10.00,Base:5.0|Meta:0.0|Exp:-1.0|Func:2.0|Syn:0.0|Eff:0.0|Dmg:4.0|Mod:1.00,"招式鎖定, 搜索效果",放置效果
哲爾尼亞斯,基礎,12004,https://asia.pokemon-card.com/hk/card-img/hk00012004.png,寶可夢,130,Psychic,,,極光增輝,"Psychic,Colorless",30,將這隻寶可夢恢復「30」HP。,終極衝擊,"Psychic,Psychic,Colorless",130,在下個自己的回合，這隻寶可夢無法使用招式。,,Metal,,,2,6,normal,H,ex特別組合 太晶屬性：星晶 仙子伊布ex,SVPN,Ryuta Fuse,據說會分享永恆的生命。<br/>以樹木的模樣沉睡１０００年後復活。,哲爾尼亞斯,,B,13.00,Base:5.0|Meta:0.0|Exp:2.0|Func:2.0|Syn:0.0|Eff:0.0|Dmg:4.0|Mod:1.00,"使用限制, 回復效果, 招式鎖定",無
墓仔狗,基礎,14313,https://asia.pokemon-card.com/hk/card-img/hk00014313.png,寶可夢,80,Psychic,,,踩,Psychic,10,,猛撞,"Psychic,Colorless",40,這隻寶可夢也受到10點傷害。,,Darkness,,Fighting,3,47,normal,I,擴充包「超級交響樂」,M1S,Narumi Sato,據說牠是不曾接觸過人類<br/>就死去的流浪犬寶可夢<br/>轉生而來的。,墓仔狗 → 墓揚犬 → 墓揚犬ex,,D,5.00,Base:5.0|Meta:0.0|Exp:-1.0|Func:0.0|Syn:0.0|Eff:0.0|Dmg:1.0|Mod:1.00,反噬傷害,無
墓仔狗,基礎,8416,https://asia.pokemon-card.com/hk/card-img/hk00008416.png,寶可夢,70,Psychic,,,墓地遊玩,Psychic,10,造成自己的棄牌區的【超】寶可夢的張數×10點傷害。,,,,,,Darkness,,Fighting,2,46,normal,G,擴充包「紫ex」,SV1V,yuu,愛親近人，害怕寂寞。就算只跟牠玩了一下下，<br/>牠也會一直跟在後面。,墓仔狗 → 墓揚犬ex → 墓揚犬,,C,7.00,Base:5.0|Meta:0.0|Exp:2.0|Func:0.0|Syn:0.0|Eff:0.0|Dmg:0.0|Mod:1.00,"傷害效果, 棄牌區傷害加成",無
墓仔狗,基礎,8417,https://asia.pokemon-card.com/hk/card-img/hk00008417.png,寶可夢,80,Psychic,,,黃泉散步,"Colorless,Colorless",,查看對手的手牌，從其中選擇1張支援者卡，放回對手的牌庫下方。,銳利之牙,"Psychic,Colorless,Colorless",30,,,Darkness,,Fighting,3,47,normal,G,擴充包「紫ex」,SV1V,Shin Nagasawa,愛親近人，害怕寂寞。就算只跟牠玩了一下下，<br/>牠也會一直跟在後面。,墓仔狗 → 墓揚犬ex → 墓揚犬,,B,11.00,Base:5.0|Meta:0.0|Exp:2.0|Func:3.0|Syn:0.0|Eff:0.0|Dmg:1.0|Mod:1.00,搜索效果,無
墓仔狗,基礎,9564,https://asia.pokemon-card.com/hk/card-img/hk00009564.png,寶可夢,80,Psychic,,,嬉鬧,"Colorless,Colorless,Colorless",30+,擲1次硬幣若為正面，則增加30點傷害。,,,,,,Darkness,,Fighting,3,53,normal,G,擴充包「黯焰支配者」,SV3,Pani Kobayashi,據說牠是不曾接觸過人類就死去的流浪犬寶可夢<br/>轉生而來的。,墓仔狗 → 墓揚犬ex → 墓揚犬,,B,11.00,Base:5.0|Meta:0.0|Exp:2.0|Func:0.0|Syn:2.0|Eff:0.0|Dmg:2.0|Mod:1.00,"條件傷害, 硬幣判定",無
墓仔狗,基礎,10211,https://asia.pokemon-card.com/hk/card-img/hk00010211.png,寶可夢,70,Psychic,,,墓地遊玩,Psychic,10×,造成自己的棄牌區的【超】寶可夢卡的張數×10點傷害。,,,,,,Darkness,,Fighting,2,97,normal,G,高級擴充包「閃色寶藏ex」,SV4a,yuu,愛親近人，害怕寂寞。就算只跟牠玩了一下下，<br/>牠也會一直跟在後面。,墓仔狗 → 墓揚犬ex → 墓揚犬,,C,7.00,Base:5.0|Meta:0.0|Exp:2.0|Func:0.0|Syn:0.0|Eff:0.0|Dmg:0.0|Mod:1.00,"傷害效果, 棄牌區傷害加成",無
墓揚犬,1階進化,14314,https://asia.pokemon-card.com/hk/card-img/hk00014314.png,寶可夢,140,Psychic,,,恐怖啃咬,Psychic,30,擲硬幣直到出現反面，在不看手牌正面的情況下，從對手的手牌選擇與正面出現的次數相同數量的卡，查看那些卡的正面後放回對手的牌庫並重洗。,頭突,"Psychic,Psychic,Colorless",130,,,Darkness,,Fighting,3,48,normal,I,擴充包「超級交響樂」,M1S,matazo,平時都在墳場裡睡覺。<br/>在為數眾多的犬寶可夢中，<br/>牠是對主人最為忠實的。,墓仔狗 → 墓揚犬 → 墓揚犬ex,,B,12.00,Base:5.0|Meta:0.0|Exp:-1.0|Func:4.0|Syn:0.0|Eff:0.0|Dmg:4.0|Mod:1.00,"搜索效果, 硬幣判定",無
墓揚犬,1階進化,8550,https://asia.pokemon-card.com/hk/card-img/hk00008550.png,寶可夢,130,Psychic,,,掘出,"Colorless,Colorless",,從自己的棄牌區選擇最多2張物品卡，在給對手看過後加入手牌。,陰森射擊,"Psychic,Colorless,Colorless",100,,,Darkness,,Fighting,3,20,promo,G,特典卡 朱&紫,SV,Pani Kobayashi,平時都在墳場裡睡覺。 在為數眾多的犬寶可夢中，<br/><br/> 牠是對主人最為忠實的。,墓仔狗 → 墓揚犬ex → 墓揚犬,,B,13.00,Base:5.0|Meta:0.0|Exp:2.0|Func:3.0|Syn:0.0|Eff:0.0|Dmg:3.0|Mod:1.00,搜索效果,無
墓揚犬,1階進化,8418,https://asia.pokemon-card.com/hk/card-img/hk00008418.png,寶可夢,140,Psychic,,,掃墓,"Psychic,Psychic",80+,增加自己的棄牌區的【超】寶可夢卡的張數×10點傷害。,,,,,,Darkness,,Fighting,3,48,normal,G,擴充包「紫ex」,SV1V,Kouki Saitou,受到深摯悼念的寶可夢轉生而成的樣子。<br/>不喜歡被摸到頭上的突起物。,墓仔狗 → 墓揚犬ex → 墓揚犬,,B,11.00,Base:5.0|Meta:0.0|Exp:2.0|Func:0.0|Syn:0.0|Eff:0.0|Dmg:4.0|Mod:1.00,棄牌區傷害加成,無
墓揚犬,1階進化,9565,https://asia.pokemon-card.com/hk/card-img/hk00009565.png,寶可夢,140,Psychic,,,後踢,"Colorless,Colorless",30,,拼命,"Psychic,Colorless,Colorless",80+,若對手剩餘獎賞卡的張數為4張・2張，則增加120點傷害。,,Darkness,,Fighting,3,54,normal,G,擴充包「黯焰支配者」,SV3,Saya Tsuruta,平時都在墳場裡睡覺。在為數眾多的犬寶可夢中，牠是對主人最為忠實的。,墓仔狗 → 墓揚犬ex → 墓揚犬,,B+,15.00,Base:5.0|Meta:0.0|Exp:2.0|Func:2.0|Syn:2.0|Eff:0.0|Dmg:4.0|Mod:1.00,"條件傷害, 獎賞控制",無
超級拉帝亞斯ex,基礎,14315,https://asia.pokemon-card.com/hk/card-img/hk00014315.png,寶可夢,280,Dragon,,,狡兔三窟,Colorless,40,若希望，將這隻寶可夢與備戰寶可夢互換。,幻想脈衝,"Fire,Psychic,Colorless",300,將這隻寶可夢身上附加的能量卡全部丟棄。,,,,,1,49,normal,I,擴充包「超級交響樂」,M1S,5ban Graphics,,超級拉帝亞斯ex,ex,A+,22.00,Base:5.0|Meta:0.0|Exp:-1.0|Func:6.0|Syn:4.0|Eff:0.0|Dmg:8.0|Mod:1.00,"切換效果, 能量操作",無
拉帝歐斯,基礎,14316,https://asia.pokemon-card.com/hk/card-img/hk00014316.png,寶可夢,130,Dragon,潔淨支援,在自己的回合，從備戰區將自己的「超級拉帝亞斯【ex】」放置於戰鬥場時，可使用1次。選擇自己的備戰寶可夢身上附加的任意數量的能量卡，改附於戰鬥寶可夢身上。,龍爪,"Water,Psychic,Colorless",130,,,,,,,,,,1,50,normal,I,擴充包「超級交響樂」,M1S,Uninori,擁有很高的智慧，<br/>能理解人類的語言。<br/>是厭惡爭鬥的溫柔寶可夢。,拉帝歐斯,,B+,14.00,Base:5.0|Meta:0.0|Exp:-1.0|Func:6.0|Syn:0.0|Eff:0.0|Dmg:4.0|Mod:1.00,能量操作,放置效果
拉帝歐斯,基礎,11946,https://asia.pokemon-card.com/hk/card-img/hk00011946.png,寶可夢,120,Psychic,,,直擊飛行,"Psychic,Colorless",,對手的1隻寶可夢受到50點傷害。[在備戰區不計算弱點・抵抗力。],噴射頭擊,"Psychic,Psychic,Colorless",110,,,Darkness,,Fighting,2,20,normal,H,強化擴充包「樂園騰龍」,SV7a,kantaro,擁有很高智慧的寶可夢。<br/>折疊起前肢飛行的話，<br/>速度足以超越噴射機。,拉帝歐斯,,B+,14.00,Base:5.0|Meta:0.0|Exp:3.0|Func:3.0|Syn:0.0|Eff:0.0|Dmg:3.0|Mod:1.00,連鎖傷害,無
超級袋獸ex,基礎,14317,https://asia.pokemon-card.com/hk/card-img/hk00014317.png,寶可夢,300,Colorless,使者衝刺,若這隻寶可夢在戰鬥場上，則在自己的回合時可使用1次。從自己的牌庫抽出2張卡。在使用了其他的「使者衝刺」的回合，這個特性無法使用。,機關槍合擊,"Colorless,Colorless,Colorless",200+,擲硬幣直到出現反面，增加正面出現的次數×50點傷害。,,,,,,Fighting,,,3,51,normal,I,擴充包「超級交響樂」,M1S,5ban Graphics,,超級袋獸ex,ex,B,13.00,Base:5.0|Meta:0.0|Exp:-1.0|Func:3.0|Syn:0.0|Eff:0.0|Dmg:6.0|Mod:1.00,"抽卡效果, 招式鎖定, 搜索效果, 硬幣判定",特性效果
信使鳥,基礎,14318,https://asia.pokemon-card.com/hk/card-img/hk00014318.png,寶可夢,90,Colorless,,,急速之禮,Colorless,,這個招式在先攻玩家的最初回合也可使用。從自己的牌庫任意選擇1張卡加入手牌。並且重洗牌庫。,重摑,"Colorless,Colorless",30,,,Lightning,,Fighting,1,52,normal,I,擴充包「超級交響樂」,M1S,Naoyo Kimura,一整天都在搬運食物。<br/>據說曾經有遇難的人因為<br/>信使鳥的食物而得救。,信使鳥,,C,7.00,Base:5.0|Meta:0.0|Exp:-1.0|Func:2.0|Syn:0.0|Eff:0.0|Dmg:1.0|Mod:1.00,"抽卡效果, 搜索效果",無
信使鳥,基礎,8613,https://asia.pokemon-card.com/hk/card-img/hk00008613.png,寶可夢,90,Water,,,雙重抽出,Colorless,,從自己的牌庫抽出2張卡。,冰之翼,"Water,Colorless",30,,,Metal,,,1,24,normal,G,強化擴充包「三連音爆」,SV1a,miki kudo,一整天都在搬運食物。據說曾經有遇難的人因為<br/>信使鳥的食物而得救。,信使鳥,,B,11.00,Base:5.0|Meta:0.0|Exp:2.0|Func:3.0|Syn:0.0|Eff:0.0|Dmg:1.0|Mod:1.00,"抽卡效果, 搜索效果",無
捲捲耳,基礎,14319,https://asia.pokemon-card.com/hk/card-img/hk00014319.png,寶可夢,70,Colorless,,,撒嬌,Colorless,,在下個對手的回合，受到這個招式的寶可夢使用招式的傷害「-20」點。,跳接,Colorless,10,,,Fighting,,,1,53,normal,I,擴充包「超級交響樂」,M1S,ryoma uratsuka,會利用把捲成團的耳朵伸直<br/>時的威力來使出攻擊招式。<br/>越訓練，招式威力就會越大。,捲捲耳 → 長耳兔,,D,6.00,Base:5.0|Meta:0.0|Exp:-1.0|Func:2.0|Syn:0.0|Eff:0.0|Dmg:0.0|Mod:1.00,其他效果,無
捲捲耳,基礎,14535,https://asia.pokemon-card.com/hk/card-img/hk00014535.png,寶可夢,70,Colorless,,,雀躍,Colorless,,將這隻寶可夢與備戰寶可夢互換。,踢,"Colorless,Colorless",20,,,Fighting,,,1,71,normal,I,擴充包「烈獄狂火X」,M2,tono,會利用把捲成團的耳朵伸直<br/>時的威力來使出攻擊招式。<br/>越訓練，招式威力就會越大。,捲捲耳 → 長耳兔 → 超級長耳兔ex,,C,7.00,Base:5.0|Meta:0.0|Exp:-1.0|Func:3.0|Syn:0.0|Eff:0.0|Dmg:0.0|Mod:1.00,切換效果,無
捲捲耳,基礎,12710,https://asia.pokemon-card.com/hk/card-img/hk00012710.png,寶可夢,60,Colorless,,,踢飛,Colorless,20,,,,,,,Fighting,,,1,102,normal,H,雙ex初階牌組 Generations,SVM,Naoki Saito,將左右兩耳都捲起來時，<br/>就代表牠的身體或心情<br/>狀況不佳，需要照顧。,捲捲耳 → 長耳兔,,C,7.00,Base:5.0|Meta:0.0|Exp:2.0|Func:0.0|Syn:0.0|Eff:0.0|Dmg:0.0|Mod:1.00,無,無
長耳兔,1階進化,14320,https://asia.pokemon-card.com/hk/card-img/hk00014320.png,寶可夢,110,Colorless,,,魯莽踢,Colorless,,對手的1隻備戰寶可夢受到50點傷害。[在備戰區不計算弱點・抵抗力。],迴轉踢,"Colorless,Colorless",60,,,Fighting,,,1,54,normal,I,擴充包「超級交響樂」,M1S,Oswaldo KATO,炎熱的季節結束後，<br/>就會換上富含空氣的<br/>體毛以備寒天來臨。,捲捲耳 → 長耳兔,,C+,9.00,Base:5.0|Meta:0.0|Exp:-1.0|Func:3.0|Syn:0.0|Eff:0.0|Dmg:2.0|Mod:1.00,連鎖傷害,無
長耳兔,1階進化,12711,https://asia.pokemon-card.com/hk/card-img/hk00012711.png,寶可夢,90,Colorless,,,後踢,"Colorless,Colorless",90,,,,,,,Fighting,,,1,103,normal,H,雙ex初階牌組 Generations,SVM,Tika Matsuno,總是注意著周圍的狀況。<br/>危險逼近時，就會給對手<br/>奉上破壞力十足的踢腿。,捲捲耳 → 長耳兔,,C+,10.00,Base:5.0|Meta:0.0|Exp:2.0|Func:0.0|Syn:0.0|Eff:0.0|Dmg:3.0|Mod:1.00,無,無
童偶熊,基礎,14321,https://asia.pokemon-card.com/hk/card-img/hk00014321.png,寶可夢,70,Colorless,,,打擊,Colorless,10,,活蹦亂跳,"Colorless,Colorless",20,,,Fighting,,,2,55,normal,I,擴充包「超級交響樂」,M1S,Shibuzoh.,為了保護自己的身體而<br/> 胡亂揮舞前腳的樣子雖然可愛，<br/> 威力卻大到能將大樹折斷。,童偶熊 → 穿著熊 → 穿著熊GX,,D,4.00,Base:5.0|Meta:0.0|Exp:-1.0|Func:0.0|Syn:0.0|Eff:0.0|Dmg:0.0|Mod:1.00,無,無
童偶熊,基礎,11503,https://asia.pokemon-card.com/hk/card-img/hk00011503.png,寶可夢,80,Colorless,,,猛撞,Colorless,30,這隻寶可夢也受到10點傷害。,,,,,,Fighting,,,2,52,normal,H,強化擴充包「黑夜漫遊者」,SV6a,ryoma uratsuka,毛茸茸的毛皮摸起來觸感超群，<br/>但粗心大意地向牠伸出手的人<br/>基本上都會遭到牠的劇烈反擊。,童偶熊 → 穿著熊 → 穿著熊GX,,C+,9.00,Base:5.0|Meta:0.0|Exp:3.0|Func:0.0|Syn:0.0|Eff:0.0|Dmg:1.0|Mod:1.00,反噬傷害,無
穿著熊,1階進化,14322,https://asia.pokemon-card.com/hk/card-img/hk00014322.png,寶可夢,130,Colorless,,,拳骨,"Colorless,Colorless",50,,必殺金勾臂,"Colorless,Colorless,Colorless",100+,擲2次硬幣，若全部為正面，則增加100點傷害。,,Fighting,,,3,56,normal,I,擴充包「超級交響樂」,M1S,HYOGONOSUKE,會用令格鬥家都無地自容的技術<br/> 把逮住的獵物夾在腋下，<br/> 帶回自己的住處。,童偶熊 → 穿著熊 → 穿著熊GX,,B,13.00,Base:5.0|Meta:0.0|Exp:-1.0|Func:0.0|Syn:4.0|Eff:0.0|Dmg:5.0|Mod:1.00,"條件傷害, 硬幣判定",無
穿著熊,1階進化,11504,https://asia.pokemon-card.com/hk/card-img/hk00011504.png,寶可夢,130,Colorless,,,力量充能,Colorless,30,從自己的牌庫選擇1張基本能量卡，附於這隻寶可夢身上。並且重洗牌庫。,頭突,"Colorless,Colorless,Colorless",130,,,Fighting,,,3,53,normal,H,強化擴充包「黑夜漫遊者」,SV6a,Takeshi Nakamura,如果牠認定你是牠的夥伴，<br/>便會試著擁抱你來表示喜愛。<br/>但這會弄碎你的骨頭，非常危險。,童偶熊 → 穿著熊 → 穿著熊GX,,B+,15.00,Base:5.0|Meta:0.0|Exp:3.0|Func:3.0|Syn:0.0|Eff:0.0|Dmg:4.0|Mod:1.00,搜索效果,無
火箭隊的監視塔,,13448,https://asia.pokemon-card.com/hk/card-img/hk00013448.png,競技場卡,,,,,,,,雙方場上所有【無】寶可夢的特性全部消除。,,,,,,,,,,96,normal,I,擴充包「火箭隊的榮耀」,SV10,AYUMI ODASHIMA,,,,B,11.00,Base:6.0|Meta:0.0|Exp:3.0|Func:0.0|Syn:2.0|Eff:0.0|Dmg:0.0|Mod:1.00,無,特性效果
火箭隊的蘭斯,,13447,https://asia.pokemon-card.com/hk/card-img/hk00013447.png,支援者卡,,,,,,,,這張卡在先攻玩家的最初回合也可使用。<br/><br/>從自己的牌庫選擇最多3張【基礎】寶可夢的「火箭隊的寶可夢」，在給對手看過後加入手牌。並且重洗牌庫。,,,,,,,,,,95,normal,I,擴充包「火箭隊的榮耀」,SV10,Naoki Saito,,,,B+,15.00,Base:8.0|Meta:0.0|Exp:3.0|Func:4.0|Syn:0.0|Eff:0.0|Dmg:0.0|Mod:1.00,"抽卡效果, 搜索效果",無
火箭隊的驚嚇炸彈,,13441,https://asia.pokemon-card.com/hk/card-img/hk00013441.png,物品卡,,,,,,,,擲1次硬幣若為正面，則在對手的1隻寶可夢身上放置2個傷害指示物。若為反面，則在自己的戰鬥寶可夢身上放置2個傷害指示物。,,,,,,,,,,89,normal,I,擴充包「火箭隊的榮耀」,SV10,Toyste Beach,,,,B+,14.00,Base:7.0|Meta:0.0|Exp:3.0|Func:2.0|Syn:2.0|Eff:0.0|Dmg:0.0|Mod:1.00,"傷害指示物, 硬幣判定",無
主持人的帶動,,13262,https://asia.pokemon-card.com/hk/card-img/hk00013262.png,支援者卡,,,,,,,,從自己的牌庫抽出2張卡。若對手剩餘獎賞卡的張數為3張以下，則再抽出2張卡。,,,,,,,,,,61,normal,I,強化擴充包「熱風競技場」,SV9a,Cona Nitanda,,,,A,18.00,Base:8.0|Meta:0.0|Exp:3.0|Func:5.0|Syn:2.0|Eff:0.0|Dmg:0.0|Mod:1.00,"抽卡效果, 搜索效果, 獎賞控制",無
仙后,,11512,https://asia.pokemon-card.com/hk/card-img/hk00011512.png,支援者卡,,,,,,,,這張卡只有在自己的手牌只有這1張時才可使用。<br/><br/>從自己的牌庫任意選擇最多2張卡加入手牌。並且重洗牌庫。,,,,,,,,,,61,normal,H,強化擴充包「黑夜漫遊者」,SV6a,Atsushi Furusawa,,,,B+,15.00,Base:8.0|Meta:0.0|Exp:3.0|Func:2.0|Syn:2.0|Eff:0.0|Dmg:0.0|Mod:1.00,"抽卡效果, 搜索效果",無
卡比獸娃娃,,10017,https://asia.pokemon-card.com/hk/card-img/hk00010017.png,物品卡,,,,,,,,進行對戰準備將寶可夢放置於場上時，若手牌有這張卡，則可將這張卡作為HP120的【無】屬性的【基礎】寶可夢，翻回反面放置於場上。（這張卡在對戰準備以外無法放置於場上。）若在自己的回合中，則可將場上的這張卡丟棄。<br/><br/>這張卡不會陷入特殊狀態，無法撤退。就算這張卡【昏厥】，對手也無法獲得獎賞卡。,,,,,,,,,,59,normal,G,擴充包「古代咆哮」,SV4K,AYUMI ODASHIMA,,,,B+,16.00,Base:7.0|Meta:0.0|Exp:2.0|Func:3.0|Syn:4.0|Eff:0.0|Dmg:0.0|Mod:1.00,"撤退封鎖, 昏厥條件, 獎賞控制","丟棄效果, 撤退效果, 放置效果, 狀態免疫"
古魯夏,,8730,https://asia.pokemon-card.com/hk/card-img/hk00008730.png,支援者卡,,,,,,,,從牌庫抽卡直到自己的手牌滿5張為止。若自己的場上寶可夢身上1張能量卡都沒有附加，則抽卡直到滿7張為止。,,,,在自己的回合時，支援者卡只可使用1張。,,,,,,68,normal,G,擴充包「冰雪險境」,SV2P,GIDORA,,,,A+,20.00,Base:8.0|Meta:0.0|Exp:2.0|Func:6.0|Syn:4.0|Eff:0.0|Dmg:0.0|Mod:1.00,"抽卡效果, 能量操作",無
可怕的哥哥,,13089,https://asia.pokemon-card.com/hk/card-img/hk00013089.png,支援者卡,,,,,,,,選擇1隻對手的寶可夢，將那隻寶可夢身上附加的「寶可夢道具」卡與「特殊能量」卡各丟棄1張。,,,,,,,,,,95,normal,I,擴充包「對戰搭檔」,SV9,Hideki Ishikawa,,,,B+,16.00,Base:8.0|Meta:0.0|Exp:3.0|Func:5.0|Syn:0.0|Eff:0.0|Dmg:0.0|Mod:1.00,能量操作,丟棄效果
走路草,基礎,14465,https://asia.pokemon-card.com/hk/card-img/hk00014465.png,寶可夢,50,Grass,,,種子炸彈,Grass,20,,,,,,,Fire,,,1,1,normal,I,擴充包「烈獄狂火X」,M2,MINAMINAMI Take,別名謎行草。<br/>據說每到夜裡，牠會用２條根<br/>走上長達３００公尺的距離。,走路草 → 臭臭花 → 美麗花 → 霸王花 → 霸王花GX,,D,4.00,Base:5.0|Meta:0.0|Exp:-1.0|Func:0.0|Syn:0.0|Eff:0.0|Dmg:0.0|Mod:1.00,無,無
走路草,基礎,9512,https://asia.pokemon-card.com/hk/card-img/hk00009512.png,寶可夢,50,Grass,,,好心情,Colorless,,從自己的牌庫抽出1張卡。,踩,Grass,10,,,Fire,,,1,1,normal,G,擴充包「黯焰支配者」,SV3,Midori Harada,白天為了躲避太陽，會鑽進涼爽的地下。藉由沐浴月光來成長。,走路草 → 臭臭花 → 美麗花 → 霸王花 → 霸王花GX,,C+,10.00,Base:5.0|Meta:0.0|Exp:2.0|Func:3.0|Syn:0.0|Eff:0.0|Dmg:0.0|Mod:1.00,"抽卡效果, 搜索效果",無
臭臭花,1階進化,14466,https://asia.pokemon-card.com/hk/card-img/hk00014466.png,寶可夢,70,Grass,,,灑口水,Grass,20,雙方的所有備戰寶可夢也各受到20點傷害。[在備戰區不計算弱點・抵抗力。],,,,,,Fire,,,1,2,normal,I,擴充包「烈獄狂火X」,M2,Yoriyuki Ikegami,從口中緩緩滲出的不是口水，<br/>而是類似花蜜的汁液，<br/>被牠用來引誘獵物接近。,走路草 → 臭臭花 → 美麗花 → 霸王花 → 霸王花GX,,D,5.00,Base:5.0|Meta:0.0|Exp:-1.0|Func:1.0|Syn:0.0|Eff:0.0|Dmg:0.0|Mod:1.00,連鎖傷害,無
臭臭花,1階進化,8910,https://asia.pokemon-card.com/hk/card-img/hk00008910.png,寶可夢,70,Grass,三成能量,在自己的回合，從手牌使出這張卡並完成進化時，可使用1次。查看自己的牌庫上方3張卡，從其中選擇任意數量的基本能量卡，以任意方式附於自己的寶可夢身上。將剩餘卡放回牌庫並重洗。,口水,"Colorless,Colorless",30,,,,,,,Fire,,,1,44,normal,G,強化擴充包「寶可夢卡牌151」,SV2a,Sekio,看似口水的東西其實是甜甜的蜜。非常黏稠，<br/>只要碰到就會一直黏住。,走路草 → 臭臭花 → 美麗花 → 霸王花 → 霸王花GX,,A,18.00,Base:5.0|Meta:0.0|Exp:2.0|Func:10.0|Syn:0.0|Eff:0.0|Dmg:1.0|Mod:1.00,"搜索效果, 能量回收",進化效果
臭臭花,1階進化,9513,https://asia.pokemon-card.com/hk/card-img/hk00009513.png,寶可夢,80,Grass,,,誘導香氣,Colorless,,選擇1隻對手的備戰寶可夢，與戰鬥寶可夢互換。,綠葉舞步,Grass,20,,,Fire,,,2,2,normal,G,擴充包「黯焰支配者」,SV3,Haru Akasaka,看似口水的東西其實是甜甜的蜜。非常黏稠，只要碰到就會一直黏住。,走路草 → 臭臭花 → 美麗花 → 霸王花 → 霸王花GX,,B,12.00,Base:5.0|Meta:0.0|Exp:2.0|Func:5.0|Syn:0.0|Eff:0.0|Dmg:0.0|Mod:1.00,切換效果,無
霸王花,2階進化,14467,https://asia.pokemon-card.com/hk/card-img/hk00014467.png,寶可夢,150,Grass,,,花粉炸彈,Grass,30,將對手的戰鬥寶可夢【中毒】與【睡眠】。,活潑鮮花,Grass,60+,在這個回合，若這隻寶可夢恢復了HP，則增加120點傷害。,,Fire,,,2,3,normal,I,擴充包「烈獄狂火X」,M2,Shibuzoh.,當花苞隨著「砰！」的聲響<br/>綻放後，就會開始散播<br/>能引起過敏反應的毒花粉。,走路草 → 臭臭花 → 美麗花 → 霸王花 → 霸王花GX,,B,13.00,Base:5.0|Meta:0.0|Exp:-1.0|Func:4.0|Syn:2.0|Eff:0.0|Dmg:3.0|Mod:1.00,"回復效果, 條件傷害, 狀態異常",無
霸王花,2階進化,8911,https://asia.pokemon-card.com/hk/card-img/hk00008911.png,寶可夢,140,Grass,全開能量,在自己的回合，從手牌使出這張卡並完成進化時，可使用1次。查看自己的牌庫上方8張卡，從其中選擇任意數量的基本能量卡，以任意方式附於自己的寶可夢身上。將剩餘卡放回牌庫並重洗。,日光束,"Grass,Colorless,Colorless",90,,,,,,,Fire,,,2,45,normal,G,強化擴充包「寶可夢卡牌151」,SV2a,Sekio,雖然花瓣越大就能放出越多的花粉，但頭部也會<br/>隨之變重而容易疲倦。,走路草 → 臭臭花 → 美麗花 → 霸王花 → 霸王花GX,,A+,20.00,Base:5.0|Meta:0.0|Exp:2.0|Func:10.0|Syn:0.0|Eff:0.0|Dmg:3.0|Mod:1.00,"搜索效果, 能量回收",進化效果
超級赫拉克羅斯ex,基礎,14468,https://asia.pokemon-card.com/hk/card-img/hk00014468.png,寶可夢,280,Grass,,,重裝角擊,"Grass,Grass",100+,增加與在上個對手的回合這隻寶可夢受到的招式的傷害相同數值的傷害。,推山,"Grass,Grass,Grass",170,將對手的牌庫上方2張卡丟棄。,,Fire,,,2,4,normal,I,擴充包「烈獄狂火X」,M2,5ban Graphics,,超級赫拉克羅斯ex,ex,B,11.00,Base:5.0|Meta:0.0|Exp:-1.0|Func:2.0|Syn:0.0|Eff:0.0|Dmg:5.0|Mod:1.00,條件傷害,丟棄效果
蓮葉童子,基礎,14469,https://asia.pokemon-card.com/hk/card-img/hk00014469.png,寶可夢,70,Grass,,,頭錘,"Grass,Colorless",30,,,,,,,Fire,,,1,5,normal,I,擴充包「烈獄狂火X」,M2,Wintr Wandr,頭上的葉子具有防污的性質。<br/>即使載了滿身是泥的寶可夢，<br/>葉子也能常保乾淨。,蓮葉童子 → 蓮帽小童 → 樂天河童,,D,5.00,Base:5.0|Meta:0.0|Exp:-1.0|Func:0.0|Syn:0.0|Eff:0.0|Dmg:1.0|Mod:1.00,無,無
蓮帽小童,1階進化,14470,https://asia.pokemon-card.com/hk/card-img/hk00014470.png,寶可夢,90,Grass,,,超級吸取,"Grass,Colorless",30,將這隻寶可夢恢復「30」HP。,,,,,,Fire,,,1,6,normal,I,擴充包「烈獄狂火X」,M2,Shigenori Negishi,喜歡待在食物豐富的水邊。<br/>為了避免和鳥寶可夢互搶食物，<br/>於是變成了夜行性的寶可夢。,蓮葉童子 → 蓮帽小童 → 樂天河童,,C,7.00,Base:5.0|Meta:0.0|Exp:-1.0|Func:2.0|Syn:0.0|Eff:0.0|Dmg:1.0|Mod:1.00,回復效果,無
蓮帽小童,1階進化,13016,https://asia.pokemon-card.com/hk/card-img/hk00013016.png,寶可夢,90,Water,,,水流斬,"Water,Water",70,在下個自己的回合，這隻寶可夢無法使用招式。,,,,,,Lightning,,,1,22,normal,I,擴充包「對戰搭檔」,SV9,Mousho,北上的古老傳說記載著<br/>牠是喜歡惡作劇的小孩<br/>轉生而來的寶可夢。,蓮葉童子 → 蓮帽小童 → 樂天河童,,C+,10.00,Base:5.0|Meta:0.0|Exp:3.0|Func:0.0|Syn:0.0|Eff:0.0|Dmg:2.0|Mod:1.00,"使用限制, 招式鎖定",無
樂天河童,2階進化,14471,https://asia.pokemon-card.com/hk/card-img/hk00014471.png,寶可夢,160,Grass,激動治癒,若自己的場上有【草】屬性的「超級進化寶可夢【ex】」，則在自己的回合時可使用1次。將自己的1隻寶可夢恢復「60」HP。,撞倒,"Grass,Colorless",120,,,,,,,Fire,,,2,7,normal,I,擴充包「烈獄狂火X」,M2,Anesaki Dynamic,全身都有著獨特的結構，<br/>讓牠一接收歡樂節奏的<br/>音波就會製造出能量。,蓮葉童子 → 蓮帽小童 → 樂天河童,,B,13.00,Base:5.0|Meta:0.0|Exp:-1.0|Func:5.0|Syn:0.0|Eff:0.0|Dmg:4.0|Mod:1.00,"回復效果, 進化支援",無
蓋諾賽克特,基礎,14472,https://asia.pokemon-card.com/hk/card-img/hk00014472.png,寶可夢,120,Grass,,,昆蟲加農炮,Grass,,對手的1隻寶可夢，受到這隻寶可夢身上附加的【草】能量的數量×20點傷害。[在備戰區不計算弱點・抵抗力。],高速攻擊,"Grass,Grass,Colorless",110,,,Fire,,,2,8,normal,I,擴充包「烈獄狂火X」,M2,Mitsuhiro Arita,存在於３億年前的寶可夢。<br/>被等離子隊改造，<br/>在背部裝了砲台。,蓋諾賽克特,,B,13.00,Base:5.0|Meta:0.0|Exp:-1.0|Func:6.0|Syn:0.0|Eff:0.0|Dmg:3.0|Mod:1.00,"備戰傷害加成, 能量操作, 連鎖傷害",無
蓋諾賽克特,基礎,11491,https://asia.pokemon-card.com/hk/card-img/hk00011491.png,寶可夢,110,Metal,‌‌ACE消弭,若這隻寶可夢附有「寶可夢道具」卡，則對手無法從手牌使出「【ACE SPEC】」卡。,磁力爆破,"Metal,Colorless,Colorless",100,,,,,,,Fire,,Grass,1,40,normal,H,強化擴充包「黑夜漫遊者」,SV6a,Kazumasa Yasukuni,被等離子隊改造過的<br/>古代的蟲寶可夢。<br/>背上的大砲力量得到了提升。,蓋諾賽克特,,B,13.00,Base:5.0|Meta:0.0|Exp:3.0|Func:2.0|Syn:0.0|Eff:0.0|Dmg:3.0|Mod:1.00,其他效果,無
豆蟋蟀,基礎,14473,https://asia.pokemon-card.com/hk/card-img/hk00014473.png,寶可夢,50,Grass,,,躍動,Grass,10×,擲3次硬幣，造成正面出現的次數×10點傷害。,,,,,,Fire,,,1,9,normal,I,擴充包「烈獄狂火X」,M2,Yuka Morii,總是將第３對腳折起來。<br/>擁有在遇到危機時能夠<br/>跳超過１０公尺的跳躍力。,豆蟋蟀 → 烈腿蝗,,D,5.00,Base:5.0|Meta:0.0|Exp:-1.0|Func:0.0|Syn:0.0|Eff:0.0|Dmg:1.0|Mod:1.00,"傷害效果, 硬幣判定",無
豆蟋蟀,基礎,8597,https://asia.pokemon-card.com/hk/card-img/hk00008597.png,寶可夢,40,Grass,,,跳一下,Colorless,,擲1次硬幣若為正面，則在下個對手的回合，這隻寶可夢不會受到招式的傷害與效果的影響。,蟲咬,Grass,10,,,Fire,,,1,8,normal,G,強化擴充包「三連音爆」,SV1a,Shin Nagasawa,總是將第３對腳折起來。擁有在遇到危機時能夠<br/>跳超過１０公尺的跳躍力。,豆蟋蟀 → 烈腿蝗,,B,11.00,Base:5.0|Meta:0.0|Exp:2.0|Func:2.0|Syn:2.0|Eff:0.0|Dmg:0.0|Mod:1.00,"傷害防禦, 效果免疫, 硬幣判定",無
豆蟋蟀,基礎,8598,https://asia.pokemon-card.com/hk/card-img/hk00008598.png,寶可夢,50,Grass,,,踹,Grass,30,擲1次硬幣若為反面，則這個招式失敗。,,,,,,Fire,,,1,9,normal,G,強化擴充包「三連音爆」,SV1a,Sekio,總是將第３對腳折起來。擁有在遇到危機時能夠<br/>跳超過１０公尺的跳躍力。,豆蟋蟀 → 烈腿蝗,,C+,10.00,Base:5.0|Meta:0.0|Exp:2.0|Func:0.0|Syn:2.0|Eff:0.0|Dmg:1.0|Mod:1.00,"條件失敗, 硬幣判定",無
豆蟋蟀,基礎,9966,https://asia.pokemon-card.com/hk/card-img/hk00009966.png,寶可夢,40,Grass,,,咬,Colorless,10,,,,,,,Fire,,,0,8,normal,G,擴充包「古代咆哮」,SV4K,Pani Kobayashi,總是將第３對腳折起來。擁有在遇到危機時能夠<br/>跳超過１０公尺的跳躍力。,豆蟋蟀 → 烈腿蝗,,C,7.00,Base:5.0|Meta:0.0|Exp:2.0|Func:0.0|Syn:0.0|Eff:0.0|Dmg:0.0|Mod:1.00,無,無
烈腿蝗,1階進化,14474,https://asia.pokemon-card.com/hk/card-img/hk00014474.png,寶可夢,120,Grass,,,踢倒,Grass,30,,跳躍射擊,"Colorless,Colorless,Colorless",150,將這隻寶可夢與附加的卡全部放回牌庫並重洗。,,Fire,,,1,10,normal,I,擴充包「烈獄狂火X」,M2,Taiga Kasai,認真起來時會用折起的腳<br/>站起來，進入決戰模式。<br/>會在短時間內鎮壓住敵人。,豆蟋蟀 → 烈腿蝗,,B,13.00,Base:5.0|Meta:0.0|Exp:-1.0|Func:2.0|Syn:2.0|Eff:0.0|Dmg:5.0|Mod:1.00,牌庫重洗,無
烈腿蝗,1階進化,8599,https://asia.pokemon-card.com/hk/card-img/hk00008599.png,寶可夢,120,Grass,,,進擊踢,Grass,30+,在這個回合，若這隻寶可夢從「豆蟋蟀」進化，則增加100點傷害。,高速攻擊,"Grass,Colorless",70,,,Fire,,,1,10,normal,G,強化擴充包「三連音爆」,SV1a,Anesaki Dynamic,認真起來時會用折起的腳站起來，進入決戰模式。<br/>會在短時間內鎮壓住敵人。,豆蟋蟀 → 烈腿蝗,,B+,14.00,Base:5.0|Meta:0.0|Exp:2.0|Func:3.0|Syn:2.0|Eff:0.0|Dmg:2.0|Mod:1.00,"條件傷害, 進化支援",無
烈腿蝗,1階進化,10010,https://asia.pokemon-card.com/hk/card-img/hk00010010.png,寶可夢,120,Darkness,,,彈跳,Darkness,30,將這隻寶可夢與備戰寶可夢互換。,懲罰之踢,"Darkness,Darkness",10+,增加對手的戰鬥寶可夢身上放置的傷害指示物的數量×40點傷害。,,Grass,,,1,52,normal,G,擴充包「古代咆哮」,SV4K,Souichirou Gunjima,認真起來時會用折起的腳站起來，進入決戰模式。<br/>會在短時間內鎮壓住敵人。,豆蟋蟀 → 烈腿蝗,,B+,14.00,Base:5.0|Meta:0.0|Exp:2.0|Func:5.0|Syn:0.0|Eff:0.0|Dmg:2.0|Mod:1.00,"備戰傷害加成, 傷害指示物, 切換效果",無
小火龍,基礎,14475,https://asia.pokemon-card.com/hk/card-img/hk00014475.png,寶可夢,80,Fire,一身輕,若這隻寶可夢身上沒有附加能量卡，則這隻寶可夢【撤退】所需的能量全部消除。,火種,Fire,20,,,,,,,Water,,,2,11,normal,I,擴充包「烈獄狂火X」,M2,HYOGONOSUKE,尾巴上燃燒的火焰<br/>是小火龍生命力的象徵。<br/>在牠沒有活力時，火勢會變弱。,小火龍 → 火恐龍 → 噴火龍 → 噴火龍GX → 超級噴火龍Xex → 噴火龍ex,,C,7.00,Base:5.0|Meta:0.0|Exp:-1.0|Func:3.0|Syn:0.0|Eff:0.0|Dmg:0.0|Mod:1.00,"撤退干擾, 能量操作",撤退效果
小火龍,基礎,8870,https://asia.pokemon-card.com/hk/card-img/hk00008870.png,寶可夢,70,Fire,,,全部燒光,Fire,,將場上的競技場卡丟棄。,吐火,"Fire,Fire",30,,,Water,,,1,4,normal,G,強化擴充包「寶可夢卡牌151」,SV2a,GIDORA,從出生時開始尾巴上就有火焰在燃燒。<br/>火焰熄滅時，生命也會結束。,小火龍 → 火恐龍 → 噴火龍 → 噴火龍GX → 噴火龍ex,,C+,10.00,Base:5.0|Meta:0.0|Exp:2.0|Func:0.0|Syn:2.0|Eff:0.0|Dmg:1.0|Mod:1.00,無,競技場效果
小火龍,基礎,9523,https://asia.pokemon-card.com/hk/card-img/hk00009523.png,寶可夢,60,Fire,,,熱力衝撞,Fire,30,這隻寶可夢也受到10點傷害。,,,,,,Water,,,1,12,normal,G,擴充包「黯焰支配者」,SV3,DOM,從出生時開始尾巴上就有火焰在燃燒。火焰熄滅時，生命也會結束。,小火龍 → 火恐龍 → 噴火龍 → 噴火龍GX → 噴火龍ex,,C,8.00,Base:5.0|Meta:0.0|Exp:2.0|Func:0.0|Syn:0.0|Eff:0.0|Dmg:1.0|Mod:1.00,反噬傷害,無
火恐龍,1階進化,14476,https://asia.pokemon-card.com/hk/card-img/hk00014476.png,寶可夢,110,Fire,,,吐火,Fire,40,,,,,,,Water,,,2,12,normal,I,擴充包「烈獄狂火X」,M2,Uninori,當揮動燃燒著的尾巴時，<br/>周圍的溫度會不斷上升，<br/>讓對手陷入痛苦。,小火龍 → 火恐龍 → 噴火龍 → 噴火龍GX → 超級噴火龍Xex → 噴火龍ex,,D,5.00,Base:5.0|Meta:0.0|Exp:-1.0|Func:0.0|Syn:0.0|Eff:0.0|Dmg:1.0|Mod:1.00,無,無
火恐龍,1階進化,9524,https://asia.pokemon-card.com/hk/card-img/hk00009524.png,寶可夢,90,Fire,,,熱力衝撞,"Fire,Fire",70,這隻寶可夢也受到20點傷害。,,,,,,Water,,,2,13,normal,G,擴充包「黯焰支配者」,SV3,Ryota Murayama,如果牠在戰鬥中亢奮起來，就會噴出灼熱的火焰，把周圍的東西燒得一乾二淨。,小火龍 → 火恐龍 → 噴火龍 → 噴火龍GX → 噴火龍ex,,C+,9.00,Base:5.0|Meta:0.0|Exp:2.0|Func:0.0|Syn:0.0|Eff:0.0|Dmg:2.0|Mod:1.00,反噬傷害,無
超級噴火龍Xex,2階進化,14477,https://asia.pokemon-card.com/hk/card-img/hk00014477.png,寶可夢,360,Fire,,,烈獄狂火X,"Fire,Fire",90×,將自己的場上寶可夢身上附加的任意數量的【火】能量卡丟棄，造成其張數×90點傷害。,,,,,,Water,,,2,13,normal,I,擴充包「烈獄狂火X」,M2,takuyoa,,小火龍 → 火恐龍 → 噴火龍 → 噴火龍GX → 超級噴火龍Xex → 噴火龍ex,ex,A,17.00,Base:5.0|Meta:0.0|Exp:-1.0|Func:3.0|Syn:2.0|Eff:0.0|Dmg:8.0|Mod:1.00,"傷害效果, 棄牌區傷害加成, 能量操作",無
火焰鳥,基礎,14478,https://asia.pokemon-card.com/hk/card-img/hk00014478.png,寶可夢,120,Fire,,,鬥志之翼,Fire,20+,若對手的戰鬥寶可夢為「寶可夢【ex】」，則增加90點傷害。,,,,,,Water,,,1,14,normal,I,擴充包「烈獄狂火X」,M2,Kazumasa Yasukuni,相傳牠會以美麗燃燒的<br/>翅膀照亮山路，救助在<br/>山中遇險的人。,火焰鳥,,C+,10.00,Base:5.0|Meta:0.0|Exp:-1.0|Func:2.0|Syn:2.0|Eff:0.0|Dmg:2.0|Mod:1.00,條件傷害,無
火焰鳥,基礎,9012,https://asia.pokemon-card.com/hk/card-img/hk00009012.png,寶可夢,120,Fire,閃焰浮游,若這隻寶可夢身上附有【火】能量卡，則這隻寶可夢【撤退】所需的能量全部消除。,爆燃飛行,"Fire,Fire,Fire",,將2個這隻寶可夢身上附加的【火】能量丟棄，對手的1隻備戰寶可夢受到120點傷害。[在備戰區不計算弱點・抵抗力。],,,,,,Lightning,,Fighting,2,146,normal,G,強化擴充包「寶可夢卡牌151」,SV2a,KEIICHIRO ITO,相傳牠會以美麗燃燒的翅膀照亮山路，救助在<br/>山中遇險的人。,火焰鳥,,B,13.00,Base:5.0|Meta:0.0|Exp:2.0|Func:6.0|Syn:0.0|Eff:0.0|Dmg:0.0|Mod:1.00,"撤退干擾, 能量操作, 連鎖傷害","丟棄效果, 撤退效果"
火紅不倒翁,基礎,14479,https://asia.pokemon-card.com/hk/card-img/hk00014479.png,寶可夢,80,Fire,,,火炎球,"Colorless,Colorless,Colorless",10+,增加這隻寶可夢身上附加的【火】能量的數量×20點傷害。,,,,,,Water,,,2,15,normal,I,擴充包「烈獄狂火X」,M2,NC Empire,在牠睡覺的時候，<br/>無論是推是拉，牠都不會倒下。<br/>因為象徵著吉利而大受歡迎。,火紅不倒翁 → 達摩狒狒,,C+,9.00,Base:5.0|Meta:0.0|Exp:-1.0|Func:3.0|Syn:0.0|Eff:0.0|Dmg:2.0|Mod:1.00,"備戰傷害加成, 能量操作",無
火紅不倒翁,基礎,14034,https://asia.pokemon-card.com/hk/card-img/hk00014034.png,寶可夢,80,Fire,,,鬼火,"Fire,Colorless",30,,,,,,,Water,,,2,13,normal,I,擴充包「漆黑伏特」,SV11B,svlt,體內燃燒著火焰時，<br/>會靜不下來到處跑來跑去。<br/>如果火焰變小了就會睡著。,火紅不倒翁 → 達摩狒狒,,C+,9.00,Base:5.0|Meta:0.0|Exp:3.0|Func:0.0|Syn:0.0|Eff:0.0|Dmg:1.0|Mod:1.00,無,無
達摩狒狒,1階進化,14480,https://asia.pokemon-card.com/hk/card-img/hk00014480.png,寶可夢,150,Fire,,,火炎球,"Colorless,Colorless,Colorless,Colorless",40+,增加這隻寶可夢身上附加的【火】能量的數量×40點傷害。,,,,,,Water,,,3,16,normal,I,擴充包「烈獄狂火X」,M2,Uta,體內的火焰燃得越旺，<br/>力量就越大。火焰的溫度<br/>有時甚至能超過１４００度。,火紅不倒翁 → 達摩狒狒,,C+,10.00,Base:5.0|Meta:0.0|Exp:-1.0|Func:3.0|Syn:0.0|Eff:0.0|Dmg:3.0|Mod:1.00,"備戰傷害加成, 能量操作",無
達摩狒狒,1階進化,14035,https://asia.pokemon-card.com/hk/card-img/hk00014035.png,寶可夢,140,Fire,,,灼燒,"Fire,Colorless",50,將對手的戰鬥寶可夢【灼傷】。,粉碎頭擊,"Fire,Colorless,Colorless,Colorless",180,選擇2個這隻寶可夢身上附加的能量，將其丟棄。,,Water,,,2,14,normal,I,擴充包「漆黑伏特」,SV11B,svlt,透過燃燒體內１４００度的火焰，<br/>製造出足以用拳頭<br/>破壞砂石車的威力。,火紅不倒翁 → 達摩狒狒,,A,18.00,Base:5.0|Meta:0.0|Exp:3.0|Func:5.0|Syn:0.0|Eff:0.0|Dmg:5.0|Mod:1.00,"簡單灼傷, 能量操作",無
達摩狒狒,1階進化,9529,https://asia.pokemon-card.com/hk/card-img/hk00009529.png,寶可夢,140,Fire,,,鏗鏗拳,"Fire,Colorless,Colorless",60+,若這隻寶可夢身上放置有傷害指示物，則增加60點傷害。,高溫爆破,"Fire,Colorless,Colorless,Colorless",140,,,Water,,,3,18,normal,G,擴充包「黯焰支配者」,SV3,Yuya Oka,體內的火焰燃得越旺，力量就越大。火焰的溫度有時甚至能超過１４００度。,火紅不倒翁 → 達摩狒狒,,B,13.00,Base:5.0|Meta:0.0|Exp:2.0|Func:0.0|Syn:2.0|Eff:0.0|Dmg:4.0|Mod:1.00,"傷害指示物, 條件傷害",無
達摩狒狒,1階進化,11302,https://asia.pokemon-card.com/hk/card-img/hk00011302.png,寶可夢,140,Fire,,,滾動衝撞,"Fire,Fire",60,,猛火猛撞,"Fire,Fire,Fire",210,這隻寶可夢也受到70點傷害。,,Water,,,3,18,normal,H,擴充包「變幻假面」,SV6,OKUBO,總是熱血沸騰的寶可夢。<br/> 牠厚重的手臂使出的拳擊<br/> 甚至能把砂石車打得粉碎。,火紅不倒翁 → 達摩狒狒,,B+,14.00,Base:5.0|Meta:0.0|Exp:3.0|Func:0.0|Syn:0.0|Eff:0.0|Dmg:6.0|Mod:1.00,反噬傷害,無
萊希拉姆,基礎,14481,https://asia.pokemon-card.com/hk/card-img/hk00014481.png,寶可夢,130,Fire,,,烈焰,Fire,30,,燃燒閃焰,"Fire,Fire,Fire,Fire",240,這隻寶可夢也受到60點傷害。,,Water,,,2,17,normal,I,擴充包「烈獄狂火X」,M2,AKIRA EGAWA,在神話的敘述裡，如果人類<br/>蔑視真實、放縱欲望，牠就會<br/>用火焰燒盡他們的王國。,萊希拉姆,,C+,10.00,Base:5.0|Meta:0.0|Exp:-1.0|Func:0.0|Syn:0.0|Eff:0.0|Dmg:6.0|Mod:1.00,反噬傷害,無
花舞鳥ex,基礎,14482,https://asia.pokemon-card.com/hk/card-img/hk00014482.png,寶可夢,190,Fire,激動渦輪,若自己的場上有【火】屬性的「超級進化寶可夢【ex】」，則在自己的回合時，可不限次數使用。從自己的手牌選擇1張「基本【火】能量」卡，附於備戰區的【火】寶可夢身上。,火焰之翼,"Fire,Fire,Colorless",110,,,,,,,Water,,,1,18,normal,I,擴充包「烈獄狂火X」,M2,akagi,,花舞鳥ex,ex,B,13.00,Base:5.0|Meta:0.0|Exp:-1.0|Func:6.0|Syn:0.0|Eff:0.0|Dmg:3.0|Mod:1.00,"能量附著, 進化支援",無
炭小侍,基礎,14483,https://asia.pokemon-card.com/hk/card-img/hk00014483.png,寶可夢,70,Fire,,,集力,Fire,,從自己的牌庫選擇最多2張基本能量卡，在給對手看過後加入手牌。並且重洗牌庫。,劈打,Fire,10,,,Water,,,2,19,normal,I,擴充包「烈獄狂火X」,M2,Tomokazu Komiya,生命寄宿在燃燒的木炭上<br/>變成了寶可夢。即使敵人再強，<br/>也會以燃燒的鬥志迎面而戰。,炭小侍 → 紅蓮鎧騎 → 蒼炎刃鬼 → 蒼炎刃鬼ex → 紅蓮鎧騎ex,,C+,10.00,Base:5.0|Meta:0.0|Exp:-1.0|Func:6.0|Syn:0.0|Eff:0.0|Dmg:0.0|Mod:1.00,"抽卡效果, 搜索效果",無
炭小侍,基礎,8302,https://asia.pokemon-card.com/hk/card-img/hk00008302.png,寶可夢,60,Fire,,,火花,Fire,30,選擇1個這隻寶可夢身上附加的能量，將其丟棄。,,,,,,Water,,,1,10,normal,G,擴充包「朱ex」,SV1S,Souichirou Gunjima,生命寄宿在燃燒的木炭上變成了寶可夢。即使敵人再強，<br/>也會以燃燒的鬥志迎面而戰。,炭小侍 → 紅蓮鎧騎 → 蒼炎刃鬼 → 蒼炎刃鬼ex → 紅蓮鎧騎ex,,B,11.00,Base:5.0|Meta:0.0|Exp:2.0|Func:3.0|Syn:0.0|Eff:0.0|Dmg:1.0|Mod:1.00,能量操作,無
炭小侍,基礎,8303,https://asia.pokemon-card.com/hk/card-img/hk00008303.png,寶可夢,70,Fire,,,高溫爆破,"Fire,Fire,Colorless",60,,,,,,,Water,,,1,11,normal,G,擴充包「朱ex」,SV1S,nagimiso,生命寄宿在燃燒的木炭上變成了寶可夢。即使敵人再強，<br/>也會以燃燒的鬥志迎面而戰。,炭小侍 → 紅蓮鎧騎 → 蒼炎刃鬼 → 蒼炎刃鬼ex → 紅蓮鎧騎ex,,C+,9.00,Base:5.0|Meta:0.0|Exp:2.0|Func:0.0|Syn:0.0|Eff:0.0|Dmg:2.0|Mod:1.00,無,無
炭小侍,基礎,9971,https://asia.pokemon-card.com/hk/card-img/hk00009971.png,寶可夢,60,Fire,,,守住,Colorless,,擲1次硬幣若為正面，則在下個對手的回合，這隻寶可夢不會受到招式的傷害與效果的影響。,熔岩拳,"Fire,Colorless",20,,,Water,,,1,13,normal,G,擴充包「古代咆哮」,SV4K,kantaro,生命寄宿在燃燒的木炭上變成了寶可夢。即使敵人再強，<br/>也會以燃燒的鬥志迎面而戰。,炭小侍 → 紅蓮鎧騎 → 蒼炎刃鬼 → 蒼炎刃鬼ex → 紅蓮鎧騎ex,,B,11.00,Base:5.0|Meta:0.0|Exp:2.0|Func:2.0|Syn:2.0|Eff:0.0|Dmg:0.0|Mod:1.00,"傷害防禦, 效果免疫, 硬幣判定",無
炭小侍,基礎,9972,https://asia.pokemon-card.com/hk/card-img/hk00009972.png,寶可夢,80,Fire,,,燃燒鬥志,Colorless,,從自己的牌庫選擇1張「基本【火】能量」卡，附於這隻寶可夢身上。並且重洗牌庫。,拳骨,"Fire,Colorless,Colorless",50,,,Water,,,2,14,normal,G,擴充包「古代咆哮」,SV4K,Mizue,生命寄宿在燃燒的木炭上變成了寶可夢。即使敵人再強，<br/>也會以燃燒的鬥志迎面而戰。,炭小侍 → 紅蓮鎧騎 → 蒼炎刃鬼 → 蒼炎刃鬼ex → 紅蓮鎧騎ex,,B,11.00,Base:5.0|Meta:0.0|Exp:2.0|Func:3.0|Syn:0.0|Eff:0.0|Dmg:1.0|Mod:1.00,搜索效果,無
蒼炎刃鬼,1階進化,14484,https://asia.pokemon-card.com/hk/card-img/hk00014484.png,寶可夢,140,Fire,,,煉獄斬,Fire,220,從自己的手牌選擇4張「基本【火】能量」卡，將其丟棄。若無法丟棄4張卡，則這個招式失敗。,,,,,,Water,,,2,20,normal,I,擴充包「烈獄狂火X」,M2,Gemi,雙臂的火焰之劍靠著<br/>在得志前就亡命的<br/>劍士怨念而燃燒。,炭小侍 → 紅蓮鎧騎 → 蒼炎刃鬼 → 蒼炎刃鬼ex → 紅蓮鎧騎ex,,B+,14.00,Base:5.0|Meta:0.0|Exp:-1.0|Func:2.0|Syn:2.0|Eff:0.0|Dmg:6.0|Mod:1.00,條件失敗,無
蒼炎刃鬼,1階進化,8764,https://asia.pokemon-card.com/hk/card-img/hk00008764.png,寶可夢,140,Psychic,,,生命之紗,"Colorless,Colorless",50,將這隻寶可夢恢復「30」HP。,鬥士的巨劍,"Psychic,Colorless,Colorless",100+,若對手的戰鬥寶可夢為「寶可夢【ex】・【V】」，則增加100點傷害。,,Darkness,,Fighting,2,31,normal,G,擴充包「碟旋暴擊」,SV2D,Ryota Murayama,雙臂的火焰之劍靠著在得志前就亡命的<br/>劍士怨念而燃燒。,炭小侍 → 紅蓮鎧騎 → 蒼炎刃鬼 → 蒼炎刃鬼ex → 紅蓮鎧騎ex,,A,18.00,Base:5.0|Meta:0.0|Exp:2.0|Func:4.0|Syn:2.0|Eff:0.0|Dmg:5.0|Mod:1.00,"回復效果, 條件傷害",無
蒼炎刃鬼,1階進化,12098,https://asia.pokemon-card.com/hk/card-img/hk00012098.png,寶可夢,140,Fire,,,火焰咒詛,Colorless,,將對手的所有寶可夢身上附加的特殊能量卡全部丟棄。,黑煙斬,"Fire,Fire,Colorless",160,在下個自己的回合，這隻寶可夢無法使用招式。,,Water,,,2,22,normal,H,擴充包「超電突圍」,SV8,kantaro,憑藉滲進怨念的舊鎧甲<br/>而進化成的樣子。<br/>會毫不留情地斬斷敵人。,炭小侍 → 紅蓮鎧騎 → 蒼炎刃鬼 → 蒼炎刃鬼ex → 紅蓮鎧騎ex,,A+,20.00,Base:5.0|Meta:0.0|Exp:3.0|Func:5.0|Syn:2.0|Eff:0.0|Dmg:5.0|Mod:1.00,"使用限制, 招式鎖定, 能量操作",丟棄效果
小海獅,基礎,14485,https://asia.pokemon-card.com/hk/card-img/hk00014485.png,寶可夢,80,Water,,,泡沫吸取,"Water,Colorless",20,將這隻寶可夢恢復「20」HP。,,,,,,Lightning,,,2,21,normal,I,擴充包「烈獄狂火X」,M2,svlt,頭上有著非常堅硬的<br/>突起部分。能夠用頭錘<br/>撞破冰山來開路前進。,小海獅 → 白海獅,,D,6.00,Base:5.0|Meta:0.0|Exp:-1.0|Func:2.0|Syn:0.0|Eff:0.0|Dmg:0.0|Mod:1.00,回復效果,無
小海獅,基礎,8952,https://asia.pokemon-card.com/hk/card-img/hk00008952.png,寶可夢,80,Water,,,寒意,Water,20,,,,,,,Lightning,,,2,86,normal,G,強化擴充包「寶可夢卡牌151」,SV2a,aoki,因為有著厚厚的脂肪， 所以完全不怕寒冷的海域， <br/>但在溫暖的海裡就有點容易中暑。,小海獅 → 白海獅,,C,7.00,Base:5.0|Meta:0.0|Exp:2.0|Func:0.0|Syn:0.0|Eff:0.0|Dmg:0.0|Mod:1.00,無,無
白海獅,1階進化,14486,https://asia.pokemon-card.com/hk/card-img/hk00014486.png,寶可夢,130,Water,厚脂肪,這隻寶可夢受到對手的【火】或者【水】寶可夢招式的傷害「-30」點。,摔打,"Water,Colorless",70×,擲2次硬幣，造成正面出現的次數×70點傷害。,,,,,,Lightning,,,2,22,normal,I,擴充包「烈獄狂火X」,M2,Taira Akitsu,會在水溫變低的夜晚<br/>為了尋找食物而四處游動。<br/>白天會在淺海的海底睡覺。,小海獅 → 白海獅,,B,12.00,Base:5.0|Meta:0.0|Exp:-1.0|Func:2.0|Syn:0.0|Eff:0.0|Dmg:6.0|Mod:1.00,"傷害效果, 其他效果, 硬幣判定",無
白海獅,1階進化,8953,https://asia.pokemon-card.com/hk/card-img/hk00008953.png,寶可夢,130,Water,,,二重飛濺,"Water,Colorless",,對手的2隻寶可夢各受到50點傷害。[在備戰區不計算弱點・抵抗力。],極光束,"Water,Colorless,Colorless",100,,,Lightning,,,2,87,normal,G,強化擴充包「寶可夢卡牌151」,SV2a,aoki,進食之後會在沙灘上 做日光浴，藉此提高體溫 <br/>來幫助消化。,小海獅 → 白海獅,,B,13.00,Base:5.0|Meta:0.0|Exp:2.0|Func:3.0|Syn:0.0|Eff:0.0|Dmg:3.0|Mod:1.00,連鎖傷害,無
小山豬,基礎,14487,https://asia.pokemon-card.com/hk/card-img/hk00014487.png,寶可夢,70,Water,,,踩,Colorless,10,,雪花冰,"Water,Colorless",20,,,Metal,,,2,23,normal,I,擴充包「烈獄狂火X」,M2,imoniii,會用鼻子先端在地面挖洞<br/>找出食物。即使地面結了冰<br/>也絲毫不會受阻礙。,小山豬 → 長毛豬 → 象牙豬 → 象牙豬ex,,D,4.00,Base:5.0|Meta:0.0|Exp:-1.0|Func:0.0|Syn:0.0|Eff:0.0|Dmg:0.0|Mod:1.00,無,無
小山豬,基礎,13038,https://asia.pokemon-card.com/hk/card-img/hk00013038.png,寶可夢,70,Fighting,,,呼朋引伴,Colorless,,從自己的牌庫選擇最多2張【基礎】寶可夢卡，放置於備戰區。並且重洗牌庫。,撞倒,Fighting,10,,,Grass,,,2,44,normal,I,擴充包「對戰搭檔」,SV9,REND,會用鼻尖前端在地面挖洞<br/>找出食物。即使地面結了冰<br/>也絲毫不會受阻礙。,小山豬 → 長毛豬 → 象牙豬 → 象牙豬ex,,C+,10.00,Base:5.0|Meta:0.0|Exp:3.0|Func:2.0|Syn:0.0|Eff:0.0|Dmg:0.0|Mod:1.00,搜索效果,放置效果
長毛豬,1階進化,14488,https://asia.pokemon-card.com/hk/card-img/hk00014488.png,寶可夢,100,Water,,,上衝,"Colorless,Colorless",30+,擲1次硬幣若為正面，則增加30點傷害。,冰霜粉碎,"Water,Colorless,Colorless",70,,,Metal,,,3,24,normal,I,擴充包「烈獄狂火X」,M2,Shinya Komatsu,全身被長長的體毛覆蓋，<br/>非常耐寒。冰的獠牙在<br/>下雪時會變得更粗。,小山豬 → 長毛豬 → 象牙豬 → 象牙豬ex,,C,8.00,Base:5.0|Meta:0.0|Exp:-1.0|Func:0.0|Syn:2.0|Eff:0.0|Dmg:2.0|Mod:1.00,"條件傷害, 硬幣判定",無
長毛豬,1階進化,13039,https://asia.pokemon-card.com/hk/card-img/hk00013039.png,寶可夢,100,Fighting,,,怪力,Colorless,20,,牙撞,"Fighting,Fighting",50,,,Grass,,,3,45,normal,I,擴充包「對戰搭檔」,SV9,Aliya Chen,全身被長長的體毛覆蓋，<br/>非常耐寒。冰的獠牙在<br/>下雪時會變得更粗。,小山豬 → 長毛豬 → 象牙豬 → 象牙豬ex,,C+,9.00,Base:5.0|Meta:0.0|Exp:3.0|Func:0.0|Syn:0.0|Eff:0.0|Dmg:1.0|Mod:1.00,無,無
象牙豬,2階進化,14489,https://asia.pokemon-card.com/hk/card-img/hk00014489.png,寶可夢,180,Water,,,摧毀,"Colorless,Colorless,Colorless",120+,若場上有競技場卡，則增加120點傷害。然後，將那張競技場卡丟棄。,暴雪刀鋒,"Water,Colorless,Colorless,Colorless",200,選擇2個這隻寶可夢身上附加的能量，將其丟棄。,,Metal,,,4,25,normal,I,擴充包「烈獄狂火X」,M2,Takumi Wada,很久以前就存在的寶可夢。<br/>甚至連１萬年前的冰層裡<br/>都能發現牠的存在。,小山豬 → 長毛豬 → 象牙豬 → 象牙豬ex,,A,17.00,Base:5.0|Meta:0.0|Exp:-1.0|Func:3.0|Syn:4.0|Eff:0.0|Dmg:6.0|Mod:1.00,"條件傷害, 能量操作",競技場效果
水君,基礎,14490,https://asia.pokemon-card.com/hk/card-img/hk00014490.png,寶可夢,130,Water,,,水晶墜落,"Water,Water",30+,若自己的場上的【水】能量有4個以上，則增加90點傷害。,,,,,,Lightning,,,2,26,normal,I,擴充包「烈獄狂火X」,M2,Takeshi Nakamura,擁有瞬間淨化骯髒濁水的力量。<br/>據說是北風的化身。,水君,,B,12.00,Base:5.0|Meta:0.0|Exp:-1.0|Func:2.0|Syn:4.0|Eff:0.0|Dmg:2.0|Mod:1.00,條件傷害,無
水君,基礎,12639,https://asia.pokemon-card.com/hk/card-img/hk00012639.png,寶可夢,120,Water,,,飛馳,"Colorless,Colorless",30,對手的1隻備戰寶可夢也受到30點傷害。[在備戰區不計算弱點・抵抗力。],極光束,"Water,Water,Colorless",100,,,Lightning,,,1,31,normal,H,雙ex初階牌組 Generations,SVM,Kuroimori,在全世界四處奔馳，<br/>讓污水重回清澈。<br/>會隨著北風飛奔而去。,水君,,B,13.00,Base:5.0|Meta:0.0|Exp:2.0|Func:3.0|Syn:0.0|Eff:0.0|Dmg:3.0|Mod:1.00,連鎖傷害,無
波加曼,基礎,14491,https://asia.pokemon-card.com/hk/card-img/hk00014491.png,寶可夢,70,Water,,,朋友呼喚,Colorless,,從自己的牌庫選擇1張支援者卡，在給對手看過後加入手牌。並且重洗牌庫。,撞擊,"Colorless,Colorless",20,,,Lightning,,,1,27,normal,I,擴充包「烈獄狂火X」,M2,Hideki Ishikawa,不擅長走路，有時還會跌倒，<br/>但波加曼強烈的自尊心會讓牠<br/>威風地挺起胸膛，不當一回事。,波加曼 → 波皇子 → 帝王拿波 → 帝王拿波ex,,C,8.00,Base:5.0|Meta:0.0|Exp:-1.0|Func:4.0|Syn:0.0|Eff:0.0|Dmg:0.0|Mod:1.00,"抽卡效果, 搜索效果",無
波皇子,1階進化,14492,https://asia.pokemon-card.com/hk/card-img/hk00014492.png,寶可夢,100,Water,,,啄,Colorless,20,,瞄準俯衝,"Colorless,Colorless,Colorless",,對手的1隻備戰寶可夢受到70點傷害。[在備戰區不計算弱點・抵抗力。],,Lightning,,,2,28,normal,I,擴充包「烈獄狂火X」,M2,Atsuya Uki,從不結交夥伴，獨自生活。<br/>用翅膀發出的強烈一擊<br/>能把大樹劈成兩半。,波加曼 → 波皇子 → 帝王拿波 → 帝王拿波ex,,C,7.00,Base:5.0|Meta:0.0|Exp:-1.0|Func:3.0|Syn:0.0|Eff:0.0|Dmg:0.0|Mod:1.00,連鎖傷害,無
洛托姆ex,基礎,14493,https://asia.pokemon-card.com/hk/card-img/hk00014493.png,寶可夢,190,Lightning,多重轉接,只要這隻寶可夢在場上，名稱中有「洛托姆」的自己的所有寶可夢，各自身上最多可附有2張「寶可夢道具」卡。（這個特性消除時，將身上多附的「寶可夢道具」卡丟棄。）,十萬伏特,"Lightning,Colorless",130,將這隻寶可夢身上附加的能量卡全部丟棄。,,,,,,Fighting,,,1,29,normal,I,擴充包「烈獄狂火X」,M2,5ban Graphics,,洛托姆ex,ex,B,13.00,Base:5.0|Meta:0.0|Exp:-1.0|Func:3.0|Syn:2.0|Eff:0.0|Dmg:4.0|Mod:1.00,"能量操作, 道具消除",特性效果
來電汪,基礎,14494,https://asia.pokemon-card.com/hk/card-img/hk00014494.png,寶可夢,70,Lightning,,,嬉鬧,"Lightning,Colorless",20+,擲1次硬幣若為正面，則增加20點傷害。,,,,,,Fighting,,,1,30,normal,I,擴充包「烈獄狂火X」,M2,Ayako Ozaki,因為想要得到零食而<br/>幫助人類工作的貪吃鬼。<br/>總是帶著電火花跑來跑去。,來電汪 → 逐電犬,,C,8.00,Base:5.0|Meta:0.0|Exp:-1.0|Func:0.0|Syn:2.0|Eff:0.0|Dmg:2.0|Mod:1.00,"條件傷害, 硬幣判定",無
來電汪,基礎,10989,https://asia.pokemon-card.com/hk/card-img/hk00010989.png,寶可夢,70,Lightning,,,胡思亂撞,Colorless,20,擲1次硬幣若為反面，則這個招式失敗。,,,,,,Fighting,,,1,2,normal,H,起始組合「未來密勒頓ex」,SVHM,kurumitsu,奔跑的時候會從尾巴的根部製造出電能。在伽勒爾<br/>是很受歡迎的牧羊犬。,來電汪 → 逐電犬,,C+,9.00,Base:5.0|Meta:0.0|Exp:2.0|Func:0.0|Syn:2.0|Eff:0.0|Dmg:0.0|Mod:1.00,"條件失敗, 硬幣判定",無
逐電犬,1階進化,14495,https://asia.pokemon-card.com/hk/card-img/hk00014495.png,寶可夢,130,Lightning,,,電氣狂奔,"Lightning,Colorless",70+,擲1次硬幣若為正面，則增加70點傷害。,,,,,,Fighting,,,1,31,normal,I,擴充包「烈獄狂火X」,M2,Orca,電力增強了牠的腳力。<br/>當以最高速度奔跑時，<br/>時速可以輕易超過９０公里。,來電汪 → 逐電犬,,C+,10.00,Base:5.0|Meta:0.0|Exp:-1.0|Func:0.0|Syn:2.0|Eff:0.0|Dmg:4.0|Mod:1.00,"條件傷害, 硬幣判定",無
逐電犬,1階進化,10990,https://asia.pokemon-card.com/hk/card-img/hk00010990.png,寶可夢,120,Lightning,,,輸電衝刺,Colorless,50,從自己的牌庫選擇最多2張「基本【雷】能量」卡，以任意方式附於備戰寶可夢身上。並且重洗牌庫。,,,,,,Fighting,,,1,3,normal,H,起始組合「未來密勒頓ex」,SVHM,Oswaldo KATO,會製造電能，並傳送到腳上作為奔跑時的輔助動力。<br/>能不眠不休地奔跑三天三夜。,來電汪 → 逐電犬,,B,12.00,Base:5.0|Meta:0.0|Exp:2.0|Func:4.0|Syn:0.0|Eff:0.0|Dmg:1.0|Mod:1.00,搜索效果,無
布撥,基礎,14496,https://asia.pokemon-card.com/hk/card-img/hk00014496.png,寶可夢,60,Lightning,,,叫聲,Lightning,,在下個對手的回合，受到這個招式的寶可夢使用招式的傷害「-30」點。,小電氣,Lightning,10,,,Fighting,,,1,32,normal,I,擴充包「烈獄狂火X」,M2,Shimaris Yukichi,臉頰上的電囊尚未發達。<br/>必須拼命摩擦前腳的肉球，<br/>才終於能製造出電力。,布撥 → 布土撥 → 巴布土撥 → 巴布土撥ex,,D,6.00,Base:5.0|Meta:0.0|Exp:-1.0|Func:2.0|Syn:0.0|Eff:0.0|Dmg:0.0|Mod:1.00,其他效果,無
布撥,基礎,8863,https://asia.pokemon-card.com/hk/card-img/hk00008863.png,寶可夢,50,Lightning,,,劈啪巴掌,"Lightning,Colorless",20,擲1次硬幣若為正面，則選擇1個對手的戰鬥寶可夢身上附加的能量，將其丟棄。,,,,,,Fighting,,,1,27,promo,G,特典卡 朱&紫,SV,Ryuta Fuse,臉頰上的電囊尚未發達。 必須拼命摩擦前腳的肉球，<br/> 才終於能製造出電力。,布撥 → 布土撥 → 巴布土撥 → 巴布土撥ex,,B+,14.00,Base:5.0|Meta:0.0|Exp:2.0|Func:5.0|Syn:2.0|Eff:0.0|Dmg:0.0|Mod:1.00,"硬幣判定, 能量操作",丟棄效果
布撥,基礎,8403,https://asia.pokemon-card.com/hk/card-img/hk00008403.png,寶可夢,50,Lightning,,,小衝擊,Lightning,,擲1次硬幣若為正面，則將對手的戰鬥寶可夢【麻痺】。,,,,,,Fighting,,,1,33,normal,G,擴充包「紫ex」,SV1V,Tika Matsuno,手的肉球是放電的器官。會費勁地用後腳站起來，<br/>然後從手掌釋放出電擊。,布撥 → 布土撥 → 巴布土撥 → 巴布土撥ex,,B,11.00,Base:5.0|Meta:0.0|Exp:2.0|Func:2.0|Syn:2.0|Eff:0.0|Dmg:0.0|Mod:1.00,"狀態異常, 硬幣判定",無
布撥,基礎,8404,https://asia.pokemon-card.com/hk/card-img/hk00008404.png,寶可夢,60,Lightning,,,打擊,Colorless,10,,電氣踢,"Lightning,Colorless",20,,,Fighting,,,1,34,normal,G,擴充包「紫ex」,SV1V,kantaro,手的肉球是放電的器官。會費勁地用後腳站起來，<br/>然後從手掌釋放出電擊。,布撥 → 布土撥 → 巴布土撥 → 巴布土撥ex,,C,7.00,Base:5.0|Meta:0.0|Exp:2.0|Func:0.0|Syn:0.0|Eff:0.0|Dmg:0.0|Mod:1.00,無,無
布撥,基礎,12208,https://asia.pokemon-card.com/hk/card-img/hk00012208.png,寶可夢,40,Lightning,,,瞄準電光,Lightning,,對手的1隻寶可夢受到20點傷害。[在備戰區不計算弱點・抵抗力。],,,,,,Fighting,,,1,22,normal,H,Trianers Camp,SVI,Natsumi Yoshida,手的肉球是放電的器官。<br/>會費勁地用後腳站起來，<br/>然後從手掌釋放出電擊。,布撥 → 布土撥 → 巴布土撥 → 巴布土撥ex,,C+,10.00,Base:5.0|Meta:0.0|Exp:2.0|Func:3.0|Syn:0.0|Eff:0.0|Dmg:0.0|Mod:1.00,連鎖傷害,無
布土撥,1階進化,14497,https://asia.pokemon-card.com/hk/card-img/hk00014497.png,寶可夢,90,Lightning,,,麻麻拳,"Lightning,Lightning",60,,,,,,,Fighting,,,1,33,normal,I,擴充包「烈獄狂火X」,M2,Taiga Kayama,當群體受到襲擊的時候，<br/>會率先挑起戰鬥，以結合了<br/>電擊的格鬥技撂倒敵人。,布撥 → 布土撥 → 巴布土撥 → 巴布土撥ex,,D,6.00,Base:5.0|Meta:0.0|Exp:-1.0|Func:0.0|Syn:0.0|Eff:0.0|Dmg:2.0|Mod:1.00,無,無
布土撥,1階進化,8405,https://asia.pokemon-card.com/hk/card-img/hk00008405.png,寶可夢,90,Lightning,,,電擊,Lightning,30,擲1次硬幣若為正面，則將對手的戰鬥寶可夢【麻痺】。,伏特頭擊,"Lightning,Lightning,Colorless",70,,,Fighting,,,1,35,normal,G,擴充包「紫ex」,SV1V,Saya Tsuruta,使用的格鬥技非常獨特，會一邊用手掌給予打擊，<br/>並一邊用肉球施放電擊。,布撥 → 布土撥 → 巴布土撥 → 巴布土撥ex,,B,13.00,Base:5.0|Meta:0.0|Exp:2.0|Func:2.0|Syn:2.0|Eff:0.0|Dmg:2.0|Mod:1.00,"狀態異常, 硬幣判定",無
巴布土撥,2階進化,14498,https://asia.pokemon-card.com/hk/card-img/hk00014498.png,寶可夢,140,Lightning,,,怒氣拳,"Lightning,Lightning",130,若希望，這隻寶可夢也受到60點傷害，將對手的戰鬥寶可夢【麻痺】。,,,,,,Fighting,,,1,34,normal,I,擴充包「烈獄狂火X」,M2,satoma,雖然平時動作慢吞吞的，但在<br/>逼不得已要面對戰鬥時，會用<br/>迅雷不及掩耳的身手擊潰敵人。,布撥 → 布土撥 → 巴布土撥 → 巴布土撥ex,,B,12.00,Base:5.0|Meta:0.0|Exp:-1.0|Func:2.0|Syn:2.0|Eff:0.0|Dmg:4.0|Mod:1.00,"反噬傷害, 條件傷害, 狀態異常",無
巴布土撥,2階進化,8406,https://asia.pokemon-card.com/hk/card-img/hk00008406.png,寶可夢,130,Lightning,起電,在自己的回合時可使用1次。從自己的牌庫選擇1張「基本【雷】能量」卡，附於這隻寶可夢身上。並且重洗牌庫。,電子肉球,"Lightning,Lightning,Colorless",230,將這隻寶可夢身上附加的能量卡全部丟棄。,,,,,,Fighting,,,0,36,normal,G,擴充包「紫ex」,SV1V,Mizue,膨鬆的體毛是蓄電池，可以積蓄與電動汽車<br/>等量的電力。,布撥 → 布土撥 → 巴布土撥 → 巴布土撥ex,,A,19.00,Base:5.0|Meta:0.0|Exp:2.0|Func:4.0|Syn:2.0|Eff:0.0|Dmg:6.0|Mod:1.00,"搜索效果, 能量操作",無
巴布土撥,2階進化,8841,https://asia.pokemon-card.com/hk/card-img/hk00008841.png,寶可夢,140,Lightning,,,音速伏特,Lightning,40,,電氣拳,"Lightning,Lightning",100,對手的1隻備戰寶可夢也受到60點傷害。[在備戰區不計算弱點・抵抗力。],,Fighting,,,1,9,normal,G,起始組合ex 皮卡丘特別組合,SVC,kodama,雖然平時動作慢吞吞的，但在逼不得已要面對戰鬥時，會用迅雷不及掩耳的身手擊潰敵人。,布撥 → 布土撥 → 巴布土撥 → 巴布土撥ex,,B,13.00,Base:5.0|Meta:0.0|Exp:2.0|Func:3.0|Syn:0.0|Eff:0.0|Dmg:3.0|Mod:1.00,連鎖傷害,無
夢妖,基礎,14499,https://asia.pokemon-card.com/hk/card-img/hk00014499.png,寶可夢,70,Psychic,,,咒怨一下,Psychic,20,,,,,,,Darkness,,Fighting,1,35,normal,I,擴充包「烈獄狂火X」,M2,Mousho,會在半夜嚇唬人類，<br/>然後把收集到的恐懼之心<br/>轉化成自身能量的寶可夢。,夢妖 → 夢妖魔 → 夢妖魔ex,,D,4.00,Base:5.0|Meta:0.0|Exp:-1.0|Func:0.0|Syn:0.0|Eff:0.0|Dmg:0.0|Mod:1.00,無,無
夢妖,基礎,8623,https://asia.pokemon-card.com/hk/card-img/hk00008623.png,寶可夢,70,Psychic,,,催眠波動,"Psychic,Colorless",10,將對手的戰鬥寶可夢【睡眠】。,,,,,,Darkness,,Fighting,1,34,normal,G,強化擴充包「三連音爆」,SV1a,Megumi Higuchi,會在半夜嚇唬人類，然後把收集到的恐懼之心<br/>轉化成自身能量的寶可夢。,夢妖 → 夢妖魔,,C+,9.00,Base:5.0|Meta:0.0|Exp:2.0|Func:2.0|Syn:0.0|Eff:0.0|Dmg:0.0|Mod:1.00,狀態異常,無
夢妖魔ex,1階進化,14500,https://asia.pokemon-card.com/hk/card-img/hk00014500.png,寶可夢,260,Psychic,漩渦言靈,只要這隻寶可夢在戰鬥場上，在對手的回合，每次對手的戰鬥寶可夢回到備戰區時，將新上場的寶可夢【混亂】。,六之魔法,"Psychic,Psychic",150,若希望，從牌庫抽卡直到自己的手牌滿6張為止。,,,,,,Darkness,,Fighting,1,36,normal,I,擴充包「烈獄狂火X」,M2,5ban Graphics,,夢妖 → 夢妖魔 → 夢妖魔ex,ex,A,17.00,Base:5.0|Meta:0.0|Exp:-1.0|Func:6.0|Syn:2.0|Eff:0.0|Dmg:5.0|Mod:1.00,"抽卡效果, 狀態異常",無
木棉球,基礎,14501,https://asia.pokemon-card.com/hk/card-img/hk00014501.png,寶可夢,60,Psychic,,,呼喚,Colorless,,從自己的牌庫抽出1張卡。,,,,,,Metal,,,1,37,normal,I,擴充包「烈獄狂火X」,M2,Kariya,使用木棉球吐出的棉花<br/>製作而成的枕頭和被褥<br/>是又輕又透氣的高級商品。,木棉球 → 風妖精 → 風妖精GX → 風妖精ex,,C+,10.00,Base:5.0|Meta:0.0|Exp:-1.0|Func:3.0|Syn:3.0|Eff:0.0|Dmg:0.0|Mod:1.00,"抽卡效果, 搜索效果",無
木棉球,基礎,14111,https://asia.pokemon-card.com/hk/card-img/hk00014111.png,寶可夢,60,Grass,,,吸取,Grass,10,將這隻寶可夢恢復「10」HP。,,,,,,Fire,,,1,4,normal,I,擴充包「純白閃焰」,SV11W,sui,受到襲擊時會從身體噴出棉花，<br/>趁著敵人把棉花誤以為是<br/>木棉球時逃之夭夭。,木棉球 → 風妖精 → 風妖精GX → 風妖精ex,,B,13.00,Base:5.0|Meta:0.0|Exp:3.0|Func:2.0|Syn:3.0|Eff:0.0|Dmg:0.0|Mod:1.00,回復效果,無
木棉球,基礎,10804,https://asia.pokemon-card.com/hk/card-img/hk00010804.png,寶可夢,60,Grass,,,三重旋轉,Grass,10×,擲3次硬幣，造成正面出現的次數×10點傷害。,,,,,,Fire,,,1,7,normal,H,擴充包「狂野之力」,SV5K,Kyoko Umemoto,會噴出棉花保護身體。有時會被颱風吹到<br/>地球的另一邊。,木棉球 → 風妖精 → 風妖精GX → 風妖精ex,,B,11.00,Base:5.0|Meta:0.0|Exp:2.0|Func:0.0|Syn:3.0|Eff:0.0|Dmg:1.0|Mod:1.00,"傷害效果, 硬幣判定",無
木棉球,基礎,9831,https://asia.pokemon-card.com/hk/card-img/hk00009831.png,寶可夢,60,Psychic,,,浮躁攻擊,Psychic,30,擲1次硬幣若為反面，則這個招式失敗。,,,,,,Metal,,,1,7,normal,G,起始組合 太晶 超夢ex,SVEM,kurumitsu,將木棉球和白蓬蓬的棉花混合後編織出的布料極其精緻，<br/>因此常被高級品牌選用。,木棉球 → 風妖精 → 風妖精GX → 風妖精ex,,B,13.00,Base:5.0|Meta:0.0|Exp:2.0|Func:0.0|Syn:5.0|Eff:0.0|Dmg:1.0|Mod:1.00,"條件失敗, 硬幣判定",無
風妖精,1階進化,14502,https://asia.pokemon-card.com/hk/card-img/hk00014502.png,寶可夢,90,Psychic,,,治癒棉絮,Colorless,,將自己的1隻備戰寶可夢的HP全部恢復。,急速折返,Psychic,50,將這隻寶可夢與備戰寶可夢互換。,,Metal,,,1,38,normal,I,擴充包「烈獄狂火X」,M2,Yuka Tanaka,無論是多麼窄小的縫隙，<br/>都能像風兒般地穿過。<br/>會留下白色的毛球。,木棉球 → 風妖精 → 風妖精GX → 風妖精ex,,B,12.00,Base:5.0|Meta:0.0|Exp:-1.0|Func:5.0|Syn:2.0|Eff:0.0|Dmg:1.0|Mod:1.00,"切換效果, 回復效果",無
風妖精,1階進化,10805,https://asia.pokemon-card.com/hk/card-img/hk00010805.png,寶可夢,100,Grass,柔柔治癒,在自己的回合，從手牌使出這張卡並完成進化時，可使用1次。將自己的戰鬥場的【草】寶可夢的HP全部恢復。然後，將恢復的寶可夢身上附加的能量全部丟棄。,種子炸彈,Grass,40,,,,,,,Fire,,,1,8,normal,H,擴充包「狂野之力」,SV5K,Mizue,喜歡到處撒棉花搗蛋。沾水之後就會變重而<br/>動彈不得，只能聽天由命。,木棉球 → 風妖精 → 風妖精GX → 風妖精ex,,A,18.00,Base:5.0|Meta:0.0|Exp:2.0|Func:10.0|Syn:0.0|Eff:0.0|Dmg:1.0|Mod:1.00,"回復效果, 能量操作",進化效果
蒼響,基礎,14503,https://asia.pokemon-card.com/hk/card-img/hk00014503.png,寶可夢,130,Psychic,,,界限破壞,"Psychic,Colorless",50+,若對手剩餘獎賞卡的張數為3張以下，則增加90點傷害。,,,,,,Metal,,,2,39,normal,I,擴充包「烈獄狂火X」,M2,kawayoo,能斬斷世間萬物，<br/>因此被稱為妖精王之劍，<br/>讓敵友都對牠敬畏不已。,蒼響,,B,11.00,Base:5.0|Meta:0.0|Exp:-1.0|Func:2.0|Syn:2.0|Eff:0.0|Dmg:3.0|Mod:1.00,"條件傷害, 獎賞控制",無
蒼響,基礎,9893,https://asia.pokemon-card.com/hk/card-img/hk00009893.png,寶可夢,120,Metal,,,鐵之咆哮,Metal,30,從自己的棄牌區選擇1張「基本【鋼】能量」卡，附於備戰寶可夢身上。,無畏聖劍,"Metal,Metal,Colorless",130,在下個自己的回合，這隻寶可夢無法使用招式。,,Fire,,Grass,2,48,normal,G,強化擴充包「激狂駭浪」,SV3a,Tonji Matsuno,能斬斷世間萬物，因此被稱為妖精王之劍，<br/>讓敵友都對牠敬畏不已。,蒼響,,B+,14.00,Base:5.0|Meta:0.0|Exp:2.0|Func:3.0|Syn:0.0|Eff:0.0|Dmg:4.0|Mod:1.00,"使用限制, 招式鎖定, 搜索效果",無
納噬草,基礎,14504,https://asia.pokemon-card.com/hk/card-img/hk00014504.png,寶可夢,50,Psychic,,,悄聲加害,Psychic,,在對手的1隻寶可夢身上放置1個傷害指示物。,,,,,,Darkness,,Fighting,1,40,normal,I,擴充包「烈獄狂火X」,M2,Takeshi Nakamura,無法升天的靈魂在風的<br/>吹拂下被捲進枯草裡，<br/>變成了寶可夢。,納噬草 → 怖納噬草,,D,6.00,Base:5.0|Meta:0.0|Exp:-1.0|Func:2.0|Syn:0.0|Eff:0.0|Dmg:0.0|Mod:1.00,傷害指示物,無
納噬草,基礎,8672,https://asia.pokemon-card.com/hk/card-img/hk00008672.png,寶可夢,40,Grass,,,乘風,Colorless,10,擲1次硬幣若為正面，則將這隻寶可夢與備戰寶可夢互換。,,,,,,Fire,,,1,10,normal,G,擴充包「冰雪險境」,SV2P,Pani Kobayashi,無法升天的靈魂在風的吹拂下被捲進枯草裡，<br/>變成了寶可夢。,納噬草 → 怖納噬草,,B,12.00,Base:5.0|Meta:0.0|Exp:2.0|Func:3.0|Syn:2.0|Eff:0.0|Dmg:0.0|Mod:1.00,"切換效果, 硬幣判定",無
納噬草,基礎,8673,https://asia.pokemon-card.com/hk/card-img/hk00008673.png,寶可夢,50,Grass,,,吸取一下,Grass,10,將這隻寶可夢恢復「10」HP。,,,,,,Fire,,,1,11,normal,G,擴充包「冰雪險境」,SV2P,Miki Tanaka,無法升天的靈魂在風的吹拂下被捲進枯草裡，<br/>變成了寶可夢。,納噬草 → 怖納噬草,,C+,9.00,Base:5.0|Meta:0.0|Exp:2.0|Func:2.0|Syn:0.0|Eff:0.0|Dmg:0.0|Mod:1.00,回復效果,無
納噬草,基礎,10880,https://asia.pokemon-card.com/hk/card-img/hk00010880.png,寶可夢,50,Grass,,,針刺,"Colorless,Colorless",30,,,,,,,Fire,,,1,12,normal,H,擴充包「異度審判」,SV5M,Tetsu Kayama,在風的吹拂下滾動於荒野間，就連自己也不知道會滾到哪裡去。<br/>最討厭身體被弄得濕答答的。,納噬草 → 怖納噬草,,C,8.00,Base:5.0|Meta:0.0|Exp:2.0|Func:0.0|Syn:0.0|Eff:0.0|Dmg:1.0|Mod:1.00,無,無
怖納噬草,1階進化,14505,https://asia.pokemon-card.com/hk/card-img/hk00014505.png,寶可夢,100,Psychic,恐慌牢籠,在自己的回合，從手牌使出這張卡並完成進化時，可使用1次。將對手的戰鬥寶可夢【混亂】。,‌念動彈,"Psychic,Colorless,Colorless",80,,,,,,,Darkness,,Fighting,2,41,normal,I,擴充包「烈獄狂火X」,M2,Tetsu Kayama,會張開頭的樹枝吞沒獵物。<br/>把精氣吸得淋漓盡致後，<br/>就會吐出來丟掉。,納噬草 → 怖納噬草,,B+,15.00,Base:5.0|Meta:0.0|Exp:-1.0|Func:9.0|Syn:0.0|Eff:0.0|Dmg:2.0|Mod:1.00,狀態異常,進化效果
怖納噬草,1階進化,8674,https://asia.pokemon-card.com/hk/card-img/hk00008674.png,寶可夢,100,Grass,,,生命吸取,Grass,30,將這隻寶可夢恢復「30」HP。,枯木牢獄,"Colorless,Colorless,Colorless",80,在下個對手的回合，受到這個招式的寶可夢使用招式所需的能量增加2個【無】能量。,,Fire,,,3,12,normal,G,擴充包「冰雪險境」,SV2P,KEIICHIRO ITO,會張開頭的樹枝吞沒獵物。把精氣吸得淋漓盡致後，<br/>就會吐出來丟掉。,納噬草 → 怖納噬草,,B+,15.00,Base:5.0|Meta:0.0|Exp:2.0|Func:6.0|Syn:0.0|Eff:0.0|Dmg:2.0|Mod:1.00,"回復效果, 條件傷害, 能量需求增加",無
怖納噬草,1階進化,10881,https://asia.pokemon-card.com/hk/card-img/hk00010881.png,寶可夢,100,Grass,雜草魂,這隻寶可夢的最大HP，依對手已經獲得的獎賞卡每1張「+50」。,強力尖刺,"Grass,Colorless,Colorless",80×,擲與這隻寶可夢身上附加的能量的數量相同次數的硬幣，造成正面出現的次數×80點傷害。,,,,,,Fire,,,3,13,normal,H,擴充包「異度審判」,SV5M,otumami,會在乾燥地帶流浪。有極低的機率會大量出現，<br/>把一整座城鎮塞得滿滿滿。,納噬草 → 怖納噬草,,A+,21.00,Base:5.0|Meta:0.0|Exp:2.0|Func:6.0|Syn:0.0|Eff:0.0|Dmg:8.0|Mod:1.00,"HP提升, 傷害效果, 獎賞控制, 硬幣判定, 能量操作",無
帕底亞 肯泰羅,基礎,14506,https://asia.pokemon-card.com/hk/card-img/hk00014506.png,寶可夢,130,Fighting,,,憤怒猛撞,Fighting,40×,造成自己的場上的，身上放置有傷害指示物的名稱中有「肯泰羅」的寶可夢的數量×40點傷害。,捨身衝撞,"Fighting,Fighting",70,這隻寶可夢也受到20點傷害。,,Psychic,,,2,42,normal,I,擴充包「烈獄狂火X」,M2,Souichirou Gunjima,擅長以肌肉發達的身體<br/>打格鬥戰。會用短短的角<br/>瞄準對手的要害。,帕底亞 肯泰羅,,C,8.00,Base:5.0|Meta:0.0|Exp:-1.0|Func:0.0|Syn:2.0|Eff:0.0|Dmg:2.0|Mod:1.00,"備戰傷害加成, 傷害指示物, 傷害效果, 反噬傷害",放置效果
帕底亞 肯泰羅,基礎,8600,https://asia.pokemon-card.com/hk/card-img/hk00008600.png,寶可夢,130,Fire,,,憤怒之角,"Colorless,Colorless",20+,增加這隻寶可夢身上放置的傷害指示物的數量×10點傷害。,火焰衝刺,"Fire,Fire,Colorless",120,選擇1個這隻寶可夢身上附加的能量，將其丟棄。,,Water,,,2,11,normal,G,強化擴充包「三連音爆」,SV1a,AKIRA EGAWA,噴出的鼻息溫度很高，因此被命名為火熾種。<br/>３根尾巴總是束在一起。,帕底亞 肯泰羅,,B+,14.00,Base:5.0|Meta:0.0|Exp:2.0|Func:3.0|Syn:0.0|Eff:0.0|Dmg:4.0|Mod:1.00,"備戰傷害加成, 傷害指示物, 能量操作",無
帕底亞 肯泰羅,基礎,12087,https://asia.pokemon-card.com/hk/card-img/hk00012087.png,寶可夢,130,Fire,,,後踢,Fire,30,,真氣衝撞,"Fire,Colorless,Colorless",90+,若對手的戰鬥寶可夢為【1階進化】寶可夢，則增加90點傷害。,,Water,,,2,11,normal,H,擴充包「超電突圍」,SV8,Taiga Kasai,噴出的鼻息溫度很高，<br/>因此被命名為火熾種。<br/>３根尾巴總是束在一起。,帕底亞 肯泰羅,,A,19.00,Base:5.0|Meta:0.0|Exp:3.0|Func:5.0|Syn:2.0|Eff:0.0|Dmg:4.0|Mod:1.00,"條件傷害, 進化支援",無
帕底亞 肯泰羅,基礎,12100,https://asia.pokemon-card.com/hk/card-img/hk00012100.png,寶可夢,130,Water,,,上搗角擊,"Colorless,Colorless",30,若希望，選擇2個對手的戰鬥場的【2階進化】寶可夢身上附加的能量，放回對手的手牌。,噴射頭擊,"Water,Water,Colorless",100,,,Lightning,,,2,24,normal,H,擴充包「超電突圍」,SV8,toi8,會從角噴出水來游泳。<br/>脂肪含量高而容易浮在水上<br/>是水瀾種的特徵。,帕底亞 肯泰羅,,A+,21.00,Base:5.0|Meta:0.0|Exp:3.0|Func:8.0|Syn:2.0|Eff:0.0|Dmg:3.0|Mod:1.00,"能量操作, 進化支援",無
天蠍,基礎,14507,https://asia.pokemon-card.com/hk/card-img/hk00014507.png,寶可夢,70,Fighting,,,毒擊,Fighting,10,將對手的戰鬥寶可夢【中毒】。,,,,,,Grass,,,1,43,normal,I,擴充包「烈獄狂火X」,M2,Kazumasa Yasukuni,會在陡峭的崖壁上築巢。<br/>每次滑翔之後，<br/>都會跳著回到巢裡。,天蠍 → 天蠍王,,D,6.00,Base:5.0|Meta:0.0|Exp:-1.0|Func:2.0|Syn:0.0|Eff:0.0|Dmg:0.0|Mod:1.00,狀態異常,無
天蠍,基礎,9867,https://asia.pokemon-card.com/hk/card-img/hk00009867.png,寶可夢,70,Fighting,,,劇毒,Colorless,,擲1次硬幣若為正面，則將對手的戰鬥寶可夢【中毒】。因這個【中毒】而放置的傷害指示物的數量改為2個。,,,,,,Grass,,,1,22,normal,G,強化擴充包「激狂駭浪」,SV3a,HYOGONOSUKE,會朝著獵物迎面飛來， 然後趁著被纏上的獵物 <br/>驚慌失措時刺入毒針。,天蠍 → 天蠍王,,B,11.00,Base:5.0|Meta:0.0|Exp:2.0|Func:2.0|Syn:2.0|Eff:0.0|Dmg:0.0|Mod:1.00,"傷害指示物, 狀態施加, 狀態異常, 硬幣判定",無
天蠍王,1階進化,14508,https://asia.pokemon-card.com/hk/card-img/hk00014508.png,寶可夢,120,Fighting,,,毒陣,Fighting,50,將對手的戰鬥寶可夢【中毒】。在下個對手的回合，受到這個招式的寶可夢無法撤退。,,,,,,Grass,,,1,44,normal,I,擴充包「烈獄狂火X」,M2,Dsuke,即使是微風，只要順利乘風滑翔，<br/>就能一次也不拍動翅膀地<br/>環繞這個星球一周。,天蠍 → 天蠍王,,C,7.00,Base:5.0|Meta:0.0|Exp:-1.0|Func:2.0|Syn:0.0|Eff:0.0|Dmg:1.0|Mod:1.00,"撤退封鎖, 狀態異常",撤退效果
天蠍王,1階進化,9868,https://asia.pokemon-card.com/hk/card-img/hk00009868.png,寶可夢,120,Fighting,,,突刺,Colorless,40,,劇毒針,"Colorless,Colorless,Colorless",80,擲1次硬幣若為正面，則將對手的戰鬥寶可夢【中毒】。因這個【中毒】而放置的傷害指示物的數量改為2個。,,Grass,,,2,23,normal,G,強化擴充包「激狂駭浪」,SV3a,GOSSAN,可不發出振翅聲而在空中飛行。 先用長長的尾巴攫住獵物， <br/>再用牙齒朝弱點給予一刺。,天蠍 → 天蠍王,,B,13.00,Base:5.0|Meta:0.0|Exp:2.0|Func:2.0|Syn:2.0|Eff:0.0|Dmg:2.0|Mod:1.00,"傷害指示物, 狀態施加, 狀態異常, 硬幣判定",無
大顎蟻,基礎,14509,https://asia.pokemon-card.com/hk/card-img/hk00014509.png,寶可夢,70,Fighting,,,二連頭錘,Fighting,10×,擲2次硬幣，造成正面出現的次數×10點傷害。,,,,,,Grass,,,1,45,normal,I,擴充包「烈獄狂火X」,M2,Uta,棲息在乾燥的沙漠裡。<br/>會待在缽狀的巢穴中，<br/>動也不動地不斷等候獵物出現。,大顎蟻 → 超音波幼蟲 → 沙漠蜻蜓 → 沙漠蜻蜓GX → 沙漠蜻蜓ex,,D,5.00,Base:5.0|Meta:0.0|Exp:-1.0|Func:0.0|Syn:0.0|Eff:0.0|Dmg:1.0|Mod:1.00,"傷害效果, 硬幣判定",無
大顎蟻,基礎,11951,https://asia.pokemon-card.com/hk/card-img/hk00011951.png,寶可夢,60,Fighting,,,呼朋引伴,Colorless,,從自己的牌庫選擇最多2張【基礎】寶可夢卡，放置於備戰區。並且重洗牌庫。,咬住,"Fighting,Colorless",20,,,Grass,,,1,25,normal,H,強化擴充包「樂園騰龍」,SV7a,Taiga Kayama,一邊用大大的顎把礙事的<br/>岩石咬碎，一邊挖沙子。<br/>巢穴的形狀就像研磨缽一樣。,大顎蟻 → 超音波幼蟲 → 沙漠蜻蜓 → 沙漠蜻蜓GX → 沙漠蜻蜓ex,,C+,10.00,Base:5.0|Meta:0.0|Exp:3.0|Func:2.0|Syn:0.0|Eff:0.0|Dmg:0.0|Mod:1.00,搜索效果,放置效果
超音波幼蟲,1階進化,14510,https://asia.pokemon-card.com/hk/card-img/hk00014510.png,寶可夢,90,Fighting,,,超震動,"Fighting,Fighting",60,,,,,,,Grass,,,1,46,normal,I,擴充包「烈獄狂火X」,M2,Miki Tanaka,還未發達的翅膀比起用於飛行，<br/>更常用來摩擦發出超音波，<br/>從而攻擊敵人。,大顎蟻 → 超音波幼蟲 → 沙漠蜻蜓 → 沙漠蜻蜓GX → 沙漠蜻蜓ex,,D,6.00,Base:5.0|Meta:0.0|Exp:-1.0|Func:0.0|Syn:0.0|Eff:0.0|Dmg:2.0|Mod:1.00,無,無
超音波幼蟲,1階進化,11952,https://asia.pokemon-card.com/hk/card-img/hk00011952.png,寶可夢,90,Fighting,,,刺耳聲,Colorless,,在下個自己的回合，受到這個招式的寶可夢受到招式的傷害「+50」點。,利刃之風,"Fighting,Colorless",50,,,Grass,,,1,26,normal,H,強化擴充包「樂園騰龍」,SV7a,Teeziro,會劇烈地振動翅膀<br/>來產生超音波。<br/>能用消化液來溶解昏迷的獵物。,大顎蟻 → 超音波幼蟲 → 沙漠蜻蜓 → 沙漠蜻蜓GX → 沙漠蜻蜓ex,,C+,9.00,Base:5.0|Meta:0.0|Exp:3.0|Func:0.0|Syn:0.0|Eff:0.0|Dmg:1.0|Mod:1.00,HP提升,無
沙漠蜻蜓,2階進化,14511,https://asia.pokemon-card.com/hk/card-img/hk00014511.png,寶可夢,150,Fighting,沙之羽擊,在自己的回合，從手牌使出這張卡並完成進化時，與這隻寶可夢在戰鬥場上受到對手的招式的傷害而【昏厥】時，各可使用1次。將對手的牌庫上方2張卡丟棄。,利刃之風,"Fighting,Fighting",130,,,,,,,Grass,,,1,47,normal,I,擴充包「烈獄狂火X」,M2,Jerky,被稱為沙漠精靈。<br/>會躲在拍動翅膀掀起的沙暴中。,大顎蟻 → 超音波幼蟲 → 沙漠蜻蜓 → 沙漠蜻蜓GX → 沙漠蜻蜓ex,,A,17.00,Base:5.0|Meta:0.0|Exp:-1.0|Func:9.0|Syn:0.0|Eff:0.0|Dmg:4.0|Mod:1.00,搜索效果,"丟棄效果, 進化效果"
狃拉,基礎,14512,https://asia.pokemon-card.com/hk/card-img/hk00014512.png,寶可夢,70,Darkness,,,豎爪,Darkness,10,,抓,"Darkness,Darkness",30,,,Grass,,,1,48,normal,I,擴充包「烈獄狂火X」,M2,Souichirou Gunjima,會潛藏在黑暗中使自己變得<br/>不起眼，然後伺機襲擊獵物，<br/>是非常狡詐的寶可夢。,狃拉 → 瑪狃拉 → 瑪狃拉GX,,D,5.00,Base:5.0|Meta:0.0|Exp:-1.0|Func:0.0|Syn:0.0|Eff:0.0|Dmg:1.0|Mod:1.00,無,無
瑪狃拉,1階進化,14513,https://asia.pokemon-card.com/hk/card-img/hk00014513.png,寶可夢,90,Darkness,,,報應爪,"Darkness,Darkness",20+,若這隻寶可夢的剩餘HP為「50」以下，則增加170點傷害。,居合斬,"Darkness,Darkness",60,,,Grass,,,1,49,normal,I,擴充包「烈獄狂火X」,M2,matazo,進化後變得更加狡詐，<br/>會用爪子在石頭上<br/>留下記號和夥伴交流。,狃拉 → 瑪狃拉 → 瑪狃拉GX,,C+,9.00,Base:5.0|Meta:0.0|Exp:-1.0|Func:1.0|Syn:2.0|Eff:0.0|Dmg:2.0|Mod:1.00,條件傷害,無
瑪狃拉,1階進化,8784,https://asia.pokemon-card.com/hk/card-img/hk00008784.png,寶可夢,110,Darkness,進擊狩獵,在自己的回合，從備戰區將這隻寶可夢放置於戰鬥場時，可使用1次。選擇1隻對手的備戰區的【基礎】寶可夢，與戰鬥寶可夢互換。,利爪揮砍,"Darkness,Colorless",70,,,,,,,Grass,,,1,51,normal,G,擴充包「碟旋暴擊」,SV2D,saino misaki,進化後變得更加狡詐，會用爪子在石頭上<br/>留下記號和夥伴交流。,狃拉 → 瑪狃拉 → 瑪狃拉GX,,B+,14.00,Base:5.0|Meta:0.0|Exp:2.0|Func:5.0|Syn:0.0|Eff:0.0|Dmg:2.0|Mod:1.00,切換效果,放置效果
利牙魚,基礎,14514,https://asia.pokemon-card.com/hk/card-img/hk00014514.png,寶可夢,70,Darkness,,,突擊,Darkness,30,這隻寶可夢也受到10點傷害。,,,,,,Grass,,,1,50,normal,I,擴充包「烈獄狂火X」,M2,Shin Nagasawa,擁有銳利的牙齒和結實的<br/>下巴。船員們絕對不會去<br/>靠近利牙魚棲息的地方。,利牙魚 → 巨牙鯊 → 超級巨牙鯊ex,,D,5.00,Base:5.0|Meta:0.0|Exp:-1.0|Func:0.0|Syn:0.0|Eff:0.0|Dmg:1.0|Mod:1.00,反噬傷害,無
利牙魚,基礎,9797,https://asia.pokemon-card.com/hk/card-img/hk00009797.png,寶可夢,50,Water,,,銳利之牙,Water,20,,,,,,,Lightning,,,1,44,promo,G,特典卡 朱&紫,SV,Tonji Matsuno,擁有銳利的牙齒和結實的下巴。船員們絕對不會去<br/>靠近利牙魚棲息的地方。,利牙魚 → 巨牙鯊,,C,7.00,Base:5.0|Meta:0.0|Exp:2.0|Func:0.0|Syn:0.0|Eff:0.0|Dmg:0.0|Mod:1.00,無,無
超級巨牙鯊ex,1階進化,14515,https://asia.pokemon-card.com/hk/card-img/hk00014515.png,寶可夢,330,Darkness,,,貪心之牙,Darkness,70,從自己的牌庫抽出2張卡。,飢渴下巴,"Darkness,Darkness",120+,若這隻寶可夢身上放置有傷害指示物，則增加150點傷害。,,Grass,,,0,51,normal,I,擴充包「烈獄狂火X」,M2,5ban Graphics,,利牙魚 → 巨牙鯊 → 超級巨牙鯊ex,ex,B+,14.00,Base:5.0|Meta:0.0|Exp:-1.0|Func:3.0|Syn:2.0|Eff:0.0|Dmg:5.0|Mod:1.00,"傷害指示物, 抽卡效果, 搜索效果, 條件傷害",無
飯匙蛇,基礎,14516,https://asia.pokemon-card.com/hk/card-img/hk00014516.png,寶可夢,120,Darkness,激動力量,若自己的場上有【惡】屬性的「超級進化寶可夢【ex】」，則這隻寶可夢使用的招式，對對手的戰鬥寶可夢造成的傷害「+120」點。,漆黑之牙,"Darkness,Darkness,Darkness",120,,,,,,,Fighting,,,1,52,normal,I,擴充包「烈獄狂火X」,M2,hncl,平時都用堅硬的岩石來打磨<br/>刀刃般的尾巴。會躲在樹叢裡，<br/>然後趁獵物靠近時用毒牙襲擊。,飯匙蛇,,B,13.00,Base:5.0|Meta:0.0|Exp:-1.0|Func:5.0|Syn:0.0|Eff:0.0|Dmg:4.0|Mod:1.00,"傷害效果, 進化支援",無
飯匙蛇,基礎,8345,https://asia.pokemon-card.com/hk/card-img/hk00008345.png,寶可夢,120,Darkness,,,毒液,Darkness,,將對手的戰鬥寶可夢【中毒】。,毒液衝擊,"Darkness,Colorless,Colorless",60+,若對手的戰鬥寶可夢【中毒】，則增加120點傷害。,,Fighting,,,2,53,normal,G,擴充包「朱ex」,SV1S,sui,平時都用堅硬的岩石來打磨刀刃般的尾巴。會躲在樹叢裡，<br/>然後趁獵物靠近時用毒牙襲擊。,飯匙蛇,,B+,14.00,Base:5.0|Meta:0.0|Exp:2.0|Func:2.0|Syn:2.0|Eff:0.0|Dmg:3.0|Mod:1.00,"條件傷害, 狀態異常",無
黑眼鱷,基礎,14517,https://asia.pokemon-card.com/hk/card-img/hk00014517.png,寶可夢,70,Darkness,,,衝撞,Darkness,10,,後踢,"Darkness,Colorless",20,,,Grass,,,2,53,normal,I,擴充包「烈獄狂火X」,M2,Taiga Kasai,潛藏在沙中像游泳一樣移動。<br/>這是種兼具不被敵人發現和<br/>保持體溫效果的生存智慧。,黑眼鱷 → 混混鱷 → 流氓鱷,,D,4.00,Base:5.0|Meta:0.0|Exp:-1.0|Func:0.0|Syn:0.0|Eff:0.0|Dmg:0.0|Mod:1.00,無,無
黑眼鱷,基礎,14081,https://asia.pokemon-card.com/hk/card-img/hk00014081.png,寶可夢,70,Darkness,,,勒緊,Darkness,10,對手選擇1張對手自己的手牌，將其丟棄。,,,,,,Grass,,,2,60,normal,I,擴充包「漆黑伏特」,SV11B,Gapao,在沙漠的沙子裡生活。<br/>被太陽曬得溫暖的沙<br/>可以防止體溫下降。,黑眼鱷 → 混混鱷 → 流氓鱷,,C+,10.00,Base:5.0|Meta:0.0|Exp:3.0|Func:2.0|Syn:0.0|Eff:0.0|Dmg:0.0|Mod:1.00,無,丟棄效果
混混鱷,1階進化,14518,https://asia.pokemon-card.com/hk/card-img/hk00014518.png,寶可夢,100,Darkness,,,咬住,Darkness,30,,正面對決,"Darkness,Colorless,Colorless",60,,,Grass,,,2,54,normal,I,擴充包「烈獄狂火X」,M2,Uninori,由於雙眼覆蓋著薄膜，<br/>在半夜中也能看見四周。<br/>會和多隻同類組成群體生活。,黑眼鱷 → 混混鱷 → 流氓鱷,,D,6.00,Base:5.0|Meta:0.0|Exp:-1.0|Func:0.0|Syn:0.0|Eff:0.0|Dmg:2.0|Mod:1.00,無,無
混混鱷,1階進化,14082,https://asia.pokemon-card.com/hk/card-img/hk00014082.png,寶可夢,100,Darkness,,,勒緊,"Darkness,Colorless",40,對手選擇2張對手自己的手牌，將其丟棄。,,,,,,Grass,,,2,61,normal,I,擴充包「漆黑伏特」,SV11B,Gapao,會以數隻結合成群體。<br/>覆蓋眼球的膜<br/>可以保護眼睛不受沙暴傷害。,黑眼鱷 → 混混鱷 → 流氓鱷,,B,11.00,Base:5.0|Meta:0.0|Exp:3.0|Func:2.0|Syn:0.0|Eff:0.0|Dmg:1.0|Mod:1.00,無,丟棄效果
混混鱷,1階進化,8335,https://asia.pokemon-card.com/hk/card-img/hk00008335.png,寶可夢,100,Fighting,,,以牙還牙,Fighting,30+,若對手剩餘獎賞卡的張數為1張，則增加90點傷害。,推擊,"Fighting,Fighting",60,,,Grass,,,2,43,normal,G,擴充包「朱ex」,SV1S,kantaro,由於雙眼覆蓋著薄膜，在半夜中也能看見四周。<br/>會和多隻同類組成群體生活。,黑眼鱷 → 混混鱷 → 流氓鱷,,B,13.00,Base:5.0|Meta:0.0|Exp:2.0|Func:2.0|Syn:2.0|Eff:0.0|Dmg:2.0|Mod:1.00,"條件傷害, 獎賞控制",無
流氓鱷,2階進化,14519,https://asia.pokemon-card.com/hk/card-img/hk00014519.png,寶可夢,170,Darkness,,,復仇獠牙,Darkness,60+,在上個對手的回合，若自己的寶可夢因招式的傷害而【昏厥】了，則增加160點傷害。,頭突,"Darkness,Colorless,Colorless,Colorless",160,,,Grass,,,3,55,normal,I,擴充包「烈獄狂火X」,M2,Ryuta Fuse,用強力的顎咬住後，<br/>狠狠地扭動身體，<br/>將獵物切斷。,黑眼鱷 → 混混鱷 → 流氓鱷,,B,13.00,Base:5.0|Meta:0.0|Exp:-1.0|Func:2.0|Syn:2.0|Eff:0.0|Dmg:5.0|Mod:1.00,"昏厥條件, 條件傷害",無
流氓鱷,2階進化,14083,https://asia.pokemon-card.com/hk/card-img/hk00014083.png,寶可夢,170,Darkness,,,勒緊,"Darkness,Colorless",60,對手選擇2張對手自己的手牌，將其丟棄。,咒詛猛擊,"Darkness,Darkness,Colorless",120+,若對手的手牌為3張以下，則增加120點傷害。,,Grass,,,3,62,normal,I,擴充包「漆黑伏特」,SV11B,Gapao,遇上的獵物絕不放過。<br/>有著能夠咬爛<br/>汽車車身的強力下顎。,黑眼鱷 → 混混鱷 → 流氓鱷,,A,17.00,Base:5.0|Meta:0.0|Exp:3.0|Func:2.0|Syn:2.0|Eff:0.0|Dmg:5.0|Mod:1.00,條件傷害,丟棄效果
流氓鱷,2階進化,8336,https://asia.pokemon-card.com/hk/card-img/hk00008336.png,寶可夢,170,Fighting,,,大口啃咬,Fighting,50,擲硬幣直到出現反面，選擇與正面出現的次數相同數量的對手的戰鬥寶可夢身上附加的能量，將其丟棄。,地震,"Fighting,Fighting",180,自己的所有備戰寶可夢也各受到30點傷害。<br/>[在備戰區不計算弱點・抵抗力。],,Grass,,,3,44,normal,G,擴充包「朱ex」,SV1S,Misa Tsutsui,用強力的顎咬住後，狠狠地扭動身體，<br/>將獵物切斷。,黑眼鱷 → 混混鱷 → 流氓鱷,,A,18.00,Base:5.0|Meta:0.0|Exp:2.0|Func:6.0|Syn:0.0|Eff:0.0|Dmg:5.0|Mod:1.00,"硬幣判定, 能量操作, 連鎖傷害",丟棄效果
毒電嬰,基礎,14520,https://asia.pokemon-card.com/hk/card-img/hk00014520.png,寶可夢,70,Darkness,,,呼朋引伴,Darkness,,從自己的牌庫選擇最多2張【基礎】寶可夢卡，放置於備戰區。並且重洗牌庫。,調皮踢,"Darkness,Colorless",20,,,Fighting,,,1,56,normal,I,擴充包「烈獄狂火X」,M2,OKACHEKE,就算喝下污水也能安然無恙。<br/>那是因為牠會靠著體內的器官<br/>把污水過濾成對自己無害的毒液。,毒電嬰 → 顫弦蠑螈 → 顫弦蠑螈ex,,D,6.00,Base:5.0|Meta:0.0|Exp:-1.0|Func:2.0|Syn:0.0|Eff:0.0|Dmg:0.0|Mod:1.00,搜索效果,放置效果
毒電嬰,基礎,9798,https://asia.pokemon-card.com/hk/card-img/hk00009798.png,寶可夢,70,Lightning,,,撞一下,Lightning,30,這隻寶可夢也受到10點傷害。,,,,,,Fighting,,,1,45,promo,G,特典卡 朱&紫,SV,Natsumi Yoshida,就算喝下污水也能安然無恙。 那是因為牠會靠著體內的器官<br/> 把污水過濾成對自己無害的毒液。,毒電嬰 → 顫弦蠑螈 → 顫弦蠑螈ex,,C,8.00,Base:5.0|Meta:0.0|Exp:2.0|Func:0.0|Syn:0.0|Eff:0.0|Dmg:1.0|Mod:1.00,反噬傷害,無
毒電嬰,基礎,8401,https://asia.pokemon-card.com/hk/card-img/hk00008401.png,寶可夢,70,Lightning,,,咬,"Colorless,Colorless",20,,,,,,,Fighting,,,2,31,normal,G,擴充包「紫ex」,SV1V,Yuu Nishida,任性且非常愛撒嬌。體內的兩個囊袋<br/>分別儲存著毒和電。,毒電嬰 → 顫弦蠑螈 → 顫弦蠑螈ex,,C,7.00,Base:5.0|Meta:0.0|Exp:2.0|Func:0.0|Syn:0.0|Eff:0.0|Dmg:0.0|Mod:1.00,無,無
毒電嬰,基礎,10050,https://asia.pokemon-card.com/hk/card-img/hk00010050.png,寶可夢,70,Lightning,,,胡思亂撞,"Lightning,Lightning",60,擲1次硬幣若為反面，則這個招式失敗。,,,,,,Fighting,,,2,26,normal,G,擴充包「未來閃光」,SV4M,Yuka Morii,任性且非常愛撒嬌。體內的兩個囊袋分別儲存著毒和電。,毒電嬰 → 顫弦蠑螈 → 顫弦蠑螈ex,,B,11.00,Base:5.0|Meta:0.0|Exp:2.0|Func:0.0|Syn:2.0|Eff:0.0|Dmg:2.0|Mod:1.00,"條件失敗, 硬幣判定",無
顫弦蠑螈,1階進化,14521,https://asia.pokemon-card.com/hk/card-img/hk00014521.png,寶可夢,140,Darkness,惡棍衝天,在自己的回合時可使用1次。從自己的牌庫選擇1張「基本【惡】能量」卡，附於備戰區的【惡】寶可夢身上。並且重洗牌庫。然後，在附上那張卡的寶可夢身上放置2個傷害指示物。,重摑,"Darkness,Darkness,Colorless",100,,,,,,,Fighting,,,2,57,normal,I,擴充包「烈獄狂火X」,M2,DOM,當牠一邊排出毒汗一邊<br/>放電的時候，周圍會響起<br/>如同吉他般的旋律。,毒電嬰 → 顫弦蠑螈 → 顫弦蠑螈ex,,B,11.00,Base:5.0|Meta:0.0|Exp:-1.0|Func:4.0|Syn:0.0|Eff:0.0|Dmg:3.0|Mod:1.00,"傷害指示物, 搜索效果, 能量操作",放置效果
顫弦蠑螈,1階進化,8402,https://asia.pokemon-card.com/hk/card-img/hk00008402.png,寶可夢,130,Lightning,,,拔除,"Colorless,Colorless",,在不看正面的情況下，從對手的手牌選擇2張，查看那些卡的正面後放回對手的牌庫並重洗。,打雷,"Lightning,Colorless,Colorless",120,這隻寶可夢也受到20點傷害。,,Fighting,,,2,32,normal,G,擴充包「紫ex」,SV1V,Atsushi Furusawa,會激烈地彈奏胸部的突起物。彈奏時釋放出的電擊，<br/>可以輕易超過１５０００伏特。,毒電嬰 → 顫弦蠑螈 → 顫弦蠑螈ex,,B+,15.00,Base:5.0|Meta:0.0|Exp:2.0|Func:4.0|Syn:0.0|Eff:0.0|Dmg:4.0|Mod:1.00,"反噬傷害, 搜索效果",無
顫弦蠑螈,1階進化,9549,https://asia.pokemon-card.com/hk/card-img/hk00009549.png,寶可夢,140,Lightning,,,瞪眼,Lightning,,擲1次硬幣若為正面，則將對手的戰鬥寶可夢【麻痺】。,混和高聲,"Lightning,Colorless",50+,增加自己的備戰寶可夢的屬性種類的數量×30點傷害。,,Fighting,,,2,38,normal,G,擴充包「黯焰支配者」,SV3,Anesaki Dynamic,面對任何對手都能鎮定自若，一臉懶樣地挑釁對手的風格，受到了不少年輕人的憧憬。,毒電嬰 → 顫弦蠑螈 → 顫弦蠑螈ex,,B+,15.00,Base:5.0|Meta:0.0|Exp:2.0|Func:3.0|Syn:2.0|Eff:0.0|Dmg:3.0|Mod:1.00,"備戰傷害加成, 狀態異常, 硬幣判定",無
帝王拿波ex,2階進化,14522,https://asia.pokemon-card.com/hk/card-img/hk00014522.png,寶可夢,320,Metal,皇帝之勢,這隻寶可夢不會受到對手的寶可夢使用招式的效果的影響。,鐵羽毛,"Metal,Metal,Colorless",210,在下個對手的回合，這隻寶可夢受到招式的傷害「-60」點。,,,,,,Fire,,Grass,2,58,normal,I,擴充包「烈獄狂火X」,M2,5ban Graphics,,波加曼 → 波皇子 → 帝王拿波 → 帝王拿波ex,ex,B,12.00,Base:5.0|Meta:0.0|Exp:-1.0|Func:2.0|Syn:0.0|Eff:0.0|Dmg:6.0|Mod:1.00,"其他效果, 效果免疫",無
銅鏡怪,基礎,14523,https://asia.pokemon-card.com/hk/card-img/hk00014523.png,寶可夢,80,Metal,,,鐵壁,Colorless,,擲1次硬幣若為正面，則在下個對手的回合，這隻寶可夢不會受到招式的傷害。,滾動,"Colorless,Colorless,Colorless",30,,,Fire,,Grass,2,59,normal,I,擴充包「烈獄狂火X」,M2,OKUBO,過去的人們相信，<br/>銅鏡怪背上的花紋裡<br/>蘊藏著神秘的力量。,銅鏡怪 → 青銅鐘,,C+,9.00,Base:5.0|Meta:0.0|Exp:-1.0|Func:2.0|Syn:2.0|Eff:0.0|Dmg:1.0|Mod:1.00,"傷害防禦, 效果免疫, 硬幣判定",無
銅鏡怪,基礎,8712,https://asia.pokemon-card.com/hk/card-img/hk00008712.png,寶可夢,70,Metal,,,鏡面抽出,Metal,,從牌庫抽卡直到自己的手牌與對手的手牌張數相同為止。,高速飛行,"Metal,Metal",30,,,Fire,,Grass,2,50,normal,G,擴充包「冰雪險境」,SV2P,Shinji Kanda,過去的人們相信，銅鏡怪背上的花紋裡<br/>蘊藏著神秘的力量。,銅鏡怪 → 青銅鐘,,B,13.00,Base:5.0|Meta:0.0|Exp:2.0|Func:5.0|Syn:0.0|Eff:0.0|Dmg:1.0|Mod:1.00,抽卡效果,無
銅鏡怪,基礎,10825,https://asia.pokemon-card.com/hk/card-img/hk00010825.png,寶可夢,80,Psychic,,,鏡面攻擊,Psychic,10+,若對手的戰鬥寶可夢為【超】寶可夢，則增加30點傷害。,,,,,,Darkness,,Fighting,3,28,normal,H,擴充包「狂野之力」,SV5K,Kedamahadaitai Yawarakai,過去的人們相信，銅鏡怪背上的花紋裡<br/>蘊藏著神秘的力量。,銅鏡怪 → 青銅鐘,,B,13.00,Base:5.0|Meta:0.0|Exp:2.0|Func:2.0|Syn:2.0|Eff:0.0|Dmg:2.0|Mod:1.00,條件傷害,無
銅鏡怪,基礎,12154,https://asia.pokemon-card.com/hk/card-img/hk00012154.png,寶可夢,60,Metal,,,盾牌攻擊,"Metal,Colorless",20+,擲1次硬幣若為正面，則增加20點傷害。,,,,,,Fire,,Grass,1,78,normal,H,擴充包「超電突圍」,SV8,Nabatame Kazutaka,能在古墓發現到牠。<br/>據說牠背上的花紋<br/>寄宿著神秘的力量。,銅鏡怪 → 青銅鐘,,B,12.00,Base:5.0|Meta:0.0|Exp:3.0|Func:0.0|Syn:2.0|Eff:0.0|Dmg:2.0|Mod:1.00,"條件傷害, 硬幣判定",無
銅鏡怪,基礎,12689,https://asia.pokemon-card.com/hk/card-img/hk00012689.png,寶可夢,70,Metal,,,頭突,"Metal,Colorless",20,,,,,,,Fire,,Grass,1,81,normal,H,雙ex初階牌組 Generations,SVM,Souichirou Gunjima,能在古墓發現到牠。<br/>據說牠背上的花紋<br/>寄宿著神秘的力量。,銅鏡怪 → 青銅鐘,,C,7.00,Base:5.0|Meta:0.0|Exp:2.0|Func:0.0|Syn:0.0|Eff:0.0|Dmg:0.0|Mod:1.00,無,無
青銅鐘,1階進化,14524,https://asia.pokemon-card.com/hk/card-img/hk00014524.png,寶可夢,140,Metal,,,三重抽出,Colorless,,從自己的牌庫抽出3張卡。,道具擊落,"Colorless,Colorless,Colorless",40×,造成雙方的所有寶可夢身上附加的「寶可夢道具」卡的數量×40點傷害。,,Fire,,Grass,3,60,normal,I,擴充包「烈獄狂火X」,M2,Masako Tomii,從遙遠的過去開始就被人<br/>當成能召喚雨雲的寶可夢而供奉著。<br/>有時候會被埋進地下。,銅鏡怪 → 青銅鐘,,C+,10.00,Base:5.0|Meta:0.0|Exp:-1.0|Func:4.0|Syn:0.0|Eff:0.0|Dmg:2.0|Mod:1.00,"備戰傷害加成, 傷害效果, 抽卡效果, 搜索效果",無
青銅鐘,1階進化,8713,https://asia.pokemon-card.com/hk/card-img/hk00008713.png,寶可夢,140,Metal,,,神諭壓制,Metal,20,在下個對手的回合，這隻寶可夢不會受到對手的寶可夢使用招式的效果的影響。,神通力,"Metal,Metal",70+,若自己的手牌與對手的手牌張數相同，則增加90點傷害。,,Fire,,Grass,3,51,normal,G,擴充包「冰雪險境」,SV2P,Nobuhiro Imagawa,從遙遠的過去開始就被人當成能召喚雨雲的寶可夢而供奉著。<br/>有時候會被埋進地下。,銅鏡怪 → 青銅鐘,,B+,15.00,Base:5.0|Meta:0.0|Exp:2.0|Func:2.0|Syn:2.0|Eff:0.0|Dmg:4.0|Mod:1.00,"效果免疫, 條件傷害",無
青銅鐘,1階進化,10826,https://asia.pokemon-card.com/hk/card-img/hk00010826.png,寶可夢,110,Psychic,,,進化妨礙者,Psychic,30,在下個對手的回合，對手無法從手牌使出寶可夢並完成進化。,超念力,"Psychic,Colorless,Colorless",100,,,Darkness,,Fighting,3,29,normal,H,擴充包「狂野之力」,SV5K,Katsunori Sato,從遙遠的過去開始就被人當成能召喚雨雲的寶可夢而供奉著。<br/>有時候會被埋進地下。,銅鏡怪 → 青銅鐘,,A,19.00,Base:5.0|Meta:0.0|Exp:2.0|Func:9.0|Syn:0.0|Eff:0.0|Dmg:3.0|Mod:1.00,進化支援,無
青銅鐘,1階進化,12155,https://asia.pokemon-card.com/hk/card-img/hk00012155.png,寶可夢,130,Metal,,,迴轉攻擊,"Metal,Colorless",50,,雙重衝擊,"Metal,Colorless,Colorless",100×,擲2次硬幣，造成正面出現的次數×100點傷害。,,Fire,,Grass,3,79,normal,H,擴充包「超電突圍」,SV8,kawayoo,打開通往其他世界的洞，<br/>從那裡降下雨來。<br/>因此被叫做豐收之神。,銅鏡怪 → 青銅鐘,,B+,16.00,Base:5.0|Meta:0.0|Exp:3.0|Func:0.0|Syn:0.0|Eff:0.0|Dmg:8.0|Mod:1.00,"傷害效果, 硬幣判定",無
托戈德瑪爾,基礎,14525,https://asia.pokemon-card.com/hk/card-img/hk00014525.png,寶可夢,80,Metal,,,尋找朋友,Colorless,,從自己的牌庫選擇1張寶可夢卡，在給對手看過後加入手牌。並且重洗牌庫。,咬,Metal,30,,,Fire,,Grass,1,61,normal,I,擴充包「烈獄狂火X」,M2,Bun Toujo,在危急時刻會把身體捲成一團、<br/>倒豎起背上的尖刺，<br/>不分青紅皂白地發出電擊。,托戈德瑪爾,,C+,9.00,Base:5.0|Meta:0.0|Exp:-1.0|Func:4.0|Syn:0.0|Eff:0.0|Dmg:1.0|Mod:1.00,"抽卡效果, 搜索效果",無
托戈德瑪爾,基礎,11827,https://asia.pokemon-card.com/hk/card-img/hk00011827.png,寶可夢,80,Lightning,,,麻麻時機,Lightning,30,若自己剩餘獎賞卡的張數為1張，則將對手的戰鬥寶可夢【麻痺】。,,,,,,Fighting,,,1,36,normal,H,擴充包「星晶奇跡」,SV7,Rianti Hidayat,用背上的長毛來接收<br/>閃電和電氣寶可夢釋放的電擊，<br/>然後將之儲存在電囊中。,托戈德瑪爾,,B,13.00,Base:5.0|Meta:0.0|Exp:3.0|Func:2.0|Syn:2.0|Eff:0.0|Dmg:1.0|Mod:1.00,"狀態異常, 獎賞控制",無
托戈德瑪爾,基礎,9305,https://asia.pokemon-card.com/hk/card-img/hk00009305.png,寶可夢,80,Metal,,,變圓,Colorless,,擲1次硬幣若為正面，則在下個對手的回合，這隻寶可夢不會受到招式的傷害。,滾動衝撞,"Metal,Colorless",50,,,Fire,,Grass,1,83,normal,G,ex初階牌組,SVD,Sekio,在危急時刻會把身體捲成一團、倒豎起背上的尖刺，<br/>不分青紅皂白地發出電擊。,托戈德瑪爾,,B,12.00,Base:5.0|Meta:0.0|Exp:2.0|Func:2.0|Syn:2.0|Eff:0.0|Dmg:1.0|Mod:1.00,"傷害防禦, 效果免疫, 硬幣判定",無
托戈德瑪爾,基礎,12653,https://asia.pokemon-card.com/hk/card-img/hk00012653.png,寶可夢,80,Lightning,,,尖刺電光,"Lightning,Colorless",40,擲1次硬幣若為正面，則在下個對手的回合，這隻寶可夢不會受到招式的傷害與效果的影響。,,,,,,Fighting,,,1,45,normal,H,雙ex初階牌組 Generations,SVM,Susumu Maeya,用背上的長毛來接收<br/>閃電和電氣寶可夢釋放的電擊，<br/>然後將之儲存在電囊中。,托戈德瑪爾,,B,12.00,Base:5.0|Meta:0.0|Exp:2.0|Func:2.0|Syn:2.0|Eff:0.0|Dmg:1.0|Mod:1.00,"傷害防禦, 效果免疫, 硬幣判定",無
鋁鋼龍,基礎,14526,https://asia.pokemon-card.com/hk/card-img/hk00014526.png,寶可夢,130,Metal,,,破壞光線,"Metal,Metal,Metal",70,選擇1個對手的戰鬥寶可夢身上附加的能量，將其丟棄。,,,,,,Fire,,Grass,2,62,normal,I,擴充包「烈獄狂火X」,M2,Shinji Kanda,由特殊金屬構成的身體<br/>如經過鏡面加工般光滑，<br/>不易受損且重量輕。,鋁鋼龍 → 鋁鋼橋龍 → 鋁鋼橋龍ex,,B,11.00,Base:5.0|Meta:0.0|Exp:-1.0|Func:5.0|Syn:0.0|Eff:0.0|Dmg:2.0|Mod:1.00,能量操作,丟棄效果
鋁鋼龍,基礎,11863,https://asia.pokemon-card.com/hk/card-img/hk00011863.png,寶可夢,130,Metal,,,頭突,Metal,30,,激怒之錘,"Metal,Metal,Colorless",80+,增加這隻寶可夢身上放置的傷害指示物的數量×10點傷害。,,Fire,,Grass,2,72,normal,H,擴充包「星晶奇跡」,SV7,Takeshi Nakamura,金屬構成的身體雖然堅固<br/> 但無法散熱，因此牠會從<br/> 尾巴上的縫隙排出熱氣。,鋁鋼龍 → 鋁鋼橋龍 → 鋁鋼橋龍ex,,B,12.00,Base:5.0|Meta:0.0|Exp:3.0|Func:0.0|Syn:0.0|Eff:0.0|Dmg:4.0|Mod:1.00,"備戰傷害加成, 傷害指示物",無
鋁鋼橋龍,1階進化,14527,https://asia.pokemon-card.com/hk/card-img/hk00014527.png,寶可夢,180,Metal,,,塗層攻擊,"Metal,Metal,Metal",120,在下個對手的回合，這隻寶可夢不會受到【基礎】寶可夢招式的傷害。,,,,,,Fire,,Grass,2,63,normal,I,擴充包「烈獄狂火X」,M2,toriyufu,會收集周圍的靜電。<br/>以四肢著地的姿勢發射的<br/>光束威力驚人無比。,鋁鋼龍 → 鋁鋼橋龍 → 鋁鋼橋龍ex,,C+,10.00,Base:5.0|Meta:0.0|Exp:-1.0|Func:2.0|Syn:0.0|Eff:0.0|Dmg:4.0|Mod:1.00,"傷害防禦, 效果免疫",無
鋁鋼橋龍,1階進化,11864,https://asia.pokemon-card.com/hk/card-img/hk00011864.png,寶可夢,180,Metal,鋼之橋,只要這隻寶可夢在場上，自己的所有身上附有【鋼】能量的寶可夢【撤退】所需的能量全部消除。,鐵之引爆,"Metal,Metal,Colorless",160,在下個自己的回合，這隻寶可夢無法使用招式。,,,,,,Fire,,Grass,2,73,normal,H,擴充包「星晶奇跡」,SV7,Oswaldo KATO,會在山裡挖洞來尋找食物。<br/> 身體非常堅硬，即使遇到<br/> 洞穴坍塌也絲毫不會在意。,鋁鋼龍 → 鋁鋼橋龍 → 鋁鋼橋龍ex,,B+,15.00,Base:5.0|Meta:0.0|Exp:3.0|Func:2.0|Syn:0.0|Eff:0.0|Dmg:5.0|Mod:1.00,"使用限制, 招式鎖定, 撤退干擾",撤退效果
胖丁,基礎,14528,https://asia.pokemon-card.com/hk/card-img/hk00014528.png,寶可夢,70,Colorless,,,滾球,Colorless,20×,擲硬幣直到出現反面，造成正面出現的次數×20點傷害。,,,,,,Fighting,,,1,64,normal,I,擴充包「烈獄狂火X」,M2,Naoyo Kimura,當牠圓圓的大眼睛轉動時，<br/>就會唱起奇妙的歌曲，<br/>讓人舒服地昏昏欲睡。,胖丁 → 胖可丁 → 胖可丁ex,,D,6.00,Base:5.0|Meta:0.0|Exp:-1.0|Func:0.0|Syn:0.0|Eff:0.0|Dmg:2.0|Mod:1.00,"傷害效果, 硬幣判定",無
胖丁,基礎,8905,https://asia.pokemon-card.com/hk/card-img/hk00008905.png,寶可夢,70,Colorless,,,引路,Colorless,,從自己的牌庫選擇1張支援者卡，在給對手看過後加入手牌。並且重洗牌庫。,踏踏,"Colorless,Colorless",20×,擲2次硬幣，造成正面出現的次數×20點傷害。,,Fighting,,,1,39,normal,G,強化擴充包「寶可夢卡牌151」,SV2a,saino misaki,當牠圓圓的大眼睛轉動時，就會唱起奇妙的歌曲，<br/>讓人舒服地昏昏欲睡。,胖丁 → 胖可丁 → 胖可丁ex,,B,13.00,Base:5.0|Meta:0.0|Exp:2.0|Func:4.0|Syn:0.0|Eff:0.0|Dmg:2.0|Mod:1.00,"傷害效果, 抽卡效果, 搜索效果, 硬幣判定",無
胖丁,基礎,8759,https://asia.pokemon-card.com/hk/card-img/hk00008759.png,寶可夢,70,Psychic,,,唱歌,Colorless,,將對手的戰鬥寶可夢【睡眠】。,巴掌,"Psychic,Colorless",20,,,Metal,,,1,26,normal,G,擴充包「碟旋暴擊」,SV2D,Yuu Nishida,當牠圓圓的大眼睛轉動時，就會唱起奇妙的歌曲，<br/>讓人舒服地昏昏欲睡。,胖丁 → 胖可丁 → 胖可丁ex,,C+,9.00,Base:5.0|Meta:0.0|Exp:2.0|Func:2.0|Syn:0.0|Eff:0.0|Dmg:0.0|Mod:1.00,狀態異常,無
胖可丁,1階進化,14529,https://asia.pokemon-card.com/hk/card-img/hk00014529.png,寶可夢,120,Colorless,,,輪唱,"Colorless,Colorless",40×,造成自己的場上的，持有「輪唱」招式的寶可夢的數量×40點傷害。,地球上投,"Colorless,Colorless,Colorless",100,,,Fighting,,,2,65,normal,I,擴充包「烈獄狂火X」,M2,En Morikura,擁有細緻的毛皮。<br/>小心別惹牠生氣，否則牠會<br/>不斷膨脹並朝著你壓過來。,胖丁 → 胖可丁 → 胖可丁ex,,C+,9.00,Base:5.0|Meta:0.0|Exp:-1.0|Func:0.0|Syn:2.0|Eff:0.0|Dmg:3.0|Mod:1.00,"備戰傷害加成, 傷害效果",無
胖可丁,1階進化,8760,https://asia.pokemon-card.com/hk/card-img/hk00008760.png,寶可夢,110,Psychic,氣球治療,在自己的回合時可使用1次。從自己的手牌選擇1張「治療能量」卡，附於自己的寶可夢身上。,魔法射擊,"Psychic,Colorless,Colorless",100,,,,,,,Metal,,,2,27,normal,G,擴充包「碟旋暴擊」,SV2D,Hitoshi Ariga,擁有細緻的毛皮。小心別惹牠生氣，否則牠會<br/>不斷膨脹並朝著你壓過來。,胖丁 → 胖可丁 → 胖可丁ex,,B,13.00,Base:5.0|Meta:0.0|Exp:2.0|Func:3.0|Syn:0.0|Eff:0.0|Dmg:3.0|Mod:1.00,能量附著,無
長尾怪手,基礎,14530,https://asia.pokemon-card.com/hk/card-img/hk00014530.png,寶可夢,70,Colorless,,,驚嚇,"Colorless,Colorless",20,在不看正面的情況下，從對手的手牌選擇1張，查看那張卡的正面後放回對手的牌庫並重洗。,,,,,,Fighting,,,1,66,normal,I,擴充包「烈獄狂火X」,M2,Saboteri,生活在高高的樹上。<br/>在樹枝間跳躍移動時，<br/>會用尾巴巧妙地保持平衡。,長尾怪手 → 雙尾怪手,,C,8.00,Base:5.0|Meta:0.0|Exp:-1.0|Func:4.0|Syn:0.0|Eff:0.0|Dmg:0.0|Mod:1.00,搜索效果,無
長尾怪手,基礎,10075,https://asia.pokemon-card.com/hk/card-img/hk00010075.png,寶可夢,60,Colorless,,,偷盜,Colorless,,從自己的牌庫抽出1張。,掌擊,"Colorless,Colorless",20,,,Fighting,,,1,51,normal,G,擴充包「未來閃光」,SV4M,aspara,會從樹上尋找獵物。只要發現自己愛吃的甜竹竹，就會興奮地飛撲過去。,長尾怪手 → 雙尾怪手,,C+,10.00,Base:5.0|Meta:0.0|Exp:2.0|Func:3.0|Syn:0.0|Eff:0.0|Dmg:0.0|Mod:1.00,"抽卡效果, 搜索效果",無
長尾怪手,基礎,11370,https://asia.pokemon-card.com/hk/card-img/hk00011370.png,寶可夢,60,Colorless,,,垂吊,Colorless,10,,調皮踢,"Colorless,Colorless",20,,,Fighting,,,1,86,normal,H,擴充包「變幻假面」,SV6,Mugi Hamada,會巧妙地操縱比雙手<br/> 還靈活的尾巴，<br/> 生活在高高的樹上。,長尾怪手 → 雙尾怪手,,C,8.00,Base:5.0|Meta:0.0|Exp:3.0|Func:0.0|Syn:0.0|Eff:0.0|Dmg:0.0|Mod:1.00,無,無
雙尾怪手,1階進化,14531,https://asia.pokemon-card.com/hk/card-img/hk00014531.png,寶可夢,110,Colorless,,,巴掌,"Colorless,Colorless",50,,雙尾,"Colorless,Colorless,Colorless",,將2個這隻寶可夢身上附加的能量丟棄，對手的2隻寶可夢各受到60點傷害。[在備戰區不計算弱點・抵抗力。],,Fighting,,,1,67,normal,I,擴充包「烈獄狂火X」,M2,hncl,生活在巨大的樹木上。<br/>據說會透過與夥伴連起<br/>尾巴來互相傳達心情。,長尾怪手 → 雙尾怪手,,B,11.00,Base:5.0|Meta:0.0|Exp:-1.0|Func:6.0|Syn:0.0|Eff:0.0|Dmg:1.0|Mod:1.00,"能量操作, 連鎖傷害",丟棄效果
雙尾怪手,1階進化,10076,https://asia.pokemon-card.com/hk/card-img/hk00010076.png,寶可夢,100,Colorless,,,呼喚,Colorless,,從自己的牌庫抽出2張卡。,手之吊懸,"Colorless,Colorless,Colorless",20×,造成自己的手牌的張數×20點傷害。,,Fighting,,,1,52,normal,G,擴充包「未來閃光」,SV4M,Hitoshi Ariga,不管做什麼事都會用到尾巴。如果牠用２根尾巴抱緊你，就代表牠真的和你很親近。,長尾怪手 → 雙尾怪手,,B,11.00,Base:5.0|Meta:0.0|Exp:2.0|Func:3.0|Syn:0.0|Eff:0.0|Dmg:1.0|Mod:1.00,"傷害效果, 抽卡效果, 搜索效果, 棄牌區傷害加成",無
圖圖犬,基礎,14532,https://asia.pokemon-card.com/hk/card-img/hk00014532.png,寶可夢,80,Colorless,,,能量寫生,Colorless,,擲3次硬幣，從自己的棄牌區選擇最多與正面出現的次數相同數量的基本能量卡，以任意方式附於備戰寶可夢身上。,鉤住,"Colorless,Colorless",40,,,Fighting,,,1,68,normal,I,擴充包「烈獄狂火X」,M2,REND,有著成年後讓夥伴在自己<br/>背上印下腳印標記的習性。,圖圖犬,,C,8.00,Base:5.0|Meta:0.0|Exp:-1.0|Func:3.0|Syn:0.0|Eff:0.0|Dmg:1.0|Mod:1.00,"搜索效果, 硬幣判定",無
蛇紋熊,基礎,14533,https://asia.pokemon-card.com/hk/card-img/hk00014533.png,寶可夢,70,Colorless,,,偷襲,Colorless,30,擲1次硬幣若為反面，則這個招式失敗。,,,,,,Fighting,,,1,69,normal,I,擴充包「烈獄狂火X」,M2,Dsuke,好奇心旺盛的寶可夢。<br/>不論對什麼都很感興趣，<br/>所以總是呈鋸齒形行走。,蛇紋熊 → 直衝熊,,C,7.00,Base:5.0|Meta:0.0|Exp:-1.0|Func:0.0|Syn:2.0|Eff:0.0|Dmg:1.0|Mod:1.00,"條件失敗, 硬幣判定",無
蛇紋熊,基礎,9603,https://asia.pokemon-card.com/hk/card-img/hk00009603.png,寶可夢,70,Colorless,,,魯莽頭擊,Colorless,10,,利爪劈擊,"Colorless,Colorless",20,,,Fighting,,,1,92,normal,G,擴充包「黯焰支配者」,SV3,Kagemaru Himeno,好奇心旺盛的寶可夢。不論對什麼都很感興趣，所以總是呈鋸齒形行走。,蛇紋熊 → 直衝熊,,C,7.00,Base:5.0|Meta:0.0|Exp:2.0|Func:0.0|Syn:0.0|Eff:0.0|Dmg:0.0|Mod:1.00,無,無
直衝熊,1階進化,14534,https://asia.pokemon-card.com/hk/card-img/hk00014534.png,寶可夢,100,Colorless,激動衝刺,若這隻寶可夢在備戰區，且自己的場上有「超級進化寶可夢【ex】」，則在自己的回合時可使用1次。將這隻寶可夢與戰鬥寶可夢互換。,劈開,Colorless,70,,,,,,,Fighting,,,1,70,normal,I,擴充包「烈獄狂火X」,M2,nagimiso,用自己超群的爆發力<br/>和銳利的爪子來制服獵物。<br/>不擅長在彎曲的道路上奔跑。,蛇紋熊 → 直衝熊,,B,12.00,Base:5.0|Meta:0.0|Exp:-1.0|Func:6.0|Syn:0.0|Eff:0.0|Dmg:2.0|Mod:1.00,"切換效果, 進化支援",無
超級長耳兔ex,1階進化,14536,https://asia.pokemon-card.com/hk/card-img/hk00014536.png,寶可夢,330,Colorless,,,疾風直撞,Colorless,60+,在這個回合，若從備戰區將這隻寶可夢放置於戰鬥場，則增加170點傷害。,跳躍扣殺,"Colorless,Colorless",160,這個招式的傷害不計算對手的戰鬥寶可夢身上的附加效果。,,Fighting,,,1,72,normal,I,擴充包「烈獄狂火X」,M2,5ban Graphics,,捲捲耳 → 長耳兔 → 超級長耳兔ex,ex,B+,15.00,Base:5.0|Meta:0.0|Exp:-1.0|Func:4.0|Syn:2.0|Eff:0.0|Dmg:5.0|Mod:1.00,"條件傷害, 無視弱點/效果",放置效果
弗圖博士的劇本,,10089,https://asia.pokemon-card.com/hk/card-img/hk00010089.png,支援者卡,,,,,,,,選擇1隻自己的場上寶可夢，放回手牌。（寶可夢以外的卡全部丟棄。）,,,,,,,,,,65,normal,G,擴充包「未來閃光」,SV4M,hncl,,,,B,12.00,Base:8.0|Meta:0.0|Exp:2.0|Func:0.0|Syn:2.0|Eff:0.0|Dmg:0.0|Mod:1.00,其他效果,無
神聖護符,,14539,https://asia.pokemon-card.com/hk/card-img/hk00014539.png,寶可夢道具,,,,,,,,附有這張卡的寶可夢，受到對手的擁有特性的寶可夢招式的傷害「-30」點。,,,,,,,,,,75,normal,I,擴充包「烈獄狂火X」,M2,Toyste Beach,,,,C,7.00,Base:6.0|Meta:0.0|Exp:-1.0|Func:2.0|Syn:0.0|Eff:0.0|Dmg:0.0|Mod:1.00,無,特性效果
正輝的輸送[支援者],,9065,https://asia.pokemon-card.com/hk/card-img/hk00009065.png,支援者卡,,,,,,,,查看自己的牌庫上方8張卡，從其中選擇任意數量的寶可夢卡，在給對手看過後加入手牌。將剩餘卡放回牌庫並重洗。,,,,在自己的回合時，支援者卡只可使用1張。,,,,,,199,high,G,強化擴充包「寶可夢卡牌151」,SV2a,GIDORA,,,,B+,15.00,Base:8.0|Meta:0.0|Exp:2.0|Func:5.0|Syn:0.0|Eff:0.0|Dmg:0.0|Mod:1.00,"抽卡效果, 搜索效果",無
白蕾雅,,11891,https://asia.pokemon-card.com/hk/card-img/hk00011891.png,支援者卡,,,,,,,,這張卡只有在對手剩餘獎賞卡的張數為2張時才可使用。<br/><br/>在這個回合，若對手的戰鬥寶可夢因自己的「太晶」寶可夢使用的招式的傷害而【昏厥】了，則多獲得1張獎賞卡。,,,,,,,,,,100,normal,H,擴充包「星晶奇跡」,SV7,Naoki Saito,,,,B+,15.00,Base:8.0|Meta:0.0|Exp:3.0|Func:2.0|Syn:2.0|Eff:0.0|Dmg:0.0|Mod:1.00,"昏厥條件, 獎賞控制",無
白露的真心,,10937,https://asia.pokemon-card.com/hk/card-img/hk00010937.png,支援者卡,,,,,,,,將自己的1隻剩餘HP為「30」以下的寶可夢的HP全部恢復。,,,,,,,,,,69,normal,H,擴充包「異度審判」,SV5M,En Morikura,,,,B+,14.00,Base:8.0|Meta:0.0|Exp:2.0|Func:2.0|Syn:2.0|Eff:0.0|Dmg:0.0|Mod:1.00,回復效果,無
皮拿,,8731,https://asia.pokemon-card.com/hk/card-img/hk00008731.png,支援者卡,,,,,,,,選擇對手的所有寶可夢身上各自附加的特殊能量各1個，將其丟棄。,,,,在自己的回合時，支援者卡只可使用1張。,,,,,,69,normal,G,擴充包「冰雪險境」,SV2P,Akira Komayama,,,,B+,15.00,Base:8.0|Meta:0.0|Exp:2.0|Func:5.0|Syn:0.0|Eff:0.0|Dmg:0.0|Mod:1.00,能量操作,丟棄效果
石之洞窟,,13143,https://asia.pokemon-card.com/hk/card-img/hk00013143.png,競技場卡,,,,,,,,雙方的所有「大吾的寶可夢」受到對手的寶可夢招式的傷害「-30」點。,,,,,,,,,,20,normal,I,挑戰牌組 大吾的鐵啞鈴&巨金怪ex,SVOD,AYUMI ODASHIMA,,,,C+,10.00,Base:6.0|Meta:0.0|Exp:2.0|Func:2.0|Syn:0.0|Eff:0.0|Dmg:0.0|Mod:1.00,特定寶可夢防禦,無
布魯,基礎,14359,https://asia.pokemon-card.com/hk/card-img/hk00014359.png,寶可夢,70,Psychic,,,撞擊,"Psychic,Colorless",20,,,,,,,Metal,,,1,1,normal,I,挑戰牌組 「超級蒂安希ex」,MBD,Gapao,其實個性相當膽小。<br/>會拼命地發出低吼聲，<br/>以防被察覺自己很害怕。,布魯 → 布魯皇,,D,4.00,Base:5.0|Meta:0.0|Exp:-1.0|Func:0.0|Syn:0.0|Eff:0.0|Dmg:0.0|Mod:1.00,無,無
布魯皇,1階進化,14360,https://asia.pokemon-card.com/hk/card-img/hk00014360.png,寶可夢,130,Psychic,,,咬住,"Psychic,Colorless",50,,致命刺擊,"Psychic,Psychic,Colorless",90+,若對手的戰鬥寶可夢身上放置有傷害指示物，則增加90點傷害。,,Metal,,,2,2,normal,I,挑戰牌組 「超級蒂安希ex」,MBD,Ryuta Fuse,其實既膽小又怯懦。<br/>一旦遭到襲擊，就會拼命<br/>揮舞手腳來試圖趕走對手。,布魯 → 布魯皇,,B,12.00,Base:5.0|Meta:0.0|Exp:-1.0|Func:2.0|Syn:2.0|Eff:0.0|Dmg:4.0|Mod:1.00,"傷害指示物, 條件傷害",無
拉帝亞斯ex,基礎,14361,https://asia.pokemon-card.com/hk/card-img/hk00014361.png,寶可夢,210,Psychic,天空徑線,只要這隻寶可夢在場上，自己的所有【基礎】寶可夢【撤退】所需的能量全部消除。,無限之刃,"Psychic,Psychic,Colorless",200,在下個自己的回合，這隻寶可夢無法使用招式。,,,,,,Darkness,,Fighting,2,3,normal,I,挑戰牌組 「超級蒂安希ex」,MBD,takuyoa,,拉帝亞斯ex,ex,B,12.00,Base:5.0|Meta:0.0|Exp:-1.0|Func:2.0|Syn:0.0|Eff:0.0|Dmg:6.0|Mod:1.00,"使用限制, 招式鎖定, 撤退干擾",撤退效果
克雷色利亞,基礎,14362,https://asia.pokemon-card.com/hk/card-img/hk00014362.png,寶可夢,120,Psychic,,,充溢之光,Psychic,,從自己的牌庫選擇最多2張「基本【超】能量」卡，附於這隻寶可夢身上。並且重洗牌庫。,極光束,"Psychic,Psychic,Colorless",90,,,Darkness,,Fighting,1,4,normal,I,挑戰牌組 「超級蒂安希ex」,MBD,Raita Kazama,飛行時，會從薄紗般的翅膀<br/>發出閃亮的粒子。<br/>被稱為新月的化身。,克雷色利亞,,C+,10.00,Base:5.0|Meta:0.0|Exp:-1.0|Func:3.0|Syn:0.0|Eff:0.0|Dmg:3.0|Mod:1.00,搜索效果,無
克雷色利亞,基礎,11472,https://asia.pokemon-card.com/hk/card-img/hk00011472.png,寶可夢,120,Psychic,,,治癒之舞,Psychic,,將自己的所有寶可夢各恢復「20」HP。,弦月光芒,"Psychic,Psychic,Psychic",80+,若希望，選擇1張自己的反面朝上的獎賞卡，翻到正面。這個情況下，增加80點傷害。（在對戰結束前，那張獎賞卡維持正面朝上。）,,Darkness,,Fighting,1,21,normal,H,強化擴充包「黑夜漫遊者」,SV6a,matazo,飛行時，會從薄紗般的翅膀<br/>發出閃亮的粒子。<br/>被稱為新月的化身。,克雷色利亞,,B+,16.00,Base:5.0|Meta:0.0|Exp:3.0|Func:2.0|Syn:2.0|Eff:0.0|Dmg:4.0|Mod:1.00,"回復效果, 條件傷害, 獎賞控制",無
美洛耶塔,基礎,14363,https://asia.pokemon-card.com/hk/card-img/hk00014363.png,寶可夢,90,Psychic,,,治癒旋律,Psychic,,將自己的備戰區的1隻【超】寶可夢恢復「120」HP。,魔法射擊,"Psychic,Colorless",50,,,Darkness,,Fighting,1,5,normal,I,挑戰牌組 「超級蒂安希ex」,MBD,MINAMINAMI Take,以特殊的發聲法唱出的旋律，<br/>能自在地操控聽者的情緒。,美洛耶塔,,C,8.00,Base:5.0|Meta:0.0|Exp:-1.0|Func:3.0|Syn:0.0|Eff:0.0|Dmg:1.0|Mod:1.00,回復效果,無
超級蒂安希ex,基礎,14364,https://asia.pokemon-card.com/hk/card-img/hk00014364.png,寶可夢,270,Psychic,鑽石膜,這隻寶可夢受到招式的傷害「-30」點。,花冠射線,"Psychic,Psychic",120×,將最多2張這隻寶可夢身上附加的能量卡丟棄，造成其張數×120點傷害。,,,,,,Metal,,,1,6,normal,I,挑戰牌組 「超級蒂安希ex」,MBD,aky CG Works,,超級蒂安希ex,ex,B+,15.00,Base:5.0|Meta:0.0|Exp:-1.0|Func:3.0|Syn:0.0|Eff:0.0|Dmg:8.0|Mod:1.00,"傷害效果, 其他效果, 棄牌區傷害加成, 能量操作",無
謎擬Q,基礎,14365,https://asia.pokemon-card.com/hk/card-img/hk00014365.png,寶可夢,70,Psychic,,,呼朋引伴,Colorless,,從自己的牌庫選擇1張【基礎】寶可夢卡，放置於備戰區。並且重洗牌庫。,抓,Psychic,20,,,Metal,,,1,7,normal,I,挑戰牌組 「超級蒂安希ex」,MBD,miki kudo,棲息在陽光照射不到的陰暗處。<br/>在人們面前現身時會用<br/>看似皮卡丘的布來隱藏全身。,謎擬Ｑ,,D,6.00,Base:5.0|Meta:0.0|Exp:-1.0|Func:2.0|Syn:0.0|Eff:0.0|Dmg:0.0|Mod:1.00,搜索效果,放置效果
謎擬Q,基礎,11673,https://asia.pokemon-card.com/hk/card-img/hk00011673.png,寶可夢,70,Psychic,神秘守護,這隻寶可夢不會受到對手的「寶可夢【ex】・【V】」招式的傷害。,幽靈之眼,"Psychic,Colorless",,在對手的戰鬥寶可夢身上放置7個傷害指示物。,,,,,,Metal,,,1,6,normal,G,戰術牌組「沙奈朵ex」,SVTS,Kagemaru Himeno,棲息在陽光照射不到的陰暗處。<br/>在人們面前現身時會用<br/>看似皮卡丘的布來隱藏全身。,謎擬Ｑ,,C+,9.00,Base:5.0|Meta:0.0|Exp:2.0|Func:2.0|Syn:0.0|Eff:0.0|Dmg:0.0|Mod:1.00,"傷害指示物, 傷害防禦, 效果免疫",無
小仙奶,基礎,14366,https://asia.pokemon-card.com/hk/card-img/hk00014366.png,寶可夢,50,Psychic,,,吸取之吻,Psychic,10,將這隻寶可夢恢復「10」HP。,,,,,,Metal,,,1,8,normal,I,挑戰牌組 「超級蒂安希ex」,MBD,Taiga Kayama,吸取了越多的香甜氣味，<br/>身體就會膨脹得越大，<br/>但能量減少時就會逐漸縮小。,小仙奶 → 霜奶仙 → 霜奶仙ex,,D,6.00,Base:5.0|Meta:0.0|Exp:-1.0|Func:2.0|Syn:0.0|Eff:0.0|Dmg:0.0|Mod:1.00,回復效果,無
小仙奶,基礎,11834,https://asia.pokemon-card.com/hk/card-img/hk00011834.png,寶可夢,60,Psychic,,,囈語,Psychic,20,,,,,,,Metal,,,1,43,normal,H,擴充包「星晶奇跡」,SV7,OKACHEKE,遭到襲擊時，會全身撞向對手，<br/> 趁著對方沾滿鮮奶油而看不見前方，<br/> 或因奶油的美味而愣住時迅速逃跑。,小仙奶 → 霜奶仙 → 霜奶仙ex,,C,8.00,Base:5.0|Meta:0.0|Exp:3.0|Func:0.0|Syn:0.0|Eff:0.0|Dmg:0.0|Mod:1.00,無,無
霜奶仙,1階進化,14367,https://asia.pokemon-card.com/hk/card-img/hk00014367.png,寶可夢,90,Psychic,,,甜點圓陣,Psychic,20×,造成自己的場上寶可夢的數量×20點傷害。,,,,,,Metal,,,1,9,normal,I,挑戰牌組 「超級蒂安希ex」,MBD,Narumi Sato,由霜奶仙裝飾的甜點<br/>帶有濃郁豐厚的甜味，<br/>任誰吃下都會感到幸福。,小仙奶 → 霜奶仙 → 霜奶仙ex,,C,7.00,Base:5.0|Meta:0.0|Exp:-1.0|Func:0.0|Syn:2.0|Eff:0.0|Dmg:1.0|Mod:1.00,"備戰傷害加成, 傷害效果",無
霜奶仙,1階進化,11835,https://asia.pokemon-card.com/hk/card-img/hk00011835.png,寶可夢,110,Psychic,,,彩色甜點,Colorless,,從自己的牌庫選擇與這隻寶可夢身上附加的基本能量卡相同屬性的寶可夢卡合計最多5張，在給對手看過後加入手牌。並且重洗牌庫。,魔法射擊,"Psychic,Colorless",60,,,Metal,,,1,44,normal,H,擴充包「星晶奇跡」,SV7,Natsumi Yoshida,備受疼愛的霜奶仙<br/> 做出的鮮奶油美味至極，<br/> 令訓練家都會溫柔地培育牠。,小仙奶 → 霜奶仙 → 霜奶仙ex,,A,17.00,Base:5.0|Meta:0.0|Exp:3.0|Func:7.0|Syn:0.0|Eff:0.0|Dmg:2.0|Mod:1.00,"抽卡效果, 搜索效果, 能量操作",無
米立龍,基礎,14368,https://asia.pokemon-card.com/hk/card-img/hk00014368.png,寶可夢,70,Dragon,集客,若這隻寶可夢在戰鬥場上，則在自己的回合時可使用1次。查看自己的牌庫上方6張卡，從其中選擇1張支援者卡，在給對手看過後加入手牌。將剩餘卡放回牌庫並重洗。,衝浪,"Fire,Water",50,,,,,,,,,,1,10,normal,I,挑戰牌組 「超級蒂安希ex」,MBD,Jerky,極為奸詐狡猾的寶可夢。<br/>會假裝虛弱來吸引獵物接近，<br/>接著讓同夥的寶可夢發動攻擊。,米立龍,,C+,10.00,Base:5.0|Meta:0.0|Exp:-1.0|Func:5.0|Syn:0.0|Eff:0.0|Dmg:1.0|Mod:1.00,"抽卡效果, 搜索效果, 牌庫操作",無
米立龍,基礎,8314,https://asia.pokemon-card.com/hk/card-img/hk00008314.png,寶可夢,70,Water,,,預先準備,Water,,從自己的牌庫選擇最多2張「基本【水】能量」卡，附於自己的1隻【基礎】寶可夢身上。並且重洗牌庫。,彎曲,Water,30,將這隻寶可夢與附加的卡，全部放回手牌。,,Lightning,,,1,22,normal,G,擴充包「朱ex」,SV1S,OKACHEKE,小型的龍寶可夢。會住在吃吼霸嘴裡，<br/>保護自己免於外敵襲擊。,米立龍,,B+,14.00,Base:5.0|Meta:0.0|Exp:2.0|Func:4.0|Syn:2.0|Eff:0.0|Dmg:1.0|Mod:1.00,"其他效果, 搜索效果",無
全金屬實驗室,,10938,https://asia.pokemon-card.com/hk/card-img/hk00010938.png,競技場卡,,,,,,,,雙方的【鋼】寶可夢，受到對手的寶可夢招式的傷害「-30」點。,,,,,,,,,,70,normal,H,擴充包「異度審判」,SV5M,AYUMI ODASHIMA,,,,C+,10.00,Base:6.0|Meta:0.0|Exp:2.0|Func:2.0|Syn:0.0|Eff:0.0|Dmg:0.0|Mod:1.00,屬性防禦,無
危險光線,,11505,https://asia.pokemon-card.com/hk/card-img/hk00011505.png,物品卡,,,,,,,,將對手的戰鬥寶可夢【灼傷】與【混亂】。,,,,,,,,,,54,normal,H,強化擴充包「黑夜漫遊者」,SV6a,inose yukie,,,,B,12.00,Base:7.0|Meta:0.0|Exp:3.0|Func:2.0|Syn:0.0|Eff:0.0|Dmg:0.0|Mod:1.00,"狀態異常, 簡單灼傷",無
危險密林,,10867,https://asia.pokemon-card.com/hk/card-img/hk00010867.png,競技場卡,,,,,,,,雙方的所有【中毒】的寶可夢（【惡】寶可夢除外），因【中毒】而放置的傷害指示物的數量各增加2個。,,,,,,,,,,70,normal,H,擴充包「狂野之力」,SV5K,AYUMI ODASHIMA,,,,C,8.00,Base:6.0|Meta:0.0|Exp:2.0|Func:0.0|Syn:0.0|Eff:0.0|Dmg:0.0|Mod:1.00,"傷害指示物, 狀態異常",無
吉尼亞,,8366,https://asia.pokemon-card.com/hk/card-img/hk00008366.png,支援者卡,,,,,,,,從自己的牌庫選擇最多2張進化寶可夢卡，在給對手看過後加入手牌。並且重洗牌庫。,,,,在自己的回合時，支援者卡只可使用1張。,,,,,,74,normal,G,擴充包「朱ex」,SV1S,GIDORA,,,,A,17.00,Base:8.0|Meta:0.0|Exp:2.0|Func:7.0|Syn:0.0|Eff:0.0|Dmg:0.0|Mod:1.00,"抽卡效果, 搜索效果, 進化支援",無
好友寶芬,,14424,https://asia.pokemon-card.com/hk/card-img/hk00014424.png,物品卡,,,,,,,,從自己的牌庫選擇最多2張HP為「70」以下的【基礎】寶可夢卡，放置於備戰區。並且重洗牌庫。,,,,,,,,,,81,high,I,擴充包「超級交響樂」,M1S,AYUMI ODASHIMA,,,,C+,9.00,Base:7.0|Meta:0.0|Exp:-1.0|Func:3.0|Syn:0.0|Eff:0.0|Dmg:0.0|Mod:1.00,搜索效果,放置效果
鬼斯,基礎,14383,https://asia.pokemon-card.com/hk/card-img/hk00014383.png,寶可夢,70,Darkness,,,咒怨一下,Darkness,10,,,,,,,Fighting,,,1,1,normal,I,挑戰牌組「超級耿鬼ex」,MBG,Saboteri,會用氣體狀的身體纏住獵物，<br/>再從皮膚緩緩地注入毒素，<br/>使對手變得虛弱。,鬼斯 → 鬼斯通 → 耿鬼 → 超級耿鬼ex → 耿鬼ex,,D,4.00,Base:5.0|Meta:0.0|Exp:-1.0|Func:0.0|Syn:0.0|Eff:0.0|Dmg:0.0|Mod:1.00,無,無
鬼斯,基礎,9878,https://asia.pokemon-card.com/hk/card-img/hk00009878.png,寶可夢,50,Darkness,,,吸引,Colorless,,從自己的牌庫抽出1張卡。,鬼火,"Darkness,Colorless",20,,,Fighting,,,1,33,normal,G,強化擴充包「激狂駭浪」,SV3a,Nobuhiro Imagawa,會用氣體狀的身體纏住獵物，再從皮膚緩緩地注入毒素，<br/>使對手變得虛弱。,鬼斯 → 鬼斯通 → 耿鬼 → 耿鬼ex,,C+,10.00,Base:5.0|Meta:0.0|Exp:2.0|Func:3.0|Syn:0.0|Eff:0.0|Dmg:0.0|Mod:1.00,"抽卡效果, 搜索效果",無
鬼斯,基礎,10842,https://asia.pokemon-card.com/hk/card-img/hk00010842.png,寶可夢,60,Darkness,,,神秘光束,Darkness,,擲1次硬幣若為正面，則選擇1個對手的戰鬥寶可夢身上附加的能量，將其丟棄。,瓦斯包圍,"Darkness,Darkness",30,,,Fighting,,,1,45,normal,H,擴充包「狂野之力」,SV5K,Fujimoto Gold,會用氣體狀的身體纏住獵物，再從皮膚緩緩地注入毒素，<br/>使對手變得虛弱。,鬼斯 → 鬼斯通 → 耿鬼 → 耿鬼ex,,B+,15.00,Base:5.0|Meta:0.0|Exp:2.0|Func:5.0|Syn:2.0|Eff:0.0|Dmg:1.0|Mod:1.00,"硬幣判定, 能量操作",丟棄效果
鬼斯通,1階進化,14384,https://asia.pokemon-card.com/hk/card-img/hk00014384.png,寶可夢,100,Darkness,,,陰森射擊,Darkness,40,,,,,,,Fighting,,,1,2,normal,I,挑戰牌組「超級耿鬼ex」,MBG,Rianti Hidayat,喜歡躲在黑暗中伸出氣體<br/>構成的手去拍人的肩膀。<br/>一旦被接觸到，身體便會抖個不停。,鬼斯 → 鬼斯通 → 耿鬼 → 超級耿鬼ex → 耿鬼ex,,D,5.00,Base:5.0|Meta:0.0|Exp:-1.0|Func:0.0|Syn:0.0|Eff:0.0|Dmg:1.0|Mod:1.00,無,無
鬼斯通,1階進化,9879,https://asia.pokemon-card.com/hk/card-img/hk00009879.png,寶可夢,80,Darkness,,,黑色微寐,"Darkness,Colorless",40,將對手的戰鬥寶可夢【睡眠】。,,,,,,Fighting,,,1,34,normal,G,強化擴充包「激狂駭浪」,SV3a,DOM,喜歡躲在黑暗中伸出氣體構成的手去拍人的肩膀。<br/>一旦被接觸到，身體便會抖個不停。,鬼斯 → 鬼斯通 → 耿鬼 → 耿鬼ex,,C+,10.00,Base:5.0|Meta:0.0|Exp:2.0|Func:2.0|Syn:0.0|Eff:0.0|Dmg:1.0|Mod:1.00,狀態異常,無
鬼斯通,1階進化,10843,https://asia.pokemon-card.com/hk/card-img/hk00010843.png,寶可夢,90,Darkness,,,毒之氣息,"Darkness,Darkness",30,將對手的戰鬥寶可夢【中毒】。,,,,,,Fighting,,,1,46,normal,H,擴充包「狂野之力」,SV5K,MAHOU,喜歡躲在黑暗中伸出氣體構成的手去拍人的肩膀。<br/>一旦被接觸到，身體便會抖個不停。,鬼斯 → 鬼斯通 → 耿鬼 → 耿鬼ex,,C+,10.00,Base:5.0|Meta:0.0|Exp:2.0|Func:2.0|Syn:0.0|Eff:0.0|Dmg:1.0|Mod:1.00,狀態異常,無
超級耿鬼ex,2階進化,14385,https://asia.pokemon-card.com/hk/card-img/hk00014385.png,寶可夢,350,Darkness,影藏,只要這隻寶可夢在場上，自己的【惡】寶可夢受到對手的「寶可夢【ex】」招式的傷害而【昏厥】時，被獲得的獎賞卡減少1張。這個特性的效果不會重複。,空無強風,"Darkness,Darkness",230,選擇1個這隻寶可夢身上附加的能量，改附於備戰寶可夢身上。,,,,,,Fighting,,,2,3,normal,I,挑戰牌組「超級耿鬼ex」,MBG,5ban Graphics,,鬼斯 → 鬼斯通 → 耿鬼 → 超級耿鬼ex → 耿鬼ex,ex,A,18.00,Base:5.0|Meta:0.0|Exp:-1.0|Func:8.0|Syn:0.0|Eff:0.0|Dmg:6.0|Mod:1.00,"獎賞控制, 能量操作",特性效果
黑暗鴉,基礎,14386,https://asia.pokemon-card.com/hk/card-img/hk00014386.png,寶可夢,60,Darkness,,,伏擊,Darkness,10+,擲1次硬幣若為正面，則增加20點傷害。,,,,,,Lightning,,Fighting,1,4,normal,I,挑戰牌組「超級耿鬼ex」,MBG,Tomokazu Komiya,人們相信晚上看到牠<br/>就會發生不吉利的事，<br/>這讓牠成了人見人厭的寶可夢。,黑暗鴉 → 烏鴉頭頭 → 烏鴉頭頭GX,,C,8.00,Base:5.0|Meta:0.0|Exp:-1.0|Func:0.0|Syn:2.0|Eff:0.0|Dmg:2.0|Mod:1.00,"條件傷害, 硬幣判定",無
黑暗鴉,基礎,8707,https://asia.pokemon-card.com/hk/card-img/hk00008707.png,寶可夢,60,Darkness,,,旋轉迴旋,Colorless,10,將這隻寶可夢與備戰寶可夢互換。,團結之翼,Darkness,20×,造成自己的棄牌區的，持有「團結之翼」招式的寶可夢卡的張數×20點傷害。,,Lightning,,Fighting,1,45,normal,G,擴充包「冰雪險境」,SV2P,Teeziro,人們相信晚上看到牠就會發生不吉利的事，<br/>這讓牠成了人見人厭的寶可夢。,黑暗鴉 → 烏鴉頭頭 → 烏鴉頭頭GX,,B,11.00,Base:5.0|Meta:0.0|Exp:2.0|Func:3.0|Syn:0.0|Eff:0.0|Dmg:1.0|Mod:1.00,"傷害效果, 切換效果, 棄牌區傷害加成",無
烏鴉頭頭,1階進化,14387,https://asia.pokemon-card.com/hk/card-img/hk00014387.png,寶可夢,130,Darkness,,,暗之風,Darkness,30,,狙擊羽毛,"Darkness,Darkness,Colorless",,將2個這隻寶可夢身上附加的能量丟棄，對手的1隻寶可夢受到120點傷害。[在備戰區不計算弱點・抵抗力。],,Lightning,,Fighting,1,5,normal,I,挑戰牌組「超級耿鬼ex」,MBG,Anesaki Dynamic,性格冷酷，不留情面。<br/>據說絕不會容許手下的<br/>黑暗鴉有任何的失敗。,黑暗鴉 → 烏鴉頭頭 → 烏鴉頭頭GX,,B,11.00,Base:5.0|Meta:0.0|Exp:-1.0|Func:6.0|Syn:0.0|Eff:0.0|Dmg:1.0|Mod:1.00,"能量操作, 連鎖傷害",丟棄效果
勾魂眼,基礎,14388,https://asia.pokemon-card.com/hk/card-img/hk00014388.png,寶可夢,80,Darkness,,,動怒爪,Darkness,20+,若自己的備戰區有【惡】屬性的【2階進化】寶可夢，則增加70點傷害。,,,,,,Grass,,,1,6,normal,I,挑戰牌組「超級耿鬼ex」,MBG,osare,會在陰暗的洞窟裡建造住所，<br/>並用鋒利的爪子挖寶石吃。,勾魂眼,,B,12.00,Base:5.0|Meta:0.0|Exp:-1.0|Func:4.0|Syn:2.0|Eff:0.0|Dmg:2.0|Mod:1.00,"條件傷害, 進化支援",無
勾魂眼,基礎,8644,https://asia.pokemon-card.com/hk/card-img/hk00008644.png,寶可夢,70,Darkness,,,暗之瞳,Colorless,,將對手的戰鬥寶可夢【睡眠】。,刺殺爪,Darkness,20+,若對手的戰鬥寶可夢處於特殊狀態，則增加70點傷害。,,Grass,,,1,55,normal,G,強化擴充包「三連音爆」,SV1a,Nagomi Nijo,會在陰暗的洞窟裡建造住所，並用鋒利的爪子挖寶石吃。,勾魂眼,,B,13.00,Base:5.0|Meta:0.0|Exp:2.0|Func:2.0|Syn:2.0|Eff:0.0|Dmg:2.0|Mod:1.00,"條件傷害, 狀態異常",無
勾魂眼,基礎,10847,https://asia.pokemon-card.com/hk/card-img/hk00010847.png,寶可夢,70,Darkness,,,利爪劈擊,Darkness,20,,傷害集結,"Colorless,Colorless",,選擇任意數量的對手的備戰寶可夢身上放置的傷害指示物，改放於對手的戰鬥寶可夢身上。,,Grass,,,1,50,normal,H,擴充包「狂野之力」,SV5K,313,會在陰暗的洞窟裡建造住所，並用鋒利的爪子挖寶石吃。,勾魂眼,,C+,10.00,Base:5.0|Meta:0.0|Exp:2.0|Func:3.0|Syn:0.0|Eff:0.0|Dmg:0.0|Mod:1.00,傷害指示物,無
阿勃梭魯,基礎,14389,https://asia.pokemon-card.com/hk/card-img/hk00014389.png,寶可夢,110,Darkness,,,吸引,Colorless,,從自己的牌庫抽出2張卡。,暗黑利刃,"Darkness,Colorless",60,,,Grass,,,1,7,normal,I,挑戰牌組「超級耿鬼ex」,MBG,Takumi Wada,由於擁有察覺危險的能力，<br/>因此牠被人們誤解是<br/>會招來災禍的寶可夢。,阿勃梭魯,,C+,9.00,Base:5.0|Meta:0.0|Exp:-1.0|Func:3.0|Syn:0.0|Eff:0.0|Dmg:2.0|Mod:1.00,"抽卡效果, 搜索效果",無
阿勃梭魯,基礎,9881,https://asia.pokemon-card.com/hk/card-img/hk00009881.png,寶可夢,100,Darkness,,,抽出意識,Colorless,,從牌庫抽卡直到自己的手牌滿5張為止。若希望，在從牌庫抽卡前，將自己的任意數量的手牌丟棄。,強化斬,"Colorless,Colorless",20+,若這隻寶可夢身上附有「寶可夢道具」卡，則增加60點傷害。,,Grass,,,1,36,normal,G,強化擴充包「激狂駭浪」,SV3a,Shinji Kanda,由於擁有察覺危險的能力，因此牠被人們誤解是<br/>會招來災禍的寶可夢。,阿勃梭魯,,B+,14.00,Base:5.0|Meta:0.0|Exp:2.0|Func:3.0|Syn:2.0|Eff:0.0|Dmg:2.0|Mod:1.00,"抽卡效果, 條件傷害",無
阿勃梭魯,基礎,11481,https://asia.pokemon-card.com/hk/card-img/hk00011481.png,寶可夢,110,Darkness,,,惡棍墜落,Colorless,20+,若自己的場上的【惡】能量有3個以上，則增加50點傷害。,,,,,,Grass,,,1,30,normal,H,強化擴充包「黑夜漫遊者」,SV6a,rika,如風般地奔馳在山野中。<br/>形狀如弓的角能夠敏銳<br/>感應到自然災害的預兆。,阿勃梭魯,,B+,16.00,Base:5.0|Meta:0.0|Exp:3.0|Func:2.0|Syn:4.0|Eff:0.0|Dmg:2.0|Mod:1.00,條件傷害,無
無極汰那,基礎,14390,https://asia.pokemon-card.com/hk/card-img/hk00014390.png,寶可夢,150,Darkness,,,敲壞,"Darkness,Darkness",50,將場上的競技場卡丟棄。,力量猛攻,"Darkness,Darkness,Darkness",130,擲1次硬幣若為反面，則在下個自己的回合，這隻寶可夢無法使用招式。,,Fighting,,,2,8,normal,I,挑戰牌組「超級耿鬼ex」,MBG,akagi,會用胸部的核心吸收<br/>伽勒爾的大地湧出的能量，<br/>藉以保持自己的活力。,無極汰那,,B,12.00,Base:5.0|Meta:0.0|Exp:-1.0|Func:0.0|Syn:4.0|Eff:0.0|Dmg:4.0|Mod:1.00,"使用限制, 招式鎖定, 硬幣判定",競技場效果
無極汰那,基礎,12156,https://asia.pokemon-card.com/hk/card-img/hk00012156.png,寶可夢,150,Dragon,,,汰那爆破,Darkness,10+,若對手的戰鬥寶可夢為「寶可夢【ex】」，則增加80點傷害。,世界之末,"Fire,Darkness,Darkness",230,將場上的競技場卡丟棄。若無法丟棄，則這個招式失敗。,,,,,2,80,normal,H,擴充包「超電突圍」,SV8,AKIRA EGAWA,會用胸部的核心吸收<br/>伽勒爾的大地湧出的能量，<br/>藉以保持自己的活力。,無極汰那,,A+,20.00,Base:5.0|Meta:0.0|Exp:3.0|Func:2.0|Syn:4.0|Eff:0.0|Dmg:6.0|Mod:1.00,"條件傷害, 條件失敗",競技場效果
桃歹郎ex,基礎,14391,https://asia.pokemon-card.com/hk/card-img/hk00014391.png,寶可夢,190,Darkness,支配鎖鏈,在自己的回合時可使用1次。選擇1隻自己的備戰區的【惡】寶可夢（「桃歹郎【ex】」除外），與戰鬥寶可夢互換。然後，將新的戰鬥寶可夢【中毒】。在這個回合，若已經使出了其他的「支配鎖鏈」，則這個特性無法使用。,煩煩爆炸,"Darkness,Darkness",60×,造成對手已經獲得的獎賞卡的張數×60點傷害。,,,,,,Fighting,,,1,9,normal,I,挑戰牌組「超級耿鬼ex」,MBG,aky CG Works,,桃歹郎ex,ex,B,13.00,Base:5.0|Meta:0.0|Exp:-1.0|Func:5.0|Syn:0.0|Eff:0.0|Dmg:4.0|Mod:1.00,"傷害效果, 切換效果, 招式鎖定, 棄牌區傷害加成, 狀態異常, 獎賞控制",特性效果
好傷藥,,13082,https://asia.pokemon-card.com/hk/card-img/hk00013082.png,物品卡,,,,,,,,將自己的1隻寶可夢恢復「60」HP。然後，選擇1個恢復的寶可夢身上附加的能量，將其丟棄。,,,,,,,,,,88,normal,I,擴充包「對戰搭檔」,SV9,Studio Bora Inc.,,,,B+,16.00,Base:7.0|Meta:1.0|Exp:3.0|Func:5.0|Syn:0.0|Eff:0.0|Dmg:0.0|Mod:1.00,"回復效果, 能量操作",無
龐克頭盔,,14400,https://asia.pokemon-card.com/hk/card-img/hk00014400.png,寶可夢道具,,,,,,,,附有這張卡的【惡】寶可夢在戰鬥場受到對手的寶可夢招式的傷害時，在使用招式的寶可夢身上放置4個傷害指示物。,,,,,,,,,,18,normal,I,挑戰牌組「超級耿鬼ex」,MBG,Studio Bora Inc.,,,,C,7.00,Base:6.0|Meta:0.0|Exp:-1.0|Func:2.0|Syn:0.0|Eff:0.0|Dmg:0.0|Mod:1.00,傷害指示物,無
基本【惡】能量,,14406,https://asia.pokemon-card.com/hk/card-img/hk00014406.png,基本能量卡,,,,,,,,,,,,,,,,,,DAR,n/a,I,挑戰牌組「超級耿鬼ex」,MBG,,,,,D,4.00,Base:5.0|Meta:0.0|Exp:-1.0|Func:0.0|Syn:0.0|Eff:0.0|Dmg:0.0|Mod:1.00,無,無
尖釘鎮道館,,13167,https://asia.pokemon-card.com/hk/card-img/hk00013167.png,競技場卡,,,,,,,,雙方玩家在每個自己的回合時，可使用1次，可從自己的牌庫選擇1張「瑪俐的寶可夢」，在給對手看過後加入手牌。並且重洗牌庫。,,,,,,,,,,21,normal,I,挑戰牌組 瑪俐的莫魯貝可&長毛巨魔ex,SVOM,AYUMI ODASHIMA,,,,B,12.00,Base:6.0|Meta:0.0|Exp:2.0|Func:4.0|Syn:0.0|Eff:0.0|Dmg:0.0|Mod:1.00,"抽卡效果, 搜索效果",無
朵拉塞娜,,11988,https://asia.pokemon-card.com/hk/card-img/hk00011988.png,支援者卡,,,,,,,,將自己的手牌全部放回牌庫並重洗。然後，擲1次硬幣，若為正面，則從牌庫抽出8張卡，若為反面，則從牌庫抽出3張卡。,,,,,,,,,,62,normal,H,強化擴充包「樂園騰龍」,SV7a,Hideki Ishikawa,,,,A,19.00,Base:8.0|Meta:0.0|Exp:3.0|Func:4.0|Syn:4.0|Eff:0.0|Dmg:0.0|Mod:1.00,"抽卡效果, 搜索效果, 牌庫重洗, 硬幣判定",無
百萬噸吹風機,,11982,https://asia.pokemon-card.com/hk/card-img/hk00011982.png,物品卡,,,,,,,,將對手的所有寶可夢身上附加的「寶可夢道具」卡與「特殊能量」卡，與場上的「競技場」卡，全部丟棄。,,,,,,,,,,56,normal,H,強化擴充包「樂園騰龍」,SV7a,Toyste Beach,,,,A,17.00,Base:7.0|Meta:0.0|Exp:3.0|Func:5.0|Syn:2.0|Eff:0.0|Dmg:0.0|Mod:1.00,能量操作,"丟棄效果, 競技場效果"
米莫莎,,8447,https://asia.pokemon-card.com/hk/card-img/hk00008447.png,支援者卡,,,,,,,,從自己的棄牌區選擇最多5張寶可夢卡，在給對手看過後放回牌庫並重洗。然後，從牌庫抽出3張卡。,,,,在自己的回合時，支援者卡只可使用1張。,,,,,,77,normal,G,擴充包「紫ex」,SV1V,Sanosuke Sakuma,,,,B+,16.00,Base:8.0|Meta:0.0|Exp:2.0|Func:6.0|Syn:0.0|Eff:0.0|Dmg:0.0|Mod:1.00,"抽卡效果, 搜索效果",無
老大的指令,,14378,https://asia.pokemon-card.com/hk/card-img/hk00014378.png,支援者卡,,,,,,,,選擇1隻對手的備戰寶可夢，與戰鬥寶可夢互換。,,,,,,,,,,20,normal,I,挑戰牌組 「超級蒂安希ex」,MBD,NC Empire,,,,B,12.00,Base:8.0|Meta:0.0|Exp:-1.0|Func:5.0|Syn:0.0|Eff:0.0|Dmg:0.0|Mod:1.00,切換效果,無
活力頭帶,,3112,https://asia.pokemon-card.com/hk/card-img/hk00003112.png,寶可夢道具,,,,,[寶可夢道具規則],,,寶可夢道具卡，附於自己的寶可夢使用。1隻寶可夢只可附上1張寶可夢道具卡，並且保持附加狀態。,,,,附有這張卡的寶可夢使用的招式，對對手的戰鬥寶可夢造成的傷害「+10」點。,,,,,,143,normal,G,擴充包「劍&盾」SET A,SC1a,Toyste Beach,,,,C,8.00,Base:6.0|Meta:0.0|Exp:-1.0|Func:3.0|Syn:0.0|Eff:0.0|Dmg:0.0|Mod:1.00,"傷害效果, 其他效果",無
活力頭帶,,8515,https://asia.pokemon-card.com/hk/card-img/hk00008515.png,寶可夢道具,,,,,,,,附有這張卡的寶可夢使用的招式，對對手的戰鬥寶可夢造成的傷害「+10」點。,[寶可夢道具規則],,,在自己的回合時，寶可夢道具卡可不限張數附於自己的寶可夢身上。1隻寶可夢只可附上1張寶可夢道具卡，並且保持附加狀態。,,,,,,19,normal,G,起始組合ex 潤水鴨&謎擬Ｑ ex,SVAW,Studio Bora Inc.,,,,B,11.00,Base:6.0|Meta:0.0|Exp:2.0|Func:3.0|Syn:0.0|Eff:0.0|Dmg:0.0|Mod:1.00,"傷害效果, 其他效果",無
凸凸頭盔,,1275,https://asia.pokemon-card.com/hk/card-img/hk00001275.png,寶可夢道具,,,,,[寶可夢道具規則],,,寶可夢道具卡，附於自己的寶可夢使用。1隻寶可夢只可附上1張寶可夢道具卡，並且保持附加狀態。,,,,當附有這張卡的寶可夢在戰鬥場受到對手的寶可夢招式的傷害時，在使用招式的寶可夢身上放置2個傷害指示物。,,,,,,135,normal,G,擴充包「無極力量」SET A,SC2a,Studio Bora Inc.,,,,C,8.00,Base:6.0|Meta:0.0|Exp:-1.0|Func:3.0|Syn:0.0|Eff:0.0|Dmg:0.0|Mod:1.00,"傷害指示物, 其他效果",無
凸凸頭盔,,8443,https://asia.pokemon-card.com/hk/card-img/hk00008443.png,寶可夢道具,,,,,,,,當附有這張卡的寶可夢在戰鬥場受到對手的寶可夢招式的傷害時，在使用招式的寶可夢身上放置2個傷害指示物。,[寶可夢道具規則],,,在自己的回合時，寶可夢道具卡可不限張數附於自己的寶可夢身上。1隻寶可夢只可附上1張寶可夢道具卡，並且保持附加狀態。,,,,,,73,normal,G,擴充包「紫ex」,SV1V,Ayaka Yoshida,,,,B,11.00,Base:6.0|Meta:0.0|Exp:2.0|Func:3.0|Syn:0.0|Eff:0.0|Dmg:0.0|Mod:1.00,"傷害指示物, 其他效果",無
自行車道,,9031,https://asia.pokemon-card.com/hk/card-img/hk00009031.png,競技場卡,,,,,,,,雙方玩家在每個自己的回合時，可使用1次，若從自己的手牌將1張基本能量卡丟棄，則可從自己的牌庫抽出1張卡。,[寶可夢道具的規則],,,在自己的回合時，可將1張競技場卡放置於戰鬥場旁邊。若其他競技場卡被放置，則將這張卡丟棄。名稱相同的競技場卡無法放置於場上。,,,,,,165,normal,G,強化擴充包「寶可夢卡牌151」,SV2a,Oswaldo KATO,,,,A,17.00,Base:6.0|Meta:0.0|Exp:2.0|Func:5.0|Syn:4.0|Eff:0.0|Dmg:0.0|Mod:1.00,"抽卡效果, 搜索效果","放置效果, 競技場效果"
基本【炎】能量,,6782,https://asia.pokemon-card.com/hk/card-img/hk00006782.png,基本能量卡,,,,,,,,,,,,,,,,,,FIR,n/a,G,初階牌組100,SI,n/a,,,,D,4.00,Base:5.0|Meta:0.0|Exp:-1.0|Func:0.0|Syn:0.0|Eff:0.0|Dmg:0.0|Mod:1.00,無,無
基本【雷】能量,,6784,https://asia.pokemon-card.com/hk/card-img/hk00006784.png,基本能量卡,,,,,,,,,,,,,,,,,,LIG,n/a,G,初階牌組100,SI,n/a,,,,D,4.00,Base:5.0|Meta:0.0|Exp:-1.0|Func:0.0|Syn:0.0|Eff:0.0|Dmg:0.0|Mod:1.00,無,無
基本【鋼】能量,,6788,https://asia.pokemon-card.com/hk/card-img/hk00006788.png,基本能量卡,,,,,,,,,,,,,,,,,,MET,n/a,G,初階牌組100,SI,n/a,,,,D,4.00,Base:5.0|Meta:0.0|Exp:-1.0|Func:0.0|Syn:0.0|Eff:0.0|Dmg:0.0|Mod:1.00,無,無
基本【水】能量,,6783,https://asia.pokemon-card.com/hk/card-img/hk00006783.png,基本能量卡,,,,,,,,,,,,,,,,,,WAT,n/a,G,初階牌組100,SI,n/a,,,,D,4.00,Base:5.0|Meta:0.0|Exp:-1.0|Func:0.0|Syn:0.0|Eff:0.0|Dmg:0.0|Mod:1.00,無,無
基本【火】能量,,8212,https://asia.pokemon-card.com/hk/card-img/hk00008212.png,基本能量卡,,,,,,,,,,,,,,,,,,FIR,n/a,G,特別牌組組合 「噴火龍VSTAR vs 烈空坐VMAX」,SO,n/a,,,,D,5.00,Base:5.0|Meta:0.0|Exp:0.0|Func:0.0|Syn:0.0|Eff:0.0|Dmg:0.0|Mod:1.00,無,無
皮卡丘,基礎,8522,https://asia.pokemon-card.com/hk/card-img/hk00008522.png,寶可夢,60,Lightning,,,一同冒險,"Lightning,Lightning,Lightning",30+,增加自己的備戰寶可夢的數量×10點傷害。,,,,,,Fighting,,,1,1,promo,G,特典卡 朱&紫,SV,Atsushi Furusawa,愛撒嬌的新葉喵，溫溫吞吞的呆火鱷，愛乾淨的潤水鴨。皮卡丘好像也很期待即將和新夥伴們一起展開的冒險！,皮卡丘 → 雷丘 → 雷丘GX → 阿羅拉 雷丘,,C+,10.00,Base:5.0|Meta:0.0|Exp:2.0|Func:1.0|Syn:0.0|Eff:0.0|Dmg:2.0|Mod:1.00,備戰傷害加成,無
皮卡丘,基礎,9795,https://asia.pokemon-card.com/hk/card-img/hk00009795.png,寶可夢,70,Lightning,,,激戰電光,"Lightning,Lightning,Colorless",30+,擲硬幣直到出現反面，增加正面出現的次數×30點傷害。,,,,,,Fighting,,,1,40,promo,G,特典卡 朱&紫,SV,Jiro Sasumo,雙頰上有儲存電力的囊袋。一旦生氣就會把儲存的電力<br/>一口氣釋放出來。,皮卡丘 → 雷丘 → 雷丘GX → 阿羅拉 雷丘,,C+,9.00,Base:5.0|Meta:0.0|Exp:2.0|Func:0.0|Syn:0.0|Eff:0.0|Dmg:2.0|Mod:1.00,硬幣判定,無
皮卡丘,基礎,12388,https://asia.pokemon-card.com/hk/card-img/hk00012388.png,寶可夢,70,Lightning,,,電磁電光,Lightning,,對手的1隻寶可夢受到10點傷害。[在備戰區不計算弱點・抵抗力。],,,,,,Fighting,,,1,153,promo,H,特典卡 朱&紫,SV,aspara,據說同一處有好幾隻的時候，<br/>那裡就會凝集起強烈的電力，<br/>還可能造成閃電落於該處。,皮卡丘 → 雷丘 → 雷丘GX → 阿羅拉 雷丘,,C+,10.00,Base:5.0|Meta:0.0|Exp:2.0|Func:3.0|Syn:0.0|Eff:0.0|Dmg:0.0|Mod:1.00,連鎖傷害,無
皮卡丘,基礎,13121,https://asia.pokemon-card.com/hk/card-img/hk00013121.png,寶可夢,70,Lightning,,,叫聲,Colorless,,在下個對手的回合，受到這個招式的寶可夢使用招式的傷害「-20」點。,皮卡伏特,"Lightning,Colorless",30,,,Fighting,,,1,172,promo,G,特典卡 朱&紫,SV,OKACHEKE,雙頰上有儲存電力的囊袋。<br/><br/>一旦生氣就會把儲存的電力<br/><br/>一口氣釋放出來。,皮卡丘 → 雷丘 → 雷丘GX → 阿羅拉 雷丘,,C+,10.00,Base:5.0|Meta:0.0|Exp:2.0|Func:2.0|Syn:0.0|Eff:0.0|Dmg:1.0|Mod:1.00,其他效果,無
皮卡丘,基礎,13454,https://asia.pokemon-card.com/hk/card-img/hk00013454.png,寶可夢,60,Lightning,,,放鬆休息,Colorless,,將這隻寶可夢恢復「20」HP。,,,,,,Fighting,,,1,223,promo,I,特典卡 朱&紫,SV,Kazuki Minami,雙頰上有儲存電力的囊袋。<br/>一旦生氣就會把儲存的電力<br/>一口氣釋放出來。,皮卡丘 → 雷丘 → 雷丘GX → 阿羅拉 雷丘,,C+,9.00,Base:5.0|Meta:0.0|Exp:2.0|Func:2.0|Syn:0.0|Eff:0.0|Dmg:0.0|Mod:1.00,回復效果,無
皮卡丘,基礎,8891,https://asia.pokemon-card.com/hk/card-img/hk00008891.png,寶可夢,60,Lightning,,,充電,Lightning,,從自己的牌庫選擇1張「基本【雷】能量」卡，附於這隻寶可夢身上。並且重洗牌庫。,皮卡拳,"Lightning,Lightning,Colorless",50,,,Fighting,,,1,25,normal,G,強化擴充包「寶可夢卡牌151」,SV2a,Naoyo Kimura,雙頰上有儲存電力的囊袋。一旦生氣就會把儲存的電力<br/>一口氣釋放出來。,皮卡丘 → 雷丘 → 雷丘GX → 阿羅拉 雷丘,,B,11.00,Base:5.0|Meta:0.0|Exp:2.0|Func:3.0|Syn:0.0|Eff:0.0|Dmg:1.0|Mod:1.00,搜索效果,無
新葉喵,基礎,8523,https://asia.pokemon-card.com/hk/card-img/hk00008523.png,寶可夢,70,Grass,,,小吸取,Grass,10,將這隻寶可夢恢復「10」HP。,,,,,,Fire,,,1,2,promo,G,特典卡 朱&紫,SV,Yuu Nishida,毛茸茸的體毛有著 近似於植物的成分。 會勤快地洗臉以防止乾燥。,新葉喵 → 蒂蕾喵 → 魔幻假面喵 → 魔幻假面喵ex,,C+,9.00,Base:5.0|Meta:0.0|Exp:2.0|Func:2.0|Syn:0.0|Eff:0.0|Dmg:0.0|Mod:1.00,回復效果,無
新葉喵,基礎,9370,https://asia.pokemon-card.com/hk/card-img/hk00009370.png,寶可夢,70,Grass,,,抓,Colorless,10,,樹葉,"Grass,Colorless",20,,,Fire,,,1,24,promo,G,特典卡 朱&紫,SV,Saya Tsuruta,毛茸茸的體毛有著近似於植物的成分。會勤快地洗臉以防止乾燥。,新葉喵 → 蒂蕾喵 → 魔幻假面喵 → 魔幻假面喵ex,,C,7.00,Base:5.0|Meta:0.0|Exp:2.0|Func:0.0|Syn:0.0|Eff:0.0|Dmg:0.0|Mod:1.00,無,無
新葉喵,基礎,8593,https://asia.pokemon-card.com/hk/card-img/hk00008593.png,寶可夢,60,Grass,,,集光,Grass,,從自己的牌庫選擇最多2張基本能量卡，在給對手看過後加入手牌。並且重洗牌庫。,種子炸彈,Grass,10,,,Fire,,,1,4,normal,G,強化擴充包「三連音爆」,SV1a,Megumi Mizutani,毛茸茸的體毛有著近似於植物的成分。<br/>會勤快地洗臉以防止乾燥。,新葉喵 → 蒂蕾喵 → 魔幻假面喵 → 魔幻假面喵ex,,B,13.00,Base:5.0|Meta:0.0|Exp:2.0|Func:6.0|Syn:0.0|Eff:0.0|Dmg:0.0|Mod:1.00,"抽卡效果, 搜索效果",無
新葉喵,基礎,13004,https://asia.pokemon-card.com/hk/card-img/hk00013004.png,寶可夢,60,Grass,,,狂踩,Colorless,10×,擲3次硬幣，造成正面出現的次數×10點傷害。,,,,,,Fire,,,1,10,normal,I,擴充包「對戰搭檔」,SV9,Mina Nakai,毛茸茸的體毛有著<br/>近似於植物的成分。<br/>會勤快地洗臉以防止乾燥。,新葉喵 → 蒂蕾喵 → 魔幻假面喵 → 魔幻假面喵ex,,C+,9.00,Base:5.0|Meta:0.0|Exp:3.0|Func:0.0|Syn:0.0|Eff:0.0|Dmg:1.0|Mod:1.00,"傷害效果, 硬幣判定",無
呆火鱷,基礎,8524,https://asia.pokemon-card.com/hk/card-img/hk00008524.png,寶可夢,80,Fire,,,火焰灼燒,"Fire,Fire,Colorless",30,將對手的戰鬥寶可夢【灼傷】。,,,,,,Water,,,2,3,promo,G,特典卡 朱&紫,SV,Ryuta Fuse,會躺在溫熱的岩石上， 用四角形的鱗片所吸收的 熱能來製造火之能量。,呆火鱷 → 炙燙鱷 → 骨紋巨聲鱷 → 骨紋巨聲鱷ex,,C+,10.00,Base:5.0|Meta:0.0|Exp:2.0|Func:2.0|Syn:0.0|Eff:0.0|Dmg:1.0|Mod:1.00,簡單灼傷,無
呆火鱷,基礎,9371,https://asia.pokemon-card.com/hk/card-img/hk00009371.png,寶可夢,80,Fire,,,咬,Colorless,10,,烈焰,"Fire,Fire,Colorless",50,,,Water,,,2,25,promo,G,特典卡 朱&紫,SV,Akira Komayama,火囊很小，因此能量會溢出來，在牠頭上的凹槽那裡搖曳晃動。,呆火鱷 → 炙燙鱷 → 骨紋巨聲鱷 → 骨紋巨聲鱷ex,,C,8.00,Base:5.0|Meta:0.0|Exp:2.0|Func:0.0|Syn:0.0|Eff:0.0|Dmg:1.0|Mod:1.00,無,無
呆火鱷,基礎,8607,https://asia.pokemon-card.com/hk/card-img/hk00008607.png,寶可夢,90,Fire,,,發呆,Colorless,,擲1次硬幣若為正面，則將這隻寶可夢恢復「30」HP。,火焰,"Fire,Colorless",30,,,Water,,,3,18,normal,G,強化擴充包「三連音爆」,SV1a,ryoma uratsuka,會躺在溫熱的岩石上，用四角形的鱗片所吸收的<br/>熱能來製造火之能量。,呆火鱷 → 炙燙鱷 → 骨紋巨聲鱷 → 骨紋巨聲鱷ex,,B,12.00,Base:5.0|Meta:0.0|Exp:2.0|Func:2.0|Syn:2.0|Eff:0.0|Dmg:1.0|Mod:1.00,"回復效果, 硬幣判定",無
潤水鴨,基礎,8525,https://asia.pokemon-card.com/hk/card-img/hk00008525.png,寶可夢,70,Water,,,水沫,"Water,Colorless",20+,擲1次硬幣若為正面，則增加20點傷害。,,,,,,Lightning,,,1,4,promo,G,特典卡 朱&紫,SV,Narumi Sato,很久以前從遠方來到了 這裡棲息。羽毛分泌出的 凝膠有防水和防污的效果。,潤水鴨 → 湧躍鴨 → 狂歡浪舞鴨 → 狂歡浪舞鴨ex,,B,11.00,Base:5.0|Meta:0.0|Exp:2.0|Func:0.0|Syn:2.0|Eff:0.0|Dmg:2.0|Mod:1.00,"條件傷害, 硬幣判定",無
潤水鴨,基礎,9372,https://asia.pokemon-card.com/hk/card-img/hk00009372.png,寶可夢,70,Water,,,拍擊,Colorless,10,,踢,"Water,Colorless",20,,,Lightning,,,1,26,promo,G,特典卡 朱&紫,SV,Mizue,很久以前從遠方來到了這裡棲息。羽毛分泌出的凝膠有防水和防污的效果。,潤水鴨 → 湧躍鴨 → 狂歡浪舞鴨 → 狂歡浪舞鴨ex,,C,7.00,Base:5.0|Meta:0.0|Exp:2.0|Func:0.0|Syn:0.0|Eff:0.0|Dmg:0.0|Mod:1.00,無,無
潤水鴨,基礎,8616,https://asia.pokemon-card.com/hk/card-img/hk00008616.png,寶可夢,60,Water,,,潑膠,"Water,Colorless",20,在下個對手的回合，受到這個招式的寶可夢使用招式時，對手擲1次硬幣。若為反面，則那個招式失敗。,,,,,,Lightning,,,1,27,normal,G,強化擴充包「三連音爆」,SV1a,sui,很久以前從遠方來到了這裡棲息。羽毛分泌出的<br/>凝膠有防水和防污的效果。,潤水鴨 → 湧躍鴨 → 狂歡浪舞鴨 → 狂歡浪舞鴨ex,,B,11.00,Base:5.0|Meta:0.0|Exp:2.0|Func:2.0|Syn:2.0|Eff:0.0|Dmg:0.0|Mod:1.00,"條件失敗, 硬幣判定",無
潤水鴨,基礎,8617,https://asia.pokemon-card.com/hk/card-img/hk00008617.png,寶可夢,70,Water,,,突擊,Water,30,這隻寶可夢也受到10點傷害。,,,,,,Lightning,,,1,28,normal,G,強化擴充包「三連音爆」,SV1a,Naoki Saito,很久以前從遠方來到了這裡棲息。羽毛分泌出的<br/>凝膠有防水和防污的效果。,潤水鴨 → 湧躍鴨 → 狂歡浪舞鴨 → 狂歡浪舞鴨ex,,C,8.00,Base:5.0|Meta:0.0|Exp:2.0|Func:0.0|Syn:0.0|Eff:0.0|Dmg:1.0|Mod:1.00,反噬傷害,無
操陷蛛,1階進化,8526,https://asia.pokemon-card.com/hk/card-img/hk00008526.png,寶可夢,120,Grass,,,千絲束縛,Grass,30,擲1次硬幣若為正面，則將對手的戰鬥寶可夢【麻痺】。,噴射頭擊,"Grass,Colorless,Colorless",100,,,Fire,,,2,5,promo,G,特典卡 朱&紫,SV,Anesaki Dynamic,用絲線吸附在樹枝或天花板上 無聲無息地移動。會在自己 被察覺到之前將獵物打倒。,團珠蛛 → 操陷蛛ex → 操陷蛛,,B+,14.00,Base:5.0|Meta:0.0|Exp:2.0|Func:2.0|Syn:2.0|Eff:0.0|Dmg:3.0|Mod:1.00,"狀態異常, 硬幣判定",無
操陷蛛,1階進化,8742,https://asia.pokemon-card.com/hk/card-img/hk00008742.png,寶可夢,110,Grass,,,捲入陷阱,"Grass,Grass",,將雙方的戰鬥寶可夢與附加的卡，全部放回各自的牌庫並重洗。[自己先將下一隻寶可夢放置於戰鬥場。],頭突,"Grass,Grass,Grass",130,,,Fire,,,2,9,normal,G,擴充包「碟旋暴擊」,SV2D,Oswaldo KATO,用絲線吸附在樹枝或天花板上無聲無息地移動。會在自己<br/>被察覺到之前將獵物打倒。,團珠蛛 → 操陷蛛ex → 操陷蛛,,B+,15.00,Base:5.0|Meta:0.0|Exp:2.0|Func:2.0|Syn:2.0|Eff:0.0|Dmg:4.0|Mod:1.00,牌庫重洗,無
風速狗,1階進化,8527,https://asia.pokemon-card.com/hk/card-img/hk00008527.png,寶可夢,130,Fire,,,咬碎,"Fire,Colorless",30,擲1次硬幣若為正面，則選擇1個對手的戰鬥寶可夢身上附加的能量，將其丟棄。,火之鬃,"Fire,Fire,Colorless",120,,,Water,,,3,6,promo,G,特典卡 朱&紫,SV,Ryuta Fuse,根據過去的畫軸記載， 牠在草原上奔馳的姿態 擄獲了眾多人心。,卡蒂狗 → 風速狗ex → 風速狗,,A,18.00,Base:5.0|Meta:0.0|Exp:2.0|Func:5.0|Syn:2.0|Eff:0.0|Dmg:4.0|Mod:1.00,"硬幣判定, 能量操作",丟棄效果
風速狗,1階進化,13366,https://asia.pokemon-card.com/hk/card-img/hk00013366.png,寶可夢,140,Fire,,,火焰,"Colorless,Colorless",50,,懲治獠牙,"Fire,Colorless,Colorless",100+,若對手的戰鬥寶可夢為【惡】寶可夢，則增加100點傷害。,,Water,,,3,14,normal,I,擴充包「火箭隊的榮耀」,SV10,Nisota Niso,根據過去的畫軸記載，<br/>牠在草原上奔馳的姿態<br/>擄獲了眾多人心。,卡蒂狗 → 風速狗ex → 風速狗,,A,17.00,Base:5.0|Meta:0.0|Exp:3.0|Func:2.0|Syn:2.0|Eff:0.0|Dmg:5.0|Mod:1.00,條件傷害,無
風速狗,1階進化,8925,https://asia.pokemon-card.com/hk/card-img/hk00008925.png,寶可夢,150,Fire,,,熾熱沸騰,Fire,30,從自己的棄牌區選擇最多2張「基本【火】能量」卡，附於這隻寶可夢身上。,炸藥獠牙,"Fire,Fire,Colorless,Colorless",240,選擇2個這隻寶可夢身上附加的【火】能量，將其丟棄。,,Water,,,4,59,normal,G,強化擴充包「寶可夢卡牌151」,SV2a,Atsushi Furusawa,根據過去的畫軸記載，牠在草原上奔馳的姿態<br/>擄獲了眾多人心。,卡蒂狗 → 風速狗ex → 風速狗,,B+,16.00,Base:5.0|Meta:0.0|Exp:2.0|Func:3.0|Syn:0.0|Eff:0.0|Dmg:6.0|Mod:1.00,"搜索效果, 能量操作",無
吃吼霸,基礎,8528,https://asia.pokemon-card.com/hk/card-img/hk00008528.png,寶可夢,150,Water,,,頭突,"Water,Colorless,Colorless",60,,必殺波,"Water,Colorless,Colorless,Colorless",100+,擲2次硬幣，若全部為正面，則增加100點傷害。,,Lightning,,,4,7,promo,G,特典卡 朱&紫,SV,Shin Nagasawa,雖然是個大胃王， 但不擅長捕食。 會和米立龍聯手捕捉獵物。,吃吼霸,,B+,16.00,Base:5.0|Meta:0.0|Exp:2.0|Func:0.0|Syn:4.0|Eff:0.0|Dmg:5.0|Mod:1.00,"條件傷害, 硬幣判定",無
吃吼霸,基礎,8313,https://asia.pokemon-card.com/hk/card-img/hk00008313.png,寶可夢,160,Water,,,洩怒,"Colorless,Colorless",50,造成自己的棄牌區的「米立龍」的張數×50點傷害。,重磅飛濺,"Water,Water,Colorless,Colorless",120,,,Lightning,,,4,21,normal,G,擴充包「朱ex」,SV1S,Souichirou Gunjima,雖然是個大胃王，但不擅長捕食。<br/>會和米立龍聯手捕捉獵物。,吃吼霸,,B,11.00,Base:5.0|Meta:0.0|Exp:2.0|Func:0.0|Syn:0.0|Eff:0.0|Dmg:4.0|Mod:1.00,"傷害效果, 棄牌區傷害加成",無
吃吼霸,基礎,9856,https://asia.pokemon-card.com/hk/card-img/hk00009856.png,寶可夢,160,Water,,,大口吞補給,Colorless,,查看自己的牌庫上方5張卡，從其中選擇任意數量的基本能量卡，附於這隻寶可夢身上。將剩餘卡放回牌庫並重洗。,水炮濺射,"Water,Colorless,Colorless,Colorless,Colorless",180,,,Lightning,,,4,11,normal,G,強化擴充包「激狂駭浪」,SV3a,Kouki Saitou,雖然是個大胃王，但不擅長捕食。<br/>會和米立龍聯手捕捉獵物。,吃吼霸,,B+,16.00,Base:5.0|Meta:0.0|Exp:2.0|Func:4.0|Syn:0.0|Eff:0.0|Dmg:5.0|Mod:1.00,"搜索效果, 能量回收",無
密勒頓,基礎,8529,https://asia.pokemon-card.com/hk/card-img/hk00008529.png,寶可夢,120,Lightning,,,銳利之牙,"Colorless,Colorless",30,,雷電鐳射,"Lightning,Lightning,Colorless",90,對手的1隻備戰寶可夢也受到30點傷害。[在備戰區不計算弱點・抵抗力。],,Fighting,,,1,8,promo,G,特典卡 朱&紫,SV,Kouki Saitou,詳情目前仍然不明。雖然給人 貌似摩托蜥的印象，但力量和 冷酷的程度可說是天壤之別。,密勒頓,,B,13.00,Base:5.0|Meta:0.0|Exp:2.0|Func:3.0|Syn:0.0|Eff:0.0|Dmg:3.0|Mod:1.00,連鎖傷害,無
密勒頓,基礎,11014,https://asia.pokemon-card.com/hk/card-img/hk00011014.png,寶可夢,110,Dragon,,,暴衝高點,Colorless,40,從自己的牌庫選擇最多2張基本能量卡，以任意方式附於自己的「未來」寶可夢身上。並且重洗牌庫。,,,,,,,,,2,80,promo,H,特典卡 朱&紫,SV,GOSSAN,牠似乎就是古書裡所提及的 鐵大蛇。傳說牠曾用雷電<br/><br/> 將大地化成了一片灰。,密勒頓,,B,11.00,Base:5.0|Meta:0.0|Exp:2.0|Func:3.0|Syn:0.0|Eff:0.0|Dmg:1.0|Mod:1.00,搜索效果,無
密勒頓,基礎,12120,https://asia.pokemon-card.com/hk/card-img/hk00012120.png,寶可夢,120,Lightning,,,防護代碼,"Lightning,Colorless",40,在下個對手的回合，自己的所有「未來」寶可夢不會受到「寶可夢【ex】」招式的傷害。若這隻寶可夢離開戰鬥場，則這個效果消除。,閃電爪,"Lightning,Colorless,Colorless",100,,,Fighting,,,1,44,normal,H,擴充包「超電突圍」,SV8,Nurikabe,牠似乎就是古書裡所提及的<br/><br/>鐵大蛇。傳說牠曾用雷電<br/><br/>將大地化成了一片灰。,密勒頓,,B+,15.00,Base:5.0|Meta:0.0|Exp:3.0|Func:2.0|Syn:2.0|Eff:0.0|Dmg:3.0|Mod:1.00,"傷害防禦, 效果免疫",無
超能豔鴕,1階進化,8530,https://asia.pokemon-card.com/hk/card-img/hk00008530.png,寶可夢,110,Psychic,,,極光增輝,Colorless,30,將這隻寶可夢恢復「30」HP。,超念力,"Psychic,Colorless",60,,,Darkness,,Fighting,0,9,promo,G,特典卡 朱&紫,SV,Sanosuke Sakuma,會從大大的眼睛放出 精神力量讓對手無法動彈。 有別外表，性格非常粗暴。,飄飄雛 → 超能豔鴕 → 超能豔鴕ex,,B,11.00,Base:5.0|Meta:0.0|Exp:2.0|Func:2.0|Syn:0.0|Eff:0.0|Dmg:2.0|Mod:1.00,回復效果,無
超能豔鴕,1階進化,8329,https://asia.pokemon-card.com/hk/card-img/hk00008329.png,寶可夢,110,Psychic,,,眼力,Psychic,20,在下個對手的回合，受到這個招式的寶可夢無法撤退。,精神強念,"Psychic,Colorless,Colorless",30+,增加對手的戰鬥寶可夢身上附加的能量的數量×50點傷害。,,Darkness,,Fighting,0,37,normal,G,擴充包「朱ex」,SV1S,Hitoshi Ariga,會從大大的眼睛放出精神力量讓對手無法動彈。<br/>有別外表，性格非常粗暴。,飄飄雛 → 超能豔鴕 → 超能豔鴕ex,,B+,14.00,Base:5.0|Meta:0.0|Exp:2.0|Func:5.0|Syn:0.0|Eff:0.0|Dmg:2.0|Mod:1.00,"備戰傷害加成, 撤退封鎖, 能量操作",撤退效果
超能豔鴕,1階進化,10057,https://asia.pokemon-card.com/hk/card-img/hk00010057.png,寶可夢,120,Psychic,試探,在自己的回合，從手牌使出這張卡並完成進化時，可使用1次。在下個對手的回合結束前，這隻寶可夢不會受到對手的寶可夢招式的傷害與效果的影響。,閃亮眼睛,"Psychic,Psychic",70+,若自己的棄牌區有「莉普」，則增加70點傷害。,,,,,,Darkness,,Fighting,1,33,normal,G,擴充包「未來閃光」,SV4M,Teeziro,會從鮮豔褶邊的縫隙間釋放出精神力量，藉此以時速２００公里的速度狂奔。,飄飄雛 → 超能豔鴕 → 超能豔鴕ex,,A+,22.00,Base:5.0|Meta:0.0|Exp:2.0|Func:9.0|Syn:2.0|Eff:0.0|Dmg:4.0|Mod:1.00,"傷害防禦, 效果免疫, 條件傷害, 棄牌區傷害加成",進化效果
超能豔鴕,1階進化,11949,https://asia.pokemon-card.com/hk/card-img/hk00011949.png,寶可夢,120,Psychic,,,奧密之眼,Colorless,,選擇1隻對手的進化寶可夢，移除1張「進化卡」使其退化。將移除的卡放回對手的手牌。,螺旋吸取,"Psychic,Colorless",60,‌將這隻寶可夢恢復「30」HP。,,Darkness,,Fighting,1,23,normal,H,強化擴充包「樂園騰龍」,SV7a,Anesaki Dynamic,會從鮮豔褶邊的縫隙間<br/>釋放出精神力量，藉此以<br/>時速２００公里的速度狂奔。,飄飄雛 → 超能豔鴕 → 超能豔鴕ex,,A,17.00,Base:5.0|Meta:0.0|Exp:3.0|Func:7.0|Syn:0.0|Eff:0.0|Dmg:2.0|Mod:1.00,"回復效果, 進化支援",無
超能豔鴕,基礎,12213,https://asia.pokemon-card.com/hk/card-img/hk00012213.png,寶可夢,130,Psychic,,,精神閃光,Psychic,50,,,,,,,Darkness,,Fighting,1,26,normal,H,Trianers Camp,SVI,Ryota Murayama,會從大大的眼睛放出<br/>精神力量讓對手無法動彈。<br/>有別外表，性格非常粗暴。,飄飄雛 → 超能豔鴕 → 超能豔鴕ex,,C,8.00,Base:5.0|Meta:0.0|Exp:2.0|Func:0.0|Syn:0.0|Eff:0.0|Dmg:1.0|Mod:1.00,無,無
故勒頓,基礎,8531,https://asia.pokemon-card.com/hk/card-img/hk00008531.png,寶可夢,130,Fighting,,,利爪劈擊,"Colorless,Colorless,Colorless",70,,亂暴獠牙,"Fighting,Fighting,Fighting,Colorless",190,選擇3個這隻寶可夢身上附加的能量，將其丟棄。,,Psychic,,,2,10,promo,G,特典卡 朱&紫,SV,Kouki Saitou,牠似乎就是古老的探險記裡 提到的翼大王的真面目。 據記載，牠曾以拳頭擊裂大地。,故勒頓,,B+,15.00,Base:5.0|Meta:0.0|Exp:2.0|Func:3.0|Syn:0.0|Eff:0.0|Dmg:5.0|Mod:1.00,能量操作,無
故勒頓,基礎,11013,https://asia.pokemon-card.com/hk/card-img/hk00011013.png,寶可夢,140,Dragon,,,撕裂,"Fire,Fighting,Colorless",130,這個招式的傷害不計算對手的戰鬥寶可夢身上的附加效果。,,,,,,,,,2,79,promo,H,特典卡 朱&紫,SV,Teeziro,牠似乎就是古老的探險記裡 提到的翼大王的真面目。<br/><br/> 據記載，牠曾以拳頭擊裂大地。,故勒頓,,B+,14.00,Base:5.0|Meta:0.0|Exp:2.0|Func:3.0|Syn:0.0|Eff:0.0|Dmg:4.0|Mod:1.00,無視弱點/效果,無
故勒頓,基礎,10849,https://asia.pokemon-card.com/hk/card-img/hk00010849.png,寶可夢,140,Dragon,,,原生亂打,"Fighting,Colorless",30×,造成自己的場上的「古代」寶可夢的數量×30點傷害。,撕裂,"Fire,Fighting,Colorless",130,這個招式的傷害不計算對手的戰鬥寶可夢身上的附加效果。,,,,,2,52,normal,H,擴充包「狂野之力」,SV5K,Teeziro,牠似乎就是古老的探險記裡提到的翼大王的真面目。<br/><br/>據記載，牠曾以拳頭擊裂大地。,故勒頓,,B+,16.00,Base:5.0|Meta:0.0|Exp:2.0|Func:3.0|Syn:2.0|Eff:0.0|Dmg:4.0|Mod:1.00,"備戰傷害加成, 傷害效果, 無視弱點/效果",無
故勒頓,基礎,12145,https://asia.pokemon-card.com/hk/card-img/hk00012145.png,寶可夢,130,Fighting,,,輪番狂攻,"Colorless,Colorless",30+,在上個自己的回合，若這隻寶可夢以外的「古代」寶可夢使用了招式，則增加150點傷害。,頭突,"Fighting,Fighting,Colorless",110,,,Psychic,,,2,69,normal,H,擴充包「超電突圍」,SV8,Ryuta Fuse,牠似乎就是古老的探險記裡<br/><br/>提到的翼大王的真面目。<br/><br/>據記載，牠曾以拳頭擊裂大地。,故勒頓,,B,13.00,Base:5.0|Meta:0.0|Exp:3.0|Func:0.0|Syn:2.0|Eff:0.0|Dmg:3.0|Mod:1.00,條件傷害,無
故勒頓,基礎,12220,https://asia.pokemon-card.com/hk/card-img/hk00012220.png,寶可夢,130,Fighting,,,覺悟之牙,"Fighting,Fighting",50+,若對手的戰鬥寶可夢為「寶可夢【ex】」，則增加70點傷害。,,,,,,Psychic,,,2,33,normal,H,Trianers Camp,SVI,kawayoo,牠似乎就是古老的探險記裡<br/>提到的翼大王的真面目。<br/>據記載，牠曾以拳頭擊裂大地。,故勒頓,,B+,14.00,Base:5.0|Meta:0.0|Exp:2.0|Func:2.0|Syn:2.0|Eff:0.0|Dmg:3.0|Mod:1.00,條件傷害,無
飄香豚,1階進化,8532,https://asia.pokemon-card.com/hk/card-img/hk00008532.png,寶可夢,120,Colorless,,,衝撞,"Colorless,Colorless",50,,足踩踏,"Colorless,Colorless,Colorless",130,擲1次硬幣若為反面，則在下個自己的回合，這隻寶可夢無法使用招式。,,Fighting,,,2,11,promo,G,特典卡 朱&紫,SV,kirisAki,以自己細緻透亮的肌膚 為傲。會從尾巴的前端 釋放出凝縮的香氣。,愛吃豚 → 飄香豚ex → 飄香豚,,B,13.00,Base:5.0|Meta:0.0|Exp:2.0|Func:0.0|Syn:2.0|Eff:0.0|Dmg:4.0|Mod:1.00,"使用限制, 招式鎖定, 硬幣判定",無
飄香豚,1階進化,9609,https://asia.pokemon-card.com/hk/card-img/hk00009609.png,寶可夢,130,Colorless,,,特優,"Colorless,Colorless",,擲3次硬幣，從自己的棄牌區任意選擇最多與正面出現的次數相同數量的卡，在給對手看過後加入手牌。,芬香壓制,"Colorless,Colorless,Colorless",70,將對手的戰鬥寶可夢【混亂】。,,Fighting,,,2,98,normal,G,擴充包「黯焰支配者」,SV3,Akira Komayama,會釋放出如花般的香氣。腿部肌肉發達，要跳超過５公尺高也是輕而易舉。,愛吃豚 → 飄香豚ex → 飄香豚,,B,12.00,Base:5.0|Meta:0.0|Exp:2.0|Func:3.0|Syn:0.0|Eff:0.0|Dmg:2.0|Mod:1.00,"搜索效果, 狀態異常, 硬幣判定",無
飄香豚,1階進化,9325,https://asia.pokemon-card.com/hk/card-img/hk00009325.png,寶可夢,120,Colorless,,,搖晃芬香,"Colorless,Colorless",30,將對手的戰鬥寶可夢【混亂】。,陷入踢,"Colorless,Colorless,Colorless",160,擲1次硬幣若為反面，則這隻寶可夢也受到60點傷害。,,Fighting,,,2,103,normal,G,ex初階牌組,SVD,Pani Kobayashi,以自己細緻透亮的肌膚為傲。會從尾巴的前端<br/>釋放出凝縮的香氣。,愛吃豚 → 飄香豚ex → 飄香豚,,B+,16.00,Base:5.0|Meta:0.0|Exp:2.0|Func:2.0|Syn:2.0|Eff:0.0|Dmg:5.0|Mod:1.00,"反噬傷害, 條件傷害, 狀態異常, 硬幣判定",無
飄香豚,1階進化,12730,https://asia.pokemon-card.com/hk/card-img/hk00012730.png,寶可夢,120,Colorless,,,芬香踩踏,"Colorless,Colorless",50,擲1次硬幣若為正面，則在下個對手的回合，受到這個招式的寶可夢無法使用招式。,魯莽頭擊,"Colorless,Colorless,Colorless",120,,,Fighting,,,2,122,normal,H,雙ex初階牌組 Generations,SVM,Mina Nakai,喜好乾淨，個性一絲不苟。<br/>會讓花香包覆全身<br/>來療癒周圍的寶可夢們。,愛吃豚 → 飄香豚ex → 飄香豚,,B+,15.00,Base:5.0|Meta:0.0|Exp:2.0|Func:2.0|Syn:2.0|Eff:0.0|Dmg:4.0|Mod:1.00,"招式鎖定, 硬幣判定",無
摩托蜥ex,基礎,8533,https://asia.pokemon-card.com/hk/card-img/hk00008533.png,寶可夢,210,Colorless,,,力量奔馳,Colorless,30,#N/A,全速油門,"Colorless,Colorless,Colorless",180,,,Fighting,,,1,12,promo,G,特典卡 朱&紫,SV,5ban Graphics,,摩托蜥ex,ex,B,12.00,Base:5.0|Meta:0.0|Exp:2.0|Func:0.0|Syn:0.0|Eff:0.0|Dmg:5.0|Mod:1.00,其他效果,無
摩托蜥ex,基礎,11977,https://asia.pokemon-card.com/hk/card-img/hk00011977.png,寶可夢,210,Colorless,,,突圍,"Colorless,Colorless,Colorless",130,對手的1隻備戰寶可夢也受到30點傷害。[在備戰區不計算弱點・抵抗力。],鋯石之路,"Grass,Fire,Psychic",180,若希望，從自己的牌庫抽出5張卡。,,Fighting,,,1,51,normal,H,強化擴充包「樂園騰龍」,SV7a,5ban Graphics,,摩托蜥ex,"太晶,ex",A+,21.00,Base:5.0|Meta:0.0|Exp:3.0|Func:6.0|Syn:2.0|Eff:0.0|Dmg:5.0|Mod:1.00,"搜索效果, 連鎖傷害",大量抽卡
艾莉絲的鬥志,,14377,https://asia.pokemon-card.com/hk/card-img/hk00014377.png,支援者卡,,,,,,,,這張卡必須將自己的1張手牌丟棄才可使用。<br/><br/>從牌庫抽卡直到自己的手牌滿6張為止。,,,,,,,,,,19,normal,I,挑戰牌組 「超級蒂安希ex」,MBD,yuu,,,,C+,10.00,Base:8.0|Meta:0.0|Exp:-1.0|Func:3.0|Syn:0.0|Eff:0.0|Dmg:0.0|Mod:1.00,抽卡效果,無
洛托姆,基礎,8546,https://asia.pokemon-card.com/hk/card-img/hk00008546.png,寶可夢,80,Lightning,,,廢品搜尋,Colorless,,從自己的棄牌區選擇1張物品卡，在給對手看過後加入手牌。,電擊,Lightning,20,擲1次硬幣若為正面，則將對手的戰鬥寶可夢【麻痺】。,,Fighting,,,1,16,promo,G,特典卡 朱&紫,SV,Kouki Saitou,被當作驅動 特殊馬達的動力源，<br/><br/> 而被長期研究的寶可夢。,洛托姆,,B,12.00,Base:5.0|Meta:0.0|Exp:2.0|Func:3.0|Syn:2.0|Eff:0.0|Dmg:0.0|Mod:1.00,"搜索效果, 狀態異常, 硬幣判定",無
洛托姆,基礎,12113,https://asia.pokemon-card.com/hk/card-img/hk00012113.png,寶可夢,80,Lightning,,,粉碎脈衝,Lightning,,查看對手的手牌，將其中的「物品」卡與「寶可夢道具」卡全部丟棄。,能量短路,Lightning,20×,造成對手的戰鬥寶可夢身上附加的能量的數量×20點傷害。,,Fighting,,,1,37,normal,H,擴充包「超電突圍」,SV8,Shinya Mizuno,被當作驅動<br/>特殊馬達的動力源，<br/>而被長期研究的寶可夢。,洛托姆,,S,24.00,Base:5.0|Meta:0.0|Exp:3.0|Func:6.0|Syn:2.0|Eff:0.0|Dmg:8.0|Mod:1.00,"備戰傷害加成, 傷害效果, 情報收集, 能量操作",丟棄效果
洛托姆,基礎,13240,https://asia.pokemon-card.com/hk/card-img/hk00013240.png,寶可夢,60,Lightning,,,驚嚇,Lightning,20,在不看正面的情況下，從對手的手牌選擇1張，查看那張卡的正面後放回對手的牌庫並重洗。,配件秀,"Colorless,Colorless",30×,造成自己的所有寶可夢身上附加的「寶可夢道具」卡的數量×30點傷害。,,Fighting,,,1,39,normal,I,強化擴充包「熱風競技場」,SV9a,Yoshimi Miyoshi,如同電一般的身體<br/>能進到一部分的機器裡，<br/>並用其作為身體來惡作劇。,洛托姆,,B+,15.00,Base:5.0|Meta:0.0|Exp:3.0|Func:5.0|Syn:0.0|Eff:0.0|Dmg:2.0|Mod:1.00,"備戰傷害加成, 傷害效果, 搜索效果",無
洛托姆,基礎,8456,https://asia.pokemon-card.com/hk/card-img/hk00008456.png,寶可夢,60,Lightning,,,直擊彈,Colorless,,對手的1隻寶可夢受到20點傷害。[在備戰區不計算弱點・抵抗力。],,,,,,Fighting,,,1,8,normal,G,起始組合ex 呆火鱷&電龍 ex,SVAL,Nisota Niso,被當作驅動特殊馬達的動力源，<br/>而被長期研究的寶可夢。,洛托姆,,C+,10.00,Base:5.0|Meta:0.0|Exp:2.0|Func:3.0|Syn:0.0|Eff:0.0|Dmg:0.0|Mod:1.00,連鎖傷害,無
迷你芙,基礎,8547,https://asia.pokemon-card.com/hk/card-img/hk00008547.png,寶可夢,60,Grass,,,營養素,Grass,,將自己的1隻寶可夢恢復「30」HP。,噴汁,"Grass,Colorless",20,,,Fire,,,1,17,promo,G,特典卡 朱&紫,SV,Misa Tsutsui,會從頭上的果實噴出油 來保護自己不受敵人攻擊。<br/><br/> 油的味道苦澀到會讓人跳起來。,迷你芙 → 奧利紐 → 奧利瓦 → 奧利瓦ex,,C+,9.00,Base:5.0|Meta:0.0|Exp:2.0|Func:2.0|Syn:0.0|Eff:0.0|Dmg:0.0|Mod:1.00,回復效果,無
迷你芙,基礎,13362,https://asia.pokemon-card.com/hk/card-img/hk00013362.png,寶可夢,60,Grass,,,衝撞,Colorless,10,,,,,,,Fire,,,1,10,normal,I,擴充包「火箭隊的榮耀」,SV10,Yuka Morii,會從頭上的果實噴出油<br/>來保護自己不受敵人攻擊。<br/>油的味道苦澀到會讓人跳起來。,迷你芙 → 奧利紐 → 奧利瓦 → 奧利瓦ex,,C,8.00,Base:5.0|Meta:0.0|Exp:3.0|Func:0.0|Syn:0.0|Eff:0.0|Dmg:0.0|Mod:1.00,無,無
迷你芙,基礎,9231,https://asia.pokemon-card.com/hk/card-img/hk00009231.png,寶可夢,50,Grass,,,吸取,Grass,10,將這隻寶可夢恢復「10」HP。,,,,,,Fire,,,1,9,normal,G,ex初階牌組,SVD,Masako Tomii,會從頭上的果實噴出油來保護自己不受敵人攻擊。<br/>油的味道苦澀到會讓人跳起來。,迷你芙 → 奧利紐 → 奧利瓦 → 奧利瓦ex,,C+,9.00,Base:5.0|Meta:0.0|Exp:2.0|Func:2.0|Syn:0.0|Eff:0.0|Dmg:0.0|Mod:1.00,回復效果,無
卡蒂狗,基礎,8548,https://asia.pokemon-card.com/hk/card-img/hk00008548.png,寶可夢,90,Fire,,,燃起,Colorless,,從自己的牌庫選擇最多2張「基本【火】能量」卡，附於這隻寶可夢身上。並且重洗牌庫。,火之爪,"Fire,Fire,Fire",70,,,Water,,,3,18,promo,G,特典卡 朱&紫,SV,Uta,性格誠實，容易和人親近。 遇到敵人時牠會吼叫追咬，<br/><br/> 試著把敵人趕走。,卡蒂狗 → 風速狗ex → 風速狗,,B,12.00,Base:5.0|Meta:0.0|Exp:2.0|Func:3.0|Syn:0.0|Eff:0.0|Dmg:2.0|Mod:1.00,搜索效果,無
卡蒂狗,基礎,13365,https://asia.pokemon-card.com/hk/card-img/hk00013365.png,寶可夢,80,Fire,,,火種,Fire,10,,豎爪,"Colorless,Colorless",20,,,Water,,,2,13,normal,I,擴充包「火箭隊的榮耀」,SV10,ryoma uratsuka,能毫不畏懼地去對抗<br/>比自己更強更大的對手。<br/>性格非常勇敢可靠。,卡蒂狗 → 風速狗ex → 風速狗,,C,8.00,Base:5.0|Meta:0.0|Exp:3.0|Func:0.0|Syn:0.0|Eff:0.0|Dmg:0.0|Mod:1.00,無,無
卡蒂狗,基礎,8924,https://asia.pokemon-card.com/hk/card-img/hk00008924.png,寶可夢,80,Fire,,,蒸發,Fire,10,選擇1個對手的戰鬥寶可夢身上附加的【水】能量，將其丟棄。,,,,,,Water,,,2,58,normal,G,強化擴充包「寶可夢卡牌151」,SV2a,Atsushi Furusawa,能毫不畏懼地去對抗比自己更強更大的對手。<br/>性格非常勇敢可靠。,卡蒂狗 → 風速狗ex → 風速狗,,B,12.00,Base:5.0|Meta:0.0|Exp:2.0|Func:5.0|Syn:0.0|Eff:0.0|Dmg:0.0|Mod:1.00,能量操作,丟棄效果
卡蒂狗,基礎,8449,https://asia.pokemon-card.com/hk/card-img/hk00008449.png,寶可夢,70,Fire,,,連續火焰,Fire,30,擲硬幣直到出現反面，造成正面出現的次數×30點傷害。,,,,,,Water,,,2,1,normal,G,起始組合ex 呆火鱷&電龍 ex,SVAL,kawayoo,性格誠實，容易和人親近。遇到敵人時牠會吼叫追咬，<br/>試著把敵人趕走。,卡蒂狗 → 風速狗ex → 風速狗,,C,8.00,Base:5.0|Meta:0.0|Exp:2.0|Func:0.0|Syn:0.0|Eff:0.0|Dmg:1.0|Mod:1.00,"傷害效果, 硬幣判定",無
茸茸羊,1階進化,8549,https://asia.pokemon-card.com/hk/card-img/hk00008549.png,寶可夢,90,Lightning,,,劈哩啪啦,Lightning,30,,激電流,"Lightning,Colorless,Colorless",80,選擇1個這隻寶可夢身上附加的能量，將其丟棄。,,Fighting,,,2,19,promo,G,特典卡 朱&紫,SV,313,儲存了過多電力的結果， 造成牠身體表面有些部分<br/><br/> 連胎毛都長不出來。,咩利羊 → 茸茸羊 → 電龍 → 電龍GX → 電龍ex,,B,12.00,Base:5.0|Meta:0.0|Exp:2.0|Func:3.0|Syn:0.0|Eff:0.0|Dmg:2.0|Mod:1.00,能量操作,無
茸茸羊,1階進化,8454,https://asia.pokemon-card.com/hk/card-img/hk00008454.png,寶可夢,90,Lightning,,,電擊,Lightning,20,擲1次硬幣若為正面，則將對手的戰鬥寶可夢【麻痺】。,電球,"Lightning,Colorless,Colorless",60,,,Fighting,,,2,6,normal,G,起始組合ex 呆火鱷&電龍 ex,SVAL,Kurata So,如同橡膠般光滑的皮膚雖不導電，<br/>但體毛卻很容易蓄電。,咩利羊 → 茸茸羊 → 電龍 → 電龍GX → 電龍ex,,B,13.00,Base:5.0|Meta:0.0|Exp:2.0|Func:2.0|Syn:2.0|Eff:0.0|Dmg:2.0|Mod:1.00,"狀態異常, 硬幣判定",無
毛崖蟹ex,基礎,8551,https://asia.pokemon-card.com/hk/card-img/hk00008551.png,寶可夢,220,Fighting,反擊鉗,當這隻寶可夢在戰鬥場上受到對手的寶可夢招式的傷害時，選擇1個使用招式的寶可夢身上附加的能量，將其丟棄。,落下壓制,"Fighting,Colorless,Colorless",100+,擲1次硬幣若為正面，則增加80點傷害。,[ex規則],,,,,Grass,,,3,21,promo,G,特典卡 朱&紫,SV,aky CG Works,,毛崖蟹ex,ex,A,19.00,Base:5.0|Meta:0.0|Exp:2.0|Func:5.0|Syn:2.0|Eff:0.0|Dmg:5.0|Mod:1.00,"條件傷害, 硬幣判定, 能量操作",丟棄效果
噗隆隆,基礎,8552,https://asia.pokemon-card.com/hk/card-img/hk00008552.png,寶可夢,60,Metal,,,毒瓦斯,Colorless,,將對手的戰鬥寶可夢【中毒】。,,,,,,Fire,,Grass,1,22,promo,G,特典卡 朱&紫,SV,Mina Nakai,據說牠是神秘的毒寶可夢 鑽進了被放置在廢鐵工廠<br/><br/> 的引擎裡而誕生的。,噗隆隆 → 普隆隆姆 → 普隆隆姆ex,,C+,9.00,Base:5.0|Meta:0.0|Exp:2.0|Func:2.0|Syn:0.0|Eff:0.0|Dmg:0.0|Mod:1.00,狀態異常,無
噗隆隆,基礎,8352,https://asia.pokemon-card.com/hk/card-img/hk00008352.png,寶可夢,80,Metal,,,頭突,"Metal,Colorless,Colorless",60,,,,,,,Fire,,Grass,2,60,normal,G,擴充包「朱ex」,SV1S,nagimiso,據說牠是神秘的毒寶可夢鑽進了被放置在廢鐵工廠<br/>的引擎裡而誕生的。,噗隆隆 → 普隆隆姆 → 普隆隆姆ex,,C+,9.00,Base:5.0|Meta:0.0|Exp:2.0|Func:0.0|Syn:0.0|Eff:0.0|Dmg:2.0|Mod:1.00,無,無
噗隆隆,基礎,9594,https://asia.pokemon-card.com/hk/card-img/hk00009594.png,寶可夢,60,Metal,,,迴轉抽出,Metal,10,從自己的牌庫抽出1張卡。,,,,,,Fire,,Grass,1,83,normal,G,擴充包「黯焰支配者」,SV3,Kouki Saitou,據說牠是神秘的毒寶可夢鑽進了被放置在廢鐵工廠<br/>的引擎裡而誕生的。,噗隆隆 → 普隆隆姆 → 普隆隆姆ex,,C+,10.00,Base:5.0|Meta:0.0|Exp:2.0|Func:3.0|Syn:0.0|Eff:0.0|Dmg:0.0|Mod:1.00,"抽卡效果, 搜索效果",無
噗隆隆,基礎,10244,https://asia.pokemon-card.com/hk/card-img/hk00010244.png,寶可夢,60,Metal,,,引擎全開,Colorless,,從自己的棄牌區選擇最多2張基本能量卡，在給對手看過後加入手牌。,頭錘,"Metal,Colorless",20,,,Fire,,Grass,1,130,normal,G,高級擴充包「閃色寶藏ex」,SV4a,Tetsu Kayama,據說牠是神秘的毒寶可夢鑽進了被放置在廢鐵工廠<br/>的引擎裡而誕生的。,噗隆隆 → 普隆隆姆 → 普隆隆姆ex,,B,12.00,Base:5.0|Meta:0.0|Exp:2.0|Func:5.0|Syn:0.0|Eff:0.0|Dmg:0.0|Mod:1.00,搜索效果,無
噗隆隆,基礎,11361,https://asia.pokemon-card.com/hk/card-img/hk00011361.png,寶可夢,70,Metal,,,金屬塗層,Colorless,,從自己的棄牌區選擇1張「基本【鋼】能量」卡，附於這隻寶可夢身上。,衝撞,"Metal,Colorless,Colorless",50,,,Fire,,Grass,2,77,normal,H,擴充包「變幻假面」,SV6,Shigenori Negishi,鋼鐵身軀才是本體。<br/> 會貼在岩石上將其成分<br/> 轉換成活動用的能量。,噗隆隆 → 普隆隆姆 → 普隆隆姆ex,,B,11.00,Base:5.0|Meta:0.0|Exp:3.0|Func:2.0|Syn:0.0|Eff:0.0|Dmg:1.0|Mod:1.00,搜索效果,無
噗隆隆,基礎,11494,https://asia.pokemon-card.com/hk/card-img/hk00011494.png,寶可夢,70,Metal,,,硬化,Metal,,在下個對手的回合，這隻寶可夢受到招式的傷害「-30」點。,魯莽頭擊,"Metal,Metal",20,,,Fire,,Grass,1,43,normal,H,強化擴充包「黑夜漫遊者」,SV6a,HAGIYA Kaoru,鋼鐵身軀才是本體。<br/>會貼在岩石上將其成分<br/>轉換成活動用的能量。,噗隆隆 → 普隆隆姆 → 普隆隆姆ex,,C+,10.00,Base:5.0|Meta:0.0|Exp:3.0|Func:2.0|Syn:0.0|Eff:0.0|Dmg:0.0|Mod:1.00,其他效果,無
西餐廚師,,2258,https://asia.pokemon-card.com/hk/card-img/hk00002258.png,支援者卡,,,,,,,,將自己的戰鬥寶可夢恢復「70」HP。,,,,在自己的回合時，支援者卡只可使用1張。,,,,,,46,normal,H,寶可夢卡牌家庭組合,SH,Sanosuke Sakuma,,,,C+,9.00,Base:8.0|Meta:0.0|Exp:-1.0|Func:2.0|Syn:0.0|Eff:0.0|Dmg:0.0|Mod:1.00,回復效果,無
榛果球,基礎,8805,https://asia.pokemon-card.com/hk/card-img/hk00008805.png,寶可夢,70,Grass,,,滾動,"Grass,Grass",30,,,,,,,Fire,,,2,30,promo,G,特典卡 朱&紫,SV,Nobuhiro Imagawa,最喜歡把樹皮疊在身上加厚外殼。就算因此變重也毫不在意。,榛果球 → 佛烈托斯 → 佛烈托斯ex,,B,11.00,Base:5.0|Meta:0.0|Exp:2.0|Func:0.0|Syn:3.0|Eff:0.0|Dmg:1.0|Mod:1.00,無,無
榛果球,基礎,8371,https://asia.pokemon-card.com/hk/card-img/hk00008371.png,寶可夢,60,Grass,,,防守壓制,"Colorless,Colorless",10,在下個對手的回合，這隻寶可夢受到招式的傷害「-30」點。,,,,,,Fire,,,2,1,normal,G,擴充包「紫ex」,SV1V,Shigenori Negishi,口中吐出的液體是牠用來貼上樹皮的膠水，<br/>一接觸到空氣就會凝固。,榛果球 → 佛烈托斯 → 佛烈托斯ex,,B,12.00,Base:5.0|Meta:0.0|Exp:2.0|Func:2.0|Syn:3.0|Eff:0.0|Dmg:0.0|Mod:1.00,其他效果,無
凍脊龍,1階進化,8806,https://asia.pokemon-card.com/hk/card-img/hk00008806.png,寶可夢,90,Water,,,銳利鰭,"Water,Colorless",40,,冰霜粉碎,"Water,Water,Colorless",80,,,Metal,,,2,31,promo,G,特典卡 朱&紫,SV,Teeziro,凍結周圍的空氣，以冰之面罩保護臉部，並將背鰭變成冰劍。,涼脊龍 → 凍脊龍 → 戟脊龍,,C+,9.00,Base:5.0|Meta:0.0|Exp:2.0|Func:0.0|Syn:0.0|Eff:0.0|Dmg:2.0|Mod:1.00,無,無
電肚蛙,1階進化,8807,https://asia.pokemon-card.com/hk/card-img/hk00008807.png,寶可夢,130,Lightning,,,電磁波,Lightning,,擲1次硬幣若為正面，則將對手的戰鬥寶可夢【麻痺】。,雙峰伏特,"Lightning,Lightning,Colorless",10+,若希望，將最多2張這隻寶可夢身上附加的【雷】能量卡丟棄，增加其張數×80點傷害。,,Fighting,,,3,32,promo,G,特典卡 朱&紫,SV,Mizue,只要伸縮肥嘟嘟的身體，就能讓肚子上的發電臍產生大量的電氣。,光蚪仔 → 電肚蛙 → 電肚蛙ex,,B+,16.00,Base:5.0|Meta:0.0|Exp:2.0|Func:5.0|Syn:2.0|Eff:0.0|Dmg:2.0|Mod:1.00,"條件傷害, 棄牌區傷害加成, 狀態異常, 硬幣判定, 能量操作",無
電肚蛙,1階進化,9552,https://asia.pokemon-card.com/hk/card-img/hk00009552.png,寶可夢,140,Lightning,絕緣體,這隻寶可夢不會受到對手的【雷】寶可夢招式的傷害。,雷電刀鋒,"Lightning,Colorless,Colorless",100,這個招式的傷害不計算對手的戰鬥寶可夢身上的附加效果。,,,,,,Fighting,,,3,41,normal,G,擴充包「黯焰支配者」,SV3,Toshinao Aoki,只要伸縮肥嘟嘟的身體，就能讓肚子上的發電臍產生大量的電氣。,光蚪仔 → 電肚蛙 → 電肚蛙ex,,B,13.00,Base:5.0|Meta:0.0|Exp:2.0|Func:3.0|Syn:0.0|Eff:0.0|Dmg:3.0|Mod:1.00,"傷害防禦, 效果免疫, 無視弱點/效果",無
電肚蛙,1階進化,9264,https://asia.pokemon-card.com/hk/card-img/hk00009264.png,寶可夢,130,Lightning,,,電氣子彈,"Lightning,Colorless",70,對手的1隻備戰寶可夢也受到30點傷害。[在備戰區不計算弱點・抵抗力。],,,,,,Fighting,,,2,42,normal,G,ex初階牌組,SVD,Kouki Saitou,只要伸縮肥嘟嘟的身體，就能讓肚子上的發電臍<br/>產生大量的電氣。,光蚪仔 → 電肚蛙 → 電肚蛙ex,,B,12.00,Base:5.0|Meta:0.0|Exp:2.0|Func:3.0|Syn:0.0|Eff:0.0|Dmg:2.0|Mod:1.00,連鎖傷害,無
來悲茶,基礎,8808,https://asia.pokemon-card.com/hk/card-img/hk00008808.png,寶可夢,30,Psychic,,,冷茶,Psychic,10,擲1次硬幣若為正面，則將對手的戰鬥寶可夢【麻痺】。,,,,,,Darkness,,Fighting,1,33,promo,G,特典卡 朱&紫,SV,kurumitsu,死於孤獨的死者之魂附在了喝剩的紅茶上。會在旅館或民宅出現。,來悲茶 → 怖思壺,,B,11.00,Base:5.0|Meta:0.0|Exp:2.0|Func:2.0|Syn:2.0|Eff:0.0|Dmg:0.0|Mod:1.00,"狀態異常, 硬幣判定",無
泥泥鰍,基礎,8809,https://asia.pokemon-card.com/hk/card-img/hk00008809.png,寶可夢,70,Fighting,,,躲藏,Fighting,,擲1次硬幣若為正面，則在下個對手的回合，這隻寶可夢不會受到招式的傷害與效果的影響。,擲泥,"Fighting,Colorless",20,,,Grass,,,2,34,promo,G,特典卡 朱&紫,SV,ryoma uratsuka,２根鬍子是靈敏的雷達。即使在因為泥濘而渾濁的水中，也能偵查到獵物的位置。,泥泥鰍 → 鯰魚王,,B,11.00,Base:5.0|Meta:0.0|Exp:2.0|Func:2.0|Syn:2.0|Eff:0.0|Dmg:0.0|Mod:1.00,"傷害防禦, 效果免疫, 硬幣判定",無
獒教父ex,1階進化,8810,https://asia.pokemon-card.com/hk/card-img/hk00008810.png,寶可夢,260,Darkness,,,膽怯,"Colorless,Colorless",30,在下個對手的回合，受到這個招式的寶可夢使用招式的傷害「-50」點。,自尊心之牙,"Darkness,Colorless,Colorless",100+,若自己的備戰寶可夢身上放置有傷害指示物，則增加120點傷害。,,Grass,,,3,35,promo,G,特典卡 朱&紫,SV,PLANETA Mochizuki,,偶叫獒 → 獒教父 → 獒教父ex,ex,A,17.00,Base:5.0|Meta:0.0|Exp:2.0|Func:3.0|Syn:2.0|Eff:0.0|Dmg:5.0|Mod:1.00,"傷害指示物, 其他效果, 條件傷害",無
克拉韋爾,,8656,https://asia.pokemon-card.com/hk/card-img/hk00008656.png,支援者卡,,,,,,,,從自己的牌庫選擇最多3張HP為「120」以下的【基礎】寶可夢卡，在給對手看過後加入手牌。並且重洗牌庫。,,,,在自己的回合時，支援者卡只可使用1張。,,,,,,67,normal,G,強化擴充包「三連音爆」,SV1a,Hitoshi Ariga,,,,B+,15.00,Base:8.0|Meta:0.0|Exp:2.0|Func:5.0|Syn:0.0|Eff:0.0|Dmg:0.0|Mod:1.00,"抽卡效果, 搜索效果",無
伊布,基礎,8864,https://asia.pokemon-card.com/hk/card-img/hk00008864.png,寶可夢,60,Colorless,,,呼朋引伴,Colorless,,從自己的牌庫選擇1張【基礎】寶可夢卡，放置於備戰區。並且重洗牌庫。,撞擊,"Colorless,Colorless,Colorless",30,,,Fighting,,,1,37,promo,G,特典卡 朱&紫,SV,saino misaki,為了能瞬即適應環境的變化， 這種寶可夢蘊含著<br/> 許多種進化的可能性。,伊布 → 仙子伊布 → 冰伊布 → 葉伊布 → 太陽伊布 → 月亮伊布 → 雷伊布 → 水伊布 → 火伊布 → 冰伊布GX → 葉伊布GX → 仙子伊布GX → 月亮伊布GX → 太陽伊布GX → 雷伊布GX → 水伊布GX → 火伊布GX → 月亮伊布ex → 仙子伊布ex → 太陽伊布ex → 雷伊布ex → 冰伊布ex → 水伊布ex → 火伊布ex → 葉伊布ex,,C+,10.00,Base:5.0|Meta:0.0|Exp:2.0|Func:2.0|Syn:0.0|Eff:0.0|Dmg:1.0|Mod:1.00,搜索效果,放置效果
伊布,基礎,12406,https://asia.pokemon-card.com/hk/card-img/hk00012406.png,寶可夢,70,Colorless,,,鮮豔捕捉,Colorless,,從自己的牌庫選擇最多3張各不同屬性的基本能量卡，在給對手看過後加入手牌。並且重洗牌庫。,頭錘,"Colorless,Colorless",20,,,Fighting,,,1,171,promo,H,特典卡 朱&紫,SV,Susumu Maeya,有著不規則的基因。<br/>石頭散發出的放射線，<br/>會使牠的身體發生突變。,伊布 → 仙子伊布 → 冰伊布 → 葉伊布 → 太陽伊布 → 月亮伊布 → 雷伊布 → 水伊布 → 火伊布 → 冰伊布GX → 葉伊布GX → 仙子伊布GX → 月亮伊布GX → 太陽伊布GX → 雷伊布GX → 水伊布GX → 火伊布GX → 月亮伊布ex → 仙子伊布ex → 太陽伊布ex → 雷伊布ex → 冰伊布ex → 水伊布ex → 火伊布ex → 葉伊布ex,,B,13.00,Base:5.0|Meta:0.0|Exp:2.0|Func:6.0|Syn:0.0|Eff:0.0|Dmg:0.0|Mod:1.00,"抽卡效果, 搜索效果",無
伊布,基礎,8999,https://asia.pokemon-card.com/hk/card-img/hk00008999.png,寶可夢,70,Colorless,,,鮮豔友情,Colorless,,從自己的牌庫選擇最多3張各不同屬性的寶可夢卡，在給對手看過後加入手牌。並且重洗牌庫。,小跳步,Colorless,10,,,Fighting,,,1,133,normal,G,強化擴充包「寶可夢卡牌151」,SV2a,Narumi Sato,為了能瞬即適應環境的變化，這種寶可夢蘊含著<br/>許多種進化的可能性。,伊布 → 仙子伊布 → 冰伊布 → 葉伊布 → 太陽伊布 → 月亮伊布 → 雷伊布 → 水伊布 → 火伊布 → 冰伊布GX → 葉伊布GX → 仙子伊布GX → 月亮伊布GX → 太陽伊布GX → 雷伊布GX → 水伊布GX → 火伊布GX → 月亮伊布ex → 仙子伊布ex → 太陽伊布ex → 雷伊布ex → 冰伊布ex → 水伊布ex → 火伊布ex → 葉伊布ex,,B,11.00,Base:5.0|Meta:0.0|Exp:2.0|Func:4.0|Syn:0.0|Eff:0.0|Dmg:0.0|Mod:1.00,"抽卡效果, 搜索效果",無
伊布,基礎,9602,https://asia.pokemon-card.com/hk/card-img/hk00009602.png,寶可夢,70,Colorless,,,加油,Colorless,,從自己的手牌選擇1張能量卡，附於自己的寶可夢身上。,踢,"Colorless,Colorless",20,,,Fighting,,,1,91,normal,G,擴充包「黯焰支配者」,SV3,ryoma uratsuka,為了能瞬即適應環境的變化，這種寶可夢蘊含著許多種進化的可能性。,伊布 → 仙子伊布 → 冰伊布 → 葉伊布 → 太陽伊布 → 月亮伊布 → 雷伊布 → 水伊布 → 火伊布 → 冰伊布GX → 葉伊布GX → 仙子伊布GX → 月亮伊布GX → 太陽伊布GX → 雷伊布GX → 水伊布GX → 火伊布GX → 月亮伊布ex → 仙子伊布ex → 太陽伊布ex → 雷伊布ex → 冰伊布ex → 水伊布ex → 火伊布ex → 葉伊布ex,,C+,9.00,Base:5.0|Meta:0.0|Exp:2.0|Func:2.0|Syn:0.0|Eff:0.0|Dmg:0.0|Mod:1.00,能量附著,無
伊布,基礎,11167,https://asia.pokemon-card.com/hk/card-img/hk00011167.png,寶可夢,50,Colorless,,,覺醒,Colorless,,從自己的牌庫選擇1張從這隻寶可夢進化而來的卡，放置於這隻寶可夢身上完成進化。並且重洗牌庫。,電光一閃,"Colorless,Colorless,Colorless",20+,擲1次硬幣若為正面，則增加20點傷害。,,Fighting,,,1,50,normal,H,強化擴充包「緋紅薄霧」,SV5a,satoma,有著不規則的基因。 石頭散發出的放射線，<br/> 會使牠的身體發生突變。,伊布 → 仙子伊布 → 冰伊布 → 葉伊布 → 太陽伊布 → 月亮伊布 → 雷伊布 → 水伊布 → 火伊布 → 冰伊布GX → 葉伊布GX → 仙子伊布GX → 月亮伊布GX → 太陽伊布GX → 雷伊布GX → 水伊布GX → 火伊布GX → 月亮伊布ex → 仙子伊布ex → 太陽伊布ex → 雷伊布ex → 冰伊布ex → 水伊布ex → 火伊布ex → 葉伊布ex,,A,19.00,Base:5.0|Meta:0.0|Exp:2.0|Func:8.0|Syn:2.0|Eff:0.0|Dmg:2.0|Mod:1.00,"搜索效果, 條件傷害, 硬幣判定, 進化支援",無
伊布,基礎,12943,https://asia.pokemon-card.com/hk/card-img/hk00012943.png,寶可夢,50,Colorless,提升進化,只要這隻寶可夢在戰鬥場上，就算在自己的最初回合或者剛使出的回合，也可進化。,突擊,"Colorless,Colorless",30,這隻寶可夢也受到10點傷害。,,,,,,Fighting,,,1,125,normal,H,高級擴充包「太晶慶典ex」,SV8a,Naoyo Kimura,有著不規則的基因。<br/>石頭散發出的放射線，<br/>會使牠的身體發生突變。,伊布 → 仙子伊布 → 冰伊布 → 葉伊布 → 太陽伊布 → 月亮伊布 → 雷伊布 → 水伊布 → 火伊布 → 冰伊布GX → 葉伊布GX → 仙子伊布GX → 月亮伊布GX → 太陽伊布GX → 雷伊布GX → 水伊布GX → 火伊布GX → 月亮伊布ex → 仙子伊布ex → 太陽伊布ex → 雷伊布ex → 冰伊布ex → 水伊布ex → 火伊布ex → 葉伊布ex,,B,12.00,Base:5.0|Meta:0.0|Exp:3.0|Func:3.0|Syn:0.0|Eff:0.0|Dmg:1.0|Mod:1.00,"反噬傷害, 進化支援",無
噴火龍VMAX,其他,9793,https://asia.pokemon-card.com/hk/card-img/hk00009793.png,寶可夢,330,Fire,,,利爪劈擊,"Colorless,Colorless,Colorless",100,,超極巨地獄滅焰,"Fire,Fire,Fire,Colorless,Colorless",300,選擇2個這隻寶可夢身上附加的能量，將其丟棄。,,Water,,,3,38,promo,G,特典卡 朱&紫,SV,Shiburingaru,,噴火龍V → 噴火龍VSTAR → 噴火龍VMAX,,A,18.00,Base:5.0|Meta:0.0|Exp:2.0|Func:3.0|Syn:0.0|Eff:0.0|Dmg:8.0|Mod:1.00,能量操作,無
浩大鯨,1階進化,9701,https://asia.pokemon-card.com/hk/card-img/hk00009701.png,寶可夢,180,Water,,,雪崩,Water,30,對手的所有備戰寶可夢也各受到10點傷害。[在備戰區不計算弱點・抵抗力。],回轉滑梯,"Water,Water,Water",100×,擲3次硬幣，造成正面出現的次數×100點傷害。,,Metal,,,3,41,promo,G,特典卡 朱&紫,SV,GOSSAN,迴游在冰雪地帶的寶可夢。會用強韌的肌肉和厚實的<br/>皮下脂肪保護自己的身體。,走鯨 → 浩大鯨ex → 浩大鯨,,A,18.00,Base:5.0|Meta:0.0|Exp:2.0|Func:3.0|Syn:0.0|Eff:0.0|Dmg:8.0|Mod:1.00,"傷害效果, 硬幣判定, 連鎖傷害",無
浩大鯨,1階進化,8395,https://asia.pokemon-card.com/hk/card-img/hk00008395.png,寶可夢,180,Water,,,頭突,"Colorless,Colorless",50,,刷冰衝撞,"Water,Colorless,Colorless",200-,減少這隻寶可夢身上放置的傷害指示物的數量×20點傷害。,,Metal,,,3,25,normal,G,擴充包「紫ex」,SV1V,Anesaki Dynamic,會集中冰能量使上顎的角變得超低溫，然後將自己<br/>附近的一切都凍成冰塊。,走鯨 → 浩大鯨ex → 浩大鯨,,C,8.00,Base:5.0|Meta:0.0|Exp:2.0|Func:0.0|Syn:0.0|Eff:0.0|Dmg:1.0|Mod:1.00,"備戰傷害加成, 傷害指示物",無
狠辣椒ex,1階進化,9796,https://asia.pokemon-card.com/hk/card-img/hk00009796.png,寶可夢,260,Grass,,,辣味制約,Colorless,,將對手的戰鬥寶可夢【灼傷】。在下個對手的回合，受到這個招式的寶可夢無法撤退。,雙頭粉碎,"Grass,Grass",140,在不看正面的情況下，從對手的手牌選擇1張，將其丟棄。將對手的牌庫上方1張卡丟棄。,,Fire,,,2,43,promo,G,特典卡 朱&紫,SV,PLANETA Mochizuki,,熱辣娃 → 狠辣椒 → 狠辣椒ex,ex,B,13.00,Base:5.0|Meta:0.0|Exp:2.0|Func:2.0|Syn:0.0|Eff:0.0|Dmg:4.0|Mod:1.00,"搜索效果, 撤退封鎖, 簡單灼傷","丟棄效果, 撤退效果"
狠辣椒ex,1階進化,12099,https://asia.pokemon-card.com/hk/card-img/hk00012099.png,寶可夢,260,Fire,雙重屬性,只要這隻寶可夢在場上，改為【草】與【火】2種屬性。,香料激怒,"Fire,Fire",10+,增加這隻寶可夢身上放置的傷害指示物的數量×70點傷害。,,,,,,Water,,,2,23,normal,H,擴充包「超電突圍」,SV8,PLANETA Mochizuki,,熱辣娃 → 狠辣椒 → 狠辣椒ex,ex,C+,10.00,Base:5.0|Meta:0.0|Exp:3.0|Func:0.0|Syn:0.0|Eff:0.0|Dmg:2.0|Mod:1.00,"備戰傷害加成, 傷害指示物, 其他效果",無
皮寶寶,基礎,9799,https://asia.pokemon-card.com/hk/card-img/hk00009799.png,寶可夢,30,Psychic,,,亮亮祈禱,,,從自己的牌庫選擇最多2張基本能量卡，在給對手看過後加入手牌。並且重洗牌庫。,,,,,,Darkness,,Fighting,0,46,promo,G,特典卡 朱&紫,SV,Tika Matsuno,有著如同星星一般的輪廓。因為這樣的外型，人們相信<br/>牠是乘著流星而來的。,皮寶寶,,B,13.00,Base:5.0|Meta:0.0|Exp:2.0|Func:6.0|Syn:0.0|Eff:0.0|Dmg:0.0|Mod:1.00,"抽卡效果, 搜索效果",無
皮寶寶,基礎,9553,https://asia.pokemon-card.com/hk/card-img/hk00009553.png,寶可夢,30,Psychic,,,握握抽出,,,從牌庫抽卡直到自己的手牌滿7張為止。,,,,,,Metal,,,0,42,normal,G,擴充包「黯焰支配者」,SV3,kurumitsu,有著如同星星一般的輪廓。因為這樣的外型，人們相信牠是乘著流星而來的。,皮寶寶,,C+,10.00,Base:5.0|Meta:0.0|Exp:2.0|Func:3.0|Syn:0.0|Eff:0.0|Dmg:0.0|Mod:1.00,抽卡效果,無
沙基拉斯,1階進化,9800,https://asia.pokemon-card.com/hk/card-img/hk00009800.png,寶可夢,80,Fighting,,,落石,Fighting,20,,噴射衝撞,"Fighting,Fighting",60,自己的1隻備戰寶可夢也受到20點傷害。[在備戰區不計算弱點・抵抗力。],,Grass,,,1,47,promo,G,特典卡 朱&紫,SV,Shiburingaru,會以強勁的力道噴出在體內 壓縮好的氣體，好讓自己<br/> 能飛在空中大搞破壞的蛹。,幼基拉斯 → 沙基拉斯 → 班基拉斯 → 班基拉斯GX → 班基拉斯ex,,C+,10.00,Base:5.0|Meta:0.0|Exp:2.0|Func:1.0|Syn:0.0|Eff:0.0|Dmg:2.0|Mod:1.00,連鎖傷害,無
沙基拉斯,1階進化,13042,https://asia.pokemon-card.com/hk/card-img/hk00013042.png,寶可夢,90,Fighting,,,猛撞,"Colorless,Colorless",60,這隻寶可夢也受到20點傷害。,,,,,,Grass,,,1,48,normal,I,擴充包「對戰搭檔」,SV9,Scav,會以強勁的力道噴出在體內<br/>壓縮好的氣體，好讓自己<br/>能飛在空中大搞破壞的蛹。,幼基拉斯 → 沙基拉斯 → 班基拉斯 → 班基拉斯GX → 班基拉斯ex,,C+,10.00,Base:5.0|Meta:0.0|Exp:3.0|Func:0.0|Syn:0.0|Eff:0.0|Dmg:2.0|Mod:1.00,反噬傷害,無
普隆隆姆,1階進化,9801,https://asia.pokemon-card.com/hk/card-img/hk00009801.png,寶可夢,140,Metal,,,虛張聲勢,Metal,,擲1次硬幣若為正面，則選擇1個對手的戰鬥寶可夢身上附加的能量，將其丟棄。,宏大衝撞,"Colorless,Colorless,Colorless",70+,若自己手牌的張數比對手手牌的張數多，則增加80點傷害。,,Fire,,Grass,3,48,promo,G,特典卡 朱&紫,SV,Nisota Niso,在增加到了８個的汽缸裡 引爆混有毒素和岩石成分的<br/> 氣體來製造能量。,噗隆隆 → 普隆隆姆 → 普隆隆姆ex,,A,18.00,Base:5.0|Meta:0.0|Exp:2.0|Func:5.0|Syn:2.0|Eff:0.0|Dmg:4.0|Mod:1.00,"條件傷害, 硬幣判定, 能量操作",丟棄效果
普隆隆姆,1階進化,8353,https://asia.pokemon-card.com/hk/card-img/hk00008353.png,寶可夢,140,Metal,轟鳴引擎,在自己的回合，若從自己的手牌將1張能量卡丟棄，則可使用1次。從牌庫抽卡直到自己的手牌滿6張為止。,擊飛,"Metal,Colorless,Colorless,Colorless",90+,擲1次硬幣若為正面，則增加90點傷害。,,,,,,Fire,,Grass,2,61,normal,G,擴充包「朱ex」,SV1S,Anesaki Dynamic,在增加到了８個的汽缸裡引爆混有毒素和岩石成分的<br/>氣體來製造能量。,噗隆隆 → 普隆隆姆 → 普隆隆姆ex,,A,18.00,Base:5.0|Meta:0.0|Exp:2.0|Func:5.0|Syn:2.0|Eff:0.0|Dmg:4.0|Mod:1.00,"抽卡效果, 條件傷害, 硬幣判定",無
普隆隆姆,1階進化,11362,https://asia.pokemon-card.com/hk/card-img/hk00011362.png,寶可夢,140,Metal,,,捲土重來,Colorless,30+,在上個對手的回合，若自己的寶可夢因招式的傷害而【昏厥】了，則增加90點傷害。,奔進,"Metal,Colorless,Colorless",100×,擲硬幣直到出現反面，造成正面出現的次數×100點傷害。,,Fire,,Grass,2,78,normal,H,擴充包「變幻假面」,SV6,Hasuno,用排氣聲猛烈威嚇對手。<br/> 會從圓筒形的嘴巴<br/> 吐出舌頭並噴灑毒液。,噗隆隆 → 普隆隆姆 → 普隆隆姆ex,,A+,20.00,Base:5.0|Meta:0.0|Exp:3.0|Func:2.0|Syn:2.0|Eff:0.0|Dmg:8.0|Mod:1.00,"傷害效果, 昏厥條件, 條件傷害, 硬幣判定",無
普隆隆姆,1階進化,12230,https://asia.pokemon-card.com/hk/card-img/hk00012230.png,寶可夢,150,Metal,,,暴躁衝刺,"Metal,Colorless,Colorless",100,,,,,,,Fire,,Grass,2,43,normal,H,Trianers Camp,SVI,GOSSAN,在增加到了８個的汽缸裡<br/>引爆混有毒素和岩石成分的<br/>氣體來製造能量。,噗隆隆 → 普隆隆姆 → 普隆隆姆ex,,C+,10.00,Base:5.0|Meta:0.0|Exp:2.0|Func:0.0|Syn:0.0|Eff:0.0|Dmg:3.0|Mod:1.00,無,無
吹火人,,14542,https://asia.pokemon-card.com/hk/card-img/hk00014542.png,支援者卡,,,,,,,,從自己的牌庫選擇最多7張「基本【火】能量」卡，在給對手看過後加入手牌。並且重洗牌庫。,,,,,,,,,,78,normal,I,擴充包「烈獄狂火X」,M2,Naoki Saito,,,,B,13.00,Base:8.0|Meta:0.0|Exp:-1.0|Func:6.0|Syn:0.0|Eff:0.0|Dmg:0.0|Mod:1.00,"抽卡效果, 搜索效果",無
名偵探皮卡丘,基礎,9803,https://asia.pokemon-card.com/hk/card-img/hk00009803.png,寶可夢,90,Lightning,,,徹底調查,Colorless,,擲硬幣直到出現反面，從自己的牌庫抽出與正面出現的次數相同數量的卡。,騎行衝刺,"Colorless,Colorless,Colorless",50,,,Fighting,,,1,50,promo,G,特典卡 朱&紫,SV,MINAMINAMI Take,調查工作需要毅力。憑著不屈不撓的調查，找出案件的線索！,名偵探皮卡丘,,B,11.00,Base:5.0|Meta:0.0|Exp:2.0|Func:3.0|Syn:0.0|Eff:0.0|Dmg:1.0|Mod:1.00,"抽卡效果, 搜索效果, 硬幣判定",無
比克提尼ex,基礎,9928,https://asia.pokemon-card.com/hk/card-img/hk00009928.png,寶可夢,190,Fire,,,狡兔三窟,Fire,30,若希望，將這隻寶可夢與備戰寶可夢互換。,勝利火焰,"Fire,Fire,Colorless",220,在下個自己的回合，這隻寶可夢無法使用招式。,,Water,,,1,51,promo,G,特典卡 朱&紫,SV,Saki Hayashiro,,比克提尼ex,ex,A,18.00,Base:5.0|Meta:0.0|Exp:2.0|Func:3.0|Syn:2.0|Eff:0.0|Dmg:6.0|Mod:1.00,"使用限制, 切換效果, 招式鎖定",無
閃電鳥ex,基礎,10114,https://asia.pokemon-card.com/hk/card-img/hk00010114.png,寶可夢,200,Lightning,伏特浮游,若這隻寶可夢身上附有【雷】能量卡，則這隻寶可夢【撤退】所需的能量全部消除。,閃電連彈,"Lightning,Lightning,Lightning",120,對手的身上放置有傷害指示物的1隻備戰寶可夢也受到90點傷害。[在備戰區不計算弱點・抵抗力。],[ex規則],,,寶可夢【ex】【昏厥】時，對手獲得2張獎賞卡。,,Lightning,,Fighting,2,55,promo,G,特典卡 朱&紫,SV,takuyoa,,閃電鳥ex,ex,B+,16.00,Base:5.0|Meta:0.0|Exp:2.0|Func:5.0|Syn:0.0|Eff:0.0|Dmg:4.0|Mod:1.00,"傷害指示物, 撤退干擾, 獎賞控制, 連鎖傷害","撤退效果, 放置效果"
摩托蜥,基礎,10110,https://asia.pokemon-card.com/hk/card-img/hk00010110.png,寶可夢,120,Colorless,,,騰騰衝刺,Colorless,,擲硬幣直到出現反面，從自己的牌庫抽出與正面出現的次數相同數量的卡。,力量衝撞,"Colorless,Colorless,Colorless",120,在下個自己的回合，這隻寶可夢無法使用招式。,,Fighting,,,1,56,promo,G,特典卡 朱&紫,SV,Hasuno,似乎自古就會讓人類坐在背上。１萬年前的<br/><br/>壁畫上描繪著該模樣。,摩托蜥,,B+,14.00,Base:5.0|Meta:0.0|Exp:2.0|Func:3.0|Syn:0.0|Eff:0.0|Dmg:4.0|Mod:1.00,"使用限制, 抽卡效果, 招式鎖定, 搜索效果, 硬幣判定",無
摩托蜥,基礎,8438,https://asia.pokemon-card.com/hk/card-img/hk00008438.png,寶可夢,110,Colorless,,,機車旅遊,Colorless,,從自己的牌庫抽出2張卡。,高速攻擊,"Colorless,Colorless,Colorless",100,,,Fighting,,,0,68,normal,G,擴充包「紫ex」,SV1V,Ryota Murayama,會以時速１２０公里載著人類飛馳，並藉著人類的<br/>體溫來溫熱背部，恢復活力。,摩托蜥,,B,13.00,Base:5.0|Meta:0.0|Exp:2.0|Func:3.0|Syn:0.0|Eff:0.0|Dmg:3.0|Mod:1.00,"抽卡效果, 搜索效果",無
摩托蜥,基礎,9897,https://asia.pokemon-card.com/hk/card-img/hk00009897.png,寶可夢,120,Colorless,,,衝撞,Colorless,30,,拍檔猛衝,"Colorless,Colorless,Colorless",70+,在這個回合，若從手牌使出了支援者卡，則增加70點傷害。,,Fighting,,,1,52,normal,G,強化擴充包「激狂駭浪」,SV3a,kawayoo,似乎自古就會讓人類坐在背上。１萬年前的<br/>壁畫上描繪著該模樣。,摩托蜥,,B,13.00,Base:5.0|Meta:0.0|Exp:2.0|Func:0.0|Syn:2.0|Eff:0.0|Dmg:4.0|Mod:1.00,條件傷害,無
摩托蜥,基礎,10250,https://asia.pokemon-card.com/hk/card-img/hk00010250.png,寶可夢,120,Dragon,,,高速猛衝,"Grass,Darkness,Colorless",100,擲1次硬幣若為正面，則在下個對手的回合，這隻寶可夢不會受到招式的傷害與效果的影響。,,,,,,,,,1,136,normal,G,高級擴充包「閃色寶藏ex」,SV4a,GIDORA,似乎自古就會讓人類坐在背上。１萬年前的<br/>壁畫上描繪著該模樣。,摩托蜥,,B+,14.00,Base:5.0|Meta:0.0|Exp:2.0|Func:2.0|Syn:2.0|Eff:0.0|Dmg:3.0|Mod:1.00,"傷害防禦, 效果免疫, 硬幣判定",無
摩托蜥,基礎,8506,https://asia.pokemon-card.com/hk/card-img/hk00008506.png,寶可夢,110,Colorless,,,突擊,"Colorless,Colorless",70,這隻寶可夢也受到10點傷害。,,,,,,Fighting,,,1,10,normal,G,起始組合ex 潤水鴨&謎擬Ｑ ex,SVAW,AKIRA EGAWA,似乎自古就會讓人類坐在背上。１萬年前的<br/>壁畫上描繪著該模樣。,摩托蜥,,C+,9.00,Base:5.0|Meta:0.0|Exp:2.0|Func:0.0|Syn:0.0|Eff:0.0|Dmg:2.0|Mod:1.00,反噬傷害,無
坂木的領導力,,9028,https://asia.pokemon-card.com/hk/card-img/hk00009028.png,支援者卡,,,,,,,,選擇1個對手的戰鬥寶可夢身上附加的能量，放回對手的手牌。然後，從自己的手牌選擇1張能量卡，附於戰鬥寶可夢身上。,[寶可夢道具的規則],,,在自己的回合時，支援者卡只可使用1張。,,,,,,162,normal,G,強化擴充包「寶可夢卡牌151」,SV2a,hncl,,,,B+,15.00,Base:8.0|Meta:0.0|Exp:2.0|Func:5.0|Syn:0.0|Eff:0.0|Dmg:0.0|Mod:1.00,"能量操作, 能量附著",無
爆香猴,基礎,10103,https://asia.pokemon-card.com/hk/card-img/hk00010103.png,寶可夢,70,Fire,,,呼朋引伴,Colorless,,從自己的牌庫選擇1張【基礎】寶可夢卡，放置於備戰區。並且重洗牌庫。,灼燒,"Fire,Colorless,Colorless",20,將對手的戰鬥寶可夢【灼傷】。,,Water,,,1,59,promo,G,特典卡 朱&紫,SV,313,在火山的洞穴裡生活。 頭上的毛髮叢中熊熊燃燒著，<br/> 溫度高達３００度。,爆香猴 → 爆香猿,,B,11.00,Base:5.0|Meta:0.0|Exp:2.0|Func:4.0|Syn:0.0|Eff:0.0|Dmg:0.0|Mod:1.00,"搜索效果, 簡單灼傷",放置效果
爆香猴,基礎,14121,https://asia.pokemon-card.com/hk/card-img/hk00014121.png,寶可夢,70,Fire,,,呼喚,Colorless,,從自己的牌庫抽出1張卡。,抓,"Colorless,Colorless",30,,,Water,,,1,14,normal,I,擴充包「純白閃焰」,SV11W,Julie Hang,發怒時頭上毛髮叢的溫度<br/>會上升到３００度以上。<br/>會用毛髮叢烤樹果來吃。,爆香猴 → 爆香猿,,B,12.00,Base:5.0|Meta:0.0|Exp:3.0|Func:3.0|Syn:0.0|Eff:0.0|Dmg:1.0|Mod:1.00,"抽卡效果, 搜索效果",無
爆香猴,基礎,11933,https://asia.pokemon-card.com/hk/card-img/hk00011933.png,寶可夢,60,Fire,,,烈焰,Fire,20,,,,,,,Water,,,1,7,normal,H,強化擴充包「樂園騰龍」,SV7a,Wintr Wandr,智商很高，<br/>有把樹果烤過再吃的習性。<br/>喜歡幫助人類。,爆香猴 → 爆香猿,,C,8.00,Base:5.0|Meta:0.0|Exp:3.0|Func:0.0|Syn:0.0|Eff:0.0|Dmg:0.0|Mod:1.00,無,無
墨海馬,基礎,10104,https://asia.pokemon-card.com/hk/card-img/hk00010104.png,寶可夢,60,Water,,,鉤住,Water,20,,,,,,,Lightning,,,1,60,promo,G,特典卡 朱&紫,SV,MAHOU,會在水中跳舞似地游動來 製造漩渦。玩耍時會和夥伴<br/> 比賽誰做出的漩渦比較大。,墨海馬 → 海刺龍 → 刺龍王 → 刺龍王GX → 刺龍王ex,,C,7.00,Base:5.0|Meta:0.0|Exp:2.0|Func:0.0|Syn:0.0|Eff:0.0|Dmg:0.0|Mod:1.00,無,無
墨海馬,基礎,11461,https://asia.pokemon-card.com/hk/card-img/hk00011461.png,寶可夢,60,Water,,,紋絲不動,Water,,將這隻寶可夢恢復「30」HP。,鰭快刀,"Colorless,Colorless",20,,,Lightning,,,1,10,normal,H,強化擴充包「黑夜漫遊者」,SV6a,Shimaris Yukichi,棲息在海流平穩的海域。<br/>被襲擊時會吐出漆黑的<br/>墨汁，然後趁機逃走。,墨海馬 → 海刺龍 → 刺龍王 → 刺龍王GX → 刺龍王ex,,C+,10.00,Base:5.0|Meta:0.0|Exp:3.0|Func:2.0|Syn:0.0|Eff:0.0|Dmg:0.0|Mod:1.00,回復效果,無
哭哭面具,基礎,10105,https://asia.pokemon-card.com/hk/card-img/hk00010105.png,寶可夢,70,Psychic,,,不祥之眼,"Psychic,Psychic",,在對手的1隻寶可夢身上放置3個傷害指示物。,,,,,,Darkness,,Fighting,2,61,promo,G,特典卡 朱&紫,SV,aoki,古代人的靈魂變成了寶可夢。 為了尋找認得自己長相的人<br/> 而在遺跡裡徘徊。,哭哭面具 → 死神棺 → 死神棺ex,,C+,9.00,Base:5.0|Meta:0.0|Exp:2.0|Func:2.0|Syn:0.0|Eff:0.0|Dmg:0.0|Mod:1.00,傷害指示物,無
哭哭面具,基礎,14143,https://asia.pokemon-card.com/hk/card-img/hk00014143.png,寶可夢,70,Psychic,,,祈求,"Psychic,Colorless",20+,擲1次硬幣若為正面，則增加20點傷害。,,,,,,Darkness,,Fighting,2,36,normal,I,擴充包「純白閃焰」,SV11W,Bun Toujo,拿著的面具是<br/>當牠還是人類時的臉的模樣。<br/>有時會看著面具哭泣。,哭哭面具 → 死神棺 → 死神棺ex,,B,12.00,Base:5.0|Meta:0.0|Exp:3.0|Func:0.0|Syn:2.0|Eff:0.0|Dmg:2.0|Mod:1.00,"條件傷害, 硬幣判定",無
哭哭面具,基礎,12127,https://asia.pokemon-card.com/hk/card-img/hk00012127.png,寶可夢,70,Psychic,,,囈語,Psychic,10,,咒怨一下,"Psychic,Colorless",20,,,Darkness,,Fighting,2,51,normal,H,擴充包「超電突圍」,SV8,IKEDA Saki,每天夜裡都在遺跡中徘徊。<br/>據說牠拿著的面具<br/>是牠還是人類時的臉。,哭哭面具 → 死神棺 → 死神棺ex,,C,8.00,Base:5.0|Meta:0.0|Exp:3.0|Func:0.0|Syn:0.0|Eff:0.0|Dmg:0.0|Mod:1.00,無,無
鹽石巨靈ex,2階進化,10107,https://asia.pokemon-card.com/hk/card-img/hk00010107.png,寶可夢,340,Fighting,鹽味之軀,這隻寶可夢不會陷入特殊狀態。,障礙之錘,"Fighting,Colorless,Colorless",170,在下個對手的回合，這隻寶可夢受到招式的傷害「-60」點。,,,,寶可夢【ex】【昏厥】時，對手獲得2張獎賞卡。,,Grass,,,4,63,promo,G,特典卡 朱&紫,SV,5ban Graphics,,鹽石寶 → 鹽石壘 → 鹽石巨靈 → 鹽石巨靈ex,ex,B+,14.00,Base:5.0|Meta:0.0|Exp:2.0|Func:2.0|Syn:0.0|Eff:0.0|Dmg:5.0|Mod:1.00,"其他效果, 獎賞控制",狀態免疫
多邊獸Ⅱ,1階進化,10108,https://asia.pokemon-card.com/hk/card-img/hk00010108.png,寶可夢,90,Colorless,,,力量球,Colorless,50,選擇1個這隻寶可夢身上附加的能量，將其丟棄。,,,,,,Fighting,,,1,64,promo,G,特典卡 朱&紫,SV,GOSSAN,搭載了ＡＩ功能後，開始 說起了只有多邊獸Ⅱ彼此<br/> 之間才能了解的神秘語言。,多邊獸 → 多邊獸Ⅱ → 多邊獸Ｚ → 多邊獸ＺGX,,B,11.00,Base:5.0|Meta:0.0|Exp:2.0|Func:3.0|Syn:0.0|Eff:0.0|Dmg:1.0|Mod:1.00,能量操作,無
坂木的領導力[支援者],,9063,https://asia.pokemon-card.com/hk/card-img/hk00009063.png,支援者卡,,,,,,,,選擇1個對手的戰鬥寶可夢身上附加的能量，放回對手的手牌。然後，從自己的手牌選擇1張能量卡，附於戰鬥寶可夢身上。,,,,在自己的回合時，支援者卡只可使用1張。,,,,,,197,high,G,強化擴充包「寶可夢卡牌151」,SV2a,hncl,,,,B+,15.00,Base:8.0|Meta:0.0|Exp:2.0|Func:5.0|Syn:0.0|Eff:0.0|Dmg:0.0|Mod:1.00,"能量操作, 能量附著",無
天然鳥,1階進化,11115,https://asia.pokemon-card.com/hk/card-img/hk00011115.png,寶可夢,100,Psychic,虛寂意識,在自己的回合時可使用1次。從自己的手牌選擇1張「基本【超】能量」卡，附於備戰寶可夢身上。然後，從自己的牌庫抽出2張卡。,超念力,"Psychic,Colorless,Colorless",80,,,,,,,Darkness,,Fighting,1,66,promo,G,特典卡 朱&紫,SV,DOM,能夠看穿過去和未來。日復一日注視著太陽動向的奇異寶可夢。,天然雀 → 天然鳥,,B+,15.00,Base:5.0|Meta:0.0|Exp:2.0|Func:6.0|Syn:0.0|Eff:0.0|Dmg:2.0|Mod:1.00,"抽卡效果, 搜索效果, 能量附著",無
鐵頭殼ex,基礎,11012,https://asia.pokemon-card.com/hk/card-img/hk00011012.png,寶可夢,220,Psychic,鈷藍指令,只要這隻寶可夢在場上，自己的「未來」寶可夢（「鐵頭殼ex」除外）使用的招式，對對手的戰鬥寶可夢造成的傷害「+20」點。,,,,,,,,,,Darkness,,Fighting,2,78,promo,H,特典卡 朱&紫,SV,5ban Graphics,,鐵頭殼ex,ex,C+,9.00,Base:5.0|Meta:0.0|Exp:2.0|Func:2.0|Syn:0.0|Eff:0.0|Dmg:0.0|Mod:1.00,傷害效果,無
鐵頭殼ex,基礎,10904,https://asia.pokemon-card.com/hk/card-img/hk00010904.png,寶可夢,220,Psychic,鈷藍指令,只要這隻寶可夢在場上，自己的「未來」寶可夢（「鐵頭殼ex」除外）使用的招式，對對手的戰鬥寶可夢造成的傷害「+20」點。,雙刃劍,"Psychic,Colorless,Colorless",,對手的2隻寶可夢各受到50點傷害。這個招式的傷害不計算弱點・抵抗力與受到傷害的寶可夢身上的附加效果。,,,,,,Darkness,,Fighting,2,36,normal,H,擴充包「異度審判」,SV5M,5ban Graphics,,鐵頭殼ex,ex,C+,10.00,Base:5.0|Meta:0.0|Exp:2.0|Func:3.0|Syn:0.0|Eff:0.0|Dmg:0.0|Mod:1.00,"傷害效果, 無視弱點/效果",無
猛雷鼓ex,基礎,11015,https://asia.pokemon-card.com/hk/card-img/hk00011015.png,寶可夢,240,Dragon,,,濺射咆哮,Colorless,,將自己的手牌全部丟棄，從牌庫抽出6張卡。,,,,,,,,,3,81,promo,H,特典卡 朱&紫,SV,aky CG Works,,猛雷鼓ex,ex,B,12.00,Base:5.0|Meta:0.0|Exp:2.0|Func:3.0|Syn:2.0|Eff:0.0|Dmg:0.0|Mod:1.00,搜索效果,大量抽卡
壯偉碩木,,11892,https://asia.pokemon-card.com/hk/card-img/hk00011892.png,競技場卡,,,,,,,,雙方玩家在每個自己的回合時，可使用1次，可從自己的牌庫選擇1張從自己的場上的1隻【基礎】寶可夢進化而來的【1階進化】寶可夢卡，放置於那隻寶可夢身上完成進化。若進化了，則可繼續選擇1張【2階進化】寶可夢卡，完成進化。並且重洗牌庫。（自己的最初回合或剛使出的【基礎】寶可夢無法完成進化。）,,,,,,,,,,101,normal,H,擴充包「星晶奇跡」,SV7,AYUMI ODASHIMA,,,,A+,21.00,Base:6.0|Meta:0.0|Exp:3.0|Func:8.0|Syn:4.0|Eff:0.0|Dmg:0.0|Mod:1.00,"搜索效果, 進化支援",放置效果
妨害信函,,11981,https://asia.pokemon-card.com/hk/card-img/hk00011981.png,物品卡,,,,,,,,對手數過對手自己的手牌張數後，全部翻回反面並重洗，放回牌庫下方。然後，對手從牌庫抽出與放回的張數相同數量的卡。,,,,,,,,,,55,normal,H,強化擴充包「樂園騰龍」,SV7a,Ayaka Yoshida,,,,A,18.00,Base:7.0|Meta:0.0|Exp:3.0|Func:6.0|Syn:2.0|Eff:0.0|Dmg:0.0|Mod:1.00,"抽卡效果, 搜索效果",無
烏波,基礎,11021,https://asia.pokemon-card.com/hk/card-img/hk00011021.png,寶可夢,60,Water,,,打水,Water,,從自己的棄牌區選擇最多3張「基本【水】能量」卡，在給對手看過後放回牌庫並重洗。,頭錘,Water,10,,,Lightning,,,1,87,promo,H,特典卡 朱&紫,SV,Saboteri,在冰冷的水中生活。 當周遭的天氣變涼時， 也會來到陸地上覓食。,烏波 → 沼王,,B,12.00,Base:5.0|Meta:0.0|Exp:2.0|Func:5.0|Syn:0.0|Eff:0.0|Dmg:0.0|Mod:1.00,搜索效果,無
沼王,1階進化,11022,https://asia.pokemon-card.com/hk/card-img/hk00011022.png,寶可夢,120,Water,,,滾動,Water,30,,濕透頭擊,"Water,Colorless,Colorless",80×,將自己的牌庫上方3張卡丟棄，造成其中能量卡的張數×80點傷害。,,Lightning,,,3,88,promo,H,特典卡 朱&紫,SV,Saboteri,,烏波 → 沼王,,A,17.00,Base:5.0|Meta:0.0|Exp:2.0|Func:2.0|Syn:0.0|Eff:0.0|Dmg:8.0|Mod:1.00,"傷害效果, 棄牌區傷害加成",無
鑰圈兒,基礎,11023,https://asia.pokemon-card.com/hk/card-img/hk00011023.png,寶可夢,70,Psychic,惡作劇之鎖,只要這隻寶可夢在戰鬥場上，雙方場上的【基礎】寶可夢的特性（「惡作劇之鎖」除外）全部消除。,狙落,Colorless,10,在造成傷害前，將對手的戰鬥寶可夢身上附加的「寶可夢道具」卡丟棄。,,,,,,Metal,,,1,89,promo,G,特典卡 朱&紫,SV,GOSSAN,過去的貴族會將掌管金庫 鑰匙的鑰圈兒一代代地<br/> 傳承下去，並對其呵護備至。,鑰圈兒,,C+,10.00,Base:5.0|Meta:0.0|Exp:2.0|Func:3.0|Syn:0.0|Eff:0.0|Dmg:0.0|Mod:1.00,傷害效果,"丟棄效果, 特性效果"
鑰圈兒,基礎,11961,https://asia.pokemon-card.com/hk/card-img/hk00011961.png,寶可夢,70,Metal,,,插入抽出,Colorless,,將自己的1張手牌丟棄。然後，從自己的牌庫抽出2張卡。,鉤住,Colorless,20,,,Fire,,Grass,1,35,normal,H,強化擴充包「樂園騰龍」,SV7a,mingo,過去的貴族會將掌管金庫<br/>鑰匙的鑰圈兒一代代地<br/>傳承下去，並對其呵護備至。,鑰圈兒,,B,11.00,Base:5.0|Meta:0.0|Exp:3.0|Func:3.0|Syn:0.0|Eff:0.0|Dmg:0.0|Mod:1.00,"抽卡效果, 搜索效果",無
纏紅鶴ex,基礎,11024,https://asia.pokemon-card.com/hk/card-img/hk00011024.png,寶可夢,200,Colorless,,,恰好喙,"Colorless,Colorless",30+,若這隻寶可夢與對手的戰鬥寶可夢身上附加的能量數量相同，則增加100點傷害。,勇鳥猛攻,"Colorless,Colorless,Colorless,Colorless",200,這隻寶可夢也受到30點傷害。,,Lightning,,Fighting,1,90,promo,H,特典卡 朱&紫,SV,N-DESIGN Inc.,,纏紅鶴ex,ex,A+,20.00,Base:5.0|Meta:0.0|Exp:2.0|Func:5.0|Syn:2.0|Eff:0.0|Dmg:6.0|Mod:1.00,"反噬傷害, 條件傷害, 能量操作",無
完全體攪拌器,,12043,https://asia.pokemon-card.com/hk/card-img/hk00012043.png,物品卡,,,,,,,,從自己的牌庫任意選擇最多5張卡，將其丟棄。並且重洗牌庫。,,,,,,,,,,17,normal,H,牌組構築BOX 樂園騰龍,SVK,Toyste Beach,,,,C+,10.00,Base:7.0|Meta:0.0|Exp:2.0|Func:1.0|Syn:0.0|Eff:0.0|Dmg:0.0|Mod:1.00,"搜索效果, 道具移除",無
烈焰馬,1階進化,11107,https://asia.pokemon-card.com/hk/card-img/hk00011107.png,寶可夢,100,Fire,,,灼熱,Fire,,將對手的戰鬥寶可夢【灼傷】。,音速迴轉,"Fire,Colorless,Colorless",90,將這隻寶可夢與備戰寶可夢互換。,,Water,,,1,94,promo,G,特典卡 朱&紫,SV,Nurikabe,奔跑速度最快的烈焰馬會成為首領，決定族群前往的地點和奔跑速度。,小火馬 → 烈焰馬,,B+,15.00,Base:5.0|Meta:0.0|Exp:2.0|Func:5.0|Syn:0.0|Eff:0.0|Dmg:3.0|Mod:1.00,"切換效果, 簡單灼傷",無
烈焰馬,1階進化,13215,https://asia.pokemon-card.com/hk/card-img/hk00013215.png,寶可夢,110,Fire,快走,在自己的回合時可使用1次。從自己的牌庫抽出1張卡。,火之鬃,"Fire,Colorless",60,,,,,,,Water,,,1,14,normal,I,強化擴充包「熱風競技場」,SV9a,SIE NANAHARA,奔跑速度最快的烈焰馬<br/>會成為首領，決定族群<br/>前往的地點和奔跑速度。,小火馬 → 烈焰馬,,B,13.00,Base:5.0|Meta:0.0|Exp:3.0|Func:3.0|Syn:0.0|Eff:0.0|Dmg:2.0|Mod:1.00,"抽卡效果, 搜索效果",無
烈焰馬,1階進化,12193,https://asia.pokemon-card.com/hk/card-img/hk00012193.png,寶可夢,120,Fire,,,燃燒狂奔,"Fire,Colorless",60+,擲1次硬幣若為正面，則增加60點傷害。,,,,,,Water,,,1,8,normal,H,Trianers Camp,SVI,danciao,奔跑時速高達２４０公里。<br/>鬃毛上的火焰會劇烈燃燒，<br/>能像箭一般地飛馳而去。,小火馬 → 烈焰馬,,B,12.00,Base:5.0|Meta:0.0|Exp:2.0|Func:0.0|Syn:2.0|Eff:0.0|Dmg:3.0|Mod:1.00,"條件傷害, 硬幣判定",無
熱帶龍,基礎,11109,https://asia.pokemon-card.com/hk/card-img/hk00011109.png,寶可夢,110,Grass,,,綠葉吸取,Grass,20,將這隻寶可夢恢復「20」HP。,南國之風,"Grass,Grass,Colorless",130,將這隻寶可夢身上附加的能量卡，全部改附於1隻備戰寶可夢身上。,,Fire,,,1,96,promo,G,特典卡 朱&紫,SV,Taira Akitsu,棲息在熱帶叢林裡。脖子上的果實香甜美味。每年會結果２次。,熱帶龍,,A+,21.00,Base:5.0|Meta:0.0|Exp:2.0|Func:8.0|Syn:2.0|Eff:0.0|Dmg:4.0|Mod:1.00,"回復效果, 能量操作",無
熱帶龍,基礎,8474,https://asia.pokemon-card.com/hk/card-img/hk00008474.png,寶可夢,100,Grass,,,現摘水果,Grass,,將自己的1隻備戰寶可夢恢復「60」HP。,飛葉快刀,"Grass,Colorless",50,,,Fire,,,1,3,normal,G,起始組合ex 新葉喵&路卡利歐 ex,SVAM,aoki,棲息在熱帶叢林裡。脖子上的果實香甜美味。<br/>每年會結果２次。,熱帶龍,,B,11.00,Base:5.0|Meta:0.0|Exp:2.0|Func:3.0|Syn:0.0|Eff:0.0|Dmg:1.0|Mod:1.00,回復效果,無
熱帶龍,基礎,12709,https://asia.pokemon-card.com/hk/card-img/hk00012709.png,寶可夢,110,Colorless,,,果實豐收,Colorless,,將自己的1張手牌丟棄。然後，從自己的牌庫抽出3張卡。,起風,"Colorless,Colorless",50,,,Lightning,,Fighting,1,101,normal,H,雙ex初階牌組 Generations,SVM,Atsuya Uki,因為平時不斷吃著同種水果，<br/>以至於自己的喉嚨上<br/>結出了極為美味的水果來。,熱帶龍,,B,11.00,Base:5.0|Meta:0.0|Exp:2.0|Func:3.0|Syn:0.0|Eff:0.0|Dmg:1.0|Mod:1.00,"抽卡效果, 搜索效果",無
甜竹竹,基礎,11110,https://asia.pokemon-card.com/hk/card-img/hk00011110.png,寶可夢,60,Grass,,,踩,Grass,10,,突擊,"Grass,Grass",30,這隻寶可夢也受到10點傷害。,,Fire,,,1,97,promo,G,特典卡 朱&紫,SV,Kurata So,汗水帶著像是經過熬煮的水果甜味，在過去甜食尚少的時代相當受到人們珍視。,甜竹竹 → 甜舞妮 → 甜冷美后GX → 甜冷美后 → 甜冷美后ex,,C,8.00,Base:5.0|Meta:0.0|Exp:2.0|Func:0.0|Syn:0.0|Eff:0.0|Dmg:1.0|Mod:1.00,反噬傷害,無
甜竹竹,基礎,9964,https://asia.pokemon-card.com/hk/card-img/hk00009964.png,寶可夢,60,Grass,,,快速攻擊,Grass,10+,擲1次硬幣若為正面，則增加20點傷害。,,,,,,Fire,,,1,6,normal,G,擴充包「古代咆哮」,SV4K,Kouki Saitou,汗水帶著像是經過熬煮的水果甜味，在過去甜食尚少<br/>的時代相當受到人們珍視。,甜竹竹 → 甜舞妮 → 甜冷美后GX → 甜冷美后 → 甜冷美后ex,,B,11.00,Base:5.0|Meta:0.0|Exp:2.0|Func:0.0|Syn:2.0|Eff:0.0|Dmg:2.0|Mod:1.00,"條件傷害, 硬幣判定",無
拉帝亞斯,基礎,11116,https://asia.pokemon-card.com/hk/card-img/hk00011116.png,寶可夢,110,Psychic,,,0,,0,‌若這隻寶可夢身上附有【超】能量，則將這隻寶可夢【撤退】所需的能量全部消除。,,,,,,Darkness,,Fighting,2,98,promo,G,特典卡 朱&紫,SV,hncl,透過心靈感應和人類交流情感。會用能令光線折射的羽毛<br/><br/>變化成其他的樣子。,拉帝亞斯,,B,13.00,Base:5.0|Meta:0.0|Exp:2.0|Func:2.0|Syn:4.0|Eff:0.0|Dmg:0.0|Mod:1.00,撤退干擾,撤退效果
拉帝亞斯,基礎,10992,https://asia.pokemon-card.com/hk/card-img/hk00010992.png,寶可夢,110,Psychic,,,吸引,Colorless,,從自己的牌庫抽出2張卡。,潟湖飛行,"Psychic,Colorless",60,,,Darkness,,Fighting,1,5,normal,H,起始組合「未來密勒頓ex」,SVHM,Takumi Wada,能透過心靈感應交流情感。用能令光線折射的羽毛<br/>包裹身體來隱藏自己的樣子。,拉帝亞斯,,B,12.00,Base:5.0|Meta:0.0|Exp:2.0|Func:3.0|Syn:0.0|Eff:0.0|Dmg:2.0|Mod:1.00,"抽卡效果, 搜索效果",無
吉利蛋,基礎,11386,https://asia.pokemon-card.com/hk/card-img/hk00011386.png,寶可夢,120,Colorless,,,幸運貼附,Colorless,,從自己的手牌選擇1張基本能量卡，附於自己的寶可夢身上。,潛力,"Colorless,Colorless,Colorless",80,在下個自己的回合，這隻寶可夢無法使用招式。,,Fighting,,,2,99,promo,H,特典卡 朱&紫,SV,Toshinao Aoki,為了避免蛋被打破，<br/> 走起路來小心謹慎。<br/> 然而逃跑速度卻是快之無比。,吉利蛋 → 幸福蛋 → 幸福蛋ex,,B,11.00,Base:5.0|Meta:0.0|Exp:2.0|Func:2.0|Syn:0.0|Eff:0.0|Dmg:2.0|Mod:1.00,"使用限制, 招式鎖定, 能量附著",無
吉利蛋,基礎,8429,https://asia.pokemon-card.com/hk/card-img/hk00008429.png,寶可夢,110,Colorless,,,拍擊,"Colorless,Colorless",40,,滾動之蛋,"Colorless,Colorless,Colorless",60,擲硬幣直到出現反面，造成正面出現的次數×60點傷害。,,Fighting,,,2,59,normal,G,擴充包「紫ex」,SV1V,sui,為了避免蛋被打破，走起路來小心謹慎。<br/>然而逃跑速度卻是快之無比。,吉利蛋 → 幸福蛋 → 幸福蛋ex,,C+,9.00,Base:5.0|Meta:0.0|Exp:2.0|Func:0.0|Syn:0.0|Eff:0.0|Dmg:2.0|Mod:1.00,"傷害效果, 硬幣判定",無
大電海燕ex,1階進化,11387,https://asia.pokemon-card.com/hk/card-img/hk00011387.png,寶可夢,260,Lightning,,,迴旋充能,Lightning,,將這隻寶可夢與備戰寶可夢互換。‌然後，從自己的手牌選擇最多2張「基本【雷】能量」卡，附於這隻寶可夢身上。,雷電槍,"Colorless,Colorless",40+,增加這隻寶可夢身上附加的【雷】能量的數量×40點傷害。,,Lightning,,Fighting,0,100,promo,H,特典卡 朱&紫,SV,PLANETA Yamashita,,電海燕 → 大電海燕 → 大電海燕ex,ex,B+,16.00,Base:5.0|Meta:0.0|Exp:2.0|Func:6.0|Syn:0.0|Eff:0.0|Dmg:3.0|Mod:1.00,"備戰傷害加成, 切換效果, 能量操作, 能量附著",無
謎擬Ｑ,基礎,11388,https://asia.pokemon-card.com/hk/card-img/hk00011388.png,寶可夢,70,Psychic,神秘守護,這隻寶可夢不會受到對手的「寶可夢【ex】・【V】」招式的傷害。,幽靈之眼,"Psychic,Colorless",,在對手的戰鬥寶可夢身上放置7個傷害指示物。,,,,,,Metal,,,1,101,promo,G,特典卡 朱&紫,SV,Kagemaru Himeno,棲息在陽光照射不到的陰暗處。<br/>在人們面前現身時會用<br/>看似皮卡丘的布來隱藏全身。,謎擬Ｑ,,C+,9.00,Base:5.0|Meta:0.0|Exp:2.0|Func:2.0|Syn:0.0|Eff:0.0|Dmg:0.0|Mod:1.00,"傷害指示物, 傷害防禦, 效果免疫",無
滑滑小子,基礎,11389,https://asia.pokemon-card.com/hk/card-img/hk00011389.png,寶可夢,60,Darkness,,,‌單次踢,Darkness,30,‌擲1次硬幣若為反面，則這個招式失敗。,,,,,,Grass,,,1,102,promo,H,特典卡 朱&紫,SV,OKUBO,與牠視線交會是很危險的！<br/>不管對手是誰，牠都會用<br/>頭錘招呼，是個難搞的傢伙。,滑滑小子 → 頭巾混混,,C+,10.00,Base:5.0|Meta:0.0|Exp:2.0|Func:0.0|Syn:2.0|Eff:0.0|Dmg:1.0|Mod:1.00,"條件失敗, 硬幣判定",無
滑滑小子,基礎,14161,https://asia.pokemon-card.com/hk/card-img/hk00014161.png,寶可夢,70,Darkness,,,頭錘,Darkness,10,,攻入,"Darkness,Darkness",30,,,Grass,,,1,54,normal,I,擴充包「純白閃焰」,SV11W,osare,會把皮拉到頸部<br/>採取防禦姿勢。<br/>有著橡膠般彈力的皮能減少傷害。,滑滑小子 → 頭巾混混,,C+,9.00,Base:5.0|Meta:0.0|Exp:3.0|Func:0.0|Syn:0.0|Eff:0.0|Dmg:1.0|Mod:1.00,無,無
頭巾混混,1階進化,11390,https://asia.pokemon-card.com/hk/card-img/hk00011390.png,寶可夢,120,Darkness,,,偷竊,Colorless,,從自己的牌庫任意選擇最多與自己的備戰寶可夢數量相同數量的卡，加入手牌。並且重洗牌庫。,‌飛膝踢,"Darkness,Colorless,Colorless",100,,,Grass,,,1,103,promo,H,特典卡 朱&紫,SV,OKUBO,牠看似無精打采的踢擊<br/>其實擁有足以擊碎修建老匠<br/>手中混凝土的破壞力。,滑滑小子 → 頭巾混混,,B,13.00,Base:5.0|Meta:0.0|Exp:2.0|Func:3.0|Syn:0.0|Eff:0.0|Dmg:3.0|Mod:1.00,"抽卡效果, 搜索效果",無
頭巾混混,1階進化,14162,https://asia.pokemon-card.com/hk/card-img/hk00014162.png,寶可夢,120,Darkness,,,無賴攻擊,"Darkness,Darkness",60×,擲與自己的場上【惡】寶可夢的數量相同次數的硬幣，造成正面出現的次數×60點傷害。,,,,,,Grass,,,2,55,normal,I,擴充包「純白閃焰」,SV11W,osare,會成群結隊去打倒<br/>進到地盤裡的對手。<br/>能從口中吐出酸性的體液。,滑滑小子 → 頭巾混混,,B+,15.00,Base:5.0|Meta:0.0|Exp:3.0|Func:0.0|Syn:2.0|Eff:0.0|Dmg:5.0|Mod:1.00,"傷害效果, 硬幣判定",無
頭巾混混,1階進化,9883,https://asia.pokemon-card.com/hk/card-img/hk00009883.png,寶可夢,120,Darkness,,,斥喝,Colorless,30,在下個對手的回合，受到這個招式的【基礎】寶可夢，無法使用招式。,鐵頭碰,"Darkness,Darkness,Colorless",130,,,Grass,,,2,38,normal,G,強化擴充包「激狂駭浪」,SV3a,Mousho,雖然性情非常粗魯，但也有重視家族、<br/>夥伴和地盤的一面。,滑滑小子 → 頭巾混混,,B,13.00,Base:5.0|Meta:0.0|Exp:2.0|Func:2.0|Syn:0.0|Eff:0.0|Dmg:4.0|Mod:1.00,招式鎖定,無
希特隆的機智,,12179,https://asia.pokemon-card.com/hk/card-img/hk00012179.png,支援者卡,,,,,,,,將自己的所有【雷】寶可夢各恢復「60」HP。,,,,,,,,,,103,normal,H,擴充包「超電突圍」,SV8,Naoki Saito,,,,B,13.00,Base:8.0|Meta:0.0|Exp:3.0|Func:2.0|Syn:0.0|Eff:0.0|Dmg:0.0|Mod:1.00,回復效果,無
抓換臂,,9019,https://asia.pokemon-card.com/hk/card-img/hk00009019.png,物品卡,,,,,,,,查看對手的手牌，從其中選擇1張寶可夢卡，放回對手的牌庫下方。,,,,在自己的回合時，物品卡可不限張數使用。,,,,,,153,normal,G,強化擴充包「寶可夢卡牌151」,SV2a,inose yukie,,,,B,12.00,Base:7.0|Meta:0.0|Exp:2.0|Func:3.0|Syn:0.0|Eff:0.0|Dmg:0.0|Mod:1.00,搜索效果,無
大嘴娃,基礎,11517,https://asia.pokemon-card.com/hk/card-img/hk00011517.png,寶可夢,90,Metal,特殊食客,在自己的回合，從手牌將這張卡放置於備戰區時，可使用1次。選擇1個對手的戰鬥寶可夢身上附加的特殊能量，將其丟棄。,銳利之牙,"Metal,Colorless,Colorless",90,,銳利之牙,"Metal,Colorless,Colorless",90,,,Fire,,Grass,1,107,promo,G,特典卡 朱&紫,SV,Souichirou Gunjima,大嘴娃能用自己那由鋼角<br/>變化而成的巨大顎部<br/>將對手一口緊緊咬住。,大嘴娃,,B+,16.00,Base:5.0|Meta:0.0|Exp:2.0|Func:6.0|Syn:0.0|Eff:0.0|Dmg:3.0|Mod:1.00,能量操作,"丟棄效果, 放置效果"
大嘴娃,基礎,10913,https://asia.pokemon-card.com/hk/card-img/hk00010913.png,寶可夢,90,Metal,,,誘導敲詐,"Colorless,Colorless",,選擇1隻對手的備戰寶可夢，與戰鬥寶可夢互換。然後，新上場的寶可夢受到30點傷害。,銳利之牙,"Metal,Metal,Colorless",100,,,Fire,,Grass,1,45,normal,H,擴充包「異度審判」,SV5M,aspara,用溫順的長相讓對手大意，然後用大顎一口咬住對手。<br/>咬住後就絕不會鬆口。,大嘴娃,,B+,15.00,Base:5.0|Meta:0.0|Exp:2.0|Func:5.0|Syn:0.0|Eff:0.0|Dmg:3.0|Mod:1.00,切換效果,無
大嘴娃,基礎,9273,https://asia.pokemon-card.com/hk/card-img/hk00009273.png,寶可夢,100,Psychic,,,惡作劇嚼碎,Psychic,30×,造成這隻寶可夢身上附加的【超】能量的數量×30點傷害。,,,,,,Metal,,,2,51,normal,G,ex初階牌組,SVD,313,大嘴娃能用自己那由鋼角變化而成的巨大顎部<br/>將對手一口緊緊咬住。,大嘴娃,,A,18.00,Base:5.0|Meta:0.0|Exp:2.0|Func:3.0|Syn:0.0|Eff:0.0|Dmg:8.0|Mod:1.00,"備戰傷害加成, 傷害效果, 能量操作",無
蜻蜻蜓,基礎,12007,https://asia.pokemon-card.com/hk/card-img/hk00012007.png,寶可夢,60,Grass,,,靜默之翼,"Grass,Colorless",20,查看對手的手牌。,,,,,,Lightning,,Fighting,1,108,promo,H,特典卡 朱&紫,SV,Dsuke,就算不轉動大大的眼珠也可以<br/>全方位環視周遭，因此不管是<br/>敵人還是食物都能立刻發現。,蜻蜻蜓 → 遠古巨蜓 → 遠古巨蜓ex,,C+,10.00,Base:5.0|Meta:0.0|Exp:2.0|Func:3.0|Syn:0.0|Eff:0.0|Dmg:0.0|Mod:1.00,情報收集,無
蜻蜻蜓,基礎,13203,https://asia.pokemon-card.com/hk/card-img/hk00013203.png,寶可夢,70,Grass,,,吹飛,Colorless,,將對手的戰鬥寶可夢與備戰寶可夢互換。[由對手選擇放置於戰鬥場的寶可夢。],銳利羽,"Grass,Colorless",30,,,Lightning,,Fighting,1,2,normal,I,強化擴充包「熱風競技場」,SV9a,svlt,會高速拍動翅膀<br/>讓自己靜止在空中，<br/>並監視自己的地盤。,蜻蜻蜓 → 遠古巨蜓 → 遠古巨蜓ex,,B+,14.00,Base:5.0|Meta:0.0|Exp:3.0|Func:5.0|Syn:0.0|Eff:0.0|Dmg:1.0|Mod:1.00,切換效果,無
遠古巨蜓,1階進化,12008,https://asia.pokemon-card.com/hk/card-img/hk00012008.png,寶可夢,130,Grass,,,陀螺音波,"Grass,Grass,Colorless",110,將這隻寶可夢與備戰寶可夢互換。,,,,,,Lightning,,Fighting,1,109,promo,H,特典卡 朱&紫,SV,Dsuke,顎部的力量異常強大。<br/>擅長在高速飛行中咬斷<br/>與自己擦身而過的對手。,蜻蜻蜓 → 遠古巨蜓 → 遠古巨蜓ex,,B,13.00,Base:5.0|Meta:0.0|Exp:2.0|Func:3.0|Syn:0.0|Eff:0.0|Dmg:3.0|Mod:1.00,切換效果,無
輕身鱈ex,基礎,12009,https://asia.pokemon-card.com/hk/card-img/hk00012009.png,寶可夢,210,Water,,,鰭快刀,Water,30,,光芒強襲,"Water,Water,Colorless",120+,若希望，將自己的手牌全部丟棄。有丟棄的情況下，增加120點傷害。,,Lightning,,,1,110,promo,H,特典卡 朱&紫,SV,5ban Graphics,,輕身鱈ex,ex,B+,16.00,Base:5.0|Meta:0.0|Exp:2.0|Func:0.0|Syn:4.0|Eff:0.0|Dmg:5.0|Mod:1.00,條件傷害,無
百變怪,基礎,12010,https://asia.pokemon-card.com/hk/card-img/hk00012010.png,寶可夢,60,Colorless,變身啓動,若這隻寶可夢在戰鬥場上，則只有在自己的最初回合可使用1次。從自己的牌庫選擇1張【基礎】寶可夢卡（「百變怪」除外）。然後，將這隻寶可夢與附加的卡全部丟棄，將所選的寶可夢放置於這隻寶可夢原先所在的地方。並且重洗牌庫。,黏,Colorless,10,,,,,,,Fighting,,,1,111,promo,G,特典卡 朱&紫,SV,KIYOTAKA OSHIYAMA,雖然可以變身得很完美，<br/>但一旦被逗笑，<br/>就會因鬆懈而解除變身。,百變怪,,C+,9.00,Base:5.0|Meta:0.0|Exp:2.0|Func:2.0|Syn:0.0|Eff:0.0|Dmg:0.0|Mod:1.00,搜索效果,放置效果
改造之錘,,11171,https://asia.pokemon-card.com/hk/card-img/hk00011171.png,物品卡,,,,,,,,選擇1個對手的場上寶可夢身上附加的特殊能量，將其丟棄。,,,,,,,,,,54,normal,H,強化擴充包「緋紅薄霧」,SV5a,Eske Yoshinob,,,,A,19.00,Base:7.0|Meta:3.0|Exp:2.0|Func:5.0|Syn:2.0|Eff:0.0|Dmg:0.0|Mod:1.00,能量操作,丟棄效果
杜若,,11986,https://asia.pokemon-card.com/hk/card-img/hk00011986.png,支援者卡,,,,,,,,查看自己的牌庫上方7張卡，從其中選擇寶可夢卡與訓練家卡各1張，在給對手看過後加入手牌。將剩餘卡放回牌庫並重洗。,,,,,,,,,,60,normal,H,強化擴充包「樂園騰龍」,SV7a,GIDORA,,,,B+,16.00,Base:8.0|Meta:0.0|Exp:3.0|Func:5.0|Syn:0.0|Eff:0.0|Dmg:0.0|Mod:1.00,"抽卡效果, 搜索效果",無
沙儷,,11180,https://asia.pokemon-card.com/hk/card-img/hk00011180.png,支援者卡,,,,,,,,從自己的手牌選擇最多2張寶可夢卡，在給對手看過後放回牌庫。然後，從自己的牌庫選擇最多與放回的張數相同數量的寶可夢卡，在給對手看過後加入手牌。並且重洗牌庫。,,,,,,,,,,63,normal,H,強化擴充包「緋紅薄霧」,SV5a,Naoki Saito,,,,B+,14.00,Base:8.0|Meta:0.0|Exp:2.0|Func:4.0|Syn:0.0|Eff:0.0|Dmg:0.0|Mod:1.00,"抽卡效果, 搜索效果",無
捷拉奧拉,基礎,12026,https://asia.pokemon-card.com/hk/card-img/hk00012026.png,寶可夢,120,Lightning,,,鬥戰雷電,"Lightning,Colorless",20+,增加對手的備戰寶可夢的數量×20點傷害。,,,,,,Fighting,,,1,133,promo,H,特典卡 朱&紫,SV,Kazumasa Yasukuni,以媲美閃電的速度奔跑，<br/> 用能釋放高壓電的爪子<br/> 將敵人撕得粉碎。,捷拉奧拉,,B,12.00,Base:5.0|Meta:0.0|Exp:2.0|Func:3.0|Syn:0.0|Eff:0.0|Dmg:2.0|Mod:1.00,備戰傷害加成,無
捷拉奧拉,基礎,10897,https://asia.pokemon-card.com/hk/card-img/hk00010897.png,寶可夢,120,Lightning,,,麻麻關節,Colorless,20,擲1次硬幣若為正面，則將對手的戰鬥寶可夢【麻痺】。,強力伏特,"Lightning,Lightning,Colorless",120,選擇1個這隻寶可夢身上附加的能量，將其丟棄。,,Fighting,,,1,29,normal,H,擴充包「異度審判」,SV5M,kantaro,以媲美閃電的速度奔跑，用能釋放高壓電的爪子<br/>將敵人撕得粉碎。,捷拉奧拉,,A,18.00,Base:5.0|Meta:0.0|Exp:2.0|Func:5.0|Syn:2.0|Eff:0.0|Dmg:4.0|Mod:1.00,"狀態異常, 硬幣判定, 能量操作",無
捷拉奧拉,基礎,13241,https://asia.pokemon-card.com/hk/card-img/hk00013241.png,寶可夢,100,Lightning,,,抓,Colorless,20,,閃電急襲,"Lightning,Lightning,Lightning",,將這隻寶可夢身上附加的能量卡全部丟棄，對手的備戰區的1隻「寶可夢【ex】」受到210點傷害。[在備戰區不計算弱點・抵抗力。],,Fighting,,,1,40,normal,I,強化擴充包「熱風競技場」,SV9a,Ryuta Fuse,從手腳的肉球放電。<br/>當捷拉奧拉奔馳而過時，<br/>周圍將充斥著電閃雷鳴。,捷拉奧拉,,B+,16.00,Base:5.0|Meta:0.0|Exp:3.0|Func:6.0|Syn:2.0|Eff:0.0|Dmg:0.0|Mod:1.00,"能量操作, 連鎖傷害",丟棄效果
捷拉奧拉,基礎,13809,https://asia.pokemon-card.com/hk/card-img/hk00013809.png,寶可夢,120,Lightning,,,麻麻關節,Colorless,20,擲1次硬幣若為正面，則可將對手的戰鬥寶可夢【麻痺】。,強力伏特,"Lightning,Lightning,Colorless",120,選擇1個這隻寶可夢身上附加的能量，將其丟棄。,,Fighting,,,1,9,normal,H,ex初階牌組 皮卡丘,SVQP,kantaro,以媲美閃電的速度奔跑，<br/>用能釋放高壓電的爪子<br/>將敵人撕得粉碎。,捷拉奧拉,,A,18.00,Base:5.0|Meta:0.0|Exp:2.0|Func:5.0|Syn:2.0|Eff:0.0|Dmg:4.0|Mod:1.00,"狀態異常, 硬幣判定, 能量操作",無
緊急滑板,,11758,https://asia.pokemon-card.com/hk/card-img/hk00011758.png,寶可夢道具,,,,,,,,附有這張卡的寶可夢，【撤退】所需的能量減少1個。若那隻寶可夢的剩餘HP為「30」以下，則【撤退】所需的能量全部消除。,,,,,,,,,,140,promo,H,特典卡 朱&紫,SV,Toyste Beach,,,,B+,15.00,Base:6.0|Meta:0.0|Exp:2.0|Func:3.0|Syn:4.0|Eff:0.0|Dmg:0.0|Mod:1.00,撤退干擾,撤退效果
災禍荒野,,8803,https://asia.pokemon-card.com/hk/card-img/hk00008803.png,競技場卡,,,,,,,,雙方的所有【基礎】寶可夢（【鬥】寶可夢除外）【撤退】所需的能量各增加1個。,,,,在自己的回合時，可將1張競技場卡放置於戰鬥場旁邊。若其他競技場卡被放置，則將這張卡丟棄。名稱相同的競技場卡無法放置於場上。,,,,,,70,normal,G,擴充包「碟旋暴擊」,SV2D,AYUMI ODASHIMA,,,,B+,14.00,Base:6.0|Meta:0.0|Exp:2.0|Func:2.0|Syn:4.0|Eff:0.0|Dmg:0.0|Mod:1.00,"撤退干擾, 能量需求增加","撤退效果, 放置效果, 競技場效果"
電蜘蛛ex,1階進化,12015,https://asia.pokemon-card.com/hk/card-img/hk00012015.png,寶可夢,260,Lightning,,,衝天之線,"Lightning,Colorless",110+,若對手的戰鬥寶可夢為「寶可夢【ex】・【V】」，則增加110點傷害。,雷擊石,"Grass,Lightning,Fighting",180,將這隻寶可夢身上附加的能量卡全部丟棄。在下個對手的回合，對手無法從手牌使出物品卡。,,Fighting,,,1,144,promo,H,特典卡 朱&紫,SV,5ban Graphics,,電電蟲 → 電蜘蛛 → 電蜘蛛ex,"太晶,ex",A+,21.00,Base:5.0|Meta:0.0|Exp:2.0|Func:5.0|Syn:4.0|Eff:0.0|Dmg:5.0|Mod:1.00,"條件傷害, 物品卡封鎖, 能量操作",丟棄效果
貓頭夜鷹,1階進化,12016,https://asia.pokemon-card.com/hk/card-img/hk00012016.png,寶可夢,100,Colorless,搜尋寶石,在自己的回合，從手牌使出這張卡並完成進化時，若自己的場上有「太晶」寶可夢，則可使用1次。從自己的牌庫選擇最多2張訓練家卡，在給對手看過後加入手牌。並且重洗牌庫。,高速之翼,"Colorless,Colorless",60,,,,,,,Lightning,,Fighting,1,145,promo,H,特典卡 朱&紫,SV,matazo,極為柔軟的翅膀讓牠在<br/> 飛行時不發一絲聲響，<br/> 因此可以悄悄地接近獵物。,咕咕 → 貓頭夜鷹,,A,19.00,Base:5.0|Meta:0.0|Exp:2.0|Func:10.0|Syn:0.0|Eff:0.0|Dmg:2.0|Mod:1.00,"抽卡效果, 搜索效果",進化效果
貓頭夜鷹,1階進化,10852,https://asia.pokemon-card.com/hk/card-img/hk00010852.png,寶可夢,110,Colorless,,,鉤爪搜尋,"Colorless,Colorless",70,若希望，從自己的牌庫任意選擇最多2張卡加入手牌。並且重洗牌庫。,,,,,,Lightning,,Fighting,1,55,normal,H,擴充包「狂野之力」,SV5K,toi8,雙眼有著特殊的構造，只要有些微的光線，即使在黑暗中<br/>也能看得像白天一樣清楚。,咕咕 → 貓頭夜鷹,,B,13.00,Base:5.0|Meta:0.0|Exp:2.0|Func:2.0|Syn:2.0|Eff:0.0|Dmg:2.0|Mod:1.00,"抽卡效果, 搜索效果",無
旋轉洛托姆,基礎,12017,https://asia.pokemon-card.com/hk/card-img/hk00012017.png,寶可夢,70,Colorless,風扇呼喚,只有在自己的最初回合可使用1次。從自己的牌庫選擇最多3張HP為「100」以下的【無】寶可夢卡，在給對手看過後加入手牌。並且重洗牌庫。在這個回合，若已經使出了其他的「風扇呼喚」，則這個特性無法使用。,突擊著地,Colorless,70,若場上沒有競技場卡，則這個招式失敗。,,,,,,Lightning,,Fighting,1,146,promo,H,特典卡 朱&紫,SV,Toshinao Aoki,雖然能讓洛托姆鑽進去的<br/> 家電用品有好幾種，<br/> 但最先被研發出的是電風扇。,旋轉洛托姆,,A,18.00,Base:5.0|Meta:0.0|Exp:2.0|Func:5.0|Syn:4.0|Eff:0.0|Dmg:2.0|Mod:1.00,"抽卡效果, 招式鎖定, 搜索效果, 條件失敗","特性效果, 競技場效果"
爆炸頭水牛,基礎,12018,https://asia.pokemon-card.com/hk/card-img/hk00012018.png,寶可夢,100,Colorless,‌捲牆,只要這隻寶可夢與自己的其他「‌爆炸頭水牛」在場上，自己的所有【無】屬性的【基礎】寶可夢受到對手的寶可夢招式的傷害「-60」點。無論有多少隻擁有這個特性的寶可夢，這個效果也不會重複。,潛力,"Colorless,Colorless,Colorless",130,在下個自己的回合，這隻寶可夢無法使用招式。,,,,,,Fighting,,,2,147,promo,H,特典卡 朱&紫,SV,GOSSAN,只用頭錘就能壓扁汽車。<br/> 頭部的那團毛越大一團，<br/> 在群體裡的地位就會越高。,爆炸頭水牛,,B,13.00,Base:5.0|Meta:0.0|Exp:2.0|Func:2.0|Syn:0.0|Eff:0.0|Dmg:4.0|Mod:1.00,"使用限制, 招式鎖定",特性效果
爆炸頭水牛,基礎,12163,https://asia.pokemon-card.com/hk/card-img/hk00012163.png,寶可夢,130,Colorless,,,等待角擊,"Colorless,Colorless",40,在下個對手的回合，這隻寶可夢受到招式的傷害時，在使用招式的寶可夢身上放置6個傷害指示物。,粉碎頭擊,"Colorless,Colorless,Colorless,Colorless",150,選擇2個這隻寶可夢身上附加的能量，將其丟棄。,,Fighting,,,2,87,normal,H,擴充包「超電突圍」,SV8,Anesaki Dynamic,只用頭錘就能壓扁汽車。<br/>頭部的那團毛越大一團，<br/>在群體裡的地位就會越高。,爆炸頭水牛,,A,18.00,Base:5.0|Meta:0.0|Exp:3.0|Func:5.0|Syn:0.0|Eff:0.0|Dmg:5.0|Mod:1.00,"傷害指示物, 能量操作",無
爆炸頭水牛,基礎,9320,https://asia.pokemon-card.com/hk/card-img/hk00009320.png,寶可夢,120,Colorless,爆炸頭防守,這隻寶可夢受到招式的傷害「-20」點。,傷害衝刺,"Colorless,Colorless",50+,擲硬幣直到出現反面，增加正面出現的次數×30點傷害。,,,,,,Fighting,,,2,98,normal,G,ex初階牌組,SVD,Yuya Oka,會組成約２０隻的群體一起生活。不知為何，背叛了群體的<br/>爆炸頭水牛頭上的毛會脫落。,爆炸頭水牛,,C+,10.00,Base:5.0|Meta:0.0|Exp:2.0|Func:0.0|Syn:0.0|Eff:0.0|Dmg:3.0|Mod:1.00,"其他效果, 硬幣判定",無
太樂巴戈斯ex,基礎,12019,https://asia.pokemon-card.com/hk/card-img/hk00012019.png,寶可夢,230,Colorless,,,聯盟擊,"Colorless,Colorless",30×,這個招式在後攻玩家的最初回合無法使用。造成自己的備戰寶可夢的數量×30點傷害。,皇冠蛋白石,"Grass,Water,Lightning",180,在下個對手的回合，這隻寶可夢不會受到【基礎】寶可夢（【無】寶可夢除外）招式的傷害。,,Fighting,,,2,148,promo,H,特典卡 朱&紫,SV,5ban Graphics,,太樂巴戈斯ex,"太晶,ex",B+,15.00,Base:5.0|Meta:0.0|Exp:2.0|Func:3.0|Syn:0.0|Eff:0.0|Dmg:5.0|Mod:1.00,"備戰傷害加成, 傷害效果, 傷害防禦, 招式鎖定, 效果免疫",無
災禍雪山,,8732,https://asia.pokemon-card.com/hk/card-img/hk00008732.png,競技場卡,,,,,,,,雙方玩家每次從自己的手牌將能量卡附於【基礎】寶可夢（【水】寶可夢除外）身上時，在那隻寶可夢身上放置2個傷害指示物。,,,,在自己的回合時，可將1張競技場卡放置於戰鬥場旁邊。若其他競技場卡被放置，則將這張卡丟棄。名稱相同的競技場卡無法放置於場上。,,,,,,70,normal,G,擴充包「冰雪險境」,SV2P,AYUMI ODASHIMA,,,,B+,14.00,Base:6.0|Meta:0.0|Exp:2.0|Func:2.0|Syn:4.0|Eff:0.0|Dmg:0.0|Mod:1.00,傷害指示物,"放置效果, 競技場效果"
牡丹,,8369,https://asia.pokemon-card.com/hk/card-img/hk00008369.png,支援者卡,,,,,,,,選擇1隻自己的場上的【基礎】寶可夢，將那隻寶可夢與附加的卡，全部放回手牌。,,,,在自己的回合時，支援者卡只可使用1張。,,,,,,77,normal,G,擴充包「朱ex」,SV1S,yuu,,,,B,13.00,Base:8.0|Meta:0.0|Exp:2.0|Func:1.0|Syn:2.0|Eff:0.0|Dmg:0.0|Mod:1.00,其他效果,無
赤松,,12021,https://asia.pokemon-card.com/hk/card-img/hk00012021.png,支援者卡,,,,,,,,從自己的牌庫選擇最多2張各不同屬性的基本能量卡，在給對手看過後，其中1張加入手牌，剩餘的能量卡附於自己的寶可夢身上。並且重洗牌庫。,,,,,,,,,,150,promo,H,特典卡 朱&紫,SV,GIDORA,,,,B+,16.00,Base:8.0|Meta:0.0|Exp:2.0|Func:6.0|Syn:0.0|Eff:0.0|Dmg:0.0|Mod:1.00,"抽卡效果, 搜索效果",無
辛俐,,9905,https://asia.pokemon-card.com/hk/card-img/hk00009905.png,支援者卡,,,,,,,,查看自己的牌庫上方4張卡，從其中選擇2張卡加入手牌。將剩餘卡全部翻回反面並重洗，放回牌庫下方。,,,,,,,,,,60,normal,G,強化擴充包「激狂駭浪」,SV3a,GIDORA,,,,B+,15.00,Base:8.0|Meta:0.0|Exp:2.0|Func:3.0|Syn:2.0|Eff:0.0|Dmg:0.0|Mod:1.00,"抽卡效果, 搜索效果",無
密勒頓ex,基礎,12399,https://asia.pokemon-card.com/hk/card-img/hk00012399.png,寶可夢,220,Lightning,串聯裝置,在自己的回合時可使用1次。從自己的牌庫選擇最多2張【雷】屬性的【基礎】寶可夢卡，放置於備戰區。並且重洗牌庫。,光子引爆,"Lightning,Lightning,Colorless",220,在下個自己的回合，這隻寶可夢無法使用招式。,[ex規則],,,寶可夢【ex】【昏厥】時，對手獲得2張獎賞卡。,,Fighting,,,1,164,promo,G,特典卡 朱&紫,SV,5ban Graphics,,密勒頓ex,ex,A,17.00,Base:5.0|Meta:0.0|Exp:2.0|Func:4.0|Syn:0.0|Eff:0.0|Dmg:6.0|Mod:1.00,"使用限制, 招式鎖定, 搜索效果, 獎賞控制",放置效果
密勒頓ex,基礎,9268,https://asia.pokemon-card.com/hk/card-img/hk00009268.png,寶可夢,220,Lightning,,,快速抽出,Lightning,20,從自己的牌庫抽出2張卡。,高科技渦輪,"Lightning,Lightning,Lightning",150,從自己的棄牌區選擇1張「基本【雷】能量」卡，附於備戰寶可夢身上。,,Fighting,,,0,46,normal,G,ex初階牌組,SVD,5ban Graphics,,密勒頓ex,ex,A,18.00,Base:5.0|Meta:0.0|Exp:2.0|Func:6.0|Syn:0.0|Eff:0.0|Dmg:5.0|Mod:1.00,"抽卡效果, 搜索效果",無
密勒頓ex,基礎,10996,https://asia.pokemon-card.com/hk/card-img/hk00010996.png,寶可夢,220,Dragon,,,抵制伏特,"Lightning,Psychic",60+,若對手的戰鬥寶可夢身上放置有傷害指示物，則增加100點傷害。,異度猛衝,"Lightning,Psychic,Colorless",220,在下個自己的回合，這隻寶可夢無法使用「異度猛衝」。,,,,,1,9,normal,H,起始組合「未來密勒頓ex」,SVHM,PLANETA Mochizuki,,密勒頓ex,ex,A,17.00,Base:5.0|Meta:0.0|Exp:2.0|Func:2.0|Syn:2.0|Eff:0.0|Dmg:6.0|Mod:1.00,"傷害指示物, 招式鎖定, 條件傷害",無
古劍豹ex,基礎,12400,https://asia.pokemon-card.com/hk/card-img/hk00012400.png,寶可夢,220,Water,戰慄寒氣,若這隻寶可夢在戰鬥場上，則在自己的回合時可使用1次。從自己的牌庫選擇最多2張「基本【水】能量」卡，在給對手看過後加入手牌。並且重洗牌庫。,冰雹利刃,"Water,Water",60×,將自己的場上寶可夢身上附加的任意數量的【水】能量卡丟棄，造成其張數×60點傷害。,[ex規則],,,寶可夢【ex】【昏厥】時，對手獲得2張獎賞卡。,,Metal,,,2,165,promo,G,特典卡 朱&紫,SV,aky CG Works,,古劍豹ex,ex,S,24.00,Base:5.0|Meta:0.0|Exp:2.0|Func:7.0|Syn:2.0|Eff:0.0|Dmg:8.0|Mod:1.00,"傷害效果, 抽卡效果, 搜索效果, 棄牌區傷害加成, 獎賞控制, 能量操作",無
噴火龍ex,2階進化,12401,https://asia.pokemon-card.com/hk/card-img/hk00012401.png,寶可夢,330,Darkness,煉獄支配,在自己的回合，從手牌使出這張卡並完成進化時，可使用1次。從自己的牌庫選擇最多3張「基本【火】能量」卡，以任意方式附於自己的寶可夢身上。並且重洗牌庫。,燃燒黑暗,"Fire,Fire",180+,增加對手已經獲得的獎賞卡的張數×30點傷害。,,,,,,Grass,,,2,166,promo,G,特典卡 朱&紫,SV,5ban Graphics,,小火龍 → 火恐龍 → 噴火龍 → 噴火龍GX → 噴火龍ex,"太晶,ex",S,23.00,Base:5.0|Meta:0.0|Exp:2.0|Func:10.0|Syn:0.0|Eff:0.0|Dmg:6.0|Mod:1.00,"搜索效果, 棄牌區傷害加成, 獎賞控制",進化效果
噴火龍ex,2階進化,8872,https://asia.pokemon-card.com/hk/card-img/hk00008872.png,寶可夢,330,Fire,,,無畏之翼,Fire,60+,若這隻寶可夢身上放置有傷害指示物，則增加100點傷害。,爆焰旋渦,"Fire,Fire,Fire,Fire",330,選擇3個這隻寶可夢身上附加的能量，將其丟棄。,,Water,,,2,6,normal,G,強化擴充包「寶可夢卡牌151」,SV2a,PLANETA Mochizuki,,小火龍 → 火恐龍 → 噴火龍 → 噴火龍GX → 噴火龍ex,ex,A+,20.00,Base:5.0|Meta:0.0|Exp:2.0|Func:3.0|Syn:2.0|Eff:0.0|Dmg:8.0|Mod:1.00,"傷害指示物, 條件傷害, 能量操作",無
轟鳴月ex,基礎,12402,https://asia.pokemon-card.com/hk/card-img/hk00012402.png,寶可夢,230,Darkness,,,瘋癲攻擊,"Darkness,Darkness,Colorless",,將對手的戰鬥寶可夢【昏厥】。然後，這隻寶可夢受到200點傷害。,災厄風暴,"Darkness,Darkness,Colorless",100+,若希望，將場上的競技場卡丟棄。這個情況下，增加120點傷害。,,Grass,,,2,167,promo,G,特典卡 朱&紫,SV,takuyoa,,轟鳴月ex,ex,A,18.00,Base:5.0|Meta:0.0|Exp:2.0|Func:2.0|Syn:4.0|Eff:0.0|Dmg:5.0|Mod:1.00,"其他效果, 條件傷害",競技場效果
鐵武者ex,基礎,12403,https://asia.pokemon-card.com/hk/card-img/hk00012403.png,寶可夢,220,Psychic,超光速位元,在自己的回合，從備戰區將這隻寶可夢放置於戰鬥場時，可使用1次。在對手的1隻寶可夢身上放置2個傷害指示物。,鐳射利刃,"Psychic,Psychic,Colorless",200,在下個自己的回合，這隻寶可夢無法使用招式。,,,,,,Metal,,,2,168,promo,G,特典卡 朱&紫,SV,aky CG Works,,鐵武者ex,ex,B+,16.00,Base:5.0|Meta:0.0|Exp:2.0|Func:3.0|Syn:0.0|Eff:0.0|Dmg:6.0|Mod:1.00,"使用限制, 傷害指示物, 招式鎖定",放置效果
蟲甲聖ex,1階進化,12414,https://asia.pokemon-card.com/hk/card-img/hk00012414.png,寶可夢,250,Grass,,,相反抽出,,,從自己的牌庫下方抽出3張卡。,精神強念,"Grass,Colorless,Colorless",20+,增加對手的戰鬥寶可夢身上附加的能量的數量×90點傷害。,,Fire,,,1,174,promo,H,特典卡 朱&紫,SV,N-DESIGN Inc.,,蟲滾泥 → 蟲甲聖 → 蟲甲聖ex,ex,A,17.00,Base:5.0|Meta:0.0|Exp:2.0|Func:8.0|Syn:0.0|Eff:0.0|Dmg:2.0|Mod:1.00,"備戰傷害加成, 抽卡效果, 搜索效果, 能量操作",無
鐵包袱,基礎,12415,https://asia.pokemon-card.com/hk/card-img/hk00012415.png,寶可夢,100,Water,高級出風機,若這隻寶可夢在備戰區，則在自己的回合時可使用1次。將對手的戰鬥寶可夢與備戰寶可夢互換（由對手選擇放置於戰鬥場的寶可夢）。然後，將這隻寶可夢與附加的卡全部丟棄。,冷卻噴射,"Water,Colorless,Colorless",80,在下個對手的回合，受到這個招式的進化寶可夢無法使用招式。,,,,,,Lightning,,,1,175,promo,G,特典卡 朱&紫,SV,Oswaldo KATO,與古書裡記載的神秘物體<br/>長得很相像的寶可夢。<br/>過去只被目擊過２次。,鐵包袱,,A,18.00,Base:5.0|Meta:0.0|Exp:2.0|Func:9.0|Syn:0.0|Eff:0.0|Dmg:2.0|Mod:1.00,"切換效果, 招式鎖定, 進化支援","丟棄效果, 放置效果"
鐵包袱,基礎,11321,https://asia.pokemon-card.com/hk/card-img/hk00011321.png,寶可夢,90,Water,,,內部噴射,"Water,Colorless",60,將這隻寶可夢與備戰寶可夢互換。然後，對手將對手自己的戰鬥寶可夢與備戰寶可夢互換。,,,,,,Lightning,,,1,37,normal,H,擴充包「變幻假面」,SV6,nagimiso,與古書裡記載的神秘物體<br/><br/> 長得很相像的寶可夢。<br/><br/> 過去只被目擊過２次。,鐵包袱,,B+,15.00,Base:5.0|Meta:0.0|Exp:3.0|Func:5.0|Syn:0.0|Eff:0.0|Dmg:2.0|Mod:1.00,切換效果,無
鐵包袱,基礎,12107,https://asia.pokemon-card.com/hk/card-img/hk00012107.png,寶可夢,100,Water,,,瞬風衝激,"Water,Water,Colorless",200-,減少對手的戰鬥寶可夢【撤退】所需的能量的數量×50點傷害。,,,,,,Lightning,,,1,31,normal,H,擴充包「超電突圍」,SV8,rika,與古書裡記載的神秘物體<br/><br/>長得很相像的寶可夢。<br/><br/>過去只被目擊過２次。,鐵包袱,,B,12.00,Base:5.0|Meta:0.0|Exp:3.0|Func:4.0|Syn:0.0|Eff:0.0|Dmg:0.0|Mod:1.00,"備戰傷害加成, 撤退干擾",撤退效果
沙河馬,基礎,12416,https://asia.pokemon-card.com/hk/card-img/hk00012416.png,寶可夢,90,Fighting,,,推倒,Fighting,10,‌將對手的戰鬥寶可夢與備戰寶可夢互換。[由對手選擇放置於戰鬥場的寶可夢。],,,,,,Grass,,,3,176,promo,H,特典卡 朱&紫,SV,Minahamu,透過用沙子覆蓋全身，<br/>使自己免於細菌侵害。<br/>會在沙漠的沙子裡移動。,沙河馬 → 河馬獸,,B,12.00,Base:5.0|Meta:0.0|Exp:2.0|Func:5.0|Syn:0.0|Eff:0.0|Dmg:0.0|Mod:1.00,切換效果,無
沙河馬,基礎,12674,https://asia.pokemon-card.com/hk/card-img/hk00012674.png,寶可夢,90,Fighting,,,撞擊,"Colorless,Colorless,Colorless",70,,,,,,,Grass,,,3,66,normal,H,雙ex初階牌組 Generations,SVM,HYOGONOSUKE,透過用沙子覆蓋全身，<br/>使自己免於細菌侵害。<br/>會在沙漠的沙子裡移動。,沙河馬 → 河馬獸,,C+,9.00,Base:5.0|Meta:0.0|Exp:2.0|Func:0.0|Syn:0.0|Eff:0.0|Dmg:2.0|Mod:1.00,無,無
河馬獸,1階進化,12417,https://asia.pokemon-card.com/hk/card-img/hk00012417.png,寶可夢,160,Fighting,,,衝撞,"Fighting,Fighting",60,,大沙風暴,"Fighting,Fighting,Colorless",150,雙方的所有身上放置有傷害指示物的備戰寶可夢也各受到40點傷害。[在備戰區不計算弱點・抵抗力。],,Grass,,,4,177,promo,H,特典卡 朱&紫,SV,Minahamu,會把嘴巴張得大大的<br/>來炫耀自己的強大。<br/>捲起大量的沙子進行攻擊。,沙河馬 → 河馬獸,,B,13.00,Base:5.0|Meta:0.0|Exp:2.0|Func:1.0|Syn:0.0|Eff:0.0|Dmg:5.0|Mod:1.00,"傷害指示物, 連鎖傷害",放置效果
夜間學院,,11515,https://asia.pokemon-card.com/hk/card-img/hk00011515.png,競技場卡,,,,,,,,雙方玩家在每個自己的回合時，可使用1次，可選擇1張自己的手牌，放回牌庫上方。,,,,,,,,,,64,normal,H,強化擴充包「黑夜漫遊者」,SV6a,AYUMI ODASHIMA,,,,C+,9.00,Base:6.0|Meta:0.0|Exp:3.0|Func:0.0|Syn:0.0|Eff:0.0|Dmg:0.0|Mod:1.00,搜索效果,無
噴射能量,,12420,https://asia.pokemon-card.com/hk/card-img/hk00012420.png,特殊能量卡,,,,,,,,只要這張卡附於寶可夢身上，視為提供1個【無】能量。<br/><br/>從手牌將這張卡附於備戰寶可夢身上時，將附有這張卡的寶可夢與戰鬥寶可夢互換。,,,,,,,,,,180,promo,G,特典卡 朱&紫,SV,,,,,B,12.00,Base:5.0|Meta:0.0|Exp:2.0|Func:5.0|Syn:0.0|Eff:0.0|Dmg:0.0|Mod:1.00,"切換效果, 特殊能量",無
大比鳥ex,2階進化,13123,https://asia.pokemon-card.com/hk/card-img/hk00013123.png,寶可夢,280,Colorless,音速搜索,在自己的回合時可使用1次。從自己的牌庫任意選擇1張卡加入手牌。並且重洗牌庫。在這個回合，若已經使出了其他的「音速搜索」，則這個特性無法使用。,狂風呼嘯,"Colorless,Colorless",120,若希望，將場上的競技場卡丟棄。,[ex規則],,,寶可夢【ex】【昏厥】時，對手獲得2張獎賞卡。,,Lightning,,Fighting,0,183,promo,G,特典卡 朱&紫,SV,takuyoa,,波波 → 比比鳥 → 大比鳥 → 大比鳥ex,ex,A,19.00,Base:5.0|Meta:0.0|Exp:2.0|Func:4.0|Syn:4.0|Eff:0.0|Dmg:4.0|Mod:1.00,"抽卡效果, 招式鎖定, 搜索效果, 獎賞控制","特性效果, 競技場效果"
夜間擔架,,14455,https://asia.pokemon-card.com/hk/card-img/hk00014455.png,物品卡,,,,,,,,從自己的棄牌區選擇1張寶可夢卡或者基本能量卡，在給對手看過後加入手牌。,,,,,,,,,,83,high,I,擴充包「超級勇氣」,M1L,Toyste Beach,,,,B,11.00,Base:7.0|Meta:0.0|Exp:-1.0|Func:5.0|Syn:0.0|Eff:0.0|Dmg:0.0|Mod:1.00,搜索效果,無
皮卡丘ex,基礎,12792,https://asia.pokemon-card.com/hk/card-img/hk00012792.png,寶可夢,200,Lightning,‌‌勤奮之心,‌這隻寶可夢的HP是全滿的狀態下，這隻寶可夢受到招式的傷害而【昏厥】時，這隻寶可夢不會【昏厥】，而是以剩餘HP為「10」的狀態留在場上。,黃玉伏特,"Grass,Lightning,Metal",300,選擇3個這隻寶可夢身上附加的能量，將其丟棄。,,,,,,Fighting,,,1,185,promo,H,特典卡 朱&紫,SV,aky CG Works,,皮卡丘ex,"太晶,ex",A,19.00,Base:5.0|Meta:0.0|Exp:2.0|Func:4.0|Syn:0.0|Eff:0.0|Dmg:8.0|Mod:1.00,能量操作,狀態免疫
皮卡丘ex,基礎,8833,https://asia.pokemon-card.com/hk/card-img/hk00008833.png,寶可夢,190,Lightning,,,皮卡拳,Colorless,30,,極限伏特,"Lightning,Lightning,Colorless",220,擲1次硬幣若為反面，則將這隻寶可夢身上附加的能量全部丟棄。,,Fighting,,,0,1,normal,G,起始組合ex 皮卡丘特別組合,SVC,N-DESIGN Inc.,,皮卡丘ex,ex,A+,20.00,Base:5.0|Meta:0.0|Exp:2.0|Func:3.0|Syn:4.0|Eff:0.0|Dmg:6.0|Mod:1.00,"硬幣判定, 能量操作",無
破空焰,基礎,12794,https://asia.pokemon-card.com/hk/card-img/hk00012794.png,寶可夢,130,Fire,,,撞倒,Fire,30,,爆燃突擊,"Fire,Fire,Colorless",100+,若對手剩餘獎賞卡的張數為4張以下，則增加70點傷害。,,Water,,,2,187,promo,H,特典卡 朱&紫,SV,Hasuno,目擊報告極為稀少。<br/><br/>有將牠噴出火柱大鬧的<br/><br/>樣子拍攝下來的短片。,破空焰,,B+,16.00,Base:5.0|Meta:0.0|Exp:2.0|Func:2.0|Syn:2.0|Eff:0.0|Dmg:5.0|Mod:1.00,"條件傷害, 獎賞控制",無
刺龍王ex,2階進化,12795,https://asia.pokemon-card.com/hk/card-img/hk00012795.png,寶可夢,310,Water,,,王之號召,Water,,從自己的棄牌區選擇最多3張【水】寶可夢卡，放置於備戰區。,水炮,"Colorless,Colorless",50+,增加這隻寶可夢身上附加的【水】能量的數量×50點傷害。,,Lightning,,,1,188,promo,H,特典卡 朱&紫,SV,akagi,,墨海馬 → 海刺龍 → 刺龍王 → 刺龍王GX → 刺龍王ex,ex,B+,14.00,Base:5.0|Meta:0.0|Exp:2.0|Func:4.0|Syn:0.0|Eff:0.0|Dmg:3.0|Mod:1.00,"備戰傷害加成, 搜索效果, 能量操作",放置效果
甲賀忍蛙ex,2階進化,12796,https://asia.pokemon-card.com/hk/card-img/hk00012796.png,寶可夢,300,Water,,,隱密手裏劍,Colorless,,對手的1隻寶可夢受到40點傷害。[在備戰區不計算弱點・抵抗力。],激流斬,"Water,Water",120+,若對手的戰鬥寶可夢身上放置有傷害指示物，則增加120點傷害。,,Lightning,,,1,189,promo,G,特典卡 朱&紫,SV,SIE NANAHARA,,呱呱泡蛙 → 呱頭蛙 → 甲賀忍蛙GX → 甲賀忍蛙 → 甲賀忍蛙ex,ex,A,17.00,Base:5.0|Meta:0.0|Exp:2.0|Func:3.0|Syn:2.0|Eff:0.0|Dmg:5.0|Mod:1.00,"傷害指示物, 條件傷害, 連鎖傷害",無
甲賀忍蛙ex,2階進化,11162,https://asia.pokemon-card.com/hk/card-img/hk00011162.png,寶可夢,310,Fighting,,,忍之利刃,Water,170,若希望，從自己的牌庫任意選擇1張卡加入手牌。並且重洗牌庫。,分身連打,"Water,Colorless,Colorless",,將2個這隻寶可夢身上附加的能量丟棄，對手的2隻寶可夢各受到120點傷害。[在備戰區不計算弱點・抵抗力。],,Psychic,,,1,45,normal,H,強化擴充包「緋紅薄霧」,SV5a,5ban Graphics,,呱呱泡蛙 → 呱頭蛙 → 甲賀忍蛙GX → 甲賀忍蛙 → 甲賀忍蛙ex,"太晶,ex",A+,22.00,Base:5.0|Meta:0.0|Exp:2.0|Func:8.0|Syn:2.0|Eff:0.0|Dmg:5.0|Mod:1.00,"抽卡效果, 搜索效果, 能量操作, 連鎖傷害",丟棄效果
甲賀忍蛙ex,2階進化,12202,https://asia.pokemon-card.com/hk/card-img/hk00012202.png,寶可夢,300,Water,,,變幻手裏劍,"Water,Colorless",100+,擲1次硬幣若為正面，則增加100點傷害。,,,,,,Lightning,,,2,17,normal,H,Trianers Camp,SVI,5ban Graphics,,呱呱泡蛙 → 呱頭蛙 → 甲賀忍蛙GX → 甲賀忍蛙 → 甲賀忍蛙ex,ex,B+,14.00,Base:5.0|Meta:0.0|Exp:2.0|Func:0.0|Syn:2.0|Eff:0.0|Dmg:5.0|Mod:1.00,"條件傷害, 硬幣判定",無
古劍豹,基礎,12797,https://asia.pokemon-card.com/hk/card-img/hk00012797.png,寶可夢,120,Water,‌‌沉雪,在自己的回合，從手牌將這張卡放置於備戰區時，可使用1次。將場上的競技場卡丟棄。,冰柱閉環,"Water,Water,Colorless",120,選擇1個這隻寶可夢身上附加的能量，放回手牌。,,,,,,Metal,,,1,190,promo,H,特典卡 朱&紫,SV,toi8,遙遠過去喪命於劍下者<br/> 的憎恨之情纏繞在雪上，<br/> 變成了寶可夢。,古劍豹,,B+,15.00,Base:5.0|Meta:0.0|Exp:2.0|Func:4.0|Syn:0.0|Eff:0.0|Dmg:4.0|Mod:1.00,能量操作,"放置效果, 競技場效果"
古劍豹,基礎,10045,https://asia.pokemon-card.com/hk/card-img/hk00010045.png,寶可夢,120,Water,,,雪之到來,Water,,從自己的棄牌區選擇最多2張「基本【水】能量」卡，附於自己的1隻寶可夢身上。,氣忿利刃,"Water,Water,Colorless",130,選擇2個這隻寶可夢身上附加的能量，將其丟棄。,,Metal,,,1,21,normal,G,擴充包「未來閃光」,SV4M,Anesaki Dynamic,遙遠過去喪命於劍下者的憎恨之情纏繞在雪上，變成了寶可夢。,古劍豹,,B+,14.00,Base:5.0|Meta:0.0|Exp:2.0|Func:3.0|Syn:0.0|Eff:0.0|Dmg:4.0|Mod:1.00,"搜索效果, 能量操作",無
愛管侍,基礎,12799,https://asia.pokemon-card.com/hk/card-img/hk00012799.png,寶可夢,100,Psychic,悉心治癒,在自己的回合，從手牌將這張卡放置於備戰區時，可使用1次。將自己的戰鬥寶可夢恢復「30」HP，特殊狀態也恢復1個。,超念力,"Psychic,Colorless",50,,,,,,,Darkness,,Fighting,1,192,promo,H,特典卡 朱&紫,SV,buchi,時時刻刻都待在訓練家身邊。<br/>牠會以精神力量預知訓練家<br/>的行動，以照料其日常起居。,愛管侍,,B,11.00,Base:5.0|Meta:0.0|Exp:2.0|Func:3.0|Syn:0.0|Eff:0.0|Dmg:1.0|Mod:1.00,"回復效果, 狀態恢復",放置效果
愛管侍,基礎,8433,https://asia.pokemon-card.com/hk/card-img/hk00008433.png,寶可夢,90,Colorless,,,育兒高手,Colorless,,從自己的牌庫選擇1張自己的1隻場上寶可夢進化而來的卡，放置於那隻寶可夢身上完成進化。並且重洗牌庫。,催眠波動,"Colorless,Colorless",30,將對手的戰鬥寶可夢【睡眠】。,,Fighting,,,1,63,normal,G,擴充包「紫ex」,SV1V,Kagemaru Himeno,為了尋求喜悅和感謝等快樂的心情，會殷勤地<br/>到處找人和寶可夢來照顧。,愛管侍,,A+,20.00,Base:5.0|Meta:0.0|Exp:2.0|Func:10.0|Syn:2.0|Eff:0.0|Dmg:1.0|Mod:1.00,"搜索效果, 狀態異常, 進化支援",放置效果
<赫普的>啪嚓海膽ex,基礎,13105,https://asia.pokemon-card.com/hk/card-img/hk00013105.png,寶可夢,200,Lightning,‌反擊針,這隻寶可夢在戰鬥場受到對手的寶可夢招式的傷害時，在使用招式的寶可夢身上放置3個傷害指示物。,扣殺閃電,"Lightning,Lightning,Colorless",120,從自己的牌庫抽出2張卡。,,,,,,Fighting,,,2,208,promo,I,特典卡 朱&紫,SV,5ban Graphics,,<赫普的>啪嚓海膽ex,ex,B+,16.00,Base:5.0|Meta:0.0|Exp:2.0|Func:5.0|Syn:0.0|Eff:0.0|Dmg:4.0|Mod:1.00,"傷害指示物, 抽卡效果, 搜索效果",無
飄飄球,基礎,13106,https://asia.pokemon-card.com/hk/card-img/hk00013106.png,寶可夢,70,Psychic,,,拉扯,Psychic,,擲1次硬幣若為正面，則選擇1隻對手的備戰寶可夢，與戰鬥寶可夢互換。,,,,,,Darkness,,Fighting,1,209,promo,I,特典卡 朱&紫,SV,Shimaris Yukichi,據說有些因為誤認成氣球，<br/>而把牠拿在手上的小孩，<br/>會就此消失無蹤。,飄飄球 → 隨風球,,A,17.00,Base:5.0|Meta:0.0|Exp:2.0|Func:5.0|Syn:5.0|Eff:0.0|Dmg:0.0|Mod:1.00,"切換效果, 硬幣判定",無
飄飄球,基礎,8321,https://asia.pokemon-card.com/hk/card-img/hk00008321.png,寶可夢,70,Psychic,,,起風,"Colorless,Colorless",10,,氣球爆破,"Psychic,Psychic",30,造成這隻寶可夢身上放置的傷害指示物的數量×30點傷害。,,Darkness,,Fighting,1,29,normal,G,擴充包「朱ex」,SV1S,Taira Akitsu,據說有些因為誤認成氣球，而把牠拿在手上的小孩，<br/>會就此消失無蹤。,飄飄球 → 隨風球,,B,11.00,Base:5.0|Meta:0.0|Exp:2.0|Func:0.0|Syn:3.0|Eff:0.0|Dmg:1.0|Mod:1.00,"備戰傷害加成, 傷害指示物, 傷害效果",無
飄飄球,基礎,11831,https://asia.pokemon-card.com/hk/card-img/hk00011831.png,寶可夢,70,Psychic,,,膨脹,Psychic,10,在下個對手的回合，這隻寶可夢受到招式的傷害「-10」點。,,,,,,Darkness,,Fighting,1,40,normal,H,擴充包「星晶奇跡」,SV7,Miki Tanaka,漫無目的浮在空中的樣子，<br/>使牠在某些民間故事裡<br/>被相傳為迷途靈魂的路標。,飄飄球 → 隨風球,,B,13.00,Base:5.0|Meta:0.0|Exp:3.0|Func:2.0|Syn:3.0|Eff:0.0|Dmg:0.0|Mod:1.00,其他效果,無
隨風球,1階進化,13107,https://asia.pokemon-card.com/hk/card-img/hk00013107.png,寶可夢,110,Psychic,,,‌不祥之風,Psychic,,‌將對手的戰鬥寶可夢【混亂】。,氣球迴旋,"Psychic,Psychic",110,將這隻寶可夢與附加的卡，全部放回手牌。,,Darkness,,Fighting,1,210,promo,I,特典卡 朱&紫,SV,Shimaris Yukichi,會在體內製造氣體<br/>或是吐出氣體<br/>來調節飛在空中的高度。,飄飄球 → 隨風球,,A,18.00,Base:5.0|Meta:0.0|Exp:2.0|Func:3.0|Syn:5.0|Eff:0.0|Dmg:3.0|Mod:1.00,"其他效果, 狀態異常",無
隨風球,1階進化,8322,https://asia.pokemon-card.com/hk/card-img/hk00008322.png,寶可夢,110,Psychic,,,起風,"Colorless,Colorless",30,,散佈詛咒,"Psychic,Psychic,Psychic",,將8個傷害指示物以任意方式放置於對手的寶可夢身上。,,Darkness,,Fighting,1,30,normal,G,擴充包「朱ex」,SV1S,Yuu Nishida,會在體內製造氣體或是吐出氣體<br/>來調節飛在空中的高度。,飄飄球 → 隨風球,,B,13.00,Base:5.0|Meta:0.0|Exp:2.0|Func:2.0|Syn:3.0|Eff:0.0|Dmg:1.0|Mod:1.00,傷害指示物,無
隨風球,1階進化,11832,https://asia.pokemon-card.com/hk/card-img/hk00011832.png,寶可夢,130,Psychic,,,一同爆炸,Psychic,50×,造成自己的場上的「飄飄球」與「隨風球」的數量×50點傷害。自己的場上的所有「飄飄球」與「隨風球」也各受到30點傷害。[在備戰區不計算弱點・抵抗力。],,,,,,Darkness,,Fighting,2,41,normal,H,擴充包「星晶奇跡」,SV7,sowsow,會搬運人和寶可夢。<br/>但由於牠只能隨風漂流，<br/>因此無法自行決定目的地。,飄飄球 → 隨風球,,A,17.00,Base:5.0|Meta:0.0|Exp:3.0|Func:1.0|Syn:5.0|Eff:0.0|Dmg:3.0|Mod:1.00,"備戰傷害加成, 傷害效果, 連鎖傷害",無
奇異時鐘,,14323,https://asia.pokemon-card.com/hk/card-img/hk00014323.png,物品卡,,,,,,,,選擇1隻自己的進化的【超】寶可夢，移除任意數量的「進化卡」使其退化。將移除的卡放回手牌。[退化的寶可夢在那個回合無法進化。],,,,,,,,,,57,normal,I,擴充包「超級交響樂」,M1S,Toyste Beach,,,,C+,9.00,Base:7.0|Meta:0.0|Exp:-1.0|Func:3.0|Syn:0.0|Eff:0.0|Dmg:0.0|Mod:1.00,進化支援,無
奇跡耳麥,,12173,https://asia.pokemon-card.com/hk/card-img/hk00012173.png,物品卡,,,,,,,,從自己的棄牌區選擇最多2張支援者卡，在給對手看過後加入手牌。,,,,,,,,,,97,normal,H,擴充包「超電突圍」,SV8,inose yukie,,,,B,13.00,Base:7.0|Meta:0.0|Exp:3.0|Func:3.0|Syn:0.0|Eff:0.0|Dmg:0.0|Mod:1.00,搜索效果,無
卡比獸,基礎,12800,https://asia.pokemon-card.com/hk/card-img/hk00012800.png,寶可夢,150,Colorless,,,‌扣殺抽出,Colorless,20,從自己的牌庫抽出1張卡。,‌百萬噸重拳,"Colorless,Colorless,Colorless",100,,,Fighting,,,3,215,promo,H,特典卡 朱&紫,SV,Ounishi,胃裡的消化液能夠消化掉<br/>所有的毒。就算吃下掉在<br/>地上的東西也沒問題。,卡比獸,,B,13.00,Base:5.0|Meta:0.0|Exp:2.0|Func:3.0|Syn:0.0|Eff:0.0|Dmg:3.0|Mod:1.00,"抽卡效果, 搜索效果",無
卡比獸,基礎,9009,https://asia.pokemon-card.com/hk/card-img/hk00009009.png,寶可夢,150,Colorless,貪嘴,在自己的回合時可使用1次。從自己的棄牌區選擇最多2張「吃剩的東西」，在給對手看過後加入手牌。,養肥壓制,"Colorless,Colorless,Colorless",130,這隻寶可夢也受到30點傷害。,,,,,,Fighting,,,4,143,normal,G,強化擴充包「寶可夢卡牌151」,SV2a,HYOGONOSUKE,擁有一個結實的胃，即使吃了發霉腐爛的東西，<br/>也完全不會吃壞肚子。,卡比獸,,B+,14.00,Base:5.0|Meta:0.0|Exp:2.0|Func:3.0|Syn:0.0|Eff:0.0|Dmg:4.0|Mod:1.00,"反噬傷害, 搜索效果",無
卡比獸,基礎,11168,https://asia.pokemon-card.com/hk/card-img/hk00011168.png,寶可夢,160,Colorless,,,吃飽先,Colorless,,從自己的手牌選擇1張能量卡，附於這隻寶可夢身上。然後，將這隻寶可夢恢復「60」HP。,重磅衝擊,"Colorless,Colorless,Colorless,Colorless,Colorless",160,,,Fighting,,,4,51,normal,H,強化擴充包「緋紅薄霧」,SV5a,Souichirou Gunjima,胃裡的消化液能夠消化掉 所有的毒。就算吃下掉在<br/> 地上的東西也沒問題。,卡比獸,,B+,16.00,Base:5.0|Meta:0.0|Exp:2.0|Func:4.0|Syn:0.0|Eff:0.0|Dmg:5.0|Mod:1.00,"回復效果, 能量附著",無
卡比獸,基礎,12233,https://asia.pokemon-card.com/hk/card-img/hk00012233.png,寶可夢,160,Colorless,,,懶散壓制,"Colorless,Colorless,Colorless,Colorless",120,,,,,,,Fighting,,,3,46,normal,H,Trianers Camp,SVI,Po-Suzuki,每天不吃下４００公斤的食物<br/>絕不會善罷甘休。<br/>吃飽了就會開始睡覺。,卡比獸,,B,11.00,Base:5.0|Meta:0.0|Exp:2.0|Func:0.0|Syn:0.0|Eff:0.0|Dmg:4.0|Mod:1.00,無,無
可達鴨,基礎,13451,https://asia.pokemon-card.com/hk/card-img/hk00013451.png,寶可夢,70,Water,濕氣,只要這隻寶可夢在場上，雙方所有寶可夢的將自己【昏厥】的效果的特性，全部消除。,衝撞,"Colorless,Colorless",20,,,,,,,Lightning,,,1,220,promo,I,特典卡 朱&紫,SV,Jiro Sasumo,一直受到頭痛的困擾。<br/>當頭痛欲裂時，<br/>就會開始使用神奇的力量。,可達鴨 → 哥達鴨,,C,7.00,Base:5.0|Meta:0.0|Exp:2.0|Func:0.0|Syn:0.0|Eff:0.0|Dmg:0.0|Mod:1.00,無,特性效果
可達鴨,基礎,8920,https://asia.pokemon-card.com/hk/card-img/hk00008920.png,寶可夢,70,Water,,,過慮,Colorless,,在下個對手的回合，對手擲的硬幣全部視為反面。,水槍,Water,10,,,Lightning,,,1,54,normal,G,強化擴充包「寶可夢卡牌151」,SV2a,Taira Akitsu,一直受到頭痛的困擾。當頭痛欲裂時，<br/>就會開始使用神奇的力量。,可達鴨 → 哥達鴨,,B,11.00,Base:5.0|Meta:0.0|Exp:2.0|Func:2.0|Syn:2.0|Eff:0.0|Dmg:0.0|Mod:1.00,硬幣判定,無
哥達鴨,1階進化,13452,https://asia.pokemon-card.com/hk/card-img/hk00013452.png,寶可夢,120,Water,濕氣,只要這隻寶可夢在場上，雙方所有寶可夢的將自己【昏厥】的效果的特性，全部消除。,水炮,"Colorless,Colorless,Colorless",60+,增加這隻寶可夢身上附加的【水】能量的數量×20點傷害。,,,,,,Lightning,,,1,221,promo,I,特典卡 朱&紫,SV,Jiro Sasumo,當牠用帶有水蹼的<br/>修長手腳全力游泳時，<br/>不知為何額頭會閃閃發光。,可達鴨 → 哥達鴨,,B,13.00,Base:5.0|Meta:0.0|Exp:2.0|Func:3.0|Syn:0.0|Eff:0.0|Dmg:3.0|Mod:1.00,"備戰傷害加成, 能量操作",特性效果
哥達鴨,1階進化,8921,https://asia.pokemon-card.com/hk/card-img/hk00008921.png,寶可夢,110,Water,,,水難救助,Colorless,,從自己的棄牌區選擇最多4張寶可夢卡，在給對手看過後加入手牌。,超級飛濺,"Water,Water,Colorless",120,,,Lightning,,,1,55,normal,G,強化擴充包「寶可夢卡牌151」,SV2a,Taira Akitsu,當牠用帶有水蹼的修長手腳全力游泳時，<br/>不知為何額頭會閃閃發光。,可達鴨 → 哥達鴨,,B+,14.00,Base:5.0|Meta:0.0|Exp:2.0|Func:3.0|Syn:0.0|Eff:0.0|Dmg:4.0|Mod:1.00,搜索效果,無
大力鱷,1階進化,13453,https://asia.pokemon-card.com/hk/card-img/hk00013453.png,寶可夢,180,Water,,,深處潛水,"Water,Water,Water,Colorless",140,擲1次硬幣若為正面，則在下個對手的回合，這隻寶可夢不會受到招式的傷害與效果的影響。,,,,,,Lightning,,,3,222,promo,I,特典卡 朱&紫,SV,Acorviart,會用大而有力的雙顎<br/>咬住對手然後甩動脖子，<br/>將對手撕成碎片。,小鋸鱷 → 藍鱷 → 大力鱷,,B+,15.00,Base:5.0|Meta:0.0|Exp:2.0|Func:2.0|Syn:2.0|Eff:0.0|Dmg:4.0|Mod:1.00,"傷害防禦, 效果免疫, 硬幣判定",無
大力鱷,2階進化,10812,https://asia.pokemon-card.com/hk/card-img/hk00010812.png,寶可夢,180,Water,奔流之心,在自己的回合時可使用1次。在這隻寶可夢身上放置5個傷害指示物。這個情況下，在這個回合，這隻寶可夢使用的招式，對對手的戰鬥寶可夢造成的傷害「+120」點。,駭浪,"Water,Water",160,在下個自己的回合，這隻寶可夢無法使用「駭浪」。,,,,,,Lightning,,,3,15,normal,H,擴充包「狂野之力」,SV5K,GOSSAN,雖然平時動作慢吞吞的，但在撲咬獵物的時候，<br/>速度卻快到無法看清。,小鋸鱷 → 藍鱷 → 大力鱷,,B+,14.00,Base:5.0|Meta:0.0|Exp:2.0|Func:2.0|Syn:0.0|Eff:0.0|Dmg:5.0|Mod:1.00,"傷害指示物, 傷害效果, 招式鎖定",無
顫弦蠑螈ex,1階進化,13455,https://asia.pokemon-card.com/hk/card-img/hk00013455.png,寶可夢,260,Lightning,,,刷弦閃電,"Lightning,Lightning,Colorless",240,選擇2個這隻寶可夢身上附加的能量，將其丟棄。,,,,,,Fighting,,,2,224,promo,I,特典卡 朱&紫,SV,Anderson,,毒電嬰 → 顫弦蠑螈 → 顫弦蠑螈ex,ex,B+,16.00,Base:5.0|Meta:0.0|Exp:2.0|Func:3.0|Syn:0.0|Eff:0.0|Dmg:6.0|Mod:1.00,能量操作,無
顫弦蠑螈ex,1階進化,10064,https://asia.pokemon-card.com/hk/card-img/hk00010064.png,寶可夢,260,Fighting,,,敲擊之錘,"Lightning,Lightning",70,將對手的牌庫上方1張卡丟棄。,蓋亞龐克,"Lightning,Lightning,Lightning",270,選擇3個自己的場上寶可夢身上附加的【雷】能量，將其丟棄。,,Grass,,,2,40,normal,G,擴充包「未來閃光」,SV4M,5ban Graphics,,毒電嬰 → 顫弦蠑螈 → 顫弦蠑螈ex,"太晶,ex",A+,20.00,Base:5.0|Meta:0.0|Exp:2.0|Func:5.0|Syn:2.0|Eff:0.0|Dmg:6.0|Mod:1.00,能量操作,丟棄效果
振翼髮,基礎,13456,https://asia.pokemon-card.com/hk/card-img/hk00013456.png,寶可夢,90,Psychic,暗夜羽擊,只要這隻寶可夢在戰鬥場上，對手的戰鬥寶可夢的特性（「暗夜羽擊」除外）全部消除。,飛來橫禍,"Colorless,Colorless,Colorless",90,將2個傷害指示物以任意方式放置於對手的備戰寶可夢身上。,,,,,,Metal,,,1,225,promo,H,特典卡 朱&紫,SV,kodama,與某本書裡記載的一種<br/>叫做振翼髮的生物有著<br/>相似特徵的寶可夢。,振翼髮,,B,13.00,Base:5.0|Meta:0.0|Exp:2.0|Func:3.0|Syn:0.0|Eff:0.0|Dmg:3.0|Mod:1.00,傷害指示物,特性效果
振翼髮,基礎,12135,https://asia.pokemon-card.com/hk/card-img/hk00012135.png,寶可夢,90,Psychic,,,蠱惑挪移,"Colorless,Colorless",,選擇1隻自己的備戰區的「古代」寶可夢，將所選的寶可夢身上放置的傷害指示物，全部改放於對手的戰鬥寶可夢身上。,月亮之力,"Psychic,Psychic",70,在下個對手的回合，受到這個招式的寶可夢使用招式的傷害「-30」點。,,Metal,,,1,59,normal,H,擴充包「超電突圍」,SV8,Ebila,與某本書裡記載的一種<br/><br/>叫做振翼髮的生物有著<br/><br/>相似特徵的寶可夢。,振翼髮,,B+,15.00,Base:5.0|Meta:0.0|Exp:3.0|Func:3.0|Syn:2.0|Eff:0.0|Dmg:2.0|Mod:1.00,"傷害指示物, 其他效果",放置效果
<火箭隊的>袋獸ex,基礎,13457,https://asia.pokemon-card.com/hk/card-img/hk00013457.png,寶可夢,230,Colorless,,,連續拳,"Colorless,Colorless",30×,擲4次硬幣，造成正面出現的次數×30點傷害。,惡棍衝擊,"Colorless,Colorless,Colorless",120+,在這個回合，若從手牌使出了名稱中有「火箭隊」的支援者卡，則增加100點傷害。,,Fighting,,,2,226,promo,I,特典卡 朱&紫,SV,5ban Graphics,,<火箭隊的>袋獸ex,ex,B+,14.00,Base:5.0|Meta:0.0|Exp:2.0|Func:0.0|Syn:2.0|Eff:0.0|Dmg:5.0|Mod:1.00,"傷害效果, 條件傷害, 硬幣判定",無
火箭隊的催眠裝置,,13459,https://asia.pokemon-card.com/hk/card-img/hk00013459.png,寶可夢道具,,,,,,,,附有這張卡的「火箭隊的寶可夢」在戰鬥場受到對手的寶可夢招式的傷害時，將使用招式的寶可夢【睡眠】。,,,,,,,,,,228,promo,I,特典卡 朱&紫,SV,Toyste Beach,,,,C+,10.00,Base:6.0|Meta:0.0|Exp:2.0|Func:2.0|Syn:0.0|Eff:0.0|Dmg:0.0|Mod:1.00,狀態異常,無
奇跡修正檔,,14375,https://asia.pokemon-card.com/hk/card-img/hk00014375.png,物品卡,,,,,,,,從自己的棄牌區選擇1張「基本【超】能量」卡，附於備戰區的【超】寶可夢身上。,,,,,,,,,,17,normal,I,挑戰牌組 「超級蒂安希ex」,MBD,Studio Bora Inc.,,,,C+,9.00,Base:7.0|Meta:0.0|Exp:-1.0|Func:3.0|Syn:0.0|Eff:0.0|Dmg:0.0|Mod:1.00,搜索效果,無
比克提尼,基礎,13800,https://asia.pokemon-card.com/hk/card-img/hk00013800.png,寶可夢,80,Fire,,,V戰力,"Fire,Fire",120,若自己的備戰寶可夢為4隻以下，則這個招式失敗。,,,,,,Water,,,1,265,promo,I,特典卡 朱&紫,SV,5ban Graphics,帶來勝利的寶可夢。<br/> 據說帶著比克提尼的訓練家，<br/> 不論任何比賽必能取得勝利。,比克提尼,,B+,14.00,Base:5.0|Meta:0.0|Exp:2.0|Func:1.0|Syn:2.0|Eff:0.0|Dmg:4.0|Mod:1.00,條件失敗,無
比克提尼,基礎,10887,https://asia.pokemon-card.com/hk/card-img/hk00010887.png,寶可夢,80,Fire,,,啪噠啪噠,Colorless,,將自己的手牌全部放回牌庫並重洗。然後，從牌庫抽出6張卡。,燒落,Fire,30,選擇1個對手的戰鬥寶可夢身上附加的特殊能量，將其丟棄。,,Water,,,1,19,normal,H,擴充包「異度審判」,SV5M,Shibuzoh.,帶來勝利的寶可夢。據說帶著比克提尼的訓練家，<br/>不論任何比賽必能取得勝利。,比克提尼,,A,19.00,Base:5.0|Meta:0.0|Exp:2.0|Func:9.0|Syn:2.0|Eff:0.0|Dmg:1.0|Mod:1.00,"搜索效果, 牌庫重洗, 能量操作","丟棄效果, 大量抽卡"
比克提尼,基礎,12088,https://asia.pokemon-card.com/hk/card-img/hk00012088.png,寶可夢,70,Fire,勝利聲援,只要這隻寶可夢在場上，自己的【火】屬性的進化寶可夢使用的招式，對對手的戰鬥寶可夢造成的傷害「+10」點。,火焰,"Fire,Colorless",30,,,,,,,Water,,,1,12,normal,H,擴充包「超電突圍」,SV8,313,帶來勝利的寶可夢。<br/>據說帶著比克提尼的訓練家，<br/>不論任何比賽必能取得勝利。,比克提尼,,B+,14.00,Base:5.0|Meta:0.0|Exp:3.0|Func:5.0|Syn:0.0|Eff:0.0|Dmg:1.0|Mod:1.00,"傷害效果, 進化支援",無
奇樹,,11393,https://asia.pokemon-card.com/hk/card-img/hk00011393.png,支援者卡,,,,,,,,雙方玩家各將自己的手牌全部翻回反面並重洗，放回牌庫下方。然後，各從牌庫抽出與自己剩餘獎賞卡的張數相同數量的卡。,,,,,,,,,,106,promo,G,特典卡 朱&紫,SV,Sanosuke Sakuma,,,,B+,16.00,Base:8.0|Meta:0.0|Exp:2.0|Func:4.0|Syn:2.0|Eff:0.0|Dmg:0.0|Mod:1.00,"抽卡效果, 搜索效果, 獎賞控制",無
奈奈美的幫助,,9029,https://asia.pokemon-card.com/hk/card-img/hk00009029.png,支援者卡,,,,,,,,從自己的牌庫抽出2張卡。在看過所有反面朝上的自己的獎賞卡的正面後，回復原樣。,[寶可夢道具的規則],,,在自己的回合時，支援者卡只可使用1張。,,,,,,163,normal,G,強化擴充包「寶可夢卡牌151」,SV2a,Tomomi Kaneko,,,,B,13.00,Base:8.0|Meta:0.0|Exp:2.0|Func:3.0|Syn:0.0|Eff:0.0|Dmg:0.0|Mod:1.00,"抽卡效果, 搜索效果, 獎賞控制",無
奈奈美的幫助[支援者],,9064,https://asia.pokemon-card.com/hk/card-img/hk00009064.png,支援者卡,,,,,,,,從自己的牌庫抽出2張卡。在看過所有反面朝上的自己的獎賞卡的正面後，回復原樣。,,,,在自己的回合時，支援者卡只可使用1張。,,,,,,198,high,G,強化擴充包「寶可夢卡牌151」,SV2a,Fumie Kittaka,,,,B,13.00,Base:8.0|Meta:0.0|Exp:2.0|Func:3.0|Syn:0.0|Eff:0.0|Dmg:0.0|Mod:1.00,"抽卡效果, 搜索效果, 獎賞控制",無
妮莫,,8536,https://asia.pokemon-card.com/hk/card-img/hk00008536.png,支援者卡,,,,,,,,從自己的牌庫抽出3張卡。,,,,在自己的回合時，支援者卡只可使用1張。,,,,,,15,promo,G,特典卡 朱&紫,SV,Sanosuke Sakuma,,,,B,13.00,Base:8.0|Meta:0.0|Exp:2.0|Func:3.0|Syn:0.0|Eff:0.0|Dmg:0.0|Mod:1.00,"抽卡效果, 搜索效果",無
蘑蘑菇,基礎,13354,https://asia.pokemon-card.com/hk/card-img/hk00013354.png,寶可夢,60,Grass,,,滾動衝撞,"Colorless,Colorless",30,,,,,,,Fire,,,1,2,normal,I,擴充包「火箭隊的榮耀」,SV10,IKEDA Saki,喜歡潮濕的地方，白天會<br/>動也不動地待在森林的樹蔭下。<br/>會從頭上放出毒粉。,蘑蘑菇 → 斗笠菇,,C+,9.00,Base:5.0|Meta:0.0|Exp:3.0|Func:0.0|Syn:0.0|Eff:0.0|Dmg:1.0|Mod:1.00,無,無
蘑蘑菇,基礎,10874,https://asia.pokemon-card.com/hk/card-img/hk00010874.png,寶可夢,60,Grass,,,二連頭錘,Colorless,10×,擲2次硬幣，造成正面出現的次數×10點傷害。,種子炸彈,"Grass,Colorless",20,,,Fire,,,1,6,normal,H,擴充包「異度審判」,SV5M,Yoriyuki Ikegami,一察覺到危險，就會從頭頂散播出毒孢子<br/>來保護自身安全的寶可夢。,蘑蘑菇 → 斗笠菇,,C,8.00,Base:5.0|Meta:0.0|Exp:2.0|Func:0.0|Syn:0.0|Eff:0.0|Dmg:1.0|Mod:1.00,"傷害效果, 硬幣判定",無
蘑蘑菇,基礎,8472,https://asia.pokemon-card.com/hk/card-img/hk00008472.png,寶可夢,60,Grass,,,吸取,Grass,10,將這隻寶可夢恢復「10」HP。,,,,,,Fire,,,1,1,normal,G,起始組合ex 新葉喵&路卡利歐 ex,SVAM,kurumitsu,喜歡潮濕的地方，白天會動也不動地待在森林的樹蔭下。<br/>會從頭上放出毒粉。,蘑蘑菇 → 斗笠菇,,C+,9.00,Base:5.0|Meta:0.0|Exp:2.0|Func:2.0|Syn:0.0|Eff:0.0|Dmg:0.0|Mod:1.00,回復效果,無
斗笠菇,1階進化,13355,https://asia.pokemon-card.com/hk/card-img/hk00013355.png,寶可夢,120,Grass,,,傷害衝刺,"Colorless,Colorless",30+,擲硬幣直到出現反面，增加正面出現的次數×50點傷害。,超級吸取,"Grass,Colorless,Colorless",90,將這隻寶可夢恢復「30」HP。,,Fire,,,2,3,normal,I,擴充包「火箭隊的榮耀」,SV10,nisimono,會撒出毒孢子，然後再讓<br/>因吸入孢子而痛苦不堪的<br/>對手吃上一記重拳。,蘑蘑菇 → 斗笠菇,,B,13.00,Base:5.0|Meta:0.0|Exp:3.0|Func:2.0|Syn:0.0|Eff:0.0|Dmg:3.0|Mod:1.00,"回復效果, 硬幣判定",無
斗笠菇,1階進化,10875,https://asia.pokemon-card.com/hk/card-img/hk00010875.png,寶可夢,120,Grass,,,出拳,Colorless,30,,關節衝擊,"Grass,Colorless",120,在下個自己的回合，這隻寶可夢無法使用招式。,,Fire,,,1,7,normal,H,擴充包「異度審判」,SV5M,Taiga Kasai,尾巴上的種子是由毒孢子所構成的。會以肉眼無法<br/>看清的速度出拳打倒敵人。,蘑蘑菇 → 斗笠菇,,B,11.00,Base:5.0|Meta:0.0|Exp:2.0|Func:0.0|Syn:0.0|Eff:0.0|Dmg:4.0|Mod:1.00,"使用限制, 招式鎖定",無
切割洛托姆,基礎,13356,https://asia.pokemon-card.com/hk/card-img/hk00013356.png,寶可夢,70,Grass,,,割除利刃,Grass,20,將場上的競技場卡丟棄。,配件秀,"Colorless,Colorless",30×,造成自己的所有寶可夢身上附加的「寶可夢道具」卡的數量×30點傷害。,,Fire,,,1,4,normal,I,擴充包「火箭隊的榮耀」,SV10,Rianti Hidayat,成為洛托姆圖鑑<br/>誕生契機的其中一樣<br/>家電用品就是割草機。,切割洛托姆,,B,13.00,Base:5.0|Meta:0.0|Exp:3.0|Func:1.0|Syn:2.0|Eff:0.0|Dmg:2.0|Mod:1.00,"備戰傷害加成, 傷害效果",競技場效果
切割洛托姆,基礎,11797,https://asia.pokemon-card.com/hk/card-img/hk00011797.png,寶可夢,90,Grass,,,割除衝刺,Colorless,30,在造成傷害前，將對手的戰鬥寶可夢身上附加的「寶可夢道具」卡與「特殊能量」卡全部丟棄。,,,,,,Fire,,,1,6,normal,H,擴充包「星晶奇跡」,SV7,Amelicart,鑽進了割草機的樣子。<br/>砍倒花草後會耀武揚威，<br/>一副自信滿滿的樣子。,切割洛托姆,,B+,16.00,Base:5.0|Meta:0.0|Exp:3.0|Func:5.0|Syn:2.0|Eff:0.0|Dmg:1.0|Mod:1.00,"傷害效果, 能量操作",丟棄效果
偽螳草,基礎,13357,https://asia.pokemon-card.com/hk/card-img/hk00013357.png,寶可夢,60,Grass,,,切,Grass,20,,,,,,,Fire,,,1,5,normal,I,擴充包「火箭隊的榮耀」,SV10,mashu,極度厭惡睡午覺的時候<br/>遭到打擾。會用日光浴<br/>儲存的能量放射出光束。,偽螳草 → 蘭螳花 → 蘭螳花GX,,C,8.00,Base:5.0|Meta:0.0|Exp:3.0|Func:0.0|Syn:0.0|Eff:0.0|Dmg:0.0|Mod:1.00,無,無
蘭螳花,1階進化,13358,https://asia.pokemon-card.com/hk/card-img/hk00013358.png,寶可夢,120,Grass,,,飛葉快刀,Colorless,30,,花切舞,Grass,130,從自己的手牌將2張「基本【草】能量」卡丟棄。若無法丟棄2張卡，則這個招式失敗。,,Fire,,,1,6,normal,I,擴充包「火箭隊的榮耀」,SV10,Masako Tomii,會用甜甜花香吸引蟲寶可夢接近，<br/>然後趁著牠們誤以為自己是夥伴<br/>而掉以輕心時用鐮刀奪取性命。,偽螳草 → 蘭螳花 → 蘭螳花GX,,B+,16.00,Base:5.0|Meta:0.0|Exp:3.0|Func:2.0|Syn:2.0|Eff:0.0|Dmg:4.0|Mod:1.00,條件失敗,無
<火箭隊的>索偵蟲,基礎,13359,https://asia.pokemon-card.com/hk/card-img/hk00013359.png,寶可夢,60,Grass,,,搜索之眼,Colorless,,選擇1張對手的反面朝上的獎賞卡，查看那張卡的正面後，回復原樣。,,,,,,Fire,,,1,7,normal,I,擴充包「火箭隊的榮耀」,SV10,buchi,經常出現在田地裡的寶可夢。<br/> 會透過長在身體上的毛<br/> 來感應周圍發生的事。,<火箭隊的>索偵蟲,,B,11.00,Base:5.0|Meta:0.0|Exp:3.0|Func:3.0|Syn:0.0|Eff:0.0|Dmg:0.0|Mod:1.00,"情報收集, 獎賞控制",無
<火箭隊的>團珠蛛,基礎,13360,https://asia.pokemon-card.com/hk/card-img/hk00013360.png,寶可夢,50,Grass,,,猛撞,Grass,30,這隻寶可夢也受到10點傷害。,,,,,,Fire,,,1,8,normal,I,擴充包「火箭隊的榮耀」,SV10,Saboteri,包裹著身體的線球<br/>擁有足以把天敵飛天螳螂<br/>的鐮刀反彈回去的彈力。,<火箭隊的>團珠蛛,,C+,9.00,Base:5.0|Meta:0.0|Exp:3.0|Func:0.0|Syn:0.0|Eff:0.0|Dmg:1.0|Mod:1.00,反噬傷害,無
<火箭隊的>操陷蛛,1階進化,13361,https://asia.pokemon-card.com/hk/card-img/hk00013361.png,寶可夢,130,Grass,充能,在自己的回合時可使用1次。從自己的棄牌區選擇1張基本能量卡，附於這隻寶可夢身上。,火箭猛攻,"Grass,Colorless",30×,造成自己的場上「火箭隊的寶可夢」的數量×30點傷害。,,,,,,Fire,,,2,9,normal,I,擴充包「火箭隊的榮耀」,SV10,Taiga Kasai,用絲線吸附在樹枝或天花板上<br/>無聲無息地移動。會在自己<br/>被察覺到之前將獵物打倒。,<火箭隊的>操陷蛛,,B+,14.00,Base:5.0|Meta:0.0|Exp:3.0|Func:2.0|Syn:2.0|Eff:0.0|Dmg:2.0|Mod:1.00,"備戰傷害加成, 傷害效果, 搜索效果",無
奧利紐,1階進化,13363,https://asia.pokemon-card.com/hk/card-img/hk00013363.png,寶可夢,90,Grass,,,營養素,Grass,,將自己的1隻寶可夢恢復「40」HP。,撞擊,"Colorless,Colorless",40,,,Fire,,,1,11,normal,I,擴充包「火箭隊的榮耀」,SV10,Felicia Chen,會分享自己香氣新鮮、<br/>美味可口的油。自古以來<br/>就與人類共存，直到現在。,迷你芙 → 奧利紐 → 奧利瓦 → 奧利瓦ex,,B,11.00,Base:5.0|Meta:0.0|Exp:3.0|Func:2.0|Syn:0.0|Eff:0.0|Dmg:1.0|Mod:1.00,回復效果,無
奧利紐,1階進化,8299,https://asia.pokemon-card.com/hk/card-img/hk00008299.png,寶可夢,90,Grass,,,巴掌,Colorless,20,,潑油,"Grass,Colorless",40,在下個對手的回合，受到這個招式的寶可夢使用招式時，對手擲1次硬幣。若為反面，則那個招式失敗。,,Fire,,,1,7,normal,G,擴充包「朱ex」,SV1S,Mina Nakai,會分享自己香氣新鮮、美味可口的油。自古以來<br/>就與人類共存，直到現在。,迷你芙 → 奧利紐 → 奧利瓦 → 奧利瓦ex,,B,12.00,Base:5.0|Meta:0.0|Exp:2.0|Func:2.0|Syn:2.0|Eff:0.0|Dmg:1.0|Mod:1.00,"條件失敗, 硬幣判定",無
奧利紐,1階進化,9232,https://asia.pokemon-card.com/hk/card-img/hk00009232.png,寶可夢,80,Grass,,,太陽之風,Grass,30,將這隻寶可夢恢復「30」HP。,,,,,,Fire,,,1,10,normal,G,ex初階牌組,SVD,Mizue,會分享自己香氣新鮮、美味可口的油。自古以來<br/>就與人類共存，直到現在。,迷你芙 → 奧利紐 → 奧利瓦 → 奧利瓦ex,,C+,10.00,Base:5.0|Meta:0.0|Exp:2.0|Func:2.0|Syn:0.0|Eff:0.0|Dmg:1.0|Mod:1.00,回復效果,無
奧利瓦ex,2階進化,13364,https://asia.pokemon-card.com/hk/card-img/hk00013364.png,寶可夢,310,Grass,,,油之機關槍,Grass,,選擇6次對手的寶可夢，對所選的所有寶可夢不計算弱點・抵抗力，造成其選擇次數×20點傷害。（1隻可選擇2次以上。）,芳香射擊,"Colorless,Colorless,Colorless",160,將這隻寶可夢的特殊狀態全部恢復。,,Fire,,,2,12,normal,I,擴充包「火箭隊的榮耀」,SV10,PLANETA Tsuji,,迷你芙 → 奧利紐 → 奧利瓦 → 奧利瓦ex,ex,A,18.00,Base:5.0|Meta:0.0|Exp:3.0|Func:3.0|Syn:2.0|Eff:0.0|Dmg:5.0|Mod:1.00,"傷害效果, 無視弱點/效果, 狀態恢復",無
<火箭隊的>火焰鳥ex,基礎,13367,https://asia.pokemon-card.com/hk/card-img/hk00013367.png,寶可夢,220,Fire,,,火焰屏障,"Fire,Colorless,Colorless",110,在下個對手的回合，這隻寶可夢受到招式的傷害「-50」點。,邪惡灼燒,"Fire,Colorless,Colorless,Colorless",,選擇1張這隻寶可夢身上附加的「火箭隊能量」，將其丟棄。這個情況下，將對手的戰鬥寶可夢與附加的卡全部丟棄。,,Lightning,,Fighting,2,15,normal,I,擴充包「火箭隊的榮耀」,SV10,5ban Graphics,,<火箭隊的>火焰鳥ex,ex,A,18.00,Base:5.0|Meta:0.0|Exp:3.0|Func:5.0|Syn:2.0|Eff:0.0|Dmg:3.0|Mod:1.00,"其他效果, 能量操作",丟棄效果
<火箭隊的>戴魯比,基礎,13368,https://asia.pokemon-card.com/hk/card-img/hk00013368.png,寶可夢,70,Fire,,,吐火,Fire,20,,,,,,,Water,,,1,16,normal,I,擴充包「火箭隊的榮耀」,SV10,Krgc,擁有在狩獵的時候<br/>能使用各式各樣的叫聲<br/>來與夥伴溝通的智慧。,<火箭隊的>戴魯比,,C,8.00,Base:5.0|Meta:0.0|Exp:3.0|Func:0.0|Syn:0.0|Eff:0.0|Dmg:0.0|Mod:1.00,無,無
<火箭隊的>黑魯加,1階進化,13369,https://asia.pokemon-card.com/hk/card-img/hk00013369.png,寶可夢,130,Fire,,,惡之火種,Fire,,將對手的戰鬥寶可夢【灼傷】與【混亂】。,燃燒殆盡,"Fire,Colorless",120,選擇1個這隻寶可夢身上附加的能量，將其丟棄。,,Water,,,2,17,normal,I,擴充包「火箭隊的榮耀」,SV10,Anesaki Dynamic,要是被牠口中噴出的火焰灼傷，<br/>傷口的部分不管過了多久<br/>都依舊會感到疼痛。,<火箭隊的>黑魯加,,A,17.00,Base:5.0|Meta:0.0|Exp:3.0|Func:5.0|Syn:0.0|Eff:0.0|Dmg:4.0|Mod:1.00,"狀態異常, 簡單灼傷, 能量操作",無
火稚雞,基礎,13370,https://asia.pokemon-card.com/hk/card-img/hk00013370.png,寶可夢,70,Fire,,,呼喚,Colorless,,從自己的牌庫抽出1張卡。,烈焰,Fire,10,,,Water,,,1,18,normal,I,擴充包「火箭隊的榮耀」,SV10,Tika Matsuno,肚子裡有火袋。<br/>抱在懷裡暖烘烘的很溫暖。<br/>只要生命尚存火焰就會持續燃燒。,火稚雞 → 力壯雞 → 火焰雞 → 火焰雞GX → 火焰雞ex,,B,11.00,Base:5.0|Meta:0.0|Exp:3.0|Func:3.0|Syn:0.0|Eff:0.0|Dmg:0.0|Mod:1.00,"抽卡效果, 搜索效果",無
火稚雞,基礎,12622,https://asia.pokemon-card.com/hk/card-img/hk00012622.png,寶可夢,60,Fire,,,抓,"Fire,Colorless",30,,,,,,,Water,,,1,14,normal,H,雙ex初階牌組 Generations,SVM,OKACHEKE,肚子裡有燃燒著火焰的<br/>囊袋，抱在懷裡就像<br/>熱水袋一樣溫暖。,火稚雞 → 力壯雞 → 火焰雞 → 火焰雞GX → 火焰雞ex,,C,8.00,Base:5.0|Meta:0.0|Exp:2.0|Func:0.0|Syn:0.0|Eff:0.0|Dmg:1.0|Mod:1.00,無,無
力壯雞,1階進化,13371,https://asia.pokemon-card.com/hk/card-img/hk00013371.png,寶可夢,100,Fire,,,烈焰,Colorless,20,,二連踢,"Fire,Colorless",40×,擲2次硬幣，造成正面出現的次數×40點傷害。,,Water,,,2,19,normal,I,擴充包「火箭隊的榮耀」,SV10,yuu,會發出尖銳的叫聲<br/>來提高集中力。<br/>腿技極具破壞力。,火稚雞 → 力壯雞 → 火焰雞 → 火焰雞GX → 火焰雞ex,,B,12.00,Base:5.0|Meta:0.0|Exp:3.0|Func:0.0|Syn:0.0|Eff:0.0|Dmg:4.0|Mod:1.00,"傷害效果, 硬幣判定",無
火焰雞,2階進化,13372,https://asia.pokemon-card.com/hk/card-img/hk00013372.png,寶可夢,170,Fire,,,高溫爆破,"Colorless,Colorless",70,,業火連踢,"Fire,Fire,Colorless",120,將2個這隻寶可夢身上附加的能量丟棄，對手的1隻備戰寶可夢也受到120點傷害。[在備戰區不計算弱點・抵抗力。],,Water,,,2,20,normal,I,擴充包「火箭隊的榮耀」,SV10,Kazumasa Yasukuni,遇到強敵時會從手腕噴出火焰。<br/>有著能夠躍過大樓的腳力。,火稚雞 → 力壯雞 → 火焰雞 → 火焰雞GX → 火焰雞ex,,A,18.00,Base:5.0|Meta:0.0|Exp:3.0|Func:6.0|Syn:0.0|Eff:0.0|Dmg:4.0|Mod:1.00,"能量操作, 連鎖傷害",丟棄效果
加熱洛托姆,基礎,13373,https://asia.pokemon-card.com/hk/card-img/hk00013373.png,寶可夢,80,Fire,,,灼熱,Fire,,將對手的戰鬥寶可夢【灼傷】。,配件秀,"Colorless,Colorless",30×,造成自己的所有寶可夢身上附加的「寶可夢道具」卡的數量×30點傷害。,,Water,,,2,21,normal,I,擴充包「火箭隊的榮耀」,SV10,Dsuke,如果烤箱微波爐本身運轉不良，<br/>鑽進裡面的洛托姆<br/>也會變得無精打采。,加熱洛托姆,,B,13.00,Base:5.0|Meta:0.0|Exp:3.0|Func:3.0|Syn:0.0|Eff:0.0|Dmg:2.0|Mod:1.00,"備戰傷害加成, 傷害效果, 簡單灼傷",無
加熱洛托姆,基礎,9806,https://asia.pokemon-card.com/hk/card-img/hk00009806.png,寶可夢,90,Fire,,,熱力衝撞,"Fire,Fire",100,這隻寶可夢也受到40點傷害。,,,,,,Water,,,1,3,normal,G,起始組合 太晶 骨紋巨聲鱷ex,SVEL,Scav,如果烤箱微波爐本身運轉不良，鑽進裡面的洛托姆<br/>也會變得無精打采。,加熱洛托姆,,C+,10.00,Base:5.0|Meta:0.0|Exp:2.0|Func:0.0|Syn:0.0|Eff:0.0|Dmg:3.0|Mod:1.00,反噬傷害,無
<火箭隊的>急凍鳥,基礎,13374,https://asia.pokemon-card.com/hk/card-img/hk00013374.png,寶可夢,120,Water,抵抗之幕,只要這隻寶可夢在場上，自己的場上所有【基礎】寶可夢的「火箭隊的寶可夢」，不會受到對手的寶可夢使用招式的效果的影響。（已經受到的效果不會消除。）,暗黑冰霜,"Water,Colorless,Colorless",60+,若這隻寶可夢身上附有「火箭隊能量」，則增加60點傷害。,,,,,,Lightning,,Fighting,1,22,normal,I,擴充包「火箭隊的榮耀」,SV10,Mitsuhiro Arita,擁有能自在操縱冰的<br/>能力。據說是棲息在<br/>永凍之地的雪山中。,<火箭隊的>急凍鳥,,A,17.00,Base:5.0|Meta:0.0|Exp:3.0|Func:4.0|Syn:2.0|Eff:0.0|Dmg:3.0|Mod:1.00,"效果免疫, 條件傷害",無
珍珠貝,基礎,13375,https://asia.pokemon-card.com/hk/card-img/hk00013375.png,寶可夢,60,Water,,,硬殼壓制,Water,10,在下個對手的回合，這隻寶可夢受到招式的傷害「-10」點。,,,,,,Lightning,,,2,23,normal,I,擴充包「火箭隊的榮耀」,SV10,Miki Tanaka,珍珠貝的珍珠非常貴重，<br/><br/>據說價值是大舌貝<br/><br/>所產珍珠的１０倍以上。,珍珠貝 → 櫻花魚 → 獵斑魚,,C+,10.00,Base:5.0|Meta:0.0|Exp:3.0|Func:2.0|Syn:0.0|Eff:0.0|Dmg:0.0|Mod:1.00,其他效果,無
獵斑魚,1階進化,13376,https://asia.pokemon-card.com/hk/card-img/hk00013376.png,寶可夢,110,Water,潛者捕捉,每次當自己的【水】寶可夢受到對手的寶可夢招式的傷害而【昏厥】時，可使用1次。【昏厥】的寶可夢身上附加的「基本【水】能量」卡不丟棄，而是全部放回手牌。,飛濺,"Water,Colorless,Colorless",80,,,,,,,Lightning,,,1,24,normal,I,擴充包「火箭隊的榮耀」,SV10,Scav,棲息在深海中。傳說如果<br/><br/>有獵斑魚被沖上沙灘，<br/><br/>就會有不好的事發生。,珍珠貝 → 櫻花魚 → 獵斑魚,,B+,15.00,Base:5.0|Meta:0.0|Exp:3.0|Func:5.0|Syn:0.0|Eff:0.0|Dmg:2.0|Mod:1.00,"昏厥條件, 能量操作",丟棄效果
櫻花魚,1階進化,13377,https://asia.pokemon-card.com/hk/card-img/hk00013377.png,寶可夢,90,Water,,,漸強波,Water,30×,造成這隻寶可夢身上附加的【水】能量的數量×30點傷害。若希望，在造成傷害前，從自己的手牌選擇任意數量的「基本【水】能量」卡，附於這隻寶可夢身上。,,,,,,Lightning,,,1,25,normal,I,擴充包「火箭隊的榮耀」,SV10,Naoyo Kimura,會吸取獵物的體液。<br/><br/>剩下的肉會沉入海底，<br/><br/>成為其他寶可夢的食物。,珍珠貝 → 櫻花魚 → 獵斑魚,,A+,21.00,Base:5.0|Meta:0.0|Exp:3.0|Func:3.0|Syn:2.0|Eff:0.0|Dmg:8.0|Mod:1.00,"備戰傷害加成, 傷害效果, 條件傷害, 能量操作, 能量附著",無
暴雪王,1階進化,13379,https://asia.pokemon-card.com/hk/card-img/hk00013379.png,寶可夢,150,Water,,,撞倒,"Colorless,Colorless,Colorless",90,,結冰木,"Water,Water,Water,Colorless",120+,若這隻寶可夢身上附有2個以上【草】能量，則增加120點傷害。,,Metal,,,4,27,normal,I,擴充包「火箭隊的榮耀」,SV10,kamonabe,在萬年積雪的山脈<br/>靜靜生活。會引發<br/>暴風雪來隱藏自己。,雪笠怪 → 暴雪王,,A,17.00,Base:5.0|Meta:0.0|Exp:3.0|Func:2.0|Syn:2.0|Eff:0.0|Dmg:5.0|Mod:1.00,條件傷害,無
清洗洛托姆,基礎,13380,https://asia.pokemon-card.com/hk/card-img/hk00013380.png,寶可夢,80,Water,,,搓洗,Water,20,將自己的所有寶可夢各恢復「10」HP。,配件秀,"Colorless,Colorless",30×,造成自己的所有寶可夢身上附加的「寶可夢道具」卡的數量×30點傷害。,,Lightning,,,2,28,normal,I,擴充包「火箭隊的榮耀」,SV10,miki kudo,鑽進了洗衣機裡的樣子。<br/>會讓周圍都淹沒在水裡，<br/>然後一副滿足地點著頭。,清洗洛托姆,,B,13.00,Base:5.0|Meta:0.0|Exp:3.0|Func:3.0|Syn:0.0|Eff:0.0|Dmg:2.0|Mod:1.00,"備戰傷害加成, 傷害效果, 回復效果",無
刺梭魚,基礎,13381,https://asia.pokemon-card.com/hk/card-img/hk00013381.png,寶可夢,70,Water,,,突擊,Water,30,這隻寶可夢也受到10點傷害。,,,,,,Lightning,,,1,29,normal,I,擴充包「火箭隊的榮耀」,SV10,OKUBO,游泳只能游直線。因吃太飽<br/>而行動變得遲緩的個體<br/>會先遭到電海燕的群體襲擊。,刺梭魚 → 戽斗尖梭,,C+,9.00,Base:5.0|Meta:0.0|Exp:3.0|Func:0.0|Syn:0.0|Eff:0.0|Dmg:1.0|Mod:1.00,反噬傷害,無
戽斗尖梭,1階進化,13382,https://asia.pokemon-card.com/hk/card-img/hk00013382.png,寶可夢,130,Water,,,銳利鰭,Water,40,,潛水,"Water,Water",60,擲1次硬幣若為正面，則在下個對手的回合，這隻寶可夢不會受到招式的傷害與效果的影響。,,Lightning,,,1,30,normal,I,擴充包「火箭隊的榮耀」,SV10,Kyoko Umemoto,會旋轉尾鰭猛然跳起，<br/>然後以強勁的力道咬住<br/>飛在水面附近的長翅鷗。,刺梭魚 → 戽斗尖梭,,B+,14.00,Base:5.0|Meta:0.0|Exp:3.0|Func:2.0|Syn:2.0|Eff:0.0|Dmg:2.0|Mod:1.00,"傷害防禦, 效果免疫, 硬幣判定",無
走鯨,基礎,13383,https://asia.pokemon-card.com/hk/card-img/hk00013383.png,寶可夢,100,Water,,,重摑,"Water,Colorless",30,,冰霜粉碎,"Water,Water,Water,Colorless",80,,,Metal,,,3,31,normal,I,擴充包「火箭隊的榮耀」,SV10,sui,遠古時代自大海上岸後，<br/>就開始在陸地上生活。<br/>似乎與吼吼鯨是相近的物種。,走鯨 → 浩大鯨ex → 浩大鯨,,C+,10.00,Base:5.0|Meta:0.0|Exp:3.0|Func:0.0|Syn:0.0|Eff:0.0|Dmg:2.0|Mod:1.00,無,無
走鯨,基礎,8682,https://asia.pokemon-card.com/hk/card-img/hk00008682.png,寶可夢,90,Water,,,雪崩,"Water,Colorless",30,對手的所有備戰寶可夢也各受到10點傷害。<br/>[在備戰區不計算弱點・抵抗力。],,,,,,Metal,,,3,20,normal,G,擴充包「冰雪險境」,SV2P,Sekio,遠古時代自大海上岸後，就開始在陸地上生活。<br/>似乎與吼吼鯨是相近的物種。,走鯨 → 浩大鯨ex → 浩大鯨,,B,11.00,Base:5.0|Meta:0.0|Exp:2.0|Func:3.0|Syn:0.0|Eff:0.0|Dmg:1.0|Mod:1.00,連鎖傷害,無
走鯨,基礎,8683,https://asia.pokemon-card.com/hk/card-img/hk00008683.png,寶可夢,100,Water,,,睡覺,Colorless,,將這隻寶可夢【睡眠】。將這隻寶可夢恢復「60」HP。,捨身衝撞,"Water,Colorless",50,這隻寶可夢也受到10點傷害。,,Metal,,,3,21,normal,G,擴充包「冰雪險境」,SV2P,Saya Tsuruta,遠古時代自大海上岸後，就開始在陸地上生活。<br/>似乎與吼吼鯨是相近的物種。,走鯨 → 浩大鯨ex → 浩大鯨,,C+,10.00,Base:5.0|Meta:0.0|Exp:2.0|Func:2.0|Syn:0.0|Eff:0.0|Dmg:1.0|Mod:1.00,"反噬傷害, 回復效果, 狀態異常",無
走鯨,基礎,11942,https://asia.pokemon-card.com/hk/card-img/hk00011942.png,寶可夢,100,Water,,,吸取鰭,"Water,Colorless",20,將這隻寶可夢恢復「20」HP。,,,,,,Metal,,,3,16,normal,H,強化擴充包「樂園騰龍」,SV7a,Ayako Ozaki,在寒冷地帶會組成<br/>約５隻規模的群體來生活。<br/>喜歡雪或冰所含的礦物質。,走鯨 → 浩大鯨ex → 浩大鯨,,C+,10.00,Base:5.0|Meta:0.0|Exp:3.0|Func:2.0|Syn:0.0|Eff:0.0|Dmg:0.0|Mod:1.00,回復效果,無
浩大鯨ex,1階進化,13384,https://asia.pokemon-card.com/hk/card-img/hk00013384.png,寶可夢,300,Water,融合為雪,對手從手牌使出物品卡或者支援者卡時，這隻寶可夢不會受到那個效果的影響。,粉碎重壓,"Water,Water,Water,Colorless",140+,若希望，將場上的競技場卡丟棄。這個情況下，增加140點傷害。,,,,,,Metal,,,4,32,normal,I,擴充包「火箭隊的榮耀」,SV10,kawayoo,,走鯨 → 浩大鯨ex → 浩大鯨,ex,A,19.00,Base:5.0|Meta:0.0|Exp:3.0|Func:2.0|Syn:4.0|Eff:0.0|Dmg:5.0|Mod:1.00,"效果免疫, 條件傷害",競技場效果
<火箭隊的>閃電鳥,基礎,13385,https://asia.pokemon-card.com/hk/card-img/hk00013385.png,寶可夢,120,Lightning,,,阻礙之翼,"Colorless,Colorless",30,若希望，選擇1個對手的戰鬥寶可夢身上附加的能量，改附於對手的備戰寶可夢身上。,惡棍閃電,"Lightning,Colorless,Colorless",60+,若這隻寶可夢身上附有「火箭隊能量」，則增加60點傷害。,,Lightning,,Fighting,1,33,normal,I,擴充包「火箭隊的榮耀」,SV10,Nurikabe,傳說的鳥寶可夢。<br/>據說只要牠磨蹭翅膀，<br/>立刻就會有雷電劈下。,<火箭隊的>閃電鳥,,A+,21.00,Base:5.0|Meta:0.0|Exp:3.0|Func:8.0|Syn:2.0|Eff:0.0|Dmg:3.0|Mod:1.00,"條件傷害, 能量操作",無
<火箭隊的>咩利羊,基礎,13386,https://asia.pokemon-card.com/hk/card-img/hk00013386.png,寶可夢,60,Lightning,,,籌備,Colorless,,從自己的牌庫選擇1張物品卡，在給對手看過後加入手牌。並且重洗牌庫。,小伏特,Lightning,10,,,Fighting,,,1,34,normal,I,擴充包「火箭隊的榮耀」,SV10,Teeziro,身體裡只要儲存了靜電，<br/>體毛就會膨脹到平時的２倍左右。<br/>一旦觸摸就會被電得麻麻的。,<火箭隊的>咩利羊,,B,12.00,Base:5.0|Meta:0.0|Exp:3.0|Func:4.0|Syn:0.0|Eff:0.0|Dmg:0.0|Mod:1.00,"抽卡效果, 搜索效果",無
<火箭隊的>茸茸羊,1階進化,13387,https://asia.pokemon-card.com/hk/card-img/hk00013387.png,寶可夢,90,Lightning,,,電擊,"Lightning,Colorless",50,擲1次硬幣若為正面，則將對手的戰鬥寶可夢【麻痺】。,,,,,,Fighting,,,2,35,normal,I,擴充包「火箭隊的榮耀」,SV10,Jerky,儲存了過多電力的結果，<br/>造成牠身體表面有些部分<br/>連胎毛都長不出來。,<火箭隊的>茸茸羊,,B,13.00,Base:5.0|Meta:0.0|Exp:3.0|Func:2.0|Syn:2.0|Eff:0.0|Dmg:1.0|Mod:1.00,"狀態異常, 硬幣判定",無
<火箭隊的>電龍,2階進化,13388,https://asia.pokemon-card.com/hk/card-img/hk00013388.png,寶可夢,140,Lightning,黑暗脈衝,只要這隻寶可夢在場上，每次對手從手牌使出寶可夢完成進化時，在那隻寶可夢身上放置4個傷害指示物。無論有多少隻擁有這個特性的寶可夢，這個效果也不會重複。,伏特頭擊,"Lightning,Colorless,Colorless",140,,,,,,,Fighting,,,2,36,normal,I,擴充包「火箭隊的榮耀」,SV10,Shiburingaru,尾巴的亮光能傳得很遠，<br/>一直以來都被當成篝火，<br/>受到人們的重視。,<火箭隊的>電龍,,A+,21.00,Base:5.0|Meta:0.0|Exp:3.0|Func:9.0|Syn:0.0|Eff:0.0|Dmg:4.0|Mod:1.00,"傷害指示物, 進化支援","放置效果, 特性效果"
<火箭隊的>催眠貘,基礎,13389,https://asia.pokemon-card.com/hk/card-img/hk00013389.png,寶可夢,80,Psychic,,,催眠光線,Psychic,10,將對手的戰鬥寶可夢【睡眠】。,,,,,,Darkness,,Fighting,2,37,normal,I,擴充包「火箭隊的榮耀」,SV10,matazo,能記住所有自己吃下的夢。<br/>由於小孩的夢更加美味，<br/>因此幾乎不吃大人的夢。,<火箭隊的>催眠貘,,C+,10.00,Base:5.0|Meta:0.0|Exp:3.0|Func:2.0|Syn:0.0|Eff:0.0|Dmg:0.0|Mod:1.00,狀態異常,無
<火箭隊的>引夢貘人,1階進化,13390,https://asia.pokemon-card.com/hk/card-img/hk00013390.png,寶可夢,130,Psychic,,,精神射擊,Psychic,40,,備戰區操縱,"Psychic,Psychic,Psychic",80×,對手擲與對手自己的備戰寶可夢的數量相同次數的硬幣。對手的戰鬥寶可夢受到反面出現的次數×80點傷害。這個招式的傷害不計算弱點・抵抗力。,,Darkness,,Fighting,2,38,normal,I,擴充包「火箭隊的榮耀」,SV10,Yuya Oka,據說牠和對手對到眼時，<br/>就會使出催眠術等<br/>各式各樣的超能力。,<火箭隊的>引夢貘人,,A,17.00,Base:5.0|Meta:0.0|Exp:3.0|Func:3.0|Syn:0.0|Eff:0.0|Dmg:6.0|Mod:1.00,"備戰傷害加成, 無視弱點/效果, 硬幣判定",無
<火箭隊的>超夢ex,基礎,13391,https://asia.pokemon-card.com/hk/card-img/hk00013391.png,寶可夢,280,Psychic,力量抑制者,只有在自己的場上的「火箭隊的寶可夢」數量為4隻以上時，這隻寶可夢才可使用招式。,擦除球,"Psychic,Psychic,Colorless",160+,若希望，將最多2張自己的備戰寶可夢身上附加的能量卡丟棄，增加其張數×60點傷害。,,,,,,Darkness,,Fighting,3,39,normal,I,擴充包「火箭隊的榮耀」,SV10,aky CG Works,,<火箭隊的>超夢ex,ex,A+,20.00,Base:5.0|Meta:0.0|Exp:3.0|Func:4.0|Syn:2.0|Eff:0.0|Dmg:6.0|Mod:1.00,"條件傷害, 棄牌區傷害加成, 能量操作",無
<火箭隊的>果然翁,基礎,13392,https://asia.pokemon-card.com/hk/card-img/hk00013392.png,寶可夢,110,Psychic,,,火箭鏡面,"Psychic,Colorless",,選擇1隻自己的備戰區的「火箭隊的寶可夢」，將所選的寶可夢身上放置的傷害指示物，全部改放於對手的戰鬥寶可夢身上。,魯莽頭擊,"Psychic,Colorless,Colorless",70,,,Darkness,,Fighting,2,40,normal,I,擴充包「火箭隊的榮耀」,SV10,Kazumasa Yasukuni,為了隱藏漆黑的尾巴<br/> 而悄悄地生活在黑暗之中。<br/> 不會主動發動攻擊。,<火箭隊的>果然翁,,B+,15.00,Base:5.0|Meta:0.0|Exp:3.0|Func:3.0|Syn:2.0|Eff:0.0|Dmg:2.0|Mod:1.00,傷害指示物,放置效果
<火箭隊的>鈴鐺響,基礎,13393,https://asia.pokemon-card.com/hk/card-img/hk00013393.png,寶可夢,30,Psychic,,,鈴鈴吵鬧,,,在不看正面的情況下，從對手的手牌選擇1張，將其丟棄。,,,,,,Darkness,,Fighting,0,41,normal,I,擴充包「火箭隊的榮耀」,SV10,Mina Nakai,如果跳起來，<br/>嘴裡的珠子就會到處反彈，<br/>發出鈴鐺一般的音色。,<火箭隊的>鈴鐺響,,C+,10.00,Base:5.0|Meta:0.0|Exp:3.0|Func:2.0|Syn:0.0|Eff:0.0|Dmg:0.0|Mod:1.00,情報收集,丟棄效果
<火箭隊的>謎擬Ｑ,基礎,13394,https://asia.pokemon-card.com/hk/card-img/hk00013394.png,寶可夢,60,Psychic,,,扮晶晶酒,"Psychic,Colorless",,選擇1個對手的戰鬥場的「太晶」寶可夢持有的招式，作為這個招式使用。,,,,,,Darkness,,Fighting,0,42,normal,I,擴充包「火箭隊的榮耀」,SV10,DOM,棲息在陽光照射不到的陰暗處。<br/>在人們面前現身時會用<br/>看似皮卡丘的布來隱藏全身。,<火箭隊的>謎擬Ｑ,,C+,10.00,Base:5.0|Meta:0.0|Exp:3.0|Func:2.0|Syn:0.0|Eff:0.0|Dmg:0.0|Mod:1.00,"招式複製, 招式複製對手",無
<火箭隊的>天罩蟲,1階進化,13395,https://asia.pokemon-card.com/hk/card-img/hk00013395.png,寶可夢,80,Psychic,,,攪亂雷達,Colorless,,查看對手的牌庫上方5張卡，以任意順序排列，放回牌庫上方。,超念力,"Psychic,Colorless",30,,,Darkness,,Fighting,2,43,normal,I,擴充包「火箭隊的榮耀」,SV10,Scav,正在殼裡成長著。<br/> 用精神力量掌握外界的<br/> 狀況，做好進化的準備。,<火箭隊的>天罩蟲,,B,12.00,Base:5.0|Meta:0.0|Exp:3.0|Func:3.0|Syn:0.0|Eff:0.0|Dmg:1.0|Mod:1.00,情報收集,無
<火箭隊的>以歐路普,2階進化,13396,https://asia.pokemon-card.com/hk/card-img/hk00013396.png,寶可夢,130,Psychic,火箭腦力,在自己的回合時，可不限次數使用。選擇1個自己的場上的「火箭隊的寶可夢」身上放置的傷害指示物，改放於自己的其他寶可夢身上。,精神強念,"Psychic,Colorless,Colorless",40+,增加對手的戰鬥寶可夢身上附加的能量的數量×40點傷害。,,,,,,Darkness,,Fighting,2,44,normal,I,擴充包「火箭隊的榮耀」,SV10,Shin Nagasawa,釋放出精神力量來調查<br/> 周圍的情況。牠的偵測範圍<br/> 甚至可以達到方圓１０公里。,<火箭隊的>以歐路普,,B+,16.00,Base:5.0|Meta:0.0|Exp:3.0|Func:5.0|Syn:0.0|Eff:0.0|Dmg:3.0|Mod:1.00,"備戰傷害加成, 傷害指示物, 能量操作",放置效果
猴怪,基礎,13397,https://asia.pokemon-card.com/hk/card-img/hk00013397.png,寶可夢,70,Fighting,,,踹,Fighting,30,擲1次硬幣若為反面，則這個招式失敗。,,,,,,Psychic,,,1,45,normal,I,擴充包「火箭隊的榮耀」,SV10,Ayako Ozaki,在樹上群居的寶可夢。<br/>和夥伴走散的猴怪會因為<br/>按捺不住寂寞而動不動就生氣。,猴怪 → 火爆猴 → 棄世猴 → 棄世猴ex,,B,11.00,Base:5.0|Meta:0.0|Exp:3.0|Func:0.0|Syn:2.0|Eff:0.0|Dmg:1.0|Mod:1.00,"條件失敗, 硬幣判定",無
猴怪,基礎,8419,https://asia.pokemon-card.com/hk/card-img/hk00008419.png,寶可夢,60,Fighting,,,猴打擊,Fighting,30,這隻寶可夢也受到10點傷害。,,,,,,Psychic,,,1,49,normal,G,擴充包「紫ex」,SV1V,nagimiso,平時就算心情再怎麼好，也會因為一點芝麻小事<br/>而突然暴怒，令人害怕。,猴怪 → 火爆猴 → 棄世猴 → 棄世猴ex,,C,8.00,Base:5.0|Meta:0.0|Exp:2.0|Func:0.0|Syn:0.0|Eff:0.0|Dmg:1.0|Mod:1.00,反噬傷害,無
猴怪,基礎,8922,https://asia.pokemon-card.com/hk/card-img/hk00008922.png,寶可夢,60,Fighting,,,大鬧一番,Fighting,20+,擲1次硬幣若為正面，則增加20點傷害。若為反面，則這隻寶可夢也受到20點傷害。,,,,,,Psychic,,,1,56,normal,G,強化擴充包「寶可夢卡牌151」,SV2a,Mina Nakai,在樹上群居的寶可夢。和夥伴走散的猴怪會因為<br/>按捺不住寂寞而動不動就生氣。,猴怪 → 火爆猴 → 棄世猴 → 棄世猴ex,,B,11.00,Base:5.0|Meta:0.0|Exp:2.0|Func:0.0|Syn:2.0|Eff:0.0|Dmg:2.0|Mod:1.00,"反噬傷害, 條件傷害, 硬幣判定",無
猴怪,基礎,8700,https://asia.pokemon-card.com/hk/card-img/hk00008700.png,寶可夢,60,Fighting,,,踢倒,Fighting,10,,垂吊,"Fighting,Colorless",30,,,Psychic,,,1,38,normal,G,擴充包「冰雪險境」,SV2P,kurumitsu,在樹上群居的寶可夢。和夥伴走散的猴怪會因為<br/>按捺不住寂寞而動不動就生氣。,猴怪 → 火爆猴 → 棄世猴 → 棄世猴ex,,C,8.00,Base:5.0|Meta:0.0|Exp:2.0|Func:0.0|Syn:0.0|Eff:0.0|Dmg:1.0|Mod:1.00,無,無
猴怪,基礎,12136,https://asia.pokemon-card.com/hk/card-img/hk00012136.png,寶可夢,60,Fighting,,,二連劈,Colorless,10×,擲2次硬幣，造成正面出現的次數×10點傷害。,,,,,,Psychic,,,1,60,normal,H,擴充包「超電突圍」,SV8,Apios,平時就算心情再怎麼好，<br/>也會因為一點芝麻小事<br/>而突然暴怒，令人害怕。,猴怪 → 火爆猴 → 棄世猴 → 棄世猴ex,,C+,9.00,Base:5.0|Meta:0.0|Exp:3.0|Func:0.0|Syn:0.0|Eff:0.0|Dmg:1.0|Mod:1.00,"傷害效果, 硬幣判定",無
火爆猴,1階進化,13398,https://asia.pokemon-card.com/hk/card-img/hk00013398.png,寶可夢,110,Fighting,,,拖出,Fighting,,選擇1隻對手的備戰寶可夢，與戰鬥寶可夢互換。然後，新上場的寶可夢受到30點傷害。,,,,,,Psychic,,,2,46,normal,I,擴充包「火箭隊的榮耀」,SV10,GOTO minori,光是感覺到他方的視線<br/>都會暴怒起來，然後去追<br/>和牠對到眼的傢伙。,猴怪 → 火爆猴 → 棄世猴 → 棄世猴ex,,B,13.00,Base:5.0|Meta:0.0|Exp:3.0|Func:5.0|Syn:0.0|Eff:0.0|Dmg:0.0|Mod:1.00,切換效果,無
火爆猴,1階進化,8420,https://asia.pokemon-card.com/hk/card-img/hk00008420.png,寶可夢,90,Fighting,,,暴亂拳,Fighting,70,這隻寶可夢也受到20點傷害。,,,,,,Psychic,,,1,50,normal,G,擴充包「紫ex」,SV1V,Ryuta Fuse,某位研究者的學說中提到，即使在精靈球裡，<br/>火爆猴好像也在發怒。,猴怪 → 火爆猴 → 棄世猴 → 棄世猴ex,,C+,9.00,Base:5.0|Meta:0.0|Exp:2.0|Func:0.0|Syn:0.0|Eff:0.0|Dmg:2.0|Mod:1.00,反噬傷害,無
火爆猴,1階進化,8923,https://asia.pokemon-card.com/hk/card-img/hk00008923.png,寶可夢,120,Fighting,,,狂嗥,Fighting,40,將這隻寶可夢【混亂】。,盛怒粉碎,"Fighting,Colorless,Colorless",150,若這隻寶可夢沒有【混亂】，則這個招式失敗。,,Psychic,,,2,57,normal,G,強化擴充包「寶可夢卡牌151」,SV2a,Mina Nakai,光是感覺到他方的視線都會暴怒起來，然後去追<br/>和牠對到眼的傢伙。,猴怪 → 火爆猴 → 棄世猴 → 棄世猴ex,,B+,14.00,Base:5.0|Meta:0.0|Exp:2.0|Func:0.0|Syn:2.0|Eff:0.0|Dmg:5.0|Mod:1.00,"條件失敗, 狀態異常",無
火爆猴,1階進化,8701,https://asia.pokemon-card.com/hk/card-img/hk00008701.png,寶可夢,110,Fighting,,,踢倒,Fighting,30,,狂毆,"Fighting,Colorless",60+,擲1次硬幣若為正面，則增加60點傷害。,,Psychic,,,2,39,normal,G,擴充包「冰雪險境」,SV2P,Shin Nagasawa,光是感覺到他方的視線都會暴怒起來，然後去追<br/>和牠對到眼的傢伙。,猴怪 → 火爆猴 → 棄世猴 → 棄世猴ex,,B,12.00,Base:5.0|Meta:0.0|Exp:2.0|Func:0.0|Syn:2.0|Eff:0.0|Dmg:3.0|Mod:1.00,"條件傷害, 硬幣判定",無
火爆猴,1階進化,12137,https://asia.pokemon-card.com/hk/card-img/hk00012137.png,寶可夢,110,Fighting,,,掃腿,Fighting,30,擲1次硬幣若為正面，則選擇1個對手的戰鬥寶可夢身上附加的能量，將其丟棄。,百萬噸重拳,"Fighting,Colorless",70,,,Psychic,,,2,61,normal,H,擴充包「超電突圍」,SV8,Felicia Chen,某位研究者的學說中提到，<br/>即使在精靈球裡，<br/>火爆猴好像也在發怒。,猴怪 → 火爆猴 → 棄世猴 → 棄世猴ex,,A,17.00,Base:5.0|Meta:0.0|Exp:3.0|Func:5.0|Syn:2.0|Eff:0.0|Dmg:2.0|Mod:1.00,"硬幣判定, 能量操作",丟棄效果
棄世猴,2階進化,13399,https://asia.pokemon-card.com/hk/card-img/hk00013399.png,寶可夢,150,Fighting,憤怒穴,若這隻寶可夢身上放置有2個以上的傷害指示物，則這隻寶可夢使用的招式，對對手的戰鬥寶可夢造成的傷害「+120」點。,衝擊打擊,"Fighting,Fighting",160,在下個自己的回合，這隻寶可夢無法使用「衝擊打擊」。,,,,,,Psychic,,,2,47,normal,I,擴充包「火箭隊的榮耀」,SV10,Shiburingaru,在怒氣突破臨界點時，<br/>獲得了能夠擺脫<br/>肉體束縛的力量。,猴怪 → 火爆猴 → 棄世猴 → 棄世猴ex,,B+,15.00,Base:5.0|Meta:0.0|Exp:3.0|Func:2.0|Syn:0.0|Eff:0.0|Dmg:5.0|Mod:1.00,"傷害指示物, 傷害效果, 招式鎖定",無
棄世猴,2階進化,8421,https://asia.pokemon-card.com/hk/card-img/hk00008421.png,寶可夢,140,Fighting,,,憤怒之拳,Fighting,70,造成對手已經獲得的獎賞卡的張數×70點傷害。,炸藥拳,"Fighting,Fighting",170,這隻寶可夢也受到50點傷害。,,Psychic,,,2,51,normal,G,擴充包「紫ex」,SV1V,Anesaki Dynamic,會將隱藏在心中的憤怒之力注入拳頭發動攻擊，其威力<br/>會深入骨髓，將對手打個粉碎。,猴怪 → 火爆猴 → 棄世猴 → 棄世猴ex,,B+,14.00,Base:5.0|Meta:0.0|Exp:2.0|Func:2.0|Syn:0.0|Eff:0.0|Dmg:5.0|Mod:1.00,"傷害效果, 反噬傷害, 棄牌區傷害加成, 獎賞控制",無
棄世猴,2階進化,12138,https://asia.pokemon-card.com/hk/card-img/hk00012138.png,寶可夢,140,Fighting,,,暴走,Fighting,130,將這隻寶可夢【混亂】。,同命戰鬥,"Fighting,Colorless",,將雙方的戰鬥寶可夢【昏厥】。,,Psychic,,,2,62,normal,H,擴充包「超電突圍」,SV8,SIE NANAHARA,會將隱藏在心中的憤怒之力<br/>注入拳頭發動攻擊，其威力<br/>會深入骨髓，將對手打個粉碎。,猴怪 → 火爆猴 → 棄世猴 → 棄世猴ex,,B,12.00,Base:5.0|Meta:0.0|Exp:3.0|Func:0.0|Syn:0.0|Eff:0.0|Dmg:4.0|Mod:1.00,"其他效果, 狀態異常",無
<火箭隊的>幼基拉斯,基礎,13400,https://asia.pokemon-card.com/hk/card-img/hk00013400.png,寶可夢,70,Fighting,,,嚼山,Colorless,10,將對手的牌庫上方1張卡丟棄。,,,,,,Grass,,,1,48,normal,I,擴充包「火箭隊的榮耀」,SV10,Kuroimori,誕生在地底深處。<br/>當牠吃完滿山的土壤後，<br/>就會為了成長而變成蛹。,<火箭隊的>幼基拉斯,,C+,10.00,Base:5.0|Meta:0.0|Exp:3.0|Func:2.0|Syn:0.0|Eff:0.0|Dmg:0.0|Mod:1.00,無,丟棄效果
<火箭隊的>沙基拉斯,1階進化,13401,https://asia.pokemon-card.com/hk/card-img/hk00013401.png,寶可夢,100,Fighting,,,爆裂覺醒,Colorless,30,從自己的牌庫選擇1張從這隻寶可夢進化而來的卡，放置於這隻寶可夢身上完成進化。並且重洗牌庫。,,,,,,Grass,,,2,49,normal,I,擴充包「火箭隊的榮耀」,SV10,Izucch,會以強勁的力道噴出在體內<br/>壓縮好的氣體，好讓自己<br/>能飛在空中大搞破壞的蛹。,<火箭隊的>沙基拉斯,,A,17.00,Base:5.0|Meta:0.0|Exp:3.0|Func:8.0|Syn:0.0|Eff:0.0|Dmg:1.0|Mod:1.00,"搜索效果, 進化支援",無
<火箭隊的>班基拉斯,2階進化,13402,https://asia.pokemon-card.com/hk/card-img/hk00013402.png,寶可夢,180,Fighting,揚沙,只要這隻寶可夢在戰鬥場上，每次寶可夢檢查時，在對手的所有【基礎】寶可夢身上各放置2個傷害指示物。,打穿衝撞,"Fighting,Colorless,Colorless,Colorless",180,選擇1個對手的戰鬥寶可夢身上附加的能量，將其丟棄。,,,,,,Grass,,,3,50,normal,I,擴充包「火箭隊的榮耀」,SV10,Ryuta Fuse,即便是改變周圍的地形<br/>也是小事一樁的大力士。<br/>個性狂妄，不顧周遭的感受。,<火箭隊的>班基拉斯,,A,18.00,Base:5.0|Meta:0.0|Exp:3.0|Func:5.0|Syn:0.0|Eff:0.0|Dmg:5.0|Mod:1.00,"傷害指示物, 能量操作","丟棄效果, 放置效果"
朝北鼻,基礎,13403,https://asia.pokemon-card.com/hk/card-img/hk00013403.png,寶可夢,80,Fighting,,,頭錘,Fighting,20,,落石,"Colorless,Colorless,Colorless",40,,,Grass,,,3,51,normal,I,擴充包「火箭隊的榮耀」,SV10,Oku,朝北鼻鼻子上的磁鐵<br/>絕對不會失靈，所以是<br/>訓練家旅行時的良伴。,朝北鼻 → 大朝北鼻,,C+,9.00,Base:5.0|Meta:0.0|Exp:3.0|Func:0.0|Syn:0.0|Eff:0.0|Dmg:1.0|Mod:1.00,無,無
朝北鼻,基礎,9568,https://asia.pokemon-card.com/hk/card-img/hk00009568.png,寶可夢,90,Fighting,,,集鐵,Colorless,,從自己的棄牌區選擇最多2張「基本【鋼】能量」卡，在給對手看過後加入手牌。,滾動衝撞,"Colorless,Colorless",30,,,Grass,,,3,57,normal,G,擴充包「黯焰支配者」,SV3,Nobuhiro Imagawa,牠會動也不動地用強大的磁力把獵物吸過來獵捕，但有時也會把天敵吸來。,朝北鼻 → 大朝北鼻,,B,13.00,Base:5.0|Meta:0.0|Exp:2.0|Func:5.0|Syn:0.0|Eff:0.0|Dmg:1.0|Mod:1.00,搜索效果,無
朝北鼻,基礎,11160,https://asia.pokemon-card.com/hk/card-img/hk00011160.png,寶可夢,80,Fighting,,,力量猛攻,"Colorless,Colorless,Colorless",60,擲1次硬幣若為反面，則在下個自己的回合，這隻寶可夢無法使用招式。,,,,,,Grass,,,3,43,normal,H,強化擴充包「緋紅薄霧」,SV5a,AKIRA EGAWA,陷入危機時，有時會 增強磁力將附近的鐵塊<br/> 吸引過來保護身體。,朝北鼻 → 大朝北鼻,,B,11.00,Base:5.0|Meta:0.0|Exp:2.0|Func:0.0|Syn:2.0|Eff:0.0|Dmg:2.0|Mod:1.00,"使用限制, 招式鎖定, 硬幣判定",無
大朝北鼻,1階進化,13404,https://asia.pokemon-card.com/hk/card-img/hk00013404.png,寶可夢,140,Fighting,,,力量寶石,Fighting,40,,山岳墜落,"Colorless,Colorless,Colorless",70+,若場上有競技場卡，則增加70點傷害。,,Grass,,,3,52,normal,I,擴充包「火箭隊的榮耀」,SV10,sowsow,會以磁力操縱３個<br/>被稱為小朝北鼻的組件，<br/>從３個方向解決對手。,朝北鼻 → 大朝北鼻,,B+,16.00,Base:5.0|Meta:0.0|Exp:3.0|Func:0.0|Syn:4.0|Eff:0.0|Dmg:4.0|Mod:1.00,條件傷害,競技場效果
大朝北鼻,1階進化,9590,https://asia.pokemon-card.com/hk/card-img/hk00009590.png,寶可夢,150,Metal,,,三重北鼻,"Metal,Colorless",40×,擲3次硬幣，造成正面出現的次數×40點傷害。,鐵之光炮,"Metal,Metal,Colorless",160,在下個自己的回合，這隻寶可夢無法使用招式。,,Fire,,Grass,4,79,normal,G,擴充包「黯焰支配者」,SV3,takuyoa,會驅使３個小組件去獲取食物或與敵人戰鬥。本體基本上只負責下命令。,朝北鼻 → 大朝北鼻,,B,12.00,Base:5.0|Meta:0.0|Exp:2.0|Func:0.0|Syn:0.0|Eff:0.0|Dmg:5.0|Mod:1.00,"使用限制, 傷害效果, 招式鎖定, 硬幣判定",無
大朝北鼻,1階進化,11161,https://asia.pokemon-card.com/hk/card-img/hk00011161.png,寶可夢,140,Fighting,,,進擊鐳射,"Colorless,Colorless,Colorless",80+,若對手的戰鬥寶可夢身上附有「寶可夢道具」卡，則增加80點傷害。,大地粉碎,"Fighting,Colorless,Colorless,Colorless",120,,,Grass,,,3,44,normal,H,強化擴充包「緋紅薄霧」,SV5a,OKUBO,因為會釋放強大的磁力， 導致附近的電器都變得<br/> 無法使用。,朝北鼻 → 大朝北鼻,,B+,15.00,Base:5.0|Meta:0.0|Exp:2.0|Func:2.0|Syn:2.0|Eff:0.0|Dmg:4.0|Mod:1.00,條件傷害,無
瑪沙那,基礎,13405,https://asia.pokemon-card.com/hk/card-img/hk00013405.png,寶可夢,70,Fighting,,,連續擊拳,Fighting,10+,擲1次硬幣若為正面，則增加20點傷害。,,,,,,Psychic,,,1,53,normal,I,擴充包「火箭隊的榮耀」,SV10,MINAMINAMI Take,每天都少不了瑜珈的修行。<br/>會藉著冥想提高<br/>自身的精神力。,瑪沙那 → 恰雷姆 → 恰雷姆ex,,B,12.00,Base:5.0|Meta:0.0|Exp:3.0|Func:0.0|Syn:2.0|Eff:0.0|Dmg:2.0|Mod:1.00,"條件傷害, 硬幣判定",無
瑪沙那,基礎,8330,https://asia.pokemon-card.com/hk/card-img/hk00008330.png,寶可夢,60,Fighting,,,佯攻,Fighting,10,這個招式的傷害不計算抵抗力。,,,,,,Psychic,,,1,38,normal,G,擴充包「朱ex」,SV1S,miki kudo,每天都少不了瑜珈的修行。會藉著冥想提高<br/>自身的精神力。,瑪沙那 → 恰雷姆 → 恰雷姆ex,,C,7.00,Base:5.0|Meta:0.0|Exp:2.0|Func:0.0|Syn:0.0|Eff:0.0|Dmg:0.0|Mod:1.00,無視弱點/效果,無
瑪沙那,基礎,10905,https://asia.pokemon-card.com/hk/card-img/hk00010905.png,寶可夢,70,Fighting,,,巴掌,Fighting,10,,踢,"Colorless,Colorless",30,,,Psychic,,,1,37,normal,H,擴充包「異度審判」,SV5M,Natsumi Miyanose,用冥想提高精神能量後，就可以浮在空中。<br/>１天會吃下１個樹果。,瑪沙那 → 恰雷姆 → 恰雷姆ex,,C,8.00,Base:5.0|Meta:0.0|Exp:2.0|Func:0.0|Syn:0.0|Eff:0.0|Dmg:1.0|Mod:1.00,無,無
瑪沙那,基礎,11844,https://asia.pokemon-card.com/hk/card-img/hk00011844.png,寶可夢,70,Fighting,,,冥想,Colorless,,將這隻寶可夢恢復「20」HP。,劈打,"Fighting,Colorless,Colorless",50,,,Psychic,,,1,53,normal,H,擴充包「星晶奇跡」,SV7,Yuu Nishida,用冥想提高精神能量後，<br/>就可以浮在空中。<br/>１天會吃下１個樹果。,瑪沙那 → 恰雷姆 → 恰雷姆ex,,B,11.00,Base:5.0|Meta:0.0|Exp:3.0|Func:2.0|Syn:0.0|Eff:0.0|Dmg:1.0|Mod:1.00,回復效果,無
恰雷姆,1階進化,13406,https://asia.pokemon-card.com/hk/card-img/hk00013406.png,寶可夢,120,Fighting,,,合氣掌,Fighting,50+,若這隻寶可夢與對手的戰鬥寶可夢身上附加的能量數量相同，則增加120點傷害。,,,,,,Psychic,,,1,54,normal,I,擴充包「火箭隊的榮耀」,SV10,Whisker,可以用藉由瑜珈修行<br/>鍛鍊出來的精神力量，<br/>來預測對手的行動。,瑪沙那 → 恰雷姆 → 恰雷姆ex,,A,18.00,Base:5.0|Meta:0.0|Exp:3.0|Func:5.0|Syn:2.0|Eff:0.0|Dmg:3.0|Mod:1.00,"條件傷害, 能量操作",無
恰雷姆,1階進化,8331,https://asia.pokemon-card.com/hk/card-img/hk00008331.png,寶可夢,90,Fighting,,,點穴,Fighting,30,選擇1個對手的戰鬥寶可夢持有的招式。在下個對手的回合，受到這個招式的寶可夢無法使用被選擇的招式。,單次踢,Fighting,90,擲1次硬幣若為反面，則這個招式失敗。,,Psychic,,,1,39,normal,G,擴充包「朱ex」,SV1S,Jerky,可以用藉由瑜珈修行鍛鍊出來的精神力量，<br/>來預測對手的行動。,瑪沙那 → 恰雷姆 → 恰雷姆ex,,B+,14.00,Base:5.0|Meta:0.0|Exp:2.0|Func:2.0|Syn:2.0|Eff:0.0|Dmg:3.0|Mod:1.00,"招式封鎖, 招式鎖定, 條件失敗, 硬幣判定",無
恰雷姆,1階進化,10906,https://asia.pokemon-card.com/hk/card-img/hk00010906.png,寶可夢,120,Fighting,,,下盤踢,Fighting,40,,飛膝踢,"Colorless,Colorless,Colorless",110,,,Psychic,,,1,38,normal,H,擴充包「異度審判」,SV5M,Masako Tomii,會用跳舞般的優雅動作在躲避攻擊的同時<br/>用強烈的一擊招呼對手。,瑪沙那 → 恰雷姆 → 恰雷姆ex,,C+,10.00,Base:5.0|Meta:0.0|Exp:2.0|Func:0.0|Syn:0.0|Eff:0.0|Dmg:3.0|Mod:1.00,無,無
恰雷姆,1階進化,12217,https://asia.pokemon-card.com/hk/card-img/hk00012217.png,寶可夢,110,Fighting,,,雙重粉碎,Fighting,40×,擲2次硬幣，造成正面出現的次數×40點傷害。,,,,,,Psychic,,,1,30,normal,H,Trianers Camp,SVI,Fujimoto Gold,會用跳舞般的優雅動作<br/>在躲避攻擊的同時<br/>用強烈的一擊招呼對手。,瑪沙那 → 恰雷姆 → 恰雷姆ex,,B,11.00,Base:5.0|Meta:0.0|Exp:2.0|Func:0.0|Syn:0.0|Eff:0.0|Dmg:4.0|Mod:1.00,"傷害效果, 硬幣判定",無
雷吉洛克ex,基礎,13407,https://asia.pokemon-card.com/hk/card-img/hk00013407.png,寶可夢,230,Fighting,,,雷吉充能,Colorless,,從自己的棄牌區選擇最多2張「基本【鬥】能量」卡，附於這隻寶可夢身上。,巨型岩石,"Fighting,Colorless,Colorless,Colorless",140+,若對手的戰鬥寶可夢為【2階進化】寶可夢，則增加140點傷害。,,Grass,,,3,55,normal,I,擴充包「火箭隊的榮耀」,SV10,Nisota Niso,,雷吉洛克ex,ex,A+,22.00,Base:5.0|Meta:0.0|Exp:3.0|Func:7.0|Syn:2.0|Eff:0.0|Dmg:5.0|Mod:1.00,"搜索效果, 條件傷害, 進化支援",無
<火箭隊的>阿柏蛇,基礎,13408,https://asia.pokemon-card.com/hk/card-img/hk00013408.png,寶可夢,70,Darkness,,,扯後腿,Colorless,,擲1次硬幣若為正面，則將對手的戰鬥寶可夢【麻痺】。,咬,Darkness,10,,,Fighting,,,1,56,normal,I,擴充包「火箭隊的榮耀」,SV10,KEIICHIRO ITO,能夠自由地讓下顎脫臼，因此<br/>就連體型大的獵物都吞得下去，<br/>但身體會變笨重而無法動彈。,<火箭隊的>阿柏蛇,,B,12.00,Base:5.0|Meta:0.0|Exp:3.0|Func:2.0|Syn:2.0|Eff:0.0|Dmg:0.0|Mod:1.00,"狀態異常, 硬幣判定",無
<火箭隊的>阿柏怪,1階進化,13409,https://asia.pokemon-card.com/hk/card-img/hk00013409.png,寶可夢,130,Darkness,瞪眼效用,只要這隻寶可夢在戰鬥場上，對手不可從手牌將擁有特性的寶可夢（「火箭隊的寶可夢」除外）放置於場上。,旋轉之尾,"Darkness,Darkness,Darkness",,對手的所有寶可夢各受到30點傷害。[在備戰區不計算弱點・抵抗力。],,,,,,Fighting,,,2,57,normal,I,擴充包「火箭隊的榮耀」,SV10,Teeziro,腹部的花紋看起來像一張可怕的臉。<br/>弱小的敵人只要看到<br/>這個花紋就會被嚇跑。,<火箭隊的>阿柏怪,,B,11.00,Base:5.0|Meta:0.0|Exp:3.0|Func:3.0|Syn:0.0|Eff:0.0|Dmg:0.0|Mod:1.00,連鎖傷害,"放置效果, 特性效果"
<火箭隊的>尼多蘭,基礎,13410,https://asia.pokemon-card.com/hk/card-img/hk00013410.png,寶可夢,70,Darkness,,,偷襲,Darkness,30,擲1次硬幣若為反面，則這個招式失敗。,,,,,,Fighting,,,1,58,normal,I,擴充包「火箭隊的榮耀」,SV10,REND,會用堅硬的門牙咬碎<br/>樹果後吃下。角的尖端<br/>會比雄性還要圓一些。,<火箭隊的>尼多蘭,,B,11.00,Base:5.0|Meta:0.0|Exp:3.0|Func:0.0|Syn:2.0|Eff:0.0|Dmg:1.0|Mod:1.00,"條件失敗, 硬幣判定",無
<火箭隊的>尼多娜,1階進化,13411,https://asia.pokemon-card.com/hk/card-img/hk00013411.png,寶可夢,90,Darkness,,,惡之覺醒,Darkness,,選擇最多2隻自己的【惡】寶可夢，從自己的牌庫選擇從那些寶可夢進化而來的卡各1張，放置於各自身上完成進化。並且重洗牌庫。,抓,"Darkness,Darkness",50,,,Fighting,,,2,59,normal,I,擴充包「火箭隊的榮耀」,SV10,Taiga Kasai,有危險逼近群體時，<br/>會與夥伴們團結一致地<br/>用超音波的大合唱來攻擊。,<火箭隊的>尼多娜,,A,17.00,Base:5.0|Meta:0.0|Exp:3.0|Func:8.0|Syn:0.0|Eff:0.0|Dmg:1.0|Mod:1.00,"搜索效果, 進化支援",無
<火箭隊的>尼多后,2階進化,13412,https://asia.pokemon-card.com/hk/card-img/hk00013412.png,寶可夢,170,Darkness,,,愛之衝擊,Darkness,60+,若自己的備戰區有名稱中有「尼多王」的寶可夢，則增加120點傷害。,百萬噸重踢,"Darkness,Darkness",130,,,Fighting,,,3,60,normal,I,擴充包「火箭隊的榮耀」,SV10,hncl,會把孩子放在背上的<br/>刺與刺之間來哄牠們。<br/>這時候絕對不會釋放毒素。,<火箭隊的>尼多后,,B+,15.00,Base:5.0|Meta:0.0|Exp:3.0|Func:1.0|Syn:2.0|Eff:0.0|Dmg:4.0|Mod:1.00,條件傷害,無
<火箭隊的>尼多朗,基礎,13413,https://asia.pokemon-card.com/hk/card-img/hk00013413.png,寶可夢,70,Darkness,,,突刺,Darkness,10,,頭突,"Darkness,Colorless",30,,,Fighting,,,1,61,normal,I,擴充包「火箭隊的榮耀」,SV10,buchi,體型嬌小，但性情勇猛。<br/>為了保護感情好的雌性，<br/>會奮不顧身地勇敢戰鬥。,<火箭隊的>尼多朗,,C+,9.00,Base:5.0|Meta:0.0|Exp:3.0|Func:0.0|Syn:0.0|Eff:0.0|Dmg:1.0|Mod:1.00,無,無
<火箭隊的>尼多力諾,1階進化,13414,https://asia.pokemon-card.com/hk/card-img/hk00013414.png,寶可夢,100,Darkness,,,頭突,"Darkness,Colorless",30,,角裂,"Darkness,Darkness,Colorless",60+,若對手的戰鬥寶可夢身上放置有傷害指示物，則增加60點傷害。,,Fighting,,,2,62,normal,I,擴充包「火箭隊的榮耀」,SV10,KEIICHIRO ITO,神經質且容易發脾氣打架。<br/>當體內的腎上腺素增加時，<br/>毒素的濃度也會提升。,<火箭隊的>尼多力諾,,B+,15.00,Base:5.0|Meta:0.0|Exp:3.0|Func:2.0|Syn:2.0|Eff:0.0|Dmg:3.0|Mod:1.00,"傷害指示物, 條件傷害",無
<火箭隊的>尼多王ex,2階進化,13415,https://asia.pokemon-card.com/hk/card-img/hk00013415.png,寶可夢,330,Darkness,,,惡劣角擊,"Darkness,Darkness,Colorless",100,將對手的戰鬥寶可夢【中毒】。因這個【中毒】而放置的傷害指示物的數量改為8個。,王者衝擊,"Darkness,Darkness,Darkness,Colorless",240,,,Fighting,,,3,63,normal,I,擴充包「火箭隊的榮耀」,SV10,5ban Graphics,,<火箭隊的>尼多王ex,ex,B+,16.00,Base:5.0|Meta:0.0|Exp:3.0|Func:2.0|Syn:0.0|Eff:0.0|Dmg:6.0|Mod:1.00,"傷害指示物, 狀態異常",無
<火箭隊的>超音蝠,基礎,13416,https://asia.pokemon-card.com/hk/card-img/hk00013416.png,寶可夢,50,Darkness,,,噴毒,Darkness,,將對手的戰鬥寶可夢【中毒】。,,,,,,Lightning,,Fighting,1,64,normal,I,擴充包「火箭隊的榮耀」,SV10,toi8,棲息在陽光照射不到的洞窟裡。<br/>到了早上就會和夥伴相聚，<br/>一邊互相取暖一邊睡覺。,<火箭隊的>超音蝠,,C+,10.00,Base:5.0|Meta:0.0|Exp:3.0|Func:2.0|Syn:0.0|Eff:0.0|Dmg:0.0|Mod:1.00,狀態異常,無
<火箭隊的>大嘴蝠,1階進化,13417,https://asia.pokemon-card.com/hk/card-img/hk00013417.png,寶可夢,80,Darkness,暗中咬住,在自己的回合，從手牌使出這張卡並完成進化時，可使用1次。在對手的1隻寶可夢身上放置2個傷害指示物。,奇異之光,Darkness,30,將對手的戰鬥寶可夢【混亂】。,,,,,,Lightning,,Fighting,1,65,normal,I,擴充包「火箭隊的榮耀」,SV10,AKIRA EGAWA,能以小小的腳靈巧地步行。<br/>會無聲無息地靠近沉睡中的獵物，<br/>用獠牙咬住對方並且吸食血液。,<火箭隊的>大嘴蝠,,A,18.00,Base:5.0|Meta:0.0|Exp:3.0|Func:9.0|Syn:0.0|Eff:0.0|Dmg:1.0|Mod:1.00,"傷害指示物, 狀態異常",進化效果
<火箭隊的>叉字蝠ex,2階進化,13418,https://asia.pokemon-card.com/hk/card-img/hk00013418.png,寶可夢,310,Darkness,亂咬,在自己的回合，從手牌使出這張卡並完成進化時，可使用1次。在對手的2隻寶可夢身上各放置2個傷害指示物。,刺殺迴旋,"Darkness,Darkness",120,若希望，將這隻寶可夢放回手牌。（寶可夢以外的卡全部丟棄。）,,,,,,Lightning,,Fighting,1,66,normal,I,擴充包「火箭隊的榮耀」,SV10,5ban Graphics,,<火箭隊的>叉字蝠ex,ex,S,25.00,Base:5.0|Meta:0.0|Exp:3.0|Func:9.0|Syn:4.0|Eff:0.0|Dmg:4.0|Mod:1.00,"傷害指示物, 其他效果",進化效果
<火箭隊的>臭泥,基礎,13419,https://asia.pokemon-card.com/hk/card-img/hk00013419.png,寶可夢,80,Darkness,,,浸蝕污泥,"Darkness,Colorless",,在下個對手的回合結束時，將受到這個招式的寶可夢與附加的卡全部丟棄。,,,,,,Fighting,,,3,67,normal,I,擴充包「火箭隊的榮耀」,SV10,Mousho,污泥變成的寶可夢。<br/>會聚集在骯髒的地方<br/>來繁殖身體的細菌。,<火箭隊的>臭泥,,B,13.00,Base:5.0|Meta:0.0|Exp:3.0|Func:3.0|Syn:2.0|Eff:0.0|Dmg:0.0|Mod:1.00,無,丟棄效果
<火箭隊的>臭臭泥,1階進化,13420,https://asia.pokemon-card.com/hk/card-img/hk00013420.png,寶可夢,150,Darkness,,,渾身臭臭,"Darkness,Colorless",40,將對手的戰鬥寶可夢【混亂】。在下個對手的回合，受到這個招式的寶可夢無法撤退。,毒液危害,"Darkness,Darkness,Colorless",100×,造成對手的戰鬥寶可夢處於特殊狀態的數量×100點傷害。,,Fighting,,,4,68,normal,I,擴充包「火箭隊的榮耀」,SV10,Uta,全身上下沾滿污泥。<br/>光是碰到牠的足跡，<br/>都會受到毒素的侵襲。,<火箭隊的>臭臭泥,,B+,16.00,Base:5.0|Meta:0.0|Exp:3.0|Func:2.0|Syn:0.0|Eff:0.0|Dmg:6.0|Mod:1.00,"備戰傷害加成, 傷害效果, 撤退封鎖, 狀態異常",撤退效果
<火箭隊的>瓦斯彈,基礎,13421,https://asia.pokemon-card.com/hk/card-img/hk00013421.png,寶可夢,70,Darkness,警備濁霧,這隻寶可夢在戰鬥場受到對手的寶可夢招式的傷害時，從自己的牌庫選擇最多2張名稱中有「瓦斯彈」的寶可夢卡，放置於備戰區。並且重洗牌庫。,瓦斯漏氣,"Darkness,Colorless",30,,,,,,,Fighting,,,1,69,normal,I,擴充包「火箭隊的榮耀」,SV10,kodama,薄薄的氣球狀身體裡<br/>儲滿了劇毒的瓦斯，<br/>所以有時會發生大爆炸。,<火箭隊的>瓦斯彈,,B,13.00,Base:5.0|Meta:0.0|Exp:3.0|Func:4.0|Syn:0.0|Eff:0.0|Dmg:1.0|Mod:1.00,搜索效果,放置效果
<火箭隊的>雙彈瓦斯,1階進化,13422,https://asia.pokemon-card.com/hk/card-img/hk00013422.png,寶可夢,130,Darkness,,,一併爆炸,"Darkness,Colorless",40×,造成雙方的場上的，名稱中有「瓦斯彈」或者「雙彈瓦斯」的寶可夢的數量×40點傷害。,,,,,,Fighting,,,2,70,normal,I,擴充包「火箭隊的榮耀」,SV10,matazo,若將牠體內所含的<br/>毒瓦斯稀釋到極限，<br/>就能做出最高級的香水。,<火箭隊的>雙彈瓦斯,,B,12.00,Base:5.0|Meta:0.0|Exp:3.0|Func:0.0|Syn:2.0|Eff:0.0|Dmg:2.0|Mod:1.00,"備戰傷害加成, 傷害效果",無
<火箭隊的>黑暗鴉,基礎,13423,https://asia.pokemon-card.com/hk/card-img/hk00013423.png,寶可夢,80,Darkness,,,誑騙,Colorless,,從自己的牌庫選擇1張支援者卡，在給對手看過後加入手牌。並且重洗牌庫。,無理取鬧,"Darkness,Colorless",30,選擇1個對手的戰鬥寶可夢持有的招式。在下個對手的回合，受到這個招式的寶可夢無法使用被選擇的招式。,,Lightning,,Fighting,1,71,normal,I,擴充包「火箭隊的榮耀」,SV10,Mugi Hamada,人們相信晚上看到牠<br/>就會發生不吉利的事，<br/>這讓牠成了人見人厭的寶可夢。,<火箭隊的>黑暗鴉,,B,13.00,Base:5.0|Meta:0.0|Exp:3.0|Func:4.0|Syn:0.0|Eff:0.0|Dmg:1.0|Mod:1.00,"抽卡效果, 招式封鎖, 招式鎖定, 搜索效果",無
<火箭隊的>狃拉,基礎,13424,https://asia.pokemon-card.com/hk/card-img/hk00013424.png,寶可夢,80,Darkness,,,抓,Darkness,20,,暗算,"Darkness,Darkness",,對手的1隻備戰寶可夢，受到那隻寶可夢身上放置的傷害指示物的數量×20點傷害。[在備戰區不計算弱點・抵抗力。],,Grass,,,1,72,normal,I,擴充包「火箭隊的榮耀」,SV10,GIDORA,會潛藏在黑暗中使自己變得<br/>不起眼，然後伺機襲擊獵物，<br/>是非常狡詐的寶可夢。,<火箭隊的>狃拉,,B,11.00,Base:5.0|Meta:0.0|Exp:3.0|Func:3.0|Syn:0.0|Eff:0.0|Dmg:0.0|Mod:1.00,"備戰傷害加成, 傷害指示物, 連鎖傷害",放置效果
佛烈托斯,1階進化,13425,https://asia.pokemon-card.com/hk/card-img/hk00013425.png,寶可夢,130,Metal,,,鐵之震動,Colorless,20,選擇自己的場上寶可夢身上附加的任意數量的【鋼】能量卡，以任意方式改附於自己的寶可夢身上。,颶風尖刺,"Metal,Colorless,Colorless,Colorless",80×,擲4次硬幣，造成正面出現的次數×80點傷害。,,Fire,,Grass,2,73,normal,I,擴充包「火箭隊的榮耀」,SV10,Wintr Wandr,總是貼著在粗大的樹幹上。<br/>一旦察覺到了什麼，<br/>就會射出外殼的碎片。,榛果球 → 佛烈托斯 → 佛烈托斯ex,,A+,21.00,Base:5.0|Meta:0.0|Exp:3.0|Func:5.0|Syn:2.0|Eff:0.0|Dmg:6.0|Mod:1.00,"傷害效果, 硬幣判定, 能量操作",無
佛烈托斯,1階進化,8427,https://asia.pokemon-card.com/hk/card-img/hk00008427.png,寶可夢,120,Metal,,,連續旋轉,Metal,50,擲硬幣直到出現反面，造成正面出現的次數×50點傷害。,硬殼回轉,"Metal,Colorless,Colorless",90,在下個對手的回合，這隻寶可夢受到招式的傷害「-50」點。,,Fire,,Grass,3,57,normal,G,擴充包「紫ex」,SV1V,Lee HyunJung,全身覆蓋著有如鋼鐵般堅硬的殼。<br/>殼裡的真面目至今不明。,榛果球 → 佛烈托斯 → 佛烈托斯ex,,B,12.00,Base:5.0|Meta:0.0|Exp:2.0|Func:2.0|Syn:0.0|Eff:0.0|Dmg:3.0|Mod:1.00,"傷害效果, 其他效果, 硬幣判定",無
佛烈托斯,1階進化,10911,https://asia.pokemon-card.com/hk/card-img/hk00010911.png,寶可夢,130,Metal,,,尖刺加農炮,Metal,30×,擲3次硬幣，造成正面出現的次數×30點傷害。,鋼鐵衝撞,"Colorless,Colorless,Colorless",130,這隻寶可夢也受到40點傷害。,,Fire,,Grass,3,43,normal,H,擴充包「異度審判」,SV5M,osare,全身覆蓋著有如鋼鐵般堅硬的殼。<br/>殼裡的真面目至今不明。,榛果球 → 佛烈托斯 → 佛烈托斯ex,,B,11.00,Base:5.0|Meta:0.0|Exp:2.0|Func:0.0|Syn:0.0|Eff:0.0|Dmg:4.0|Mod:1.00,"傷害效果, 反噬傷害, 硬幣判定",無
盔甲鳥,基礎,13426,https://asia.pokemon-card.com/hk/card-img/hk00013426.png,寶可夢,110,Metal,,,羽棲,Colorless,,將這隻寶可夢恢復「50」HP。在下個自己的回合，這隻寶可夢無法撤退。,金屬爪,"Metal,Colorless",60,,,Lightning,,Fighting,1,74,normal,I,擴充包「火箭隊的榮耀」,SV10,Shin Nagasawa,鐵的身體雖然看起來結實沉重，<br/>但其實又薄又輕，因此牠的<br/>飛行速度可達時速３００公里。,盔甲鳥,,B,12.00,Base:5.0|Meta:0.0|Exp:3.0|Func:2.0|Syn:0.0|Eff:0.0|Dmg:2.0|Mod:1.00,"回復效果, 撤退封鎖",撤退效果
盔甲鳥,基礎,11356,https://asia.pokemon-card.com/hk/card-img/hk00011356.png,寶可夢,120,Metal,,,利刃之風,Metal,30,,大風暴,"Colorless,Colorless,Colorless",90,將場上的競技場卡丟棄。,,Lightning,,Fighting,2,72,normal,H,擴充包「變幻假面」,SV6,toi8,由於牠脫落下來的羽毛<br/>能夠製成劍，因此作為<br/>家徽的圖案也很有人氣。,盔甲鳥,,B,13.00,Base:5.0|Meta:0.0|Exp:3.0|Func:0.0|Syn:2.0|Eff:0.0|Dmg:3.0|Mod:1.00,無,競技場效果
盔甲鳥,基礎,11960,https://asia.pokemon-card.com/hk/card-img/hk00011960.png,寶可夢,110,Metal,,,鋼翼,"Metal,Colorless",50,在下個對手的回合，這隻寶可夢受到招式的傷害「-30」點。,,,,,,Lightning,,Fighting,1,34,normal,H,強化擴充包「樂園騰龍」,SV7a,kawayoo,由於脫落的羽毛又薄<br/>又銳利，據說以前曾<br/>被當成劍來使用。,盔甲鳥,,B,11.00,Base:5.0|Meta:0.0|Exp:3.0|Func:2.0|Syn:0.0|Eff:0.0|Dmg:1.0|Mod:1.00,其他效果,無
藏瑪然特,基礎,13427,https://asia.pokemon-card.com/hk/card-img/hk00013427.png,寶可夢,130,Metal,,,強大猛擊,"Metal,Metal,Colorless",70,在下個對手的回合，這隻寶可夢受到招式的傷害時，將與受到的傷害相同數值的傷害指示物，放置於使用招式的寶可夢身上。,,,,,,Fire,,Grass,2,75,normal,I,擴充包「火箭隊的榮耀」,SV10,Mitsuhiro Arita,能夠反彈一切的攻擊，<br/> 因此被稱為格鬥王之盾，<br/> 受到人們的畏懼與尊崇。,藏瑪然特,,B,12.00,Base:5.0|Meta:0.0|Exp:3.0|Func:2.0|Syn:0.0|Eff:0.0|Dmg:2.0|Mod:1.00,傷害指示物,無
<火箭隊的>小拉達,基礎,13428,https://asia.pokemon-card.com/hk/card-img/hk00013428.png,寶可夢,50,Colorless,,,險惡門牙,Colorless,10,將對手的戰鬥寶可夢【中毒】。,,,,,,Fighting,,,1,76,normal,I,擴充包「火箭隊的榮耀」,SV10,Dsuke,雖然是常見的寶可夢，但還是要小心。<br/><br/>銳利的門牙十分堅硬，<br/><br/>就連木材也能輕易咬斷。,<火箭隊的>小拉達,,C+,10.00,Base:5.0|Meta:0.0|Exp:3.0|Func:2.0|Syn:0.0|Eff:0.0|Dmg:0.0|Mod:1.00,狀態異常,無
<火箭隊的>拉達,1階進化,13429,https://asia.pokemon-card.com/hk/card-img/hk00013429.png,寶可夢,90,Colorless,,,顧前不顧後,Colorless,90,擲2次硬幣，若全部為反面，則這隻寶可夢也受到90點傷害。,,,,,,Fighting,,,1,77,normal,I,擴充包「火箭隊的榮耀」,SV10,Uninori,鬍鬚是用來保持平衡的重要器官。<br/><br/>就算感情再好，如果摸了牠的鬍鬚，<br/><br/>牠都會生氣地咬過來。,<火箭隊的>拉達,,B+,15.00,Base:5.0|Meta:0.0|Exp:3.0|Func:0.0|Syn:4.0|Eff:0.0|Dmg:3.0|Mod:1.00,"反噬傷害, 條件傷害, 硬幣判定",無
<火箭隊的>喵喵,基礎,13430,https://asia.pokemon-card.com/hk/card-img/hk00013430.png,寶可夢,70,Colorless,,,占為己有,Colorless,,在不看正面的情況下，從對手的手牌選擇1張，查看那張卡的正面後放回對手的牌庫並重洗。,亂抓,"Colorless,Colorless",20×,擲3次硬幣，造成正面出現的次數×20點傷害。,,Fighting,,,1,78,normal,I,擴充包「火箭隊的榮耀」,SV10,Megumi Mizutani,白天一直都在睡覺。<br/>到了晚上眼睛就會發光，<br/>在自己的地盤徘徊。,<火箭隊的>喵喵,,B+,14.00,Base:5.0|Meta:0.0|Exp:3.0|Func:4.0|Syn:0.0|Eff:0.0|Dmg:2.0|Mod:1.00,"傷害效果, 搜索效果, 硬幣判定",無
<火箭隊的>貓老大ex,1階進化,13431,https://asia.pokemon-card.com/hk/card-img/hk00013431.png,寶可夢,260,Colorless,,,高傲指令,"Colorless,Colorless",,將對手的牌庫上方10張卡翻到正面。若希望，選擇1個其中的寶可夢持有的招式，作為這個招式使用。將翻到正面的卡放回牌庫並重洗。,殘酷斬,"Colorless,Colorless,Colorless",140,將對手的戰鬥寶可夢【混亂】。,,Fighting,,,2,79,normal,I,擴充包「火箭隊的榮耀」,SV10,5ban Graphics,,<火箭隊的>貓老大ex,ex,A,17.00,Base:5.0|Meta:0.0|Exp:3.0|Func:3.0|Syn:2.0|Eff:0.0|Dmg:4.0|Mod:1.00,"招式複製, 招式複製對手, 搜索效果, 狀態異常",無
袋獸,基礎,13432,https://asia.pokemon-card.com/hk/card-img/hk00013432.png,寶可夢,120,Colorless,,,重摑,"Colorless,Colorless",50,,迷昏拳,"Colorless,Colorless,Colorless",90×,擲2次硬幣，造成正面出現的次數×90點傷害。,,Fighting,,,2,80,normal,I,擴充包「火箭隊的榮耀」,SV10,Sanosuke Sakuma,紀錄中記載著，<br/>曾經有沒孩子的袋獸<br/>養育了遇難的人類孩子。,袋獸,,B+,14.00,Base:5.0|Meta:0.0|Exp:3.0|Func:0.0|Syn:0.0|Eff:0.0|Dmg:6.0|Mod:1.00,"傷害效果, 硬幣判定",無
袋獸,基礎,13835,https://asia.pokemon-card.com/hk/card-img/hk00013835.png,寶可夢,130,Colorless,,,呼朋引伴,Colorless,,從自己的牌庫選擇1張【基礎】寶可夢卡，放置於備戰區。並且重洗牌庫。,百萬噸重拳,"Colorless,Colorless,Colorless",100,,,Fighting,,,2,11,normal,H,ex初階牌組 噴火龍,SVQL,Uta,腹部的袋子裡裝著孩子，<br/>但是步法非常輕盈。<br/>會用高速的刺拳威嚇對手。,袋獸,,B,12.00,Base:5.0|Meta:0.0|Exp:2.0|Func:2.0|Syn:0.0|Eff:0.0|Dmg:3.0|Mod:1.00,搜索效果,放置效果
<火箭隊的>多邊獸,基礎,13433,https://asia.pokemon-card.com/hk/card-img/hk00013433.png,寶可夢,60,Colorless,,,駭客攻擊,Colorless,,選擇1張自己的手牌，將其丟棄。然後，對手選擇1張對手自己的手牌，將其丟棄。,,,,,,Fighting,,,1,81,normal,I,擴充包「火箭隊的榮耀」,SV10,Oswaldo KATO,人工創造的寶可夢。<br/>沒有呼吸，因此被期待在<br/>任何地方都能大展身手。,<火箭隊的>多邊獸,,C+,10.00,Base:5.0|Meta:0.0|Exp:3.0|Func:2.0|Syn:0.0|Eff:0.0|Dmg:0.0|Mod:1.00,無,丟棄效果
<火箭隊的>多邊獸Ⅱ,1階進化,13434,https://asia.pokemon-card.com/hk/card-img/hk00013434.png,寶可夢,90,Colorless,,,R指令,"Colorless,Colorless,Colorless",20×,造成自己的棄牌區的，名稱中有「火箭隊」的支援者卡的張數×20點傷害。,,,,,,Fighting,,,1,82,normal,I,擴充包「火箭隊的榮耀」,SV10,Takeshi Nakamura,利用最新科技進化的<br/>人工寶可夢。有時會<br/>表現出程式裡沒有的反應。,<火箭隊的>多邊獸Ⅱ,,C+,9.00,Base:5.0|Meta:0.0|Exp:3.0|Func:0.0|Syn:0.0|Eff:0.0|Dmg:1.0|Mod:1.00,"傷害效果, 棄牌區傷害加成",無
<火箭隊的>多邊獸Ｚ,2階進化,13435,https://asia.pokemon-card.com/hk/card-img/hk00013435.png,寶可夢,140,Colorless,再構築,在自己的回合，若將自己的2張手牌丟棄，則可使用1次。從自己的牌庫抽出1張卡。,R指令,"Colorless,Colorless",20×,造成自己的棄牌區的，名稱中有「火箭隊」的支援者卡的張數×20點傷害。,,,,,,Fighting,,,1,83,normal,I,擴充包「火箭隊的榮耀」,SV10,Anesaki Dynamic,以成為更優秀的寶可夢為目標<br/>所新追加的程式好像狀況不佳，<br/>使得動作變得很奇怪。,<火箭隊的>多邊獸Ｚ,,B,12.00,Base:5.0|Meta:0.0|Exp:3.0|Func:3.0|Syn:0.0|Eff:0.0|Dmg:1.0|Mod:1.00,"傷害效果, 抽卡效果, 搜索效果, 棄牌區傷害加成",無
傲骨燕,基礎,13436,https://asia.pokemon-card.com/hk/card-img/hk00013436.png,寶可夢,60,Colorless,,,翅膀攻擊,Colorless,20,,,,,,,Lightning,,Fighting,1,84,normal,I,擴充包「火箭隊的榮耀」,SV10,Ayako Ozaki,不擅長應付寒冷的季節。<br/>為了尋找溫暖的地帶，<br/>會１天飛上３００公里的距離。,傲骨燕 → 大王燕,,C,8.00,Base:5.0|Meta:0.0|Exp:3.0|Func:0.0|Syn:0.0|Eff:0.0|Dmg:0.0|Mod:1.00,無,無
大王燕,1階進化,13437,https://asia.pokemon-card.com/hk/card-img/hk00013437.png,寶可夢,100,Colorless,,,叼,Colorless,,從自己的牌庫抽出3張卡。,高速之翼,"Colorless,Colorless",70,,,Lightning,,Fighting,0,85,normal,I,擴充包「火箭隊的榮耀」,SV10,Souichirou Gunjima,發現居住在森林裡的獵物時，<br/>會從高空俯衝而下。<br/>用鋒利的爪子捕捉獵物。,傲骨燕 → 大王燕,,B,13.00,Base:5.0|Meta:0.0|Exp:3.0|Func:3.0|Syn:0.0|Eff:0.0|Dmg:2.0|Mod:1.00,"抽卡效果, 搜索效果",無
怒鸚哥,基礎,13438,https://asia.pokemon-card.com/hk/card-img/hk00013438.png,寶可夢,70,Colorless,,,推倒,Colorless,20,若希望，將對手的戰鬥寶可夢與備戰寶可夢互換。[由對手選擇放置於戰鬥場的寶可夢。],,,,,,Lightning,,Fighting,1,86,normal,I,擴充包「火箭隊的榮耀」,SV10,Julie Hang,喜歡棲息在街上。<br/>會以羽毛的顏色組隊，<br/>展開爭奪地盤之戰。,怒鸚哥,,B+,15.00,Base:5.0|Meta:0.0|Exp:3.0|Func:5.0|Syn:2.0|Eff:0.0|Dmg:0.0|Mod:1.00,切換效果,無
怒鸚哥,基礎,8437,https://asia.pokemon-card.com/hk/card-img/hk00008437.png,寶可夢,70,Colorless,,,呼朋引伴,Colorless,,從自己的牌庫選擇最多2張【基礎】寶可夢卡，放置於備戰區。並且重洗牌庫。,飛翔,"Colorless,Colorless",60,擲1次硬幣若為反面，則這個招式失敗。若為正面，則在下個對手的回合，這隻寶可夢不會受到招式的傷害與效果的影響。,,Lightning,,Fighting,1,67,normal,G,擴充包「紫ex」,SV1V,Oswaldo KATO,綠色羽毛的怒鸚哥勢力最為龐大。在覓食時段的<br/>早晨和夜晚會非常吵鬧。,怒鸚哥,,B+,15.00,Base:5.0|Meta:0.0|Exp:2.0|Func:4.0|Syn:2.0|Eff:0.0|Dmg:2.0|Mod:1.00,"傷害防禦, 搜索效果, 效果免疫, 條件失敗, 硬幣判定",放置效果
怒鸚哥,基礎,12731,https://asia.pokemon-card.com/hk/card-img/hk00012731.png,寶可夢,70,Colorless,,,叼,Colorless,,從自己的牌庫抽出2張卡。,巨聲,"Colorless,Colorless",40,,,Lightning,,Fighting,1,123,normal,H,雙ex初階牌組 Generations,SVM,sowsow,綠色羽毛的怒鸚哥勢力<br/>最為龐大。在覓食時段的<br/>早晨和夜晚會非常吵鬧。,怒鸚哥,,B,11.00,Base:5.0|Meta:0.0|Exp:2.0|Func:3.0|Syn:0.0|Eff:0.0|Dmg:1.0|Mod:1.00,"抽卡效果, 搜索效果",無
妮莫的背包,,10274,https://asia.pokemon-card.com/hk/card-img/hk00010274.png,物品卡,,,,,,,,從自己的棄牌區選擇最多2張「妮莫」，在給對手看過後加入手牌。,,,,,,,,,,160,normal,G,高級擴充包「閃色寶藏ex」,SV4a,AYUMI ODASHIMA,,,,B,12.00,Base:7.0|Meta:0.0|Exp:2.0|Func:3.0|Syn:0.0|Eff:0.0|Dmg:0.0|Mod:1.00,搜索效果,無
居民會館,,11182,https://asia.pokemon-card.com/hk/card-img/hk00011182.png,競技場卡,,,,,,,,在每個自己的回合時，可使用1次。在這個回合從手牌使出了支援者卡的玩家，可將自己的所有寶可夢各恢復「10」HP。,,,,,,,,,,65,normal,H,強化擴充包「緋紅薄霧」,SV5a,MARINA Chikazawa,,,,C+,10.00,Base:6.0|Meta:0.0|Exp:2.0|Func:2.0|Syn:0.0|Eff:0.0|Dmg:0.0|Mod:1.00,回復效果,無
帕底亞的夥伴,,12595,https://asia.pokemon-card.com/hk/card-img/hk00012595.png,支援者卡,,,,,,,,從自己的牌庫抽出3張卡。,,,,,,,,,,174,normal,H,高級擴充包「太晶慶典ex」,SV8a,Cona Nitanda,,,,B+,14.00,Base:8.0|Meta:0.0|Exp:3.0|Func:3.0|Syn:0.0|Eff:0.0|Dmg:0.0|Mod:1.00,"抽卡效果, 搜索效果",無
帕底亞的學生,,10292,https://asia.pokemon-card.com/hk/card-img/hk00010292.png,支援者卡,,,,,,,,從自己的牌庫選擇1張寶可夢卡（「擁有規則的寶可夢」除外），在給對手看過後加入手牌。並且重洗牌庫。可加入手牌的寶可夢卡的張數增加與自己的棄牌區的「帕底亞的學生」（這張卡除外）的張數相同數量。,,,,,,,,,,178,normal,G,高級擴充包「閃色寶藏ex」,SV4a,Cona Nitanda,,,,B+,14.00,Base:8.0|Meta:0.0|Exp:2.0|Func:4.0|Syn:0.0|Eff:0.0|Dmg:0.0|Mod:1.00,"抽卡效果, 搜索效果",無
招式學習器機,,12419,https://asia.pokemon-card.com/hk/card-img/hk00012419.png,物品卡,,,,,,,,從自己的牌庫選擇最多3張名稱中有「招式學習器」的「寶可夢道具」卡，在給對手看過後加入手牌。並且重洗牌庫。,,,,,,,,,,179,promo,H,特典卡 朱&紫,SV,Studio Bora Inc.,,,,B,13.00,Base:7.0|Meta:0.0|Exp:2.0|Func:4.0|Syn:0.0|Eff:0.0|Dmg:0.0|Mod:1.00,"抽卡效果, 搜索效果, 道具移除",無
朋友手冊,,5900,https://asia.pokemon-card.com/hk/card-img/hk00005900.png,物品卡,,,,,,,,從自己的棄牌區抽出2張支援者卡，在給對手看過後放回牌庫並重洗。,,,,在自己的回合時，物品卡可不限張數使用。,,,,,,145,normal,G,G超起始牌組「美夢成真組合篇」,AC2D,Toyste Beach,,,,B+,15.00,Base:7.0|Meta:3.0|Exp:-1.0|Func:6.0|Syn:0.0|Eff:0.0|Dmg:0.0|Mod:1.00,"抽卡效果, 搜索效果, 牌庫操作",無
朋友手冊,,1574,https://asia.pokemon-card.com/hk/card-img/hk00001574.png,物品卡,,,,,,,,從自己的棄牌區選擇最多2張支援者卡，在給對手看過後放回牌庫並重洗。,,,,在自己的回合時，物品卡可不限張數使用。,,,,,,141,normal,G,V起始牌組「無極力量」,SC2D,Ryo Ueda,,,,B,12.00,Base:7.0|Meta:3.0|Exp:-1.0|Func:3.0|Syn:0.0|Eff:0.0|Dmg:0.0|Mod:1.00,"搜索效果, 牌庫操作",無
松葉的信心,,10866,https://asia.pokemon-card.com/hk/card-img/hk00010866.png,支援者卡,,,,,,,,這張卡必須將自己的1張手牌丟棄才可使用。<br/><br/>從自己的牌庫抽出與對手的備戰寶可夢相同數量的卡。,,,,,,,,,,69,normal,H,擴充包「狂野之力」,SV5K,GIDORA,,,,B+,16.00,Base:8.0|Meta:0.0|Exp:2.0|Func:6.0|Syn:0.0|Eff:0.0|Dmg:0.0|Mod:1.00,"抽卡效果, 搜索效果",丟棄效果
枇琶,,10865,https://asia.pokemon-card.com/hk/card-img/hk00010865.png,支援者卡,,,,,,,,查看對手的手牌，從其中選擇最多2張物品卡，將其丟棄。,,,,,,,,,,68,normal,H,擴充包「狂野之力」,SV5K,GOSSAN,,,,B,13.00,Base:8.0|Meta:0.0|Exp:2.0|Func:3.0|Syn:0.0|Eff:0.0|Dmg:0.0|Mod:1.00,"情報收集, 道具移除",丟棄效果
火箭隊能量,,13450,https://asia.pokemon-card.com/hk/card-img/hk00013450.png,特殊能量卡,,,,,,,,這張卡只可附於「火箭隊的寶可夢」身上，若附於「火箭隊的寶可夢」以外的寶可夢身上，則將其丟棄。<br/><br/> <br/><br/>只要這張卡附於寶可夢身上，視為提供2個【超】【惡】2種屬性的能量。,,,,,,,,,,98,normal,I,擴充包「火箭隊的榮耀」,SV10,,,,,B,12.00,Base:5.0|Meta:0.0|Exp:3.0|Func:2.0|Syn:2.0|Eff:0.0|Dmg:0.0|Mod:1.00,特殊能量,無
波琵,,9616,https://asia.pokemon-card.com/hk/card-img/hk00009616.png,支援者卡,,,,,,,,選擇最多2個自己的場上的1隻寶可夢身上附加的能量，改附於自己的另1隻寶可夢身上。,,,,在自己的回合時，支援者卡只可使用1張。,,,,,,105,normal,G,擴充包「黯焰支配者」,SV3,yuu,,,,A,17.00,Base:8.0|Meta:0.0|Exp:2.0|Func:5.0|Syn:2.0|Eff:0.0|Dmg:0.0|Mod:1.00,能量操作,無
藤藤蛇,基礎,14022,https://asia.pokemon-card.com/hk/card-img/hk00014022.png,寶可夢,70,Grass,,,撞擊,Grass,10,,藤鞭,"Grass,Grass",30,,,Fire,,,1,1,normal,I,擴充包「漆黑伏特」,SV11B,Susumu Maeya,智商很高且非常冷靜。<br/>沐浴了充足的陽光後，<br/>動作會變得俐落。,藤藤蛇 → 青藤蛇 → 君主蛇ex,,C+,9.00,Base:5.0|Meta:0.0|Exp:3.0|Func:0.0|Syn:0.0|Eff:0.0|Dmg:1.0|Mod:1.00,無,無
青藤蛇,1階進化,14023,https://asia.pokemon-card.com/hk/card-img/hk00014023.png,寶可夢,100,Grass,,,緊束,Grass,20,擲1次硬幣若為正面，則將對手的戰鬥寶可夢【麻痺】。,藤鞭,"Grass,Colorless,Colorless",60,,,Fire,,,1,2,normal,I,擴充包「漆黑伏特」,SV11B,Susumu Maeya,如滑行般地在地面前進。<br/>先用敏捷的動作使對手迷惑，<br/>再用藤鞭加以解決。,藤藤蛇 → 青藤蛇 → 君主蛇ex,,B+,14.00,Base:5.0|Meta:0.0|Exp:3.0|Func:2.0|Syn:2.0|Eff:0.0|Dmg:2.0|Mod:1.00,"狀態異常, 硬幣判定",無
君主蛇ex,2階進化,13700,https://asia.pokemon-card.com/hk/card-img/hk00013700.png,寶可夢,320,Grass,皇家聲援,只要這隻寶可夢在場上，自己的寶可夢使用的招式，對對手的戰鬥寶可夢造成的傷害「+20」點。,青草命令,"Grass,Colorless,Colorless,Colorless",150,若希望，從自己的牌庫任意選擇最多3張卡加入手牌。並且重洗牌庫。,,,,,,Fire,,,2,3,normal,I,擴充包「漆黑伏特」,SV11B,PLANETA Igarashi,,藤藤蛇 → 青藤蛇 → 君主蛇ex,ex,A,19.00,Base:5.0|Meta:0.0|Exp:3.0|Func:4.0|Syn:2.0|Eff:0.0|Dmg:5.0|Mod:1.00,"傷害效果, 抽卡效果, 搜索效果",無
花椰猴,基礎,14025,https://asia.pokemon-card.com/hk/card-img/hk00014025.png,寶可夢,70,Grass,,,呼喚,Colorless,,從自己的牌庫抽出1張卡。,抓,"Colorless,Colorless",30,,,Fire,,,1,4,normal,I,擴充包「漆黑伏特」,SV11B,kurumitsu,生活在蒼鬱森林中的寶可夢。<br/>吃下從牠頭上長出的葉子，<br/>疲勞就會轉眼間煙消雲散。,花椰猴 → 花椰猿,,B,12.00,Base:5.0|Meta:0.0|Exp:3.0|Func:3.0|Syn:0.0|Eff:0.0|Dmg:1.0|Mod:1.00,"抽卡效果, 搜索效果",無
花椰猴,基礎,9959,https://asia.pokemon-card.com/hk/card-img/hk00009959.png,寶可夢,70,Grass,,,呼朋引伴,Colorless,,從自己的牌庫選擇1張【基礎】寶可夢卡，放置於備戰區。並且重洗牌庫。,寄生種子,"Grass,Colorless,Colorless",30,將這隻寶可夢恢復「10」HP。,,Fire,,,1,1,normal,G,擴充包「古代咆哮」,SV4K,Jerky,擅長尋找樹果，有著四處收集樹果<br/>與夥伴分享的體貼之心。,花椰猴 → 花椰猿,,B,12.00,Base:5.0|Meta:0.0|Exp:2.0|Func:4.0|Syn:0.0|Eff:0.0|Dmg:1.0|Mod:1.00,"回復效果, 搜索效果",放置效果
花椰猿,1階進化,14026,https://asia.pokemon-card.com/hk/card-img/hk00014026.png,寶可夢,100,Grass,,,重摑,"Colorless,Colorless",70,,,,,,,Fire,,,1,5,normal,I,擴充包「漆黑伏特」,SV11B,kurumitsu,性情凶暴，會猛烈地<br/>揮舞帶刺的尾巴戰鬥。<br/>頭上的葉子非常苦。,花椰猴 → 花椰猿,,C+,10.00,Base:5.0|Meta:0.0|Exp:3.0|Func:0.0|Syn:0.0|Eff:0.0|Dmg:2.0|Mod:1.00,無,無
花椰猿,1階進化,9960,https://asia.pokemon-card.com/hk/card-img/hk00009960.png,寶可夢,100,Grass,三猴行,若自己的場上有「花椰猿」「爆香猿」「冷水猿」，則這隻寶可夢使用招式所需的【無】能量全部消除。,猛推尖刺,"Grass,Colorless,Colorless",100,在下個對手的回合，這隻寶可夢不會受到擁有特性的寶可夢（「花椰猿」除外）招式的傷害。,,,,,,Fire,,,1,2,normal,G,擴充包「古代咆哮」,SV4K,Kurata So,性情凶暴，會猛烈地揮舞帶刺的尾巴戰鬥。<br/>頭上的葉子非常苦。,花椰猴 → 花椰猿,,B+,14.00,Base:5.0|Meta:0.0|Exp:2.0|Func:4.0|Syn:0.0|Eff:0.0|Dmg:3.0|Mod:1.00,"傷害防禦, 其他效果, 效果免疫",特性效果
百合根娃娃,基礎,14027,https://asia.pokemon-card.com/hk/card-img/hk00014027.png,寶可夢,60,Grass,,,躲藏,Colorless,,擲1次硬幣若為正面，則在下個對手的回合，這隻寶可夢不會受到招式的傷害與效果的影響。,樹葉,Grass,10,,,Fire,,,1,6,normal,I,擴充包「漆黑伏特」,SV11B,mele,頭上的葉子咬起來非常苦，<br/>但是有著緩解身體疲勞，<br/>恢復精神的效果。,百合根娃娃 → 洗翠 裙兒小姐 → 裙兒小姐,,B,12.00,Base:5.0|Meta:0.0|Exp:3.0|Func:2.0|Syn:2.0|Eff:0.0|Dmg:0.0|Mod:1.00,"傷害防禦, 效果免疫, 硬幣判定",無
百合根娃娃,基礎,12615,https://asia.pokemon-card.com/hk/card-img/hk00012615.png,寶可夢,50,Grass,,,綠葉舞步,"Grass,Colorless",30,,,,,,,Fire,,,1,7,normal,H,雙ex初階牌組 Generations,SVM,Shibuzoh.,如果偶爾修剪葉子，<br/>就會長成圓鼓鼓<br/>很華麗的樣子。,百合根娃娃 → 洗翠 裙兒小姐 → 裙兒小姐,,C,8.00,Base:5.0|Meta:0.0|Exp:2.0|Func:0.0|Syn:0.0|Eff:0.0|Dmg:1.0|Mod:1.00,無,無
裙兒小姐,1階進化,14028,https://asia.pokemon-card.com/hk/card-img/hk00014028.png,寶可夢,100,Grass,,,幻惑芳香,Grass,30,擲1次硬幣若為正面，則將對手的戰鬥寶可夢【中毒】與【麻痺】。若為反面，則將對手的戰鬥寶可夢【混亂】。,居合斬,"Grass,Colorless,Colorless",70,,,Fire,,,1,7,normal,I,擴充包「漆黑伏特」,SV11B,mele,即使是資深訓練家<br/>也難以讓牠綻開美麗花朵。<br/>是很受上流社會喜愛的寶可夢。,百合根娃娃 → 洗翠 裙兒小姐 → 裙兒小姐,,B+,14.00,Base:5.0|Meta:0.0|Exp:3.0|Func:2.0|Syn:2.0|Eff:0.0|Dmg:2.0|Mod:1.00,"狀態施加, 狀態異常, 硬幣判定",無
裙兒小姐,1階進化,12616,https://asia.pokemon-card.com/hk/card-img/hk00012616.png,寶可夢,110,Grass,大晴天,只要這隻寶可夢在場上，自己的【草】或者【火】寶可夢使用的招式，對對手的戰鬥寶可夢造成的傷害「+20」點。,迴轉攻擊,"Grass,Colorless,Colorless",60,,,,,,,Fire,,,2,8,normal,H,雙ex初階牌組 Generations,SVM,Jiro Sasumo,無論花多少功夫和金錢，<br/>比起借助人工手段培育出的花，<br/>在野外綻放的花更美。,百合根娃娃 → 洗翠 裙兒小姐 → 裙兒小姐,,B,11.00,Base:5.0|Meta:0.0|Exp:2.0|Func:2.0|Syn:0.0|Eff:0.0|Dmg:2.0|Mod:1.00,傷害效果,無
沙鈴仙人掌,基礎,14029,https://asia.pokemon-card.com/hk/card-img/hk00014029.png,寶可夢,100,Grass,,,活潑針,Grass,20+,在這個回合，若這隻寶可夢恢復了HP，則增加100點傷害。,突刺,"Grass,Colorless",50,,,Fire,,,1,8,normal,I,擴充包「漆黑伏特」,SV11B,mingo,以節奏輕快的舞蹈和聲音<br/>趕走來吃花種子的<br/>天敵鳥寶可夢。,沙鈴仙人掌,,B+,14.00,Base:5.0|Meta:0.0|Exp:3.0|Func:2.0|Syn:2.0|Eff:0.0|Dmg:2.0|Mod:1.00,"回復效果, 條件傷害",無
沙鈴仙人掌,基礎,9961,https://asia.pokemon-card.com/hk/card-img/hk00009961.png,寶可夢,110,Grass,,,雙重抽出,Colorless,,從自己的牌庫抽出2張卡。,飛彈針,"Colorless,Colorless,Colorless",30×,擲4次硬幣，造成正面出現的次數×30點傷害。,,Fire,,,2,3,normal,G,擴充包「古代咆哮」,SV4K,Masako Tomii,一年散播一次種子。花的種子營養十足，<br/>是沙漠中貴重的食糧。,沙鈴仙人掌,,B,13.00,Base:5.0|Meta:0.0|Exp:2.0|Func:3.0|Syn:0.0|Eff:0.0|Dmg:3.0|Mod:1.00,"傷害效果, 抽卡效果, 搜索效果, 硬幣判定",無
沙鈴仙人掌,基礎,13000,https://asia.pokemon-card.com/hk/card-img/hk00013000.png,寶可夢,110,Grass,炸裂針,這隻寶可夢在戰鬥場上受到對手的寶可夢招式的傷害而【昏厥】時，在使用招式的寶可夢身上放置6個傷害指示物。,窮追不捨,Colorless,20,在下個對手的回合，受到這個招式的寶可夢無法撤退。,,,,,,Fire,,,2,6,normal,I,擴充包「對戰搭檔」,SV9,Dsuke,一年散播一次種子。<br/>花的種子營養十足，<br/>是沙漠中貴重的食糧。,沙鈴仙人掌,,C+,10.00,Base:5.0|Meta:0.0|Exp:3.0|Func:2.0|Syn:0.0|Eff:0.0|Dmg:0.0|Mod:1.00,"傷害指示物, 撤退封鎖","撤退效果, 放置效果"
蓋蓋蟲,基礎,14030,https://asia.pokemon-card.com/hk/card-img/hk00014030.png,寶可夢,60,Grass,刺激進化,若自己的場上有「小嘴蝸」，則這隻寶可夢就算在自己的最初回合或者剛使出的回合，也可進化。,角撞,Colorless,10,,,,,,,Fire,,,1,9,normal,I,擴充包「漆黑伏特」,SV11B,DOM,與小嘴蝸在一起時，<br/>如果受到電的刺激，<br/>就會進化的神奇寶可夢。,蓋蓋蟲 → 騎士蝸牛,,B,11.00,Base:5.0|Meta:0.0|Exp:3.0|Func:3.0|Syn:0.0|Eff:0.0|Dmg:0.0|Mod:1.00,進化支援,無
蓋蓋蟲,基礎,13001,https://asia.pokemon-card.com/hk/card-img/hk00013001.png,寶可夢,60,Grass,,,推倒,Colorless,10,將對手的戰鬥寶可夢與備戰寶可夢互換。[由對手選擇放置於戰鬥場的寶可夢。],,,,,,Fire,,,1,7,normal,I,擴充包「對戰搭檔」,SV9,Yuka Morii,用嘴裡吐出的液體<br/>來融化小嘴蝸的殼，<br/>只會去吃裡面的身體。,蓋蓋蟲 → 騎士蝸牛,,B,13.00,Base:5.0|Meta:0.0|Exp:3.0|Func:5.0|Syn:0.0|Eff:0.0|Dmg:0.0|Mod:1.00,切換效果,無
哎呀球菇,基礎,14031,https://asia.pokemon-card.com/hk/card-img/hk00014031.png,寶可夢,50,Grass,,,毒之孢子,Colorless,,將對手的戰鬥寶可夢【中毒】。,,,,,,Fire,,,1,10,normal,I,擴充包「漆黑伏特」,SV11B,Kurata So,用酷似精靈球的花紋<br/>引誘敵人並向其噴出毒孢子。<br/>為什麼和精靈球那麼相似是一個謎。,哎呀球菇 → 敗露球菇 → 敗露球菇ex,,B,13.00,Base:5.0|Meta:0.0|Exp:3.0|Func:2.0|Syn:3.0|Eff:0.0|Dmg:0.0|Mod:1.00,狀態異常,無
哎呀球菇,基礎,8591,https://asia.pokemon-card.com/hk/card-img/hk00008591.png,寶可夢,50,Grass,,,花紋吸睛,Grass,,從自己的牌庫選擇1張【草】屬性的【基礎】寶可夢卡，放置於備戰區。並且重洗牌庫。,敲擊,"Grass,Colorless",20,,,Fire,,,1,2,normal,G,強化擴充包「三連音爆」,SV1a,You Iribi,據說開發精靈球的人很喜歡哎呀球菇，<br/>但不知是真是假。,哎呀球菇 → 敗露球菇 → 敗露球菇ex,,B,12.00,Base:5.0|Meta:0.0|Exp:2.0|Func:2.0|Syn:3.0|Eff:0.0|Dmg:0.0|Mod:1.00,搜索效果,放置效果
哎呀球菇,基礎,12617,https://asia.pokemon-card.com/hk/card-img/hk00012617.png,寶可夢,50,Grass,,,孢子彈,Grass,10,將對手的戰鬥寶可夢【睡眠】。,,,,,,Fire,,,1,9,normal,H,雙ex初階牌組 Generations,SVM,Saboteri,喜歡潮濕的土地。<br/>會噴出有毒的孢子<br/>驅離靠近自己的敵人。,哎呀球菇 → 敗露球菇 → 敗露球菇ex,,B,12.00,Base:5.0|Meta:0.0|Exp:2.0|Func:2.0|Syn:3.0|Eff:0.0|Dmg:0.0|Mod:1.00,狀態異常,無
敗露球菇,1階進化,14032,https://asia.pokemon-card.com/hk/card-img/hk00014032.png,寶可夢,120,Grass,,,險惡回應,Colorless,30+,若對手的戰鬥寶可夢處於特殊狀態，則增加120點傷害。,種子炸彈,"Grass,Colorless",60,,,Fire,,,2,11,normal,I,擴充包「漆黑伏特」,SV11B,Kurata So,緩慢地來回搖晃<br/>雙臂酷似精靈球的菌傘，<br/>跳起引誘獵物的舞蹈。,哎呀球菇 → 敗露球菇 → 敗露球菇ex,,A,17.00,Base:5.0|Meta:0.0|Exp:3.0|Func:2.0|Syn:5.0|Eff:0.0|Dmg:2.0|Mod:1.00,條件傷害,無
敗露球菇,1階進化,8592,https://asia.pokemon-card.com/hk/card-img/hk00008592.png,寶可夢,110,Grass,,,險惡孢子,"Grass,Colorless",60,擲1次硬幣若為正面，則將對手的戰鬥寶可夢【中毒】與【麻痺】。,,,,,,Fire,,,2,3,normal,G,強化擴充包「三連音爆」,SV1a,Nobuhiro Imagawa,小心牠噴出的毒孢子。因為被噴到的地方會長出蘑菇，<br/>形狀像是敗露球菇的菌傘。,哎呀球菇 → 敗露球菇 → 敗露球菇ex,,B+,16.00,Base:5.0|Meta:0.0|Exp:2.0|Func:2.0|Syn:5.0|Eff:0.0|Dmg:2.0|Mod:1.00,"狀態施加, 狀態異常, 硬幣判定",無
燭光靈,基礎,14036,https://asia.pokemon-card.com/hk/card-img/hk00014036.png,寶可夢,60,Fire,,,光照燃燒,Fire,,查看自己的牌庫上方1張卡，回復原樣。若希望，將那張卡丟棄。,,,,,,Water,,,1,15,normal,I,擴充包「漆黑伏特」,SV11B,satoma,燭光靈頭上的燭火<br/>是靠著吸取人與寶可夢的<br/>生命力來燃燒的。,燭光靈 → 燈火幽靈 → 水晶燈火靈,,B,11.00,Base:5.0|Meta:0.0|Exp:3.0|Func:1.0|Syn:2.0|Eff:0.0|Dmg:0.0|Mod:1.00,情報收集,無
燭光靈,基礎,11303,https://asia.pokemon-card.com/hk/card-img/hk00011303.png,寶可夢,60,Fire,,,呼朋引伴,Fire,,從自己的牌庫選擇1張【基礎】寶可夢卡，放置於備戰區。並且重洗牌庫。,火種,"Fire,Colorless",20,,,Water,,,1,19,normal,H,擴充包「變幻假面」,SV6,Saya Tsuruta,點亮頭上的燭火，<br/> 假裝在指引道路。<br/> 但其實是在吸取對方的生命力。,燭光靈 → 燈火幽靈 → 水晶燈火靈,,C+,10.00,Base:5.0|Meta:0.0|Exp:3.0|Func:2.0|Syn:0.0|Eff:0.0|Dmg:0.0|Mod:1.00,搜索效果,放置效果
燭光靈,基礎,9237,https://asia.pokemon-card.com/hk/card-img/hk00009237.png,寶可夢,60,Fire,,,吹火,Fire,10+,擲1次硬幣若為正面，則增加10點傷害。,,,,,,Water,,,1,15,normal,G,ex初階牌組,SVD,Nagomi Nijo,吸取到的靈魂越年輕，頭上的燭光就會<br/>燃燒得越旺越詭異。,燭光靈 → 燈火幽靈 → 水晶燈火靈,,B,11.00,Base:5.0|Meta:0.0|Exp:2.0|Func:0.0|Syn:2.0|Eff:0.0|Dmg:2.0|Mod:1.00,"條件傷害, 硬幣判定",無
燈火幽靈,1階進化,14037,https://asia.pokemon-card.com/hk/card-img/hk00014037.png,寶可夢,80,Fire,,,大字爆炎,Fire,50,選擇1個這隻寶可夢身上附加的能量，將其丟棄。,,,,,,Water,,,1,16,normal,I,擴充包「漆黑伏特」,SV11B,satoma,被視為不吉利的寶可夢讓人害怕。<br/>會在街上徘徊遊蕩，<br/>尋求死者的靈魂。,燭光靈 → 燈火幽靈 → 水晶燈火靈,,B,12.00,Base:5.0|Meta:0.0|Exp:3.0|Func:3.0|Syn:0.0|Eff:0.0|Dmg:1.0|Mod:1.00,能量操作,無
燈火幽靈,1階進化,11304,https://asia.pokemon-card.com/hk/card-img/hk00011304.png,寶可夢,80,Fire,,,火種,Fire,20,,燃燒盡,"Fire,Colorless",60,將這隻寶可夢身上附加的能量卡全部丟棄。,,Water,,,1,20,normal,H,擴充包「變幻假面」,SV6,Rond,吸取靈魂來點亮燈火。<br/> 為了等待人類死去，<br/> 而在醫院裡徘徊遊蕩。,燭光靈 → 燈火幽靈 → 水晶燈火靈,,B+,15.00,Base:5.0|Meta:0.0|Exp:3.0|Func:3.0|Syn:2.0|Eff:0.0|Dmg:2.0|Mod:1.00,能量操作,無
水晶燈火靈,2階進化,14038,https://asia.pokemon-card.com/hk/card-img/hk00014038.png,寶可夢,150,Fire,,,濺射火柱,Fire,50+,若自己的棄牌區有「基本【火】能量」卡10張以上，則增加100點傷害。,燃燒盡,"Fire,Fire",180,將這隻寶可夢身上附加的能量卡全部丟棄。,,Water,,,2,17,normal,I,擴充包「漆黑伏特」,SV11B,satoma,會吸走並燃燒掉靈魂。<br/>透過搖晃手臂的火焰<br/>讓對手陷入催眠狀態。,燭光靈 → 燈火幽靈 → 水晶燈火靈,,A+,20.00,Base:5.0|Meta:0.0|Exp:3.0|Func:3.0|Syn:4.0|Eff:0.0|Dmg:5.0|Mod:1.00,"條件傷害, 棄牌區傷害加成, 能量操作",無
水晶燈火靈,2階進化,11305,https://asia.pokemon-card.com/hk/card-img/hk00011305.png,寶可夢,130,Fire,勸誘亮光,在自己的回合時可使用1次。雙方玩家各從牌庫抽出1張卡。,意志統治者,Fire,30×,造成對手的手牌的張數×30點傷害。,,,,,,Water,,,2,21,normal,H,擴充包「變幻假面」,SV6,saino misaki,會吸走並燃燒掉靈魂。<br/> 透過搖晃手臂的火焰<br/> 讓對手陷入催眠狀態。,燭光靈 → 燈火幽靈 → 水晶燈火靈,,B+,15.00,Base:5.0|Meta:0.0|Exp:3.0|Func:5.0|Syn:0.0|Eff:0.0|Dmg:2.0|Mod:1.00,"傷害效果, 抽卡效果, 搜索效果, 棄牌區傷害加成",無
水晶燈火靈,2階進化,9239,https://asia.pokemon-card.com/hk/card-img/hk00009239.png,寶可夢,150,Fire,,,連鎖燃燒,Fire,10+,增加對手的戰鬥寶可夢身上附加的能量的數量×50點傷害。,高溫爆破,"Fire,Colorless,Colorless",150,,,Water,,,2,17,normal,G,ex初階牌組,SVD,Haru Akasaka,據說在用水晶燈火靈來充當照明設備的房子裡，<br/>喪事會接連不斷。,燭光靈 → 燈火幽靈 → 水晶燈火靈,,A,17.00,Base:5.0|Meta:0.0|Exp:2.0|Func:5.0|Syn:0.0|Eff:0.0|Dmg:5.0|Mod:1.00,"備戰傷害加成, 能量操作",無
燃燒蟲,基礎,14039,https://asia.pokemon-card.com/hk/card-img/hk00014039.png,寶可夢,60,Fire,,,啄落,Colorless,10,在造成傷害前，將對手的戰鬥寶可夢身上附加的「寶可夢道具」卡丟棄。,,,,,,Water,,,1,18,normal,I,擴充包「漆黑伏特」,SV11B,mashu,長久以來被相信是從<br/>太陽裡誕生的寶可夢。<br/>進化時全身會被火焰包覆。,燃燒蟲 → 火神蛾 → 火神蛾GX,,B,11.00,Base:5.0|Meta:0.0|Exp:3.0|Func:3.0|Syn:0.0|Eff:0.0|Dmg:0.0|Mod:1.00,傷害效果,丟棄效果
燃燒蟲,基礎,8601,https://asia.pokemon-card.com/hk/card-img/hk00008601.png,寶可夢,80,Fire,,,火焰,Fire,10,,猛撞,"Fire,Colorless",40,這隻寶可夢也受到10點傷害。,,Water,,,2,12,normal,G,強化擴充包「三連音爆」,SV1a,Yuka Morii,過去被稱為盜日幼蟲。從角噴出來的火焰，<br/>就連鐵板都能燒斷。,燃燒蟲 → 火神蛾 → 火神蛾GX,,C,8.00,Base:5.0|Meta:0.0|Exp:2.0|Func:0.0|Syn:0.0|Eff:0.0|Dmg:1.0|Mod:1.00,反噬傷害,無
火神蛾,1階進化,14040,https://asia.pokemon-card.com/hk/card-img/hk00014040.png,寶可夢,120,Fire,熱浪鱗粉,在自己的回合，若從自己的手牌將1張「基本【火】能量」卡丟棄，則可使用1次。將對手的戰鬥寶可夢【灼傷】。,火焰之翼,"Fire,Colorless,Colorless",70,,,,,,,Water,,,1,19,normal,I,擴充包「漆黑伏特」,SV11B,mashu,據說地表因火山灰而<br/>陷入一片黑暗時，<br/>火神蛾的火焰代替了太陽。,燃燒蟲 → 火神蛾 → 火神蛾GX,,B+,14.00,Base:5.0|Meta:0.0|Exp:3.0|Func:4.0|Syn:0.0|Eff:0.0|Dmg:2.0|Mod:1.00,狀態施加,丟棄效果
火神蛾,1階進化,8602,https://asia.pokemon-card.com/hk/card-img/hk00008602.png,寶可夢,140,Fire,,,火焰纏身,Fire,30,從自己的棄牌區選擇1張「基本【火】能量」卡，附於這隻寶可夢身上。,高溫爆破,"Fire,Fire,Colorless",130,,,Water,,,2,13,normal,G,強化擴充包「三連音爆」,SV1a,Yukiko Baba,燃燒的身體在炎熱之地備受嫌棄，但在寒冷之地<br/>卻被信奉為太陽的化身。,燃燒蟲 → 火神蛾 → 火神蛾GX,,B,13.00,Base:5.0|Meta:0.0|Exp:2.0|Func:2.0|Syn:0.0|Eff:0.0|Dmg:4.0|Mod:1.00,搜索效果,無
火神蛾,1階進化,12090,https://asia.pokemon-card.com/hk/card-img/hk00012090.png,寶可夢,140,Fire,,,吸血,Colorless,30,將這隻寶可夢恢復對對手的戰鬥寶可夢造成的傷害相同數值的HP。,怒濤羽擊,"Fire,Colorless,Colorless",150,這隻寶可夢也受到50點傷害。,,Water,,,2,14,normal,H,擴充包「超電突圍」,SV8,matazo,會朝四周灑出火焰鱗粉。<br/>最危險的不是高溫，<br/>而是會耗盡周圍的氧氣。,燃燒蟲 → 火神蛾 → 火神蛾GX,,A,17.00,Base:5.0|Meta:0.0|Exp:3.0|Func:4.0|Syn:0.0|Eff:0.0|Dmg:5.0|Mod:1.00,"傷害效果, 反噬傷害, 回復效果",無
冷水猴,基礎,14041,https://asia.pokemon-card.com/hk/card-img/hk00014041.png,寶可夢,70,Water,,,呼喚,Colorless,,從自己的牌庫抽出1張卡。,抓,"Colorless,Colorless",30,,,Lightning,,,1,20,normal,I,擴充包「漆黑伏特」,SV11B,Makura Tami,頭上的毛髮叢裡儲藏的水<br/>充滿營養。如果拿來灌溉，<br/>植物就會茁壯成長。,冷水猴 → 冷水猿,,B,12.00,Base:5.0|Meta:0.0|Exp:3.0|Func:3.0|Syn:0.0|Eff:0.0|Dmg:1.0|Mod:1.00,"抽卡效果, 搜索效果",無
冷水猴,基礎,10039,https://asia.pokemon-card.com/hk/card-img/hk00010039.png,寶可夢,70,Water,,,呼朋引伴,Colorless,,從自己的牌庫選擇1張【基礎】寶可夢卡，放置於備戰區。並且重洗牌庫。,水之波動,"Water,Colorless,Colorless",30,將對手的戰鬥寶可夢【睡眠】。,,Lightning,,,1,15,normal,G,擴充包「未來閃光」,SV4M,Natsumi Yoshida,頭上的毛髮叢裡儲藏的水充滿營養。如果拿來灌溉，植物就會茁壯成長。,冷水猴 → 冷水猿,,B,12.00,Base:5.0|Meta:0.0|Exp:2.0|Func:4.0|Syn:0.0|Eff:0.0|Dmg:1.0|Mod:1.00,"搜索效果, 狀態異常",放置效果
冷水猿,1階進化,14042,https://asia.pokemon-card.com/hk/card-img/hk00014042.png,寶可夢,100,Water,,,重摑,"Colorless,Colorless",70,,,,,,,Lightning,,,1,21,normal,I,擴充包「漆黑伏特」,SV11B,Makura Tami,會把水儲藏在頭上的毛髮叢裡。<br/>當蓄水量減少時，<br/>就會從尾巴吸取水來補給。,冷水猴 → 冷水猿,,C+,10.00,Base:5.0|Meta:0.0|Exp:3.0|Func:0.0|Syn:0.0|Eff:0.0|Dmg:2.0|Mod:1.00,無,無
冷水猿,1階進化,10040,https://asia.pokemon-card.com/hk/card-img/hk00010040.png,寶可夢,100,Water,三猴行,若自己的場上有「花椰猿」「爆香猿」「冷水猿」，則這隻寶可夢使用招式所需的【無】能量全部消除。,鋪天蓋地,"Water,Colorless,Colorless",50,對手的所有備戰寶可夢也各受到30點傷害。<br/>[在備戰區不計算弱點・抵抗力。],,,,,,Lightning,,,1,16,normal,G,擴充包「未來閃光」,SV4M,nagimiso,喜歡水質乾淨的地方。頭上儲存的水如果減少，就會從尾巴吸取水來補給。,冷水猴 → 冷水猿,,B,13.00,Base:5.0|Meta:0.0|Exp:2.0|Func:5.0|Syn:0.0|Eff:0.0|Dmg:1.0|Mod:1.00,"其他效果, 連鎖傷害",無
圓蝌蚪,基礎,14043,https://asia.pokemon-card.com/hk/card-img/hk00014043.png,寶可夢,60,Water,,,輪唱,"Colorless,Colorless",20×,造成自己的場上的，持有「輪唱」招式的寶可夢的數量×20點傷害。,,,,,,Lightning,,,1,22,normal,I,擴充包「漆黑伏特」,SV11B,Yukihiro Tada,藉著讓臉頰振動<br/>發出高昂的警告聲，<br/>通知夥伴危險逼近。,圓蝌蚪 → 藍蟾蜍 → 蟾蜍王,,B,11.00,Base:5.0|Meta:0.0|Exp:3.0|Func:0.0|Syn:2.0|Eff:0.0|Dmg:1.0|Mod:1.00,"備戰傷害加成, 傷害效果",無
圓蝌蚪,基礎,9534,https://asia.pokemon-card.com/hk/card-img/hk00009534.png,寶可夢,70,Water,,,螺旋尾,Water,10,擲1次硬幣若為正面，則選擇1個對手的戰鬥寶可夢身上附加的能量，將其丟棄。,,,,,,Lightning,,,1,23,normal,G,擴充包「黯焰支配者」,SV3,OKUBO,透過音波來聯繫夥伴。人類和其他寶可夢都聽不見牠發出的警告聲。,圓蝌蚪 → 藍蟾蜍 → 蟾蜍王,,B+,14.00,Base:5.0|Meta:0.0|Exp:2.0|Func:5.0|Syn:2.0|Eff:0.0|Dmg:0.0|Mod:1.00,"硬幣判定, 能量操作",丟棄效果
藍蟾蜍,1階進化,14044,https://asia.pokemon-card.com/hk/card-img/hk00014044.png,寶可夢,90,Water,,,輪唱,"Colorless,Colorless",40×,造成自己的場上的，持有「輪唱」招式的寶可夢的數量×40點傷害。,飛濺,"Water,Colorless,Colorless",60,,,Lightning,,,2,23,normal,I,擴充包「漆黑伏特」,SV11B,Yukihiro Tada,如果讓頭上的瘤振動，<br/>不僅水中會泛起波浪，<br/>就連地面也會如地震般搖晃。,圓蝌蚪 → 藍蟾蜍 → 蟾蜍王,,B,12.00,Base:5.0|Meta:0.0|Exp:3.0|Func:0.0|Syn:2.0|Eff:0.0|Dmg:2.0|Mod:1.00,"備戰傷害加成, 傷害效果",無
藍蟾蜍,1階進化,9535,https://asia.pokemon-card.com/hk/card-img/hk00009535.png,寶可夢,100,Water,,,潑水,"Water,Water",50,,,,,,,Lightning,,,2,24,normal,G,擴充包「黯焰支配者」,SV3,sowsow,有時也會發出悅耳的叫聲。身上突起物越大的藍蟾蜍越能以更廣的音域來鳴叫。,圓蝌蚪 → 藍蟾蜍 → 蟾蜍王,,C,8.00,Base:5.0|Meta:0.0|Exp:2.0|Func:0.0|Syn:0.0|Eff:0.0|Dmg:1.0|Mod:1.00,無,無
蟾蜍王,2階進化,14045,https://asia.pokemon-card.com/hk/card-img/hk00014045.png,寶可夢,170,Water,,,輪唱,"Colorless,Colorless,Colorless",70×,造成自己的場上的，持有「輪唱」招式的寶可夢的數量×70點傷害。,巨聲,"Water,Colorless,Colorless,Colorless",160,,,Lightning,,,3,24,normal,I,擴充包「漆黑伏特」,SV11B,Yukihiro Tada,從頭部的瘤噴出<br/>能使神經麻痺的液體。<br/>以振動來折磨對手。,圓蝌蚪 → 藍蟾蜍 → 蟾蜍王,,B+,15.00,Base:5.0|Meta:0.0|Exp:3.0|Func:0.0|Syn:2.0|Eff:0.0|Dmg:5.0|Mod:1.00,"備戰傷害加成, 傷害效果",無
蟾蜍王,2階進化,9536,https://asia.pokemon-card.com/hk/card-img/hk00009536.png,寶可夢,170,Water,抖抖地帶,只要這隻寶可夢在戰鬥場上，對手的戰鬥寶可夢使用招式所需的能量增加1個【無】能量。,回聲,"Water,Water",120,在下個自己的回合，這隻寶可夢「回聲」的傷害「+100」點。,,,,,,Lightning,,,3,25,normal,G,擴充包「黯焰支配者」,SV3,Misa Tsutsui,在老年人之間廣受歡迎。因為他們覺得牠身上的瘤發出的震動拿來按摩剛剛好。,圓蝌蚪 → 藍蟾蜍 → 蟾蜍王,,B+,15.00,Base:5.0|Meta:0.0|Exp:2.0|Func:4.0|Syn:0.0|Eff:0.0|Dmg:4.0|Mod:1.00,"其他效果, 能量需求增加",無
原蓋海龜,1階進化,14046,https://asia.pokemon-card.com/hk/card-img/hk00014046.png,寶可夢,100,Water,,,遠古碎藻,Water,30×,造成對手的棄牌區的物品卡的張數×30點傷害。,衝浪,"Water,Colorless,Colorless",80,,,Lightning,,,3,25,normal,I,擴充包「漆黑伏特」,SV11B,Gemi,從古代的化石裡復活的寶可夢。<br/>能潛到水深１０００公尺處。,原蓋海龜 → 肋骨海龜GX → 肋骨海龜,,B,12.00,Base:5.0|Meta:0.0|Exp:3.0|Func:2.0|Syn:0.0|Eff:0.0|Dmg:2.0|Mod:1.00,"傷害效果, 棄牌區傷害加成",無
原蓋海龜,1階進化,11813,https://asia.pokemon-card.com/hk/card-img/hk00011813.png,寶可夢,100,Water,,,飛濺迴轉,"Water,Water",70,將這隻寶可夢與備戰寶可夢互換。,,,,,,Lightning,,,3,22,normal,H,擴充包「星晶奇跡」,SV7,takashi shiraishi,曾經棲息在古代的海洋裡。<br/>雖然只能爬行，但是為了<br/>尋找獵物也會到陸地上來。,原蓋海龜 → 肋骨海龜GX → 肋骨海龜,,B,13.00,Base:5.0|Meta:0.0|Exp:3.0|Func:3.0|Syn:0.0|Eff:0.0|Dmg:2.0|Mod:1.00,切換效果,無
肋骨海龜,2階進化,14047,https://asia.pokemon-card.com/hk/card-img/hk00014047.png,寶可夢,180,Water,全能硬殼,這隻寶可夢不會受到對手的身上附有特殊能量卡的寶可夢招式的傷害與效果的影響。,咬緊,"Water,Colorless,Colorless",150,在下個對手的回合，受到這個招式的寶可夢無法撤退。,,,,,,Lightning,,,3,26,normal,I,擴充包「漆黑伏特」,SV11B,Gemi,在大海與陸地生活。<br/>有著一掌擊穿油輪底部的力量。,原蓋海龜 → 肋骨海龜GX → 肋骨海龜,,A,17.00,Base:5.0|Meta:0.0|Exp:3.0|Func:4.0|Syn:0.0|Eff:0.0|Dmg:5.0|Mod:1.00,"傷害防禦, 撤退封鎖, 效果免疫",撤退效果
肋骨海龜,2階進化,11814,https://asia.pokemon-card.com/hk/card-img/hk00011814.png,寶可夢,160,Water,原始心得,只要這隻寶可夢在場上，自己的寶可夢使用的招式，對對手的戰鬥場的進化寶可夢造成的傷害「+30」點。,水炮粉碎,"Water,Water",150,,,,,,,Lightning,,,3,23,normal,H,擴充包「星晶奇跡」,SV7,LINNE,由於會將獵物的硬殼和骨頭<br/>也都吃得乾乾淨淨一點不剩，<br/>所以牠的甲殼長得又厚又堅硬。,原蓋海龜 → 肋骨海龜GX → 肋骨海龜,,A,18.00,Base:5.0|Meta:0.0|Exp:3.0|Func:5.0|Syn:0.0|Eff:0.0|Dmg:5.0|Mod:1.00,"HP提升, 傷害效果, 進化支援",無
保母曼波,基礎,14048,https://asia.pokemon-card.com/hk/card-img/hk00014048.png,寶可夢,110,Water,溫柔鰭,若這隻寶可夢在戰鬥場上，則在自己的回合時可使用1次。從自己的棄牌區選擇1張HP為「70」以下的【基礎】寶可夢卡，放置於備戰區。,攀瀑,"Water,Colorless,Colorless",70,,,,,,,Lightning,,,1,27,normal,I,擴充包「漆黑伏特」,SV11B,Tika Matsuno,包覆著保母曼波<br/>身體的特殊黏膜<br/>有治癒傷口的效果。,保母曼波,,B,12.00,Base:5.0|Meta:0.0|Exp:3.0|Func:2.0|Syn:0.0|Eff:0.0|Dmg:2.0|Mod:1.00,搜索效果,放置效果
噴嚏熊,基礎,14049,https://asia.pokemon-card.com/hk/card-img/hk00014049.png,寶可夢,70,Water,,,渾身鼻水,Water,10,在下個對手的回合，受到這個招式的寶可夢無法使用招式。,,,,,,Metal,,,2,28,normal,I,擴充包「漆黑伏特」,SV11B,OOYAMA,一旦身體不舒服的時候，<br/>鼻涕就會變得像水一樣稀，<br/>冰屬性招式的威力會降低。,噴嚏熊 → 凍原熊,,C+,10.00,Base:5.0|Meta:0.0|Exp:3.0|Func:2.0|Syn:0.0|Eff:0.0|Dmg:0.0|Mod:1.00,招式鎖定,無
噴嚏熊,基礎,9537,https://asia.pokemon-card.com/hk/card-img/hk00009537.png,寶可夢,70,Water,,,踢飛,Water,10,,打滾,"Water,Colorless",20+,擲1次硬幣若為正面，則增加20點傷害。,,Metal,,,2,26,normal,G,擴充包「黯焰支配者」,SV3,Mizue,經常出現在寒冷地帶的海邊。沒掛著一沱鼻涕的時候，就代表牠可能是生病了。,噴嚏熊 → 凍原熊,,B,11.00,Base:5.0|Meta:0.0|Exp:2.0|Func:0.0|Syn:2.0|Eff:0.0|Dmg:2.0|Mod:1.00,"條件傷害, 硬幣判定",無
凍原熊,1階進化,14050,https://asia.pokemon-card.com/hk/card-img/hk00014050.png,寶可夢,150,Water,,,連續頭錘,Colorless,50×,擲硬幣直到出現反面，造成正面出現的次數×50點傷害。,絕對零度,"Water,Water,Water,Colorless",150,在下個對手的回合，受到這個招式的寶可夢無法使用招式。,,Metal,,,3,29,normal,I,擴充包「漆黑伏特」,SV11B,OOYAMA,能自由地讓吐出的氣息結凍。<br/>擅長游泳，為了捕捉獵物<br/>會在北方的大海游來游去。,噴嚏熊 → 凍原熊,,B+,15.00,Base:5.0|Meta:0.0|Exp:3.0|Func:2.0|Syn:0.0|Eff:0.0|Dmg:5.0|Mod:1.00,"傷害效果, 招式鎖定, 硬幣判定",無
凍原熊,1階進化,9538,https://asia.pokemon-card.com/hk/card-img/hk00009538.png,寶可夢,150,Water,,,冰柱拳,Water,30,,冰霜光芒,"Water,Water,Colorless",170,擲1次硬幣若為反面，則將這隻寶可夢身上附加的能量全部丟棄。,,Metal,,,3,27,normal,G,擴充包「黯焰支配者」,SV3,Misa Tsutsui,性情殘暴的肉食性寶可夢。會吐出寒氣把捕獲的獵物凍結起來保存。,噴嚏熊 → 凍原熊,,A,19.00,Base:5.0|Meta:0.0|Exp:2.0|Func:3.0|Syn:4.0|Eff:0.0|Dmg:5.0|Mod:1.00,"硬幣判定, 能量操作",無
幾何雪花,基礎,14051,https://asia.pokemon-card.com/hk/card-img/hk00014051.png,寶可夢,90,Water,,,拖出,Water,,選擇1隻對手的備戰寶可夢，與戰鬥寶可夢互換。然後，新上場的寶可夢受到20點傷害。,冰柱,Water,30,,,Metal,,,1,30,normal,I,擴充包「漆黑伏特」,SV11B,Kyoko Umemoto,體溫上升就會變成水蒸氣<br/>而消失無蹤。體溫下降後<br/>就會變回原本的冰。,幾何雪花,,B+,14.00,Base:5.0|Meta:0.0|Exp:3.0|Func:5.0|Syn:0.0|Eff:0.0|Dmg:1.0|Mod:1.00,切換效果,無
幾何雪花,基礎,9539,https://asia.pokemon-card.com/hk/card-img/hk00009539.png,寶可夢,90,Water,,,快速凍凝,Colorless,30,若在後攻玩家的最初回合，則將對手的戰鬥寶可夢【麻痺】。,,,,,,Metal,,,1,28,normal,G,擴充包「黯焰支配者」,SV3,kirisAki,會出現在寒冷的季節。據說牠是在雪山死去的寶可夢或人類轉生而來的。,幾何雪花,,B,12.00,Base:5.0|Meta:0.0|Exp:2.0|Func:2.0|Syn:2.0|Eff:0.0|Dmg:1.0|Mod:1.00,狀態異常,無
幾何雪花,基礎,11936,https://asia.pokemon-card.com/hk/card-img/hk00011936.png,寶可夢,90,Water,,,呼喚信號,Water,,從自己的牌庫選擇1張寶可夢卡，在給對手看過後加入手牌。並且重洗牌庫。,冰凍光束,Water,30,擲1次硬幣若為正面，則將對手的戰鬥寶可夢【麻痺】。,,Metal,,,1,10,normal,H,強化擴充包「樂園騰龍」,SV7a,sui,會用冰製的鎖鏈<br/>把對手勒緊之後，<br/>就這樣一口氣凍成冰塊。,幾何雪花,,B+,15.00,Base:5.0|Meta:0.0|Exp:3.0|Func:4.0|Syn:2.0|Eff:0.0|Dmg:1.0|Mod:1.00,"抽卡效果, 搜索效果, 狀態異常, 硬幣判定",無
酋雷姆ex,基礎,13728,https://asia.pokemon-card.com/hk/card-img/hk00013728.png,寶可夢,230,Water,,,劈開,"Colorless,Colorless",50,,雪爆發,"Water,Water,Colorless",130,對手的所有備戰寶可夢，也各受到對手已經獲得的獎賞卡的張數×10點傷害。[在備戰區不計算弱點・抵抗力。],,Metal,,,2,31,normal,I,擴充包「漆黑伏特」,SV11B,N-DESIGN Inc.,,酋雷姆ex,ex,B+,15.00,Base:5.0|Meta:0.0|Exp:3.0|Func:3.0|Syn:0.0|Eff:0.0|Dmg:4.0|Mod:1.00,"棄牌區傷害加成, 獎賞控制, 連鎖傷害",無
電飛鼠,基礎,14053,https://asia.pokemon-card.com/hk/card-img/hk00014053.png,寶可夢,70,Lightning,,,呼朋引伴,Colorless,,從自己的牌庫選擇最多2張【基礎】寶可夢卡，放置於備戰區。並且重洗牌庫。,劈哩啪啦,Lightning,20,,,Fighting,,,0,32,normal,I,擴充包「漆黑伏特」,SV11B,Tomowaka,將臉頰裡的電囊製造出的電<br/>儲藏在膜的內側，<br/>一邊滑翔一邊放電。,電飛鼠,,C+,10.00,Base:5.0|Meta:0.0|Exp:3.0|Func:2.0|Syn:0.0|Eff:0.0|Dmg:0.0|Mod:1.00,搜索效果,放置效果
電飛鼠,基礎,11326,https://asia.pokemon-card.com/hk/card-img/hk00011326.png,寶可夢,60,Lightning,,,天空波,Colorless,10,雙方的所有備戰寶可夢也各受到10點傷害。<br/> [在備戰區不計算弱點・抵抗力。],,,,,,Fighting,,,0,42,normal,H,擴充包「變幻假面」,SV6,Shimaris Yukichi,會一邊放電一邊像是<br/> 在空中跳舞般地飛行。<br/> 雖然可愛，但很難纏。,電飛鼠,,C+,9.00,Base:5.0|Meta:0.0|Exp:3.0|Func:1.0|Syn:0.0|Eff:0.0|Dmg:0.0|Mod:1.00,連鎖傷害,無
麻麻小魚,基礎,14054,https://asia.pokemon-card.com/hk/card-img/hk00014054.png,寶可夢,40,Lightning,,,紋絲不動,Colorless,,將這隻寶可夢恢復「10」HP。,,,,,,Fighting,,,0,33,normal,I,擴充包「漆黑伏特」,SV11B,Jerky,１隻的電力雖小，<br/>但只要多隻麻麻小魚聚集在一起，<br/>威力便可媲美雷電。,麻麻小魚 → 麻麻鰻 → 麻麻鰻魚王,,C+,10.00,Base:5.0|Meta:0.0|Exp:3.0|Func:2.0|Syn:0.0|Eff:0.0|Dmg:0.0|Mod:1.00,回復效果,無
麻麻小魚,基礎,9544,https://asia.pokemon-card.com/hk/card-img/hk00009544.png,寶可夢,40,Lightning,,,劈哩啪啦,Lightning,10,,小伏特,"Lightning,Colorless",30,,,Fighting,,,1,33,normal,G,擴充包「黯焰支配者」,SV3,Kagemaru Himeno,１隻的電力雖小，但只要多隻麻麻小魚聚集在一起，威力便可媲美雷電。,麻麻小魚 → 麻麻鰻 → 麻麻鰻魚王,,C,8.00,Base:5.0|Meta:0.0|Exp:2.0|Func:0.0|Syn:0.0|Eff:0.0|Dmg:1.0|Mod:1.00,無,無
麻麻鰻,1階進化,14055,https://asia.pokemon-card.com/hk/card-img/hk00014055.png,寶可夢,90,Lightning,電氣發電機,在自己的回合時可使用1次。從自己的棄牌區選擇1張「基本【雷】能量」卡，附於備戰寶可夢身上。,雷電球,"Lightning,Lightning,Colorless",50,,,,,,,Fighting,,,2,34,normal,I,擴充包「漆黑伏特」,SV11B,Jerky,圓圓的花紋是發電器官。<br/>會先纏住對手，然後把花紋<br/>壓在對手身上後放出電流。,麻麻小魚 → 麻麻鰻 → 麻麻鰻魚王,,B,12.00,Base:5.0|Meta:0.0|Exp:3.0|Func:3.0|Syn:0.0|Eff:0.0|Dmg:1.0|Mod:1.00,搜索效果,無
麻麻鰻,1階進化,9545,https://asia.pokemon-card.com/hk/card-img/hk00009545.png,寶可夢,90,Lightning,,,衝擊波,Lightning,20,擲1次硬幣若為正面，則將對手的戰鬥寶可夢【麻痺】。,雷電球,"Lightning,Colorless,Colorless",60,,,Fighting,,,2,34,normal,G,擴充包「黯焰支配者」,SV3,Souichirou Gunjima,圓圓的花紋是發電器官。會先纏住對手，然後把花紋壓在對手身上後放出電流。,麻麻小魚 → 麻麻鰻 → 麻麻鰻魚王,,B,13.00,Base:5.0|Meta:0.0|Exp:2.0|Func:2.0|Syn:2.0|Eff:0.0|Dmg:2.0|Mod:1.00,"狀態異常, 硬幣判定",無
麻麻鰻魚王,2階進化,14056,https://asia.pokemon-card.com/hk/card-img/hk00014056.png,寶可夢,160,Lightning,,,雷電牙,Lightning,60,擲1次硬幣若為正面，則將對手的戰鬥寶可夢【麻痺】。,啪啪迴轉,"Lightning,Lightning,Lightning,Colorless",100×,擲4次硬幣，造成正面出現的次數×100點傷害。,,Fighting,,,3,35,normal,I,擴充包「漆黑伏特」,SV11B,Jerky,用手臂的力量從大海裡爬出，<br/>襲擊水邊的獵物。<br/>會瞬間將獵物拖入海中。,麻麻小魚 → 麻麻鰻 → 麻麻鰻魚王,,A+,20.00,Base:5.0|Meta:0.0|Exp:3.0|Func:2.0|Syn:2.0|Eff:0.0|Dmg:8.0|Mod:1.00,"傷害效果, 狀態異常, 硬幣判定",無
麻麻鰻魚王,2階進化,9546,https://asia.pokemon-card.com/hk/card-img/hk00009546.png,寶可夢,160,Lightning,,,吸納衝擊,Lightning,,選擇1隻對手的備戰寶可夢，與戰鬥寶可夢互換。然後，新上場的寶可夢受到60點傷害。擲1次硬幣若為正面，則將那隻寶可夢【麻痺】。,伏特頭擊,"Lightning,Colorless,Colorless",130,,,Fighting,,,3,35,normal,G,擴充包「黯焰支配者」,SV3,Masakazu Fukuda,用手臂的力量從大海裡爬出，襲擊水邊的獵物。會瞬間將獵物拖入海中。,麻麻小魚 → 麻麻鰻 → 麻麻鰻魚王,,A,18.00,Base:5.0|Meta:0.0|Exp:2.0|Func:5.0|Syn:2.0|Eff:0.0|Dmg:4.0|Mod:1.00,"切換效果, 條件傷害, 狀態異常, 硬幣判定",無
雷電雲,基礎,14057,https://asia.pokemon-card.com/hk/card-img/hk00014057.png,寶可夢,120,Lightning,,,充電,Colorless,,從自己的牌庫選擇1張「基本【雷】能量」卡，附於這隻寶可夢身上。並且重洗牌庫。,災難伏特,"Lightning,Colorless,Colorless",110,選擇1個這隻寶可夢身上附加的能量，將其丟棄。,,Fighting,,,1,36,normal,I,擴充包「漆黑伏特」,SV11B,hncl,在雷電雲經過的土地上，<br/>落雷的無數痕跡變成了<br/>焦痕殘留著。,雷電雲,,B+,15.00,Base:5.0|Meta:0.0|Exp:3.0|Func:4.0|Syn:0.0|Eff:0.0|Dmg:3.0|Mod:1.00,"搜索效果, 能量操作",無
雷電雲,基礎,9547,https://asia.pokemon-card.com/hk/card-img/hk00009547.png,寶可夢,110,Lightning,壞天氣,只要這隻寶可夢在戰鬥場上，自己的所有備戰寶可夢不會受到對手的招式的傷害。,巨烈伏特,"Lightning,Lightning",140,這隻寶可夢也受到90點傷害。,,,,,,Fighting,,,2,36,normal,G,擴充包「黯焰支配者」,SV3,GOSSAN,一邊在空中飛來飛去，一邊四處打雷引發森林大火，因此受到厭惡。,雷電雲,,B+,14.00,Base:5.0|Meta:0.0|Exp:2.0|Func:3.0|Syn:0.0|Eff:0.0|Dmg:4.0|Mod:1.00,"傷害防禦, 反噬傷害, 效果免疫",無
捷克羅姆ex,基礎,13734,https://asia.pokemon-card.com/hk/card-img/hk00013734.png,寶可夢,230,Lightning,,,劈開,"Colorless,Colorless",50,,電爆發,"Lightning,Lightning,Colorless",130+,增加對手已經獲得的獎賞卡的張數×50點傷害。這隻寶可夢也受到30點傷害。,,Fighting,,,2,37,normal,I,擴充包「漆黑伏特」,SV11B,takuyoa,,捷克羅姆ex,ex,B+,15.00,Base:5.0|Meta:0.0|Exp:3.0|Func:2.0|Syn:0.0|Eff:0.0|Dmg:5.0|Mod:1.00,"反噬傷害, 棄牌區傷害加成, 獎賞控制",無
食夢夢,基礎,14059,https://asia.pokemon-card.com/hk/card-img/hk00014059.png,寶可夢,70,Psychic,,,睡覺,Colorless,,將這隻寶可夢【睡眠】。將這隻寶可夢恢復「30」HP。,囈語,Psychic,10,,,Darkness,,Fighting,1,38,normal,I,擴充包「漆黑伏特」,SV11B,Eri Kamei,總是飄浮在空中。<br/>要是被食夢夢吃掉了夢，<br/>就會忘記夢的內容。,食夢夢 → 夢夢蝕,,C+,10.00,Base:5.0|Meta:0.0|Exp:3.0|Func:2.0|Syn:0.0|Eff:0.0|Dmg:0.0|Mod:1.00,"回復效果, 狀態異常",無
夢夢蝕,1階進化,14060,https://asia.pokemon-card.com/hk/card-img/hk00014060.png,寶可夢,120,Psychic,,,夢境呼喚,Colorless,,從自己的牌庫選擇任意數量的「真菰」，在給對手看過後加入手牌。並且重洗牌庫。,睡眠波動,Psychic,50,將對手的戰鬥寶可夢【睡眠】。,,Darkness,,Fighting,2,39,normal,I,擴充包「漆黑伏特」,SV11B,Eri Kamei,額頭冒出的煙霧裡，<br/>滿載著許多人類與寶可夢的夢。,食夢夢 → 夢夢蝕,,B,13.00,Base:5.0|Meta:0.0|Exp:3.0|Func:4.0|Syn:0.0|Eff:0.0|Dmg:1.0|Mod:1.00,"抽卡效果, 搜索效果, 狀態異常",無
單卵細胞球,基礎,14061,https://asia.pokemon-card.com/hk/card-img/hk00014061.png,寶可夢,40,Psychic,,,滾動,Colorless,10,,,,,,,Darkness,,Fighting,1,40,normal,I,擴充包「漆黑伏特」,SV11B,LINNE,放出精神力量以擊退來襲的敵人。<br/>會用心靈感應與夥伴交談。,單卵細胞球 → 雙卵細胞球 → 人造細胞卵,,B,11.00,Base:5.0|Meta:0.0|Exp:3.0|Func:0.0|Syn:3.0|Eff:0.0|Dmg:0.0|Mod:1.00,無,無
單卵細胞球,基礎,10827,https://asia.pokemon-card.com/hk/card-img/hk00010827.png,寶可夢,40,Psychic,,,偷襲,Colorless,30,擲1次硬幣若為反面，則這個招式失敗。,,,,,,Darkness,,Fighting,1,30,normal,H,擴充包「狂野之力」,SV5K,Cona Nitanda,透過心靈感應來與夥伴交流。如果受到了強烈的衝擊，<br/>包裹著身體的液體就會漏出來。,單卵細胞球 → 雙卵細胞球 → 人造細胞卵,,B,13.00,Base:5.0|Meta:0.0|Exp:2.0|Func:0.0|Syn:5.0|Eff:0.0|Dmg:1.0|Mod:1.00,"條件失敗, 硬幣判定",無
雙卵細胞球,1階進化,14062,https://asia.pokemon-card.com/hk/card-img/hk00014062.png,寶可夢,70,Psychic,,,細胞進化,Colorless,,從自己的牌庫選擇1張自己的1隻場上寶可夢進化而來的卡，放置於那隻寶可夢身上完成進化。並且重洗牌庫。,噴汁,Colorless,30,,,Darkness,,Fighting,1,41,normal,I,擴充包「漆黑伏特」,SV11B,LINNE,有著一分為二的大腦，<br/>有時候會突然做出不同的舉動。,單卵細胞球 → 雙卵細胞球 → 人造細胞卵,,A+,22.00,Base:5.0|Meta:0.0|Exp:3.0|Func:8.0|Syn:5.0|Eff:0.0|Dmg:1.0|Mod:1.00,"搜索效果, 進化支援",放置效果
雙卵細胞球,1階進化,10828,https://asia.pokemon-card.com/hk/card-img/hk00010828.png,寶可夢,80,Psychic,,,雙重戲法,Colorless,30×,擲2次硬幣，造成正面出現的次數×30點傷害。,,,,,,Darkness,,Fighting,2,31,normal,H,擴充包「狂野之力」,SV5K,mele,據說當牠的２個大腦意見一致時，發出的念力<br/>可以覆蓋方圓１公里的範圍。,單卵細胞球 → 雙卵細胞球 → 人造細胞卵,,B,13.00,Base:5.0|Meta:0.0|Exp:2.0|Func:0.0|Syn:3.0|Eff:0.0|Dmg:3.0|Mod:1.00,"傷害效果, 硬幣判定",無
人造細胞卵,2階進化,14063,https://asia.pokemon-card.com/hk/card-img/hk00014063.png,寶可夢,140,Psychic,,,細胞覺醒,Colorless,,從自己的牌庫，選擇自己的所有備戰寶可夢進化而來的卡各1張，放置於各自身上完成進化。並且重洗牌庫。,進化金勾臂,Colorless,40+,增加自己的場上進化寶可夢的數量×40點傷害。,,Darkness,,Fighting,1,42,normal,I,擴充包「漆黑伏特」,SV11B,LINNE,當人造細胞卵彼此握手時，<br/>大腦就會如網路般連接，<br/>精神力量將得到提升。,單卵細胞球 → 雙卵細胞球 → 人造細胞卵,,A+,22.00,Base:5.0|Meta:0.0|Exp:3.0|Func:9.0|Syn:2.0|Eff:0.0|Dmg:3.0|Mod:1.00,"備戰傷害加成, 搜索效果, 進化支援",無
人造細胞卵,2階進化,10829,https://asia.pokemon-card.com/hk/card-img/hk00010829.png,寶可夢,120,Psychic,,,傳喚之門,Colorless,,查看自己的牌庫上方8張卡，從其中選擇任意數量的寶可夢卡，放置於備戰區。將剩餘卡放回牌庫並重洗。,腦力震動,"Psychic,Colorless",100,將對手的戰鬥寶可夢【混亂】。,,Darkness,,Fighting,2,32,normal,H,擴充包「狂野之力」,SV5K,Gemi,比起使用超能力，牠更喜歡靠著揮動<br/>自傲的手臂來打倒對手。,單卵細胞球 → 雙卵細胞球 → 人造細胞卵,,B+,15.00,Base:5.0|Meta:0.0|Exp:2.0|Func:5.0|Syn:0.0|Eff:0.0|Dmg:3.0|Mod:1.00,"搜索效果, 狀態異常",放置效果
小灰怪,基礎,14064,https://asia.pokemon-card.com/hk/card-img/hk00014064.png,寶可夢,60,Psychic,,,挪動一下,Psychic,,選擇1個對手的場上寶可夢身上附加的能量，改附於對手的其他寶可夢身上。,光束,"Colorless,Colorless,Colorless",40,,,Darkness,,Fighting,1,43,normal,I,擴充包「漆黑伏特」,SV11B,Apios,操控強大的精神力量。<br/>用精神力量緊扭對方的大腦，<br/>引起頭痛。,小灰怪 → 大宇怪,,A,18.00,Base:5.0|Meta:0.0|Exp:3.0|Func:7.0|Syn:2.0|Eff:0.0|Dmg:1.0|Mod:1.00,能量操作,無
小灰怪,基礎,10993,https://asia.pokemon-card.com/hk/card-img/hk00010993.png,寶可夢,60,Psychic,,,躲藏,Psychic,,擲1次硬幣若為正面，則在下個對手的回合，這隻寶可夢不會受到招式的傷害與效果的影響。,,,,,,Darkness,,Fighting,1,6,normal,H,起始組合「未來密勒頓ex」,SVHM,Tomokazu Komiya,當牠站在電視機旁邊時，畫面上會出現奇怪的景色。<br/>據說那是牠的故鄉。,小灰怪 → 大宇怪,,B,11.00,Base:5.0|Meta:0.0|Exp:2.0|Func:2.0|Syn:2.0|Eff:0.0|Dmg:0.0|Mod:1.00,"傷害防禦, 效果免疫, 硬幣判定",無
大宇怪,1階進化,14065,https://asia.pokemon-card.com/hk/card-img/hk00014065.png,寶可夢,90,Psychic,,,冥想,Psychic,,將這隻寶可夢恢復「40」HP。,精神強念,"Colorless,Colorless,Colorless",80+,增加對手的戰鬥寶可夢身上附加的能量的數量×30點傷害。,,Darkness,,Fighting,1,44,normal,I,擴充包「漆黑伏特」,SV11B,Apios,會控制對方的記憶。<br/>似乎是透過讓３色的<br/>手指閃爍來與夥伴交談。,小灰怪 → 大宇怪,,A,19.00,Base:5.0|Meta:0.0|Exp:3.0|Func:7.0|Syn:0.0|Eff:0.0|Dmg:4.0|Mod:1.00,"備戰傷害加成, 回復效果, 能量操作",無
大宇怪,1階進化,10994,https://asia.pokemon-card.com/hk/card-img/hk00010994.png,寶可夢,100,Psychic,,,宇宙律動,Psychic,20×,造成自己的場上寶可夢的數量×20點傷害。,,,,,,Darkness,,Fighting,1,7,normal,H,起始組合「未來密勒頓ex」,SVHM,Shinya Komatsu,如果大宇怪出現在牧場裡，那麼就會有１隻毛毛角羊<br/>在不知不覺間消失。,小灰怪 → 大宇怪,,C+,10.00,Base:5.0|Meta:0.0|Exp:2.0|Func:0.0|Syn:2.0|Eff:0.0|Dmg:1.0|Mod:1.00,"備戰傷害加成, 傷害效果",無
泥偶小人,基礎,14066,https://asia.pokemon-card.com/hk/card-img/hk00014066.png,寶可夢,90,Psychic,,,全力拳,"Colorless,Colorless",60,擲1次硬幣若為反面，則這個招式失敗。,,,,,,Darkness,,Fighting,3,45,normal,I,擴充包「漆黑伏特」,SV11B,Uta,用體內燃燒的能量活動。<br/>但是究竟是什麼樣的能量，<br/>目前仍不清楚。,泥偶小人 → 泥偶巨人,,B,12.00,Base:5.0|Meta:0.0|Exp:3.0|Func:0.0|Syn:2.0|Eff:0.0|Dmg:2.0|Mod:1.00,"條件失敗, 硬幣判定",無
泥偶小人,基礎,10832,https://asia.pokemon-card.com/hk/card-img/hk00010832.png,寶可夢,90,Fighting,,,鐵壁,Fighting,,擲1次硬幣若為正面，則在下個對手的回合，這隻寶可夢不會受到招式的傷害。,出拳,"Colorless,Colorless,Colorless",40,,,Grass,,,3,35,normal,H,擴充包「狂野之力」,SV5K,miki kudo,誕生自黏土的古代寶可夢。不知為何，有一些泥偶小人<br/>會不斷地把大石頭排列起來。,泥偶小人 → 泥偶巨人,,B,12.00,Base:5.0|Meta:0.0|Exp:2.0|Func:2.0|Syn:2.0|Eff:0.0|Dmg:1.0|Mod:1.00,"傷害防禦, 效果免疫, 硬幣判定",無
泥偶巨人,1階進化,14067,https://asia.pokemon-card.com/hk/card-img/hk00014067.png,寶可夢,160,Psychic,,,雙重粉碎,"Colorless,Colorless,Colorless",80×,擲2次硬幣，造成正面出現的次數×80點傷害。,泥偶巨人之錘,"Psychic,Psychic,Colorless,Colorless,Colorless",200,,,Darkness,,Fighting,4,46,normal,I,擴充包「漆黑伏特」,SV11B,Uta,以音速在空中飛行。<br/>如果解開胸口的封印，<br/>能量就會失控。,泥偶小人 → 泥偶巨人,,B+,14.00,Base:5.0|Meta:0.0|Exp:3.0|Func:0.0|Syn:0.0|Eff:0.0|Dmg:6.0|Mod:1.00,"傷害效果, 硬幣判定",無
泥偶巨人,1階進化,10833,https://asia.pokemon-card.com/hk/card-img/hk00010833.png,寶可夢,160,Fighting,,,鐵壁,Fighting,,擲1次硬幣若為正面，則在下個對手的回合，這隻寶可夢不會受到招式的傷害。,鬥志之拳,"Colorless,Colorless,Colorless,Colorless",120+,若對手的戰鬥寶可夢為「寶可夢【ex】・【V】」，則增加120點傷害。,,Grass,,,4,36,normal,H,擴充包「狂野之力」,SV5K,Oku,古代人城堡的牆壁裡那像炮台一樣的底座是為了<br/>讓泥偶巨人發射光束而建的。,泥偶小人 → 泥偶巨人,,B+,16.00,Base:5.0|Meta:0.0|Exp:2.0|Func:2.0|Syn:2.0|Eff:0.0|Dmg:5.0|Mod:1.00,"傷害防禦, 效果免疫, 條件傷害, 硬幣判定",無
美洛耶塔ex,基礎,13744,https://asia.pokemon-card.com/hk/card-img/hk00013744.png,寶可夢,200,Psychic,出道演出,這隻寶可夢在先攻玩家的最初回合也可使用招式。,回聲,Psychic,30,在下個自己的回合，這隻寶可夢「回聲」的傷害「+80」點。,,,,,,Darkness,,Fighting,1,47,normal,I,擴充包「漆黑伏特」,SV11B,5ban Graphics,,美洛耶塔ex,ex,C+,9.00,Base:5.0|Meta:0.0|Exp:3.0|Func:0.0|Syn:0.0|Eff:0.0|Dmg:1.0|Mod:1.00,其他效果,無
螺釘地鼠,基礎,14069,https://asia.pokemon-card.com/hk/card-img/hk00014069.png,寶可夢,70,Fighting,,,擲泥,Fighting,10,,推擊,"Fighting,Fighting",30,,,Grass,,,1,48,normal,I,擴充包「漆黑伏特」,SV11B,OKACHEKE,在地底挖掘前進的速度能達<br/>時速５０公里以上，足以和<br/>在地上行駛的車子並駕齊驅。,螺釘地鼠 → 龍頭地鼠 → 龍頭地鼠ex,,C+,9.00,Base:5.0|Meta:0.0|Exp:3.0|Func:0.0|Syn:0.0|Eff:0.0|Dmg:1.0|Mod:1.00,無,無
螺釘地鼠,基礎,11954,https://asia.pokemon-card.com/hk/card-img/hk00011954.png,寶可夢,70,Fighting,,,掘掘,Colorless,,將對手的牌庫上方1張卡丟棄。,擲泥,Fighting,10,,,Grass,,,2,28,normal,H,強化擴充包「樂園騰龍」,SV7a,Ounishi,只要將兩手的爪子疊在一起，<br/>並高速旋轉身體，<br/>便能以驚人的速度在地底前進。,螺釘地鼠 → 龍頭地鼠 → 龍頭地鼠ex,,C+,10.00,Base:5.0|Meta:0.0|Exp:3.0|Func:2.0|Syn:0.0|Eff:0.0|Dmg:0.0|Mod:1.00,無,丟棄效果
螺釘地鼠,基礎,9283,https://asia.pokemon-card.com/hk/card-img/hk00009283.png,寶可夢,70,Fighting,,,上衝,Colorless,10+,擲1次硬幣若為正面，則增加10點傷害。,,,,,,Grass,,,2,61,normal,G,ex初階牌組,SVD,sowsow,會用爪子在地底挖掘前進。一些農民因為擔心牠會<br/>因此糟蹋蔬菜而討厭牠。,螺釘地鼠 → 龍頭地鼠 → 龍頭地鼠ex,,B,11.00,Base:5.0|Meta:0.0|Exp:2.0|Func:0.0|Syn:2.0|Eff:0.0|Dmg:2.0|Mod:1.00,"條件傷害, 硬幣判定",無
龍頭地鼠ex,1階進化,13746,https://asia.pokemon-card.com/hk/card-img/hk00013746.png,寶可夢,270,Fighting,,,貫通鑽,"Fighting,Fighting",60,對手的身上放置有傷害指示物的1隻備戰寶可夢也受到60點傷害。[在備戰區不計算弱點・抵抗力。],巨岩墜落,"Fighting,Fighting,Fighting",200,這個招式的傷害不計算抵抗力。,,Grass,,,3,49,normal,I,擴充包「漆黑伏特」,SV11B,N-DESIGN Inc.,,螺釘地鼠 → 龍頭地鼠 → 龍頭地鼠ex,ex,A,17.00,Base:5.0|Meta:0.0|Exp:3.0|Func:3.0|Syn:0.0|Eff:0.0|Dmg:6.0|Mod:1.00,"傷害指示物, 無視弱點/效果, 連鎖傷害",放置效果
搬運小匠,基礎,14071,https://asia.pokemon-card.com/hk/card-img/hk00014071.png,寶可夢,70,Fighting,,,踢倒,Fighting,10,,怪力,"Fighting,Colorless,Colorless",50,,,Psychic,,,2,50,normal,I,擴充包「漆黑伏特」,SV11B,Shinya Mizuno,會亂揮木材來戰鬥。如果可以<br/>不費勁地搬起沉重的木材，<br/>就代表牠即將要進化了。,搬運小匠 → 鐵骨土人 → 修建老匠,,C+,9.00,Base:5.0|Meta:0.0|Exp:3.0|Func:0.0|Syn:0.0|Eff:0.0|Dmg:1.0|Mod:1.00,無,無
搬運小匠,基礎,11343,https://asia.pokemon-card.com/hk/card-img/hk00011343.png,寶可夢,80,Fighting,,,全力拳,Fighting,40,擲1次硬幣若為反面，則這個招式失敗。,,,,,,Psychic,,,2,59,normal,H,擴充包「變幻假面」,SV6,Kouki Saitou,會亂揮木材來戰鬥。如果可以<br/> 不費勁地搬起沉重的木材，<br/> 就代表牠即將要進化了。,搬運小匠 → 鐵骨土人 → 修建老匠,,B,11.00,Base:5.0|Meta:0.0|Exp:3.0|Func:0.0|Syn:2.0|Eff:0.0|Dmg:1.0|Mod:1.00,"條件失敗, 硬幣判定",無
鐵骨土人,1階進化,14072,https://asia.pokemon-card.com/hk/card-img/hk00014072.png,寶可夢,100,Fighting,,,踢倒,Fighting,30,,臂錘,"Fighting,Colorless,Colorless",60,將對手的牌庫上方1張卡丟棄。,,Psychic,,,3,51,normal,I,擴充包「漆黑伏特」,SV11B,Shinya Mizuno,身體的肌肉經過完美鍛鍊。<br/>即使是職業摔角手一擁而上<br/>進行攻擊，也能毫髮無傷。,搬運小匠 → 鐵骨土人 → 修建老匠,,B,12.00,Base:5.0|Meta:0.0|Exp:3.0|Func:2.0|Syn:0.0|Eff:0.0|Dmg:2.0|Mod:1.00,無,丟棄效果
修建老匠,2階進化,14073,https://asia.pokemon-card.com/hk/card-img/hk00014073.png,寶可夢,140,Fighting,大師工藝,這隻寶可夢的最大HP，依這隻寶可夢身上附加的【鬥】能量每1個「+40」。,暴動,"Fighting,Colorless,Colorless,Colorless",100+,擲2次硬幣，增加正面出現的次數×50點傷害。,,,,,,Psychic,,,3,52,normal,I,擴充包「漆黑伏特」,SV11B,Shinya Mizuno,製作水泥的技術<br/>被認為是２０００年前<br/>從修建老匠那裡學來的。,搬運小匠 → 鐵骨土人 → 修建老匠,,A,17.00,Base:5.0|Meta:0.0|Exp:3.0|Func:4.0|Syn:0.0|Eff:0.0|Dmg:5.0|Mod:1.00,"HP提升, 硬幣判定, 能量操作",無
修建老匠,2階進化,11345,https://asia.pokemon-card.com/hk/card-img/hk00011345.png,寶可夢,180,Fighting,,,暴走,Fighting,80,將這隻寶可夢【混亂】。,堅毅橫掃,"Fighting,Colorless,Colorless,Colorless",250,若這隻寶可夢處於特殊狀態，則使用這個招式所需的能量就算沒有附於這隻寶可夢身上，這個招式也可使用。,,Psychic,,,3,61,normal,H,擴充包「變幻假面」,SV6,Takeshi Nakamura,能夠不憑蠻力，<br/> 而是巧妙利用離心力<br/> 來揮舞水泥柱使出招式。,搬運小匠 → 鐵骨土人 → 修建老匠,,A,18.00,Base:5.0|Meta:0.0|Exp:3.0|Func:2.0|Syn:2.0|Eff:0.0|Dmg:6.0|Mod:1.00,狀態異常,無
投摔鬼,基礎,14074,https://asia.pokemon-card.com/hk/card-img/hk00014074.png,寶可夢,130,Fighting,,,背負上投,"Fighting,Colorless",120-,減少對手的戰鬥寶可夢【撤退】所需的能量的數量×30點傷害。,,,,,,Psychic,,,2,53,normal,I,擴充包「漆黑伏特」,SV11B,Shin Nagasawa,束緊帶子，力量就會提升。<br/>野生的投摔鬼會編織藤蔓，<br/>做成自己的帶子。,投摔鬼,,B,12.00,Base:5.0|Meta:0.0|Exp:3.0|Func:4.0|Syn:0.0|Eff:0.0|Dmg:0.0|Mod:1.00,"備戰傷害加成, 撤退干擾",撤退效果
石居蟹,基礎,14075,https://asia.pokemon-card.com/hk/card-img/hk00014075.png,寶可夢,70,Fighting,,,抓狂,Colorless,10×,造成這隻寶可夢身上放置的傷害指示物的數量×10點傷害。,豎爪,"Colorless,Colorless",20,,,Grass,,,2,54,normal,I,擴充包「漆黑伏特」,SV11B,Tetsu Kayama,會從口中分泌可融化石頭<br/>的液體，就連堅硬的石頭<br/>也能輕易地開出洞來。,石居蟹 → 岩殿居蟹,,C,8.00,Base:5.0|Meta:0.0|Exp:3.0|Func:0.0|Syn:0.0|Eff:0.0|Dmg:0.0|Mod:1.00,"備戰傷害加成, 傷害指示物, 傷害效果",無
石居蟹,基礎,9962,https://asia.pokemon-card.com/hk/card-img/hk00009962.png,寶可夢,60,Grass,,,敲擊,"Colorless,Colorless",20,,,,,,,Fire,,,1,4,normal,G,擴充包「古代咆哮」,SV4K,Scav,如果找不到大小合適的石頭來當成自己的家，<br/>牠也會住到河馬獸的洞裡。,石居蟹 → 岩殿居蟹,,C,7.00,Base:5.0|Meta:0.0|Exp:2.0|Func:0.0|Syn:0.0|Eff:0.0|Dmg:0.0|Mod:1.00,無,無
石居蟹,基礎,13208,https://asia.pokemon-card.com/hk/card-img/hk00013208.png,寶可夢,70,Grass,,,覺醒,Colorless,,從自己的牌庫選擇1張從這隻寶可夢進化而來的卡，放置於這隻寶可夢身上完成進化。並且重洗牌庫。,,,,,,Fire,,,2,7,normal,I,強化擴充包「熱風競技場」,SV9a,Kanami Ogata,如果找不到大小合適<br/>的石頭來當成自己的家，<br/>牠也會住到河馬獸的洞裡。,石居蟹 → 岩殿居蟹,,B+,16.00,Base:5.0|Meta:0.0|Exp:3.0|Func:8.0|Syn:0.0|Eff:0.0|Dmg:0.0|Mod:1.00,"搜索效果, 進化支援",無
岩殿居蟹,1階進化,14076,https://asia.pokemon-card.com/hk/card-img/hk00014076.png,寶可夢,150,Fighting,結實,這隻寶可夢的HP是全滿的狀態下，這隻寶可夢受到招式的傷害而【昏厥】時，這隻寶可夢不會【昏厥】，而是以剩餘HP為「10」的狀態留在場上。,尖石攻擊,"Fighting,Colorless,Colorless",80+,擲1次硬幣若為正面，則增加60點傷害。,,,,,,Grass,,,3,55,normal,I,擴充包「漆黑伏特」,SV11B,Tetsu Kayama,為了爭奪地盤，<br/>岩殿居蟹之間會展開激烈的爭鬥。<br/>岩石被破壞的一方成為輸家。,石居蟹 → 岩殿居蟹,,B+,15.00,Base:5.0|Meta:0.0|Exp:3.0|Func:1.0|Syn:2.0|Eff:0.0|Dmg:4.0|Mod:1.00,"條件傷害, 硬幣判定",狀態免疫
岩殿居蟹,1階進化,9963,https://asia.pokemon-card.com/hk/card-img/hk00009963.png,寶可夢,130,Grass,,,正面對決,"Colorless,Colorless",50,,峭壁猛擊,"Grass,Colorless,Colorless",100,在下個對手的回合，這隻寶可夢受到進化寶可夢招式的傷害「-100」點。,,Fire,,,3,5,normal,G,擴充包「古代咆哮」,SV4K,Shin Nagasawa,厚實的鉗子是牠最大的武器。硬度高到甚至能讓<br/>超甲狂犀的護具裂開。,石居蟹 → 岩殿居蟹,,B+,15.00,Base:5.0|Meta:0.0|Exp:2.0|Func:5.0|Syn:0.0|Eff:0.0|Dmg:3.0|Mod:1.00,"進化支援, 高額傷害減免",無
岩殿居蟹,1階進化,13209,https://asia.pokemon-card.com/hk/card-img/hk00013209.png,寶可夢,150,Grass,神秘石居,這隻寶可夢不會受到對手的「寶可夢【ex】」招式的傷害。,偉大剪,"Grass,Colorless,Colorless",120,這個招式的傷害不計算對手的戰鬥寶可夢身上的附加效果。,,,,,,Fire,,,3,8,normal,I,強化擴充包「熱風競技場」,SV9a,Po-Suzuki,厚實的鉗子是牠最大的武器。<br/>硬度高到甚至能讓<br/>超甲狂犀的護具裂開。,石居蟹 → 岩殿居蟹,,B+,15.00,Base:5.0|Meta:0.0|Exp:3.0|Func:3.0|Syn:0.0|Eff:0.0|Dmg:4.0|Mod:1.00,"傷害防禦, 效果免疫, 無視弱點/效果",無
土地雲,基礎,14077,https://asia.pokemon-card.com/hk/card-img/hk00014077.png,寶可夢,130,Fighting,,,豐產,Colorless,,從自己的棄牌區選擇1張「基本【鬥】能量」卡，附於這隻寶可夢身上。,地震,"Fighting,Colorless,Colorless",110,自己的所有備戰寶可夢也各受到10點傷害。[在備戰區不計算弱點・抵抗力。],,Grass,,,2,56,normal,I,擴充包「漆黑伏特」,SV11B,Kazumasa Yasukuni,土地雲造訪的土地上，<br/>作物會結實纍纍，<br/>因此被稱為農田之神。,土地雲,,B+,14.00,Base:5.0|Meta:0.0|Exp:3.0|Func:3.0|Syn:0.0|Eff:0.0|Dmg:3.0|Mod:1.00,"搜索效果, 連鎖傷害",無
土地雲,基礎,11956,https://asia.pokemon-card.com/hk/card-img/hk00011956.png,寶可夢,130,Fighting,,,真氣之拳,Fighting,30,從自己的棄牌區選擇1張能量卡，附於這隻寶可夢身上。,粗暴橫掃,"Fighting,Colorless,Colorless,Colorless",130,這個招式的傷害不計算抵抗力。,,Grass,,,2,30,normal,H,強化擴充包「樂園騰龍」,SV7a,Souichirou Gunjima,土地雲造訪的土地上，<br/>作物會結實纍纍，<br/>因此被稱為農田之神。,土地雲,,B+,14.00,Base:5.0|Meta:0.0|Exp:3.0|Func:2.0|Syn:0.0|Eff:0.0|Dmg:4.0|Mod:1.00,"搜索效果, 無視弱點/效果, 能量附著",無
百足蜈蚣,基礎,14078,https://asia.pokemon-card.com/hk/card-img/hk00014078.png,寶可夢,80,Darkness,,,噴毒,Colorless,,將對手的戰鬥寶可夢【中毒】。,,,,,,Fighting,,,3,57,normal,I,擴充包「漆黑伏特」,SV11B,okayamatakatoshi,會咬住對手後注入劇毒。<br/>即使是天敵的大型鳥寶可夢，<br/>也會身體麻痺，動彈不得。,百足蜈蚣 → 車輪毬 → 蜈蚣王,,C+,10.00,Base:5.0|Meta:0.0|Exp:3.0|Func:2.0|Syn:0.0|Eff:0.0|Dmg:0.0|Mod:1.00,狀態異常,無
車輪毬,1階進化,14079,https://asia.pokemon-card.com/hk/card-img/hk00014079.png,寶可夢,100,Darkness,,,毒液衝擊,Colorless,30+,若對手的戰鬥寶可夢【中毒】，則增加60點傷害。,,,,,,Fighting,,,3,58,normal,I,擴充包「漆黑伏特」,SV11B,okayamatakatoshi,被堅硬的殼保護著。<br/>會像輪胎般旋轉，<br/>並用身體猛烈撞擊敵人。,百足蜈蚣 → 車輪毬 → 蜈蚣王,,B+,14.00,Base:5.0|Meta:0.0|Exp:3.0|Func:2.0|Syn:2.0|Eff:0.0|Dmg:2.0|Mod:1.00,"條件傷害, 狀態異常",無
車輪毬,1階進化,11353,https://asia.pokemon-card.com/hk/card-img/hk00011353.png,寶可夢,100,Darkness,,,毒陣,Darkness,,將對手的戰鬥寶可夢【中毒】。在下個對手的回合，受到這個招式的寶可夢無法撤退。,迴轉攻擊,"Darkness,Colorless,Colorless",60,,,Fighting,,,3,69,normal,H,擴充包「變幻假面」,SV6,Krgc,會高速旋轉去突擊對手。<br/> 牠的最高時速可以達到<br/> 大約１００公里。,百足蜈蚣 → 車輪毬 → 蜈蚣王,,B,12.00,Base:5.0|Meta:0.0|Exp:3.0|Func:2.0|Syn:0.0|Eff:0.0|Dmg:2.0|Mod:1.00,"撤退封鎖, 狀態異常",撤退效果
蜈蚣王,2階進化,14080,https://asia.pokemon-card.com/hk/card-img/hk00014080.png,寶可夢,160,Darkness,毒刺,這隻寶可夢在戰鬥場上受到對手的寶可夢招式的傷害時，將使用招式的寶可夢【中毒】。,毒液衝擊,"Darkness,Colorless",90+,若對手的戰鬥寶可夢【中毒】，則增加90點傷害。,,,,,,Fighting,,,3,59,normal,I,擴充包「漆黑伏特」,SV11B,okayamatakatoshi,以敏捷的動作追趕敵人，<br/>並以頭上的角加以攻擊。<br/>在給予致命一擊前絕不罷手。,百足蜈蚣 → 車輪毬 → 蜈蚣王,,B+,16.00,Base:5.0|Meta:0.0|Exp:3.0|Func:2.0|Syn:2.0|Eff:0.0|Dmg:4.0|Mod:1.00,"條件傷害, 狀態異常",無
蜈蚣王,2階進化,11354,https://asia.pokemon-card.com/hk/card-img/hk00011354.png,寶可夢,170,Darkness,,,偏道一回,"Darkness,Colorless",,在對手的戰鬥寶可夢身上放置傷害指示物直到剩餘HP變為「10」為止。,污泥炸彈,"Darkness,Colorless,Colorless",160,,,Fighting,,,3,70,normal,H,擴充包「變幻假面」,SV6,Shiburingaru,用頸部的爪子夾住獵物後，<br/> 會直接將對方摔到地上，<br/> 然後用毒刺戳下去。,百足蜈蚣 → 車輪毬 → 蜈蚣王,,B+,16.00,Base:5.0|Meta:0.0|Exp:3.0|Func:3.0|Syn:0.0|Eff:0.0|Dmg:5.0|Mod:1.00,傷害指示物,無
禿鷹丫頭,基礎,14084,https://asia.pokemon-card.com/hk/card-img/hk00014084.png,寶可夢,70,Darkness,,,調皮踢,Colorless,10,,,,,,,Lightning,,Fighting,1,63,normal,I,擴充包「漆黑伏特」,SV11B,Pani Kobayashi,由於翅膀很小，所以無法飛行。<br/>進化時刻將近之時，<br/>會自己脫去身上的骸骨。,禿鷹丫頭 → 禿鷹娜,,C,8.00,Base:5.0|Meta:0.0|Exp:3.0|Func:0.0|Syn:0.0|Eff:0.0|Dmg:0.0|Mod:1.00,無,無
禿鷹娜,1階進化,14085,https://asia.pokemon-card.com/hk/card-img/hk00014085.png,寶可夢,110,Darkness,瞄準獵物,在自己的回合時可使用1次。查看對手的手牌，從其中選擇1張HP為「70」以下的【基礎】寶可夢卡，放置於對手的備戰區。,利刃之風,"Colorless,Colorless,Colorless",90,,,,,,,Lightning,,Fighting,1,64,normal,I,擴充包「漆黑伏特」,SV11B,Pani Kobayashi,會收集骨頭來築巢。<br/>當發現衰弱的獵物，<br/>會用腳輕鬆地捉起運回巢穴。,禿鷹丫頭 → 禿鷹娜,,B+,16.00,Base:5.0|Meta:0.0|Exp:3.0|Func:5.0|Syn:0.0|Eff:0.0|Dmg:3.0|Mod:1.00,情報收集,放置效果
騎士蝸牛,1階進化,14086,https://asia.pokemon-card.com/hk/card-img/hk00014086.png,寶可夢,130,Metal,,,狂野槍,Metal,90,這隻寶可夢也受到30點傷害。,,,,,,Fire,,Grass,3,65,normal,I,擴充包「漆黑伏特」,SV11B,DOM,會飛快地移動，<br/>然後用尖銳的長矛刺擊。<br/>居下風時也是勇於對抗對手。,蓋蓋蟲 → 騎士蝸牛,,B,11.00,Base:5.0|Meta:0.0|Exp:3.0|Func:0.0|Syn:0.0|Eff:0.0|Dmg:3.0|Mod:1.00,反噬傷害,無
騎士蝸牛,1階進化,13057,https://asia.pokemon-card.com/hk/card-img/hk00013057.png,寶可夢,120,Metal,,,突刺,Colorless,20,,鐵之光炮,"Metal,Colorless",120,在下個自己的回合，這隻寶可夢無法使用招式。,,Fire,,Grass,2,63,normal,I,擴充包「對戰搭檔」,SV9,Takumi Wada,會舉起長矛突擊敵人。<br/>有一幅名畫描繪著<br/>牠和蔥遊兵決鬥的場景。,蓋蓋蟲 → 騎士蝸牛,,B,12.00,Base:5.0|Meta:0.0|Exp:3.0|Func:0.0|Syn:0.0|Eff:0.0|Dmg:4.0|Mod:1.00,"使用限制, 招式鎖定",無
駒刀小兵,基礎,14087,https://asia.pokemon-card.com/hk/card-img/hk00014087.png,寶可夢,60,Metal,,,窮追不捨,Metal,10,在下個對手的回合，受到這個招式的寶可夢無法撤退。,,,,,,Fire,,Grass,1,66,normal,I,擴充包「漆黑伏特」,SV11B,Oku,全身上下都是刀刃的寶可夢。<br/>如果刀刃在戰鬥中磨損了，<br/>就會拿河邊的石頭重新磨利。,駒刀小兵 → 劈斬司令 → 仆斬將軍,,C+,10.00,Base:5.0|Meta:0.0|Exp:3.0|Func:2.0|Syn:0.0|Eff:0.0|Dmg:0.0|Mod:1.00,撤退封鎖,撤退效果
駒刀小兵,基礎,8348,https://asia.pokemon-card.com/hk/card-img/hk00008348.png,寶可夢,70,Darkness,,,抓,Colorless,10,,突刺,"Darkness,Colorless",20,,,Grass,,,1,56,normal,G,擴充包「朱ex」,SV1S,sowsow,遇上強敵也是不畏挑戰。在緊要關頭時會緊緊抓住對手，<br/>以身上的刀刃將其刺穿。,駒刀小兵 → 劈斬司令 → 仆斬將軍,,C,7.00,Base:5.0|Meta:0.0|Exp:2.0|Func:0.0|Syn:0.0|Eff:0.0|Dmg:0.0|Mod:1.00,無,無
駒刀小兵,基礎,9591,https://asia.pokemon-card.com/hk/card-img/hk00009591.png,寶可夢,70,Metal,,,三重利刃,Metal,10×,擲3次硬幣，造成正面出現的次數×10點傷害。,,,,,,Fire,,Grass,1,80,normal,G,擴充包「黯焰支配者」,SV3,Hitoshi Ariga,遇上強敵也是不畏挑戰。在緊要關頭時會緊緊抓住對手，以身上的刀刃將其刺穿。,駒刀小兵 → 劈斬司令 → 仆斬將軍,,C,8.00,Base:5.0|Meta:0.0|Exp:2.0|Func:0.0|Syn:0.0|Eff:0.0|Dmg:1.0|Mod:1.00,"傷害效果, 硬幣判定",無
劈斬司令,1階進化,14088,https://asia.pokemon-card.com/hk/card-img/hk00014088.png,寶可夢,120,Metal,,,切,Metal,40,,致命刺擊,"Metal,Colorless",60+,若對手的戰鬥寶可夢身上放置有傷害指示物，則增加60點傷害。,,Fire,,Grass,2,67,normal,I,擴充包「漆黑伏特」,SV11B,Oku,率領著成群的駒刀小兵。<br/>為爭奪首領寶座而互相戰鬥，<br/>敗戰後便會被趕出群體。,駒刀小兵 → 劈斬司令 → 仆斬將軍,,B+,15.00,Base:5.0|Meta:0.0|Exp:3.0|Func:2.0|Syn:2.0|Eff:0.0|Dmg:3.0|Mod:1.00,"傷害指示物, 條件傷害",無
勾帕路翁,基礎,14089,https://asia.pokemon-card.com/hk/card-img/hk00014089.png,寶可夢,120,Metal,,,神聖刀鋒,Metal,20,選擇1個對手的戰鬥寶可夢身上附加的特殊能量，將其丟棄。,金屬武裝,"Metal,Metal,Colorless",80+,若這隻寶可夢身上附有「寶可夢道具」卡，則增加40點傷害。,,Fire,,Grass,2,68,normal,I,擴充包「漆黑伏特」,SV11B,HICO KIM,過去為了守護寶可夢而與<br/>人類鬥爭的傳說的寶可夢。<br/>擁有沉著冷靜的性格。,勾帕路翁,,A,19.00,Base:5.0|Meta:0.0|Exp:3.0|Func:5.0|Syn:2.0|Eff:0.0|Dmg:4.0|Mod:1.00,"條件傷害, 能量操作",丟棄效果
蓋諾賽克特ex,基礎,13766,https://asia.pokemon-card.com/hk/card-img/hk00013766.png,寶可夢,220,Metal,金屬信號,在自己的回合時可使用1次。從自己的牌庫選擇最多2張【鋼】屬性的進化寶可夢卡，在給對手看過後加入手牌。並且重洗牌庫。,防護充能,"Metal,Metal,Colorless",150,在下個對手的回合，這隻寶可夢受到招式的傷害「-30」點。,,,,,,Fire,,Grass,2,69,normal,I,擴充包「漆黑伏特」,SV11B,5ban Graphics,,蓋諾賽克特ex,ex,A+,20.00,Base:5.0|Meta:0.0|Exp:3.0|Func:7.0|Syn:0.0|Eff:0.0|Dmg:5.0|Mod:1.00,"其他效果, 抽卡效果, 搜索效果, 進化支援",無
牙牙,基礎,14091,https://asia.pokemon-card.com/hk/card-img/hk00014091.png,寶可夢,70,Dragon,,,集力,Colorless,,從自己的牌庫選擇最多2張基本能量卡，在給對手看過後加入手牌。並且重洗牌庫。,,,,,,,,,2,70,normal,I,擴充包「漆黑伏特」,SV11B,Taiga Kasai,用牙齒咬碎樹果後吃下。<br/>經由多次再生，<br/>讓牙齒變得強勁銳利。,牙牙 → 斧牙龍 → 雙斧戰龍,,B+,14.00,Base:5.0|Meta:0.0|Exp:3.0|Func:6.0|Syn:0.0|Eff:0.0|Dmg:0.0|Mod:1.00,"抽卡效果, 搜索效果",無
牙牙,基礎,11495,https://asia.pokemon-card.com/hk/card-img/hk00011495.png,寶可夢,70,Dragon,,,抓,Fighting,10,,銳利之牙,"Fighting,Metal",30,,,,,,2,44,normal,H,強化擴充包「黑夜漫遊者」,SV6a,Orca,如果在岩石或樹木上<br/>發現了獨特的齒痕，<br/>附近一定棲息著牙牙。,牙牙 → 斧牙龍 → 雙斧戰龍,,C+,9.00,Base:5.0|Meta:0.0|Exp:3.0|Func:0.0|Syn:0.0|Eff:0.0|Dmg:1.0|Mod:1.00,無,無
斧牙龍,1階進化,14092,https://asia.pokemon-card.com/hk/card-img/hk00014092.png,寶可夢,100,Dragon,,,咬住,Colorless,30,,潛力,"Fighting,Metal",90,在下個自己的回合，這隻寶可夢無法使用招式。,,,,,2,71,normal,I,擴充包「漆黑伏特」,SV11B,Taiga Kasai,斷掉的牙齒不會再次生長，<br/>因此戰鬥結束後會用<br/>河灘的岩石仔細打磨牙齒。,牙牙 → 斧牙龍 → 雙斧戰龍,,B,11.00,Base:5.0|Meta:0.0|Exp:3.0|Func:0.0|Syn:0.0|Eff:0.0|Dmg:3.0|Mod:1.00,"使用限制, 招式鎖定",無
斧牙龍,1階進化,11496,https://asia.pokemon-card.com/hk/card-img/hk00011496.png,寶可夢,100,Dragon,緊張感,對手從手牌使出物品卡或者支援者卡時，這隻寶可夢不會受到那個效果的影響。,龍之波動,"Fighting,Metal",80,將自己的牌庫上方1張卡丟棄。,,,,,,,,,2,45,normal,H,強化擴充包「黑夜漫遊者」,SV6a,Uninori,會使用粗壯的牙齒俐落地<br/>分解獵物，然後把當下<br/>要吃的份與存糧的份分開。,牙牙 → 斧牙龍 → 雙斧戰龍,,B,12.00,Base:5.0|Meta:0.0|Exp:3.0|Func:2.0|Syn:0.0|Eff:0.0|Dmg:2.0|Mod:1.00,"其他效果, 效果免疫",無
雙斧戰龍,2階進化,14093,https://asia.pokemon-card.com/hk/card-img/hk00014093.png,寶可夢,170,Dragon,,,揮擊,"Colorless,Colorless",80+,若對手的戰鬥寶可夢為進化寶可夢，則增加80點傷害。,斧擊衝撞,"Fighting,Metal,Colorless",,若對手的戰鬥寶可夢為【基礎】寶可夢，則將那隻寶可夢【昏厥】。,,,,,3,72,normal,I,擴充包「漆黑伏特」,SV11B,Taiga Kasai,性格雖然溫和，<br/>但對於入侵領地者毫不留情。<br/>用削鐵如泥的牙齒挑起戰鬥。,牙牙 → 斧牙龍 → 雙斧戰龍,,A,19.00,Base:5.0|Meta:0.0|Exp:3.0|Func:5.0|Syn:2.0|Eff:0.0|Dmg:4.0|Mod:1.00,"昏厥條件, 條件傷害, 進化支援",無
雙斧戰龍,2階進化,11497,https://asia.pokemon-card.com/hk/card-img/hk00011497.png,寶可夢,170,Dragon,,,斧擊在地,Fighting,,若對手的戰鬥寶可夢身上附有特殊能量卡，則將那隻寶可夢【昏厥】。,龍之波動,"Fighting,Metal",230,將自己的牌庫上方3張卡丟棄。,,,,,2,46,normal,H,強化擴充包「黑夜漫遊者」,SV6a,Tsuyoshi Nagano,會以自傲的牙齒壓制敵人。<br/>牙齒的鋒利程度無與倫比，<br/>就連鐵塔都能夠一斬而斷。,牙牙 → 斧牙龍 → 雙斧戰龍,,A+,20.00,Base:5.0|Meta:0.0|Exp:3.0|Func:4.0|Syn:2.0|Eff:0.0|Dmg:6.0|Mod:1.00,"其他效果, 昏厥條件",無
豆豆鴿,基礎,14094,https://asia.pokemon-card.com/hk/card-img/hk00014094.png,寶可夢,60,Colorless,,,偵察,Colorless,,查看對手的手牌。,踩,Colorless,10,,,Lightning,,Fighting,1,73,normal,I,擴充包「漆黑伏特」,SV11B,Tomomi Ozaki,會認真聽從訓練家的命令，<br/>但有時候無法理解<br/>複雜的指令。,豆豆鴿 → 咕咕鴿 → 高傲雉雞,,B,11.00,Base:5.0|Meta:0.0|Exp:3.0|Func:3.0|Syn:0.0|Eff:0.0|Dmg:0.0|Mod:1.00,情報收集,無
豆豆鴿,基礎,10925,https://asia.pokemon-card.com/hk/card-img/hk00010925.png,寶可夢,50,Colorless,緊急進化,若這隻寶可夢的剩餘HP為「30」以下，則在自己的回合時可使用1次。從自己的牌庫選擇1張「高傲雉雞（包含『寶可夢【ex】』）」，放置於這隻「豆豆鴿」身上完成進化。並且重洗牌庫。,起風,Colorless,10,,,,,,,Lightning,,Fighting,1,57,normal,H,擴充包「異度審判」,SV5M,Mékayu,會出現在人類生活的地方。一旦撒出飼料就會有好幾百隻<br/>豆豆鴿聚集而來，千萬要小心。,豆豆鴿 → 咕咕鴿 → 高傲雉雞,,B+,16.00,Base:5.0|Meta:0.0|Exp:2.0|Func:9.0|Syn:0.0|Eff:0.0|Dmg:0.0|Mod:1.00,"搜索效果, 進化支援",無
咕咕鴿,1階進化,14095,https://asia.pokemon-card.com/hk/card-img/hk00014095.png,寶可夢,80,Colorless,,,飛翔,Colorless,40,擲1次硬幣若為反面，則這個招式失敗。若為正面，則在下個對手的回合，這隻寶可夢不會受到招式的傷害與效果的影響。,,,,,,Lightning,,Fighting,0,74,normal,I,擴充包「漆黑伏特」,SV11B,Tomomi Ozaki,無論飛到多遠的地方，<br/>都一定能回到訓練家的身邊。,豆豆鴿 → 咕咕鴿 → 高傲雉雞,,B,13.00,Base:5.0|Meta:0.0|Exp:3.0|Func:2.0|Syn:2.0|Eff:0.0|Dmg:1.0|Mod:1.00,"傷害防禦, 效果免疫, 條件失敗, 硬幣判定",無
咕咕鴿,1階進化,10926,https://asia.pokemon-card.com/hk/card-img/hk00010926.png,寶可夢,80,Colorless,,,高速飛行,Colorless,20,,噴射之翼,"Colorless,Colorless",70,在下個自己的回合，這隻寶可夢無法使用招式。,,Lightning,,Fighting,0,58,normal,H,擴充包「異度審判」,SV5M,Pani Kobayashi,飛行速度不可小覷。無論飛到多遠的地方，<br/>都會記得自己的主人和巢。,豆豆鴿 → 咕咕鴿 → 高傲雉雞,,C+,9.00,Base:5.0|Meta:0.0|Exp:2.0|Func:0.0|Syn:0.0|Eff:0.0|Dmg:2.0|Mod:1.00,"使用限制, 招式鎖定",無
高傲雉雞,2階進化,14096,https://asia.pokemon-card.com/hk/card-img/hk00014096.png,寶可夢,150,Colorless,,,叼,Colorless,,從自己的牌庫抽出4張卡。,高速飛翔,"Colorless,Colorless",120,擲1次硬幣若為正面，則在下個對手的回合，這隻寶可夢不會受到招式的傷害與效果的影響。,,Lightning,,Fighting,0,75,normal,I,擴充包「漆黑伏特」,SV11B,Tomomi Ozaki,雄性會搖晃頭上的飾羽威嚇對手。<br/>雌性擁有高於雄性的飛行能力。,豆豆鴿 → 咕咕鴿 → 高傲雉雞,,A,19.00,Base:5.0|Meta:0.0|Exp:3.0|Func:5.0|Syn:2.0|Eff:0.0|Dmg:4.0|Mod:1.00,"傷害防禦, 搜索效果, 效果免疫, 硬幣判定",大量抽卡
高傲雉雞,2階進化,10927,https://asia.pokemon-card.com/hk/card-img/hk00010927.png,寶可夢,150,Colorless,,,反轉之風,"Colorless,Colorless",70,若希望，選擇2個對手的戰鬥寶可夢身上附加的能量，放回對手的手牌。,潛力,"Colorless,Colorless,Colorless",180,在下個自己的回合，這隻寶可夢無法使用招式。,,Lightning,,Fighting,0,59,normal,H,擴充包「異度審判」,SV5M,Anesaki Dynamic,擁有高度的飛行能力。雌性擅於持久，<br/>雄性擅長速度。,豆豆鴿 → 咕咕鴿 → 高傲雉雞,,A,19.00,Base:5.0|Meta:0.0|Exp:2.0|Func:5.0|Syn:2.0|Eff:0.0|Dmg:5.0|Mod:1.00,"使用限制, 招式鎖定, 能量操作",無
差不多娃娃,基礎,14097,https://asia.pokemon-card.com/hk/card-img/hk00014097.png,寶可夢,100,Colorless,,,報恩,Colorless,30,若希望，從牌庫抽卡直到自己的手牌滿6張為止。,,,,,,Fighting,,,1,76,normal,I,擴充包「漆黑伏特」,SV11B,Saya Tsuruta,用耳朵上的觸角觸碰對方，<br/>就可以從心跳聲<br/>了解對方的身體狀況和情緒。,差不多娃娃,,B+,14.00,Base:5.0|Meta:0.0|Exp:3.0|Func:3.0|Syn:2.0|Eff:0.0|Dmg:1.0|Mod:1.00,抽卡效果,無
差不多娃娃,基礎,9319,https://asia.pokemon-card.com/hk/card-img/hk00009319.png,寶可夢,100,Colorless,,,尋找朋友,Colorless,,從自己的牌庫選擇1張寶可夢卡，在給對手看過後加入手牌。並且重洗牌庫。,巴掌,"Colorless,Colorless,Colorless",80,,,Fighting,,,1,97,normal,G,ex初階牌組,SVD,Tika Matsuno,心地善良的寶可夢。透過用觸角觸碰，就能了解<br/>對方的情緒和身體狀況。,差不多娃娃,,B,13.00,Base:5.0|Meta:0.0|Exp:2.0|Func:4.0|Syn:0.0|Eff:0.0|Dmg:2.0|Mod:1.00,"抽卡效果, 搜索效果",無
差不多娃娃,基礎,12714,https://asia.pokemon-card.com/hk/card-img/hk00012714.png,寶可夢,110,Colorless,,,招喚,Colorless,,從自己的棄牌區選擇1張支援者卡，在給對手看過後加入手牌。,意念頭錘,"Colorless,Colorless,Colorless",70,,,Fighting,,,1,106,normal,H,雙ex初階牌組 Generations,SVM,Minahamu,擁有極為敏銳的聽覺。<br/>連２公里外有小石子<br/>滾動的聲音牠都能聽見。,差不多娃娃,,B,12.00,Base:5.0|Meta:0.0|Exp:2.0|Func:3.0|Syn:0.0|Eff:0.0|Dmg:2.0|Mod:1.00,搜索效果,無
泡沫栗鼠,基礎,14098,https://asia.pokemon-card.com/hk/card-img/hk00014098.png,寶可夢,60,Colorless,,,掃尾拍打,Colorless,20×,擲2次硬幣，造成正面出現的次數×20點傷害。,,,,,,Fighting,,,1,77,normal,I,擴充包「漆黑伏特」,SV11B,Ayako Ozaki,用尾巴撫摸彼此的身體<br/>來打招呼。從不會疏於打理，<br/>總是讓尾巴乾乾淨淨的。,泡沫栗鼠 → 奇諾栗鼠,,C+,10.00,Base:5.0|Meta:0.0|Exp:3.0|Func:0.0|Syn:0.0|Eff:0.0|Dmg:2.0|Mod:1.00,"傷害效果, 硬幣判定",無
泡沫栗鼠,基礎,10856,https://asia.pokemon-card.com/hk/card-img/hk00010856.png,寶可夢,70,Colorless,,,敲擊,Colorless,10,,掃除,"Colorless,Colorless",,選擇最多2張對手的場上寶可夢身上附加的「寶可夢道具」卡，將其丟棄。,,Fighting,,,1,59,normal,H,擴充包「狂野之力」,SV5K,Yuka Morii,用尾巴來清掃灰塵。雖說能幫忙打掃是件好事，<br/>但牠的潔癖也會讓人感到棘手。,泡沫栗鼠 → 奇諾栗鼠,,B,12.00,Base:5.0|Meta:0.0|Exp:2.0|Func:3.0|Syn:2.0|Eff:0.0|Dmg:0.0|Mod:1.00,道具移除,丟棄效果
奇諾栗鼠,1階進化,14099,https://asia.pokemon-card.com/hk/card-img/hk00014099.png,寶可夢,100,Colorless,,,朋友之環,Colorless,20+,增加自己的備戰寶可夢的數量×20點傷害。,,,,,,Fighting,,,1,78,normal,I,擴充包「漆黑伏特」,SV11B,Ayako Ozaki,由於白色的體毛上有<br/>特別的油脂形成覆膜，<br/>因此能卸開對手的攻擊。,泡沫栗鼠 → 奇諾栗鼠,,B,11.00,Base:5.0|Meta:0.0|Exp:3.0|Func:1.0|Syn:0.0|Eff:0.0|Dmg:2.0|Mod:1.00,備戰傷害加成,無
奇諾栗鼠,1階進化,10857,https://asia.pokemon-card.com/hk/card-img/hk00010857.png,寶可夢,110,Colorless,,,重摑,Colorless,30,,特殊滾滾,"Colorless,Colorless",70×,造成這隻寶可夢身上附加的特殊能量卡的張數×70點傷害。,,Fighting,,,1,60,normal,H,擴充包「狂野之力」,SV5K,Yuu Nishida,潔癖使得牠連一絲灰塵都無法容忍，會把自己身上<br/>滲出的油塗在巢上保持清潔。,泡沫栗鼠 → 奇諾栗鼠,,A,18.00,Base:5.0|Meta:0.0|Exp:2.0|Func:3.0|Syn:0.0|Eff:0.0|Dmg:8.0|Mod:1.00,"傷害效果, 棄牌區傷害加成, 能量操作",無
空手道王的演練,,12751,https://asia.pokemon-card.com/hk/card-img/hk00012751.png,支援者卡,,,,,,,,在這個回合，自己的寶可夢使用的招式，對對手的戰鬥場的「寶可夢【ex】」造成的傷害「+40」點。,,,,,,,,,,143,normal,H,雙ex初階牌組 Generations,SVM,GOSSAN,,,,B,12.00,Base:8.0|Meta:0.0|Exp:2.0|Func:2.0|Syn:0.0|Eff:0.0|Dmg:0.0|Mod:1.00,傷害效果,無
阻礙之塔,,13606,https://asia.pokemon-card.com/hk/card-img/hk00013606.png,競技場卡,,,,,,,,雙方的所有寶可夢身上附加的「寶可夢道具」卡的效果全部消除。,,,,,,,,,,132,high,H,擴充包「火箭隊的榮耀」,SV10,AYUMI ODASHIMA,,,,B,12.00,Base:6.0|Meta:0.0|Exp:3.0|Func:1.0|Syn:2.0|Eff:0.0|Dmg:0.0|Mod:1.00,道具消除,無
阿克羅瑪的執著,,11510,https://asia.pokemon-card.com/hk/card-img/hk00011510.png,支援者卡,,,,,,,,從自己的牌庫選擇競技場卡與能量卡各1張，在給對手看過後加入手牌。並且重洗牌庫。,,,,,,,,,,59,normal,H,強化擴充包「黑夜漫遊者」,SV6a,hncl,,,,A,17.00,Base:8.0|Meta:0.0|Exp:3.0|Func:6.0|Syn:0.0|Eff:0.0|Dmg:0.0|Mod:1.00,"抽卡效果, 搜索效果",競技場效果
阿杏的秘招,,11511,https://asia.pokemon-card.com/hk/card-img/hk00011511.png,支援者卡,,,,,,,,選擇最多2隻自己的【惡】寶可夢，從自己的牌庫附給那些寶可夢各1張「基本【惡】能量」卡。並且重洗牌庫。附於戰鬥寶可夢身上的情況下，將那隻寶可夢【中毒】。,,,,,,,,,,60,normal,H,強化擴充包「黑夜漫遊者」,SV6a,Taira Akitsu,,,,B+,14.00,Base:8.0|Meta:0.0|Exp:3.0|Func:3.0|Syn:0.0|Eff:0.0|Dmg:0.0|Mod:1.00,"搜索效果, 狀態異常",無
阿球,,2525,https://asia.pokemon-card.com/hk/card-img/hk00002525.png,支援者卡,,,,,,,,從自己的牌庫選擇最多3張名稱中有「球」，名稱各不同的物品卡，在給對手看過後加入手牌。並且重洗牌庫。,,,,在自己的回合時，支援者卡只可使用1張。,,,,,,175,normal,G,高級擴充包「閃色明星V」,S4a,Hitoshi Ariga,,,,B+,15.00,Base:8.0|Meta:0.0|Exp:0.0|Func:4.0|Syn:3.0|Eff:0.0|Dmg:0.0|Mod:1.00,"抽卡效果, 搜索效果",無
阿速,,8657,https://asia.pokemon-card.com/hk/card-img/hk00008657.png,支援者卡,,,,,,,,從自己的牌庫抽出2張卡。若場上有自己的競技場卡，則再抽出2張卡。,,,,在自己的回合時，支援者卡只可使用1張。,,,,,,68,normal,G,強化擴充包「三連音爆」,SV1a,Ryuta Fuse,,,,A,17.00,Base:8.0|Meta:0.0|Exp:2.0|Func:3.0|Syn:4.0|Eff:0.0|Dmg:0.0|Mod:1.00,"抽卡效果, 搜索效果",競技場效果
稜鏡能量,,14107,https://asia.pokemon-card.com/hk/card-img/hk00014107.png,特殊能量卡,,,,,,,,只要這張卡附於寶可夢身上，視為提供1個【無】能量。<br/><br/>若附於【基礎】寶可夢身上，則視為提供1個所有屬性的能量。,,,,,,,,,,86,normal,I,擴充包「漆黑伏特」,SV11B,,,,,B,12.00,Base:5.0|Meta:0.0|Exp:3.0|Func:2.0|Syn:2.0|Eff:0.0|Dmg:0.0|Mod:1.00,特殊能量,無
蟲寶包,基礎,14108,https://asia.pokemon-card.com/hk/card-img/hk00014108.png,寶可夢,50,Grass,,,蟲咬,Grass,20,,,,,,,Fire,,,1,1,normal,I,擴充包「純白閃焰」,SV11W,Oswaldo KATO,從蛋裡孵出來後，保母蟲<br/>就會做衣服給牠穿上。<br/>會用葉帽藏住頭部睡覺。,蟲寶包 → 寶包繭 → 保母蟲,,C,8.00,Base:5.0|Meta:0.0|Exp:3.0|Func:0.0|Syn:0.0|Eff:0.0|Dmg:0.0|Mod:1.00,無,無
寶包繭,1階進化,14109,https://asia.pokemon-card.com/hk/card-img/hk00014109.png,寶可夢,80,Grass,飛葉治癒,在自己的回合時可使用1次。將自己的戰鬥寶可夢恢復「20」HP。,蟲鳴,"Grass,Colorless",40,,,,,,,Fire,,,2,2,normal,I,擴充包「純白閃焰」,SV11W,Oswaldo KATO,寶包繭居住的森林裡<br/>草木生長得特別繁盛。<br/>因為牠會將落葉轉化成養分。,蟲寶包 → 寶包繭 → 保母蟲,,B,11.00,Base:5.0|Meta:0.0|Exp:3.0|Func:2.0|Syn:0.0|Eff:0.0|Dmg:1.0|Mod:1.00,回復效果,無
保母蟲,2階進化,14110,https://asia.pokemon-card.com/hk/card-img/hk00014110.png,寶可夢,130,Grass,,,治癒襁褓,Colorless,,將自己的所有【基礎】寶可夢各恢復「100」HP。,十字剪,"Grass,Colorless",90+,擲1次硬幣若為正面，則增加40點傷害。,,Fire,,,1,3,normal,I,擴充包「純白閃焰」,SV11W,Oswaldo KATO,有著一旦發現小型的寶可夢，<br/>就會用手臂的利刃與黏絲<br/>為牠縫製葉子衣服的習性。,蟲寶包 → 寶包繭 → 保母蟲,,B+,16.00,Base:5.0|Meta:0.0|Exp:3.0|Func:2.0|Syn:2.0|Eff:0.0|Dmg:4.0|Mod:1.00,"回復效果, 條件傷害, 硬幣判定",無
風妖精ex,1階進化,13616,https://asia.pokemon-card.com/hk/card-img/hk00013616.png,寶可夢,230,Grass,,,能量之禮,Grass,,從自己的牌庫選擇最多3張基本能量卡，以任意方式附於自己的寶可夢身上。並且重洗牌庫。,奇跡棉花,Grass,50×,查看對手的手牌，造成其中訓練家卡的張數×50點傷害。,,Fire,,,0,5,normal,I,擴充包「純白閃焰」,SV11W,5ban Graphics,,木棉球 → 風妖精 → 風妖精GX → 風妖精ex,ex,A,17.00,Base:5.0|Meta:0.0|Exp:3.0|Func:6.0|Syn:0.0|Eff:0.0|Dmg:3.0|Mod:1.00,"傷害效果, 情報收集, 搜索效果, 棄牌區傷害加成",無
四季鹿,基礎,14113,https://asia.pokemon-card.com/hk/card-img/hk00014113.png,寶可夢,70,Grass,,,後踢,"Colorless,Colorless",30,,,,,,,Fire,,,1,6,normal,I,擴充包「純白閃焰」,SV11W,Narano,體毛的顏色和香氣<br/>會變得與山野間的草相同。<br/>一旦感受到敵意就會躲進草叢裡。,四季鹿 → 萌芽鹿,,C+,9.00,Base:5.0|Meta:0.0|Exp:3.0|Func:0.0|Syn:0.0|Eff:0.0|Dmg:1.0|Mod:1.00,無,無
萌芽鹿,1階進化,14114,https://asia.pokemon-card.com/hk/card-img/hk00014114.png,寶可夢,130,Grass,,,推倒,"Colorless,Colorless",50,將對手的戰鬥寶可夢與備戰寶可夢互換。[由對手選擇放置於戰鬥場的寶可夢。],日光束,"Grass,Colorless,Colorless",100,,,Fire,,,2,7,normal,I,擴充包「純白閃焰」,SV11W,Narano,會隨著季節改變居所。<br/>人類會透過萌芽鹿的角<br/>來感受季節的推移。,四季鹿 → 萌芽鹿,,B+,16.00,Base:5.0|Meta:0.0|Exp:3.0|Func:5.0|Syn:0.0|Eff:0.0|Dmg:3.0|Mod:1.00,切換效果,無
萌芽鹿,1階進化,10877,https://asia.pokemon-card.com/hk/card-img/hk00010877.png,寶可夢,130,Grass,四季變換,在自己的回合時可使用1次。從自己的牌庫選擇1張競技場卡，在給對手看過後加入手牌。並且重洗牌庫。,怪力角擊,"Grass,Colorless,Colorless",110,,,,,,,Fire,,,2,9,normal,H,擴充包「異度審判」,SV5M,Akira Komayama,秋天的樣子的萌芽鹿以性情粗暴聞名。<br/>雄性間一天到晚都在打架。,四季鹿 → 萌芽鹿,,B+,14.00,Base:5.0|Meta:0.0|Exp:2.0|Func:4.0|Syn:0.0|Eff:0.0|Dmg:3.0|Mod:1.00,"抽卡效果, 搜索效果",競技場效果
小嘴蝸,基礎,14115,https://asia.pokemon-card.com/hk/card-img/hk00014115.png,寶可夢,60,Grass,刺激進化,若自己的場上有「蓋蓋蟲」，則這隻寶可夢就算在自己的最初回合或者剛使出的回合，也可進化。,魯莽頭擊,Colorless,10,,,,,,,Fire,,,3,8,normal,I,擴充包「純白閃焰」,SV11W,Saboteri,一旦被敵人襲擊，<br/>便會關上殼蓋防禦。<br/>會從殼蓋隙縫噴出黏黏的毒液。,小嘴蝸 → 敏捷蟲,,B,11.00,Base:5.0|Meta:0.0|Exp:3.0|Func:3.0|Syn:0.0|Eff:0.0|Dmg:0.0|Mod:1.00,進化支援,無
小嘴蝸,基礎,13002,https://asia.pokemon-card.com/hk/card-img/hk00013002.png,寶可夢,70,Grass,,,硬殼一擊,"Grass,Colorless",20,擲1次硬幣若為正面，則在下個對手的回合，這隻寶可夢不會受到招式的傷害。,,,,,,Fire,,,3,8,normal,I,擴充包「對戰搭檔」,SV9,Toshinao Aoki,有著會對電能產生反應<br/>的奇異體質。不知為何，<br/>和蓋蓋蟲待在一起就會進化。,小嘴蝸 → 敏捷蟲,,B,12.00,Base:5.0|Meta:0.0|Exp:3.0|Func:2.0|Syn:2.0|Eff:0.0|Dmg:0.0|Mod:1.00,"傷害防禦, 效果免疫, 硬幣判定",無
敏捷蟲,1階進化,14116,https://asia.pokemon-card.com/hk/card-img/hk00014116.png,寶可夢,100,Grass,,,酸液炸彈,Grass,50,擲1次硬幣若為正面，則選擇1個對手的戰鬥寶可夢身上附加的能量，將其丟棄。,,,,,,Fire,,,1,9,normal,I,擴充包「純白閃焰」,SV11W,Saboteri,一旦身體乾燥就會變得衰弱。<br/>身上捲著一層又一層的薄膜<br/>以防止乾燥。,小嘴蝸 → 敏捷蟲,,B+,16.00,Base:5.0|Meta:0.0|Exp:3.0|Func:5.0|Syn:2.0|Eff:0.0|Dmg:1.0|Mod:1.00,"硬幣判定, 能量操作",丟棄效果
敏捷蟲,1階進化,13003,https://asia.pokemon-card.com/hk/card-img/hk00013003.png,寶可夢,100,Grass,,,褪殼猛毒,"Grass,Colorless",70,將對手的戰鬥寶可夢【中毒】與【混亂】。將這隻寶可夢與備戰寶可夢互換。,,,,,,Fire,,,1,9,normal,I,擴充包「對戰搭檔」,SV9,Kazumasa Yasukuni,脫殼後變得更輕巧了。<br/>為了防止乾燥，會將<br/>帶狀的黏膜裹在身上。,小嘴蝸 → 敏捷蟲,,B+,15.00,Base:5.0|Meta:0.0|Exp:3.0|Func:5.0|Syn:0.0|Eff:0.0|Dmg:2.0|Mod:1.00,"切換效果, 狀態異常",無
畢力吉翁,基礎,14117,https://asia.pokemon-card.com/hk/card-img/hk00014117.png,寶可夢,120,Grass,,,終極吸取,Grass,30,將這隻寶可夢恢復對對手的戰鬥寶可夢造成的傷害相同數值的HP。,綠寶石利刃,"Grass,Grass,Colorless",130,在下個自己的回合，這隻寶可夢無法使用招式。,,Fire,,,1,10,normal,I,擴充包「純白閃焰」,SV11W,Felicia Chen,為了守護夥伴而向人類<br/>發起戰鬥的寶可夢。<br/>作為傳說代代流傳。,畢力吉翁,,B+,16.00,Base:5.0|Meta:0.0|Exp:3.0|Func:4.0|Syn:0.0|Eff:0.0|Dmg:4.0|Mod:1.00,"使用限制, 傷害效果, 回復效果, 招式鎖定",無
畢力吉翁,基礎,12620,https://asia.pokemon-card.com/hk/card-img/hk00012620.png,寶可夢,120,Grass,,,綠葉吸取,"Grass,Colorless",30,將這隻寶可夢恢復「30」HP。,利刃切割,"Grass,Colorless,Colorless",100,,,Fire,,,1,12,normal,H,雙ex初階牌組 Generations,SVM,Anesaki Dynamic,與勾帕路翁和代拉基翁<br/>並肩保護合眾地區寶可夢<br/>的傳說一直流傳至今。,畢力吉翁,,B,12.00,Base:5.0|Meta:0.0|Exp:2.0|Func:2.0|Syn:0.0|Eff:0.0|Dmg:3.0|Mod:1.00,回復效果,無
暖暖豬,基礎,14118,https://asia.pokemon-card.com/hk/card-img/hk00014118.png,寶可夢,70,Fire,,,撞擊,Fire,10,,滾動,"Fire,Fire",30,,,Water,,,1,11,normal,I,擴充包「純白閃焰」,SV11W,Teeziro,可以輕盈地閃避敵人的攻擊，<br/>並從鼻子射出火球。<br/>會用火焰烤樹果來吃。,暖暖豬 → 炒炒豬 → 炎武王,,C+,9.00,Base:5.0|Meta:0.0|Exp:3.0|Func:0.0|Syn:0.0|Eff:0.0|Dmg:1.0|Mod:1.00,無,無
炒炒豬,1階進化,14119,https://asia.pokemon-card.com/hk/card-img/hk00014119.png,寶可夢,110,Fire,,,烈焰,Fire,30,,高溫重壓,"Fire,Fire,Colorless",80,,,Water,,,3,12,normal,I,擴充包「純白閃焰」,SV11W,Teeziro,當體內的火焰熊熊燃燒時，<br/>行動就會變得更加敏捷俐落。<br/>遇到危機時會噴出煙霧。,暖暖豬 → 炒炒豬 → 炎武王,,C+,10.00,Base:5.0|Meta:0.0|Exp:3.0|Func:0.0|Syn:0.0|Eff:0.0|Dmg:2.0|Mod:1.00,無,無
炎武王,2階進化,14120,https://asia.pokemon-card.com/hk/card-img/hk00014120.png,寶可夢,180,Fire,烈火亂舞,在自己的回合時，可不限次數使用。從自己的手牌選擇1張「基本【火】能量」卡，附於自己的寶可夢身上。,高溫重壓,"Fire,Fire,Fire,Colorless",120,,,,,,,Water,,,4,13,normal,I,擴充包「純白閃焰」,SV11W,Teeziro,用下顎的火焰燃燒拳頭，<br/>接連使出火焰拳擊。<br/>是對夥伴非常關心的寶可夢。,暖暖豬 → 炒炒豬 → 炎武王,,B+,14.00,Base:5.0|Meta:0.0|Exp:3.0|Func:2.0|Syn:0.0|Eff:0.0|Dmg:4.0|Mod:1.00,能量附著,無
爆香猿,1階進化,14122,https://asia.pokemon-card.com/hk/card-img/hk00014122.png,寶可夢,100,Fire,,,重摑,"Colorless,Colorless",70,,,,,,,Water,,,1,15,normal,I,擴充包「純白閃焰」,SV11W,Julie Hang,甜味的食物能成為牠<br/>燃燒體內火焰的能量，<br/>是牠的最愛。,爆香猴 → 爆香猿,,C+,10.00,Base:5.0|Meta:0.0|Exp:3.0|Func:0.0|Syn:0.0|Eff:0.0|Dmg:2.0|Mod:1.00,無,無
爆香猿,1階進化,10035,https://asia.pokemon-card.com/hk/card-img/hk00010035.png,寶可夢,100,Fire,三猴行,若自己的場上有「花椰猿」「爆香猿」「冷水猿」，則這隻寶可夢使用招式所需的【無】能量全部消除。,熱力衝撞,"Fire,Colorless,Colorless,Colorless",190,這隻寶可夢也受到30點傷害。,,,,,,Water,,,1,11,normal,G,擴充包「未來閃光」,SV4M,Yuya Oka,興奮的時候，頭部與尾巴就會變熱並飛出火花。不知為何最喜歡吃甜的。,爆香猴 → 爆香猿,,B+,14.00,Base:5.0|Meta:0.0|Exp:2.0|Func:2.0|Syn:0.0|Eff:0.0|Dmg:5.0|Mod:1.00,"其他效果, 反噬傷害",無
爆香猿,1階進化,11934,https://asia.pokemon-card.com/hk/card-img/hk00011934.png,寶可夢,90,Fire,,,雙重粉碎,Fire,70×,擲2次硬幣，造成正面出現的次數×70點傷害。,,,,,,Water,,,1,8,normal,H,強化擴充包「樂園騰龍」,SV7a,Taiga Kasai,燃燒體內的火焰，<br/>從頭部與尾巴撒出火花，<br/>燒焦敵人。,爆香猴 → 爆香猿,,B+,14.00,Base:5.0|Meta:0.0|Exp:3.0|Func:0.0|Syn:0.0|Eff:0.0|Dmg:6.0|Mod:1.00,"傷害效果, 硬幣判定",無
熔蟻獸,基礎,14123,https://asia.pokemon-card.com/hk/card-img/hk00014123.png,寶可夢,120,Fire,,,舔舔捕捉,Fire,,從自己的牌庫選擇【火】寶可夢卡與「基本【火】能量」卡合計最多3張，在給對手看過後加入手牌。並且重洗牌庫。,火之爪,"Fire,Fire",60,,,Water,,,2,16,normal,I,擴充包「純白閃焰」,SV11W,Minahamu,從尾部的孔洞吸入空氣，<br/>在體內燃起火焰。<br/>是鐵蟻的天敵。,熔蟻獸,,B+,16.00,Base:5.0|Meta:0.0|Exp:3.0|Func:6.0|Syn:0.0|Eff:0.0|Dmg:2.0|Mod:1.00,"抽卡效果, 搜索效果",無
熔蟻獸,基礎,9530,https://asia.pokemon-card.com/hk/card-img/hk00009530.png,寶可夢,110,Fire,,,能量燃燒,"Fire,Fire",30+,增加對手的戰鬥寶可夢身上附加的能量的數量×30點傷害。,,,,,,Water,,,1,19,normal,G,擴充包「黯焰支配者」,SV3,otumami,將火焰當成舌頭來使用。會一點一點地熔化鐵蟻堅硬的外骨骼，然後把牠吃掉。,熔蟻獸,,B+,14.00,Base:5.0|Meta:0.0|Exp:2.0|Func:5.0|Syn:0.0|Eff:0.0|Dmg:2.0|Mod:1.00,"備戰傷害加成, 能量操作",無
熔蟻獸,基礎,10806,https://asia.pokemon-card.com/hk/card-img/hk00010806.png,寶可夢,110,Fire,,,火種,Fire,20,,滑燒火焰,"Fire,Fire,Colorless",130,擲3次硬幣，選擇與反面出現的次數相同數量的這隻寶可夢身上附加的能量，將其丟棄。,,Water,,,1,9,normal,H,擴充包「狂野之力」,SV5K,Masakazu Fukuda,從尾部的孔洞吸入空氣，燃起火焰。如果孔洞被<br/>堵住了，身體就會不舒服。,熔蟻獸,,B+,14.00,Base:5.0|Meta:0.0|Exp:2.0|Func:3.0|Syn:0.0|Eff:0.0|Dmg:4.0|Mod:1.00,"硬幣判定, 能量操作",無
萊希拉姆ex,基礎,13628,https://asia.pokemon-card.com/hk/card-img/hk00013628.png,寶可夢,230,Fire,,,劈開,"Colorless,Colorless",50,,火爆發,"Fire,Fire,Colorless",130+,增加對手已經獲得的獎賞卡的張數×50點傷害。選擇1個這隻寶可夢身上附加的能量，將其丟棄。,,Water,,,2,17,normal,I,擴充包「純白閃焰」,SV11W,5ban Graphics,,萊希拉姆ex,ex,A,18.00,Base:5.0|Meta:0.0|Exp:3.0|Func:5.0|Syn:0.0|Eff:0.0|Dmg:5.0|Mod:1.00,"棄牌區傷害加成, 獎賞控制, 能量操作",丟棄效果
水水獺,基礎,14125,https://asia.pokemon-card.com/hk/card-img/hk00014125.png,寶可夢,70,Water,,,撞擊,Water,10,,水槍,"Water,Water",30,,,Lightning,,,1,18,normal,I,擴充包「純白閃焰」,SV11W,rika,用腹部的扇貝貝戰鬥。<br/>擋住攻擊後，<br/>能迅速地斬切對手反擊。,水水獺 → 雙刃丸 → 洗翠 大劍鬼 → 大劍鬼,,C+,9.00,Base:5.0|Meta:0.0|Exp:3.0|Func:0.0|Syn:0.0|Eff:0.0|Dmg:1.0|Mod:1.00,無,無
雙刃丸,1階進化,14126,https://asia.pokemon-card.com/hk/card-img/hk00014126.png,寶可夢,100,Water,,,能量硬殼,Water,30×,造成這隻寶可夢身上附加的能量的數量×30點傷害。,,,,,,Lightning,,,1,19,normal,I,擴充包「純白閃焰」,SV11W,rika,如同行雲流水的刀法般<br/>運用兩片扇貝貝的招式<br/>是經過嚴格的修練才習得的。,水水獺 → 雙刃丸 → 洗翠 大劍鬼 → 大劍鬼,,A,19.00,Base:5.0|Meta:0.0|Exp:3.0|Func:3.0|Syn:0.0|Eff:0.0|Dmg:8.0|Mod:1.00,"備戰傷害加成, 傷害效果, 能量操作",無
大劍鬼,2階進化,14127,https://asia.pokemon-card.com/hk/card-img/hk00014127.png,寶可夢,160,Water,激流旋渦,在自己的回合時可使用1次。將自己的戰鬥寶可夢與備戰寶可夢互換。然後，對手將對手自己的戰鬥寶可夢與備戰寶可夢互換。,能量斬,Water,30+,增加這隻寶可夢身上附加的能量的數量×50點傷害。,,,,,,Lightning,,,2,20,normal,I,擴充包「純白閃焰」,SV11W,rika,揮舞藏在鎧甲裡的劍，<br/>一劍就能擊倒對手。<br/>瞪一眼就能讓敵人嚇得不敢出聲。,水水獺 → 雙刃丸 → 洗翠 大劍鬼 → 大劍鬼,,A,18.00,Base:5.0|Meta:0.0|Exp:3.0|Func:8.0|Syn:0.0|Eff:0.0|Dmg:2.0|Mod:1.00,"備戰傷害加成, 切換效果, 能量操作",無
野蠻鱸魚,基礎,14128,https://asia.pokemon-card.com/hk/card-img/hk00014128.png,寶可夢,90,Water,,,咬住,Colorless,10,,堆積之牙,Water,50,若對手的戰鬥寶可夢身上沒有放置傷害指示物，則這個招式失敗。,,Lightning,,,1,21,normal,I,擴充包「純白閃焰」,SV11W,KEIICHIRO ITO,紅色與藍色的野蠻鱸魚感情不好，<br/>時不時就會打起架來。<br/>是非常凶暴的寶可夢。,野蠻鱸魚,,B,13.00,Base:5.0|Meta:0.0|Exp:3.0|Func:2.0|Syn:2.0|Eff:0.0|Dmg:1.0|Mod:1.00,"傷害指示物, 條件失敗",無
鴨寶寶,基礎,14129,https://asia.pokemon-card.com/hk/card-img/hk00014129.png,寶可夢,70,Water,,,消火,Colorless,,選擇1個對手的戰鬥寶可夢身上附加的【火】能量，將其丟棄。,翅膀攻擊,"Colorless,Colorless",20,,,Lightning,,Fighting,1,22,normal,I,擴充包「純白閃焰」,SV11W,Mizue,擅長潛水的鳥寶可夢。<br/>會為了尋找愛吃的水苔<br/>而在水中四處游動。,鴨寶寶 → 舞天鵝,,B,13.00,Base:5.0|Meta:0.0|Exp:3.0|Func:5.0|Syn:0.0|Eff:0.0|Dmg:0.0|Mod:1.00,能量操作,丟棄效果
鴨寶寶,基礎,11372,https://asia.pokemon-card.com/hk/card-img/hk00011372.png,寶可夢,60,Colorless,,,雙重抽出,Colorless,,從自己的牌庫抽出2張卡。,銳利羽,"Colorless,Colorless",20,,,Lightning,,Fighting,1,88,normal,H,擴充包「變幻假面」,SV6,Shibuzoh.,會在池塘水深的地方<br/> 四處游動找水苔來吃，<br/> 順便鍛鍊身體。,鴨寶寶 → 舞天鵝,,B,11.00,Base:5.0|Meta:0.0|Exp:3.0|Func:3.0|Syn:0.0|Eff:0.0|Dmg:0.0|Mod:1.00,"抽卡效果, 搜索效果",無
舞天鵝,1階進化,14130,https://asia.pokemon-card.com/hk/card-img/hk00014130.png,寶可夢,120,Water,,,羽擊,Colorless,30,,空氣斬,"Colorless,Colorless,Colorless",120,選擇1個這隻寶可夢身上附加的能量，將其丟棄。,,Lightning,,Fighting,1,23,normal,I,擴充包「純白閃焰」,SV11W,Mizue,舞天鵝們會隨著黎明起舞。<br/>在正中間跳舞的就是群體的首領。,鴨寶寶 → 舞天鵝,,B+,15.00,Base:5.0|Meta:0.0|Exp:3.0|Func:3.0|Syn:0.0|Eff:0.0|Dmg:4.0|Mod:1.00,能量操作,無
舞天鵝,1階進化,11373,https://asia.pokemon-card.com/hk/card-img/hk00011373.png,寶可夢,110,Colorless,,,鬥志之翼,Colorless,20+,若對手的戰鬥寶可夢為「寶可夢【ex】・【V】」，則增加90點傷害。,起風,"Colorless,Colorless",70,,,Lightning,,Fighting,1,89,normal,H,擴充包「變幻假面」,SV6,Susumu Maeya,據說許多藝術家都是從牠在<br/> 晨曦暮色的微光中舞出的<br/> 優美舞蹈獲得過靈感。,鴨寶寶 → 舞天鵝,,B+,14.00,Base:5.0|Meta:0.0|Exp:3.0|Func:2.0|Syn:2.0|Eff:0.0|Dmg:2.0|Mod:1.00,條件傷害,無
迷你冰,基礎,14131,https://asia.pokemon-card.com/hk/card-img/hk00014131.png,寶可夢,60,Water,,,敲擊,Colorless,10,,冰之刀鋒,"Water,Colorless",20+,擲1次硬幣若為正面，則增加20點傷害。,,Metal,,,1,24,normal,I,擴充包「純白閃焰」,SV11W,cochi8i,吐出零下５０度的氣息。<br/>會做出雪的結晶，使周圍下雪。,迷你冰 → 多多冰 → 雙倍多多冰,,B,12.00,Base:5.0|Meta:0.0|Exp:3.0|Func:0.0|Syn:2.0|Eff:0.0|Dmg:2.0|Mod:1.00,"條件傷害, 硬幣判定",無
多多冰,1階進化,14132,https://asia.pokemon-card.com/hk/card-img/hk00014132.png,寶可夢,90,Water,,,衝撞,"Colorless,Colorless",30,,冰凍光束,"Water,Colorless,Colorless",50,擲1次硬幣若為正面，則將對手的戰鬥寶可夢【麻痺】。,,Metal,,,2,25,normal,I,擴充包「純白閃焰」,SV11W,cochi8i,棲息在雪山的寶可夢。<br/>在遙遠過去的冰河時期，<br/>遷徙到了南方的土地。,迷你冰 → 多多冰 → 雙倍多多冰,,B,13.00,Base:5.0|Meta:0.0|Exp:3.0|Func:2.0|Syn:2.0|Eff:0.0|Dmg:1.0|Mod:1.00,"狀態異常, 硬幣判定",無
雙倍多多冰,2階進化,14133,https://asia.pokemon-card.com/hk/card-img/hk00014133.png,寶可夢,150,Water,,,衝撞,"Colorless,Colorless",60,,雙重冰凍,"Water,Colorless,Colorless",90×,擲2次硬幣，造成正面出現的次數×90點傷害。只要出現1次正面，則將對手的戰鬥寶可夢【麻痺】。,,Metal,,,2,26,normal,I,擴充包「純白閃焰」,SV11W,cochi8i,藉由喝下大量的水，<br/>在體內製造雪雲。<br/>會用猛烈的暴風雪來折磨敵人。,迷你冰 → 多多冰 → 雙倍多多冰,,B+,16.00,Base:5.0|Meta:0.0|Exp:3.0|Func:2.0|Syn:0.0|Eff:0.0|Dmg:6.0|Mod:1.00,"傷害效果, 狀態異常, 硬幣判定",無
凱路迪歐ex,基礎,13638,https://asia.pokemon-card.com/hk/card-img/hk00013638.png,寶可夢,210,Water,,,疾風直撞,"Water,Colorless",30+,在這個回合，若從備戰區將這隻寶可夢放置於戰鬥場，則增加90點傷害。,音波刀鋒,"Water,Colorless,Colorless",120,這個招式的傷害不計算對手的戰鬥寶可夢身上的附加效果。,,Lightning,,,2,27,normal,I,擴充包「純白閃焰」,SV11W,PLANETA Yamashita,,凱路迪歐ex,ex,A,18.00,Base:5.0|Meta:0.0|Exp:3.0|Func:4.0|Syn:2.0|Eff:0.0|Dmg:4.0|Mod:1.00,"條件傷害, 無視弱點/效果",放置效果
斑斑馬,基礎,14135,https://asia.pokemon-card.com/hk/card-img/hk00014135.png,寶可夢,60,Lightning,,,踢飛,Colorless,10,,電氣踢,"Lightning,Colorless",30,,,Fighting,,,1,28,normal,I,擴充包「純白閃焰」,SV11W,Mugi Hamada,放電時鬃毛會發光。<br/>利用鬃毛發光方式的變化<br/>和夥伴們交流。,斑斑馬 → 雷電斑馬,,C+,9.00,Base:5.0|Meta:0.0|Exp:3.0|Func:0.0|Syn:0.0|Eff:0.0|Dmg:1.0|Mod:1.00,無,無
斑斑馬,基礎,12114,https://asia.pokemon-card.com/hk/card-img/hk00012114.png,寶可夢,70,Lightning,,,叼,Colorless,,從自己的牌庫抽出1張卡。,劈哩啪啦,"Lightning,Colorless",20,,,Fighting,,,1,38,normal,H,擴充包「超電突圍」,SV8,kamonabe,喜歡經常發生落雷的土地。<br/>會用鬃毛接下雷電，<br/>把電力儲存到體內。,斑斑馬 → 雷電斑馬,,B,11.00,Base:5.0|Meta:0.0|Exp:3.0|Func:3.0|Syn:0.0|Eff:0.0|Dmg:0.0|Mod:1.00,"抽卡效果, 搜索效果",無
雷電斑馬,1階進化,14136,https://asia.pokemon-card.com/hk/card-img/hk00014136.png,寶可夢,120,Lightning,,,踢飛,Colorless,30,,電氣子彈,"Lightning,Lightning,Colorless",100,對手的1隻備戰寶可夢也受到30點傷害。[在備戰區不計算弱點・抵抗力。],,Fighting,,,1,29,normal,I,擴充包「純白閃焰」,SV11W,Mugi Hamada,有著閃電般的爆發力。<br/>如果雷電斑馬全速奔馳，<br/>雷聲就會響徹雲霄。,斑斑馬 → 雷電斑馬,,B+,14.00,Base:5.0|Meta:0.0|Exp:3.0|Func:3.0|Syn:0.0|Eff:0.0|Dmg:3.0|Mod:1.00,連鎖傷害,無
雷電斑馬,1階進化,10048,https://asia.pokemon-card.com/hk/card-img/hk00010048.png,寶可夢,120,Lightning,,,濺射嘶鳴,Lightning,,從自己的棄牌區選擇最多與對手已經獲得的獎賞卡的張數相同數量的「基本【雷】能量」卡，以任意方式附於自己的寶可夢身上。,打雷,"Lightning,Colorless,Colorless",150,這隻寶可夢也受到50點傷害。,,Fighting,,,1,24,normal,G,擴充包「未來閃光」,SV4M,GOSSAN,有著閃電般的爆發力。如果雷電斑馬全速奔馳，雷聲就會響徹雲霄。,斑斑馬 → 雷電斑馬,,B+,16.00,Base:5.0|Meta:0.0|Exp:2.0|Func:4.0|Syn:0.0|Eff:0.0|Dmg:5.0|Mod:1.00,"反噬傷害, 搜索效果, 獎賞控制",無
電電蟲,基礎,14137,https://asia.pokemon-card.com/hk/card-img/hk00014137.png,寶可夢,40,Lightning,,,偷襲,Lightning,30,擲1次硬幣若為反面，則這個招式失敗。,,,,,,Fighting,,,1,30,normal,I,擴充包「純白閃焰」,SV11W,Shimaris Yukichi,在鎮裡生活的電電蟲<br/>懂得怎麼從民宅的<br/>插座吸取電力。,電電蟲 → 電蜘蛛 → 電蜘蛛ex,,B,11.00,Base:5.0|Meta:0.0|Exp:3.0|Func:0.0|Syn:2.0|Eff:0.0|Dmg:1.0|Mod:1.00,"條件失敗, 硬幣判定",無
電電蟲,基礎,9861,https://asia.pokemon-card.com/hk/card-img/hk00009861.png,寶可夢,40,Lightning,,,躍動,Lightning,10×,擲3次硬幣，造成正面出現的次數×10點傷害。,,,,,,Fighting,,,1,16,normal,G,強化擴充包「激狂駭浪」,SV3a,Kedamahadaitai Yawarakai,會附在其他寶可夢身上吸取靜電。經常會把自己<br/>貼在來電汪的屁股上。,電電蟲 → 電蜘蛛 → 電蜘蛛ex,,C,8.00,Base:5.0|Meta:0.0|Exp:2.0|Func:0.0|Syn:0.0|Eff:0.0|Dmg:1.0|Mod:1.00,"傷害效果, 硬幣判定",無
電電蟲,基礎,11452,https://asia.pokemon-card.com/hk/card-img/hk00011452.png,寶可夢,40,Grass,,,躍起閃避,Grass,10,擲1次硬幣若為正面，則在下個對手的回合，這隻寶可夢不會受到招式的傷害與效果的影響。,,,,,,Fire,,,1,1,normal,H,強化擴充包「黑夜漫遊者」,SV6a,Naoyo Kimura,會附在寶可夢的身上<br/>吸收靜電。自身並沒有<br/>製造電的能力。,電電蟲 → 電蜘蛛 → 電蜘蛛ex,,B,12.00,Base:5.0|Meta:0.0|Exp:3.0|Func:2.0|Syn:2.0|Eff:0.0|Dmg:0.0|Mod:1.00,"傷害防禦, 效果免疫, 硬幣判定",無
電電蟲,基礎,11823,https://asia.pokemon-card.com/hk/card-img/hk00011823.png,寶可夢,30,Lightning,,,電電充能,Colorless,,從自己的牌庫選擇「基本【草】能量」卡與「基本【雷】能量」卡最多各2張，以任意方式附於自己的寶可夢身上。並且重洗牌庫。,,,,,,Fighting,,,1,32,normal,H,擴充包「星晶奇跡」,SV7,Nisota Niso,自己無法製造電力，<br/> 會附在其他大型寶可夢身上<br/> 吸取靜電。,電電蟲 → 電蜘蛛 → 電蜘蛛ex,,B,11.00,Base:5.0|Meta:0.0|Exp:3.0|Func:3.0|Syn:0.0|Eff:0.0|Dmg:0.0|Mod:1.00,搜索效果,無
電蜘蛛,1階進化,14138,https://asia.pokemon-card.com/hk/card-img/hk00014138.png,寶可夢,90,Lightning,,,放電,Lightning,50×,將這隻寶可夢身上附加的【雷】能量卡全部丟棄，造成其張數×50點傷害。,,,,,,Fighting,,,1,31,normal,I,擴充包「純白閃焰」,SV11W,Shimaris Yukichi,遇到敵人襲擊時，<br/>會吐出許多帶電的絲，<br/>做出電的屏障。,電電蟲 → 電蜘蛛 → 電蜘蛛ex,,A+,21.00,Base:5.0|Meta:0.0|Exp:3.0|Func:3.0|Syn:2.0|Eff:0.0|Dmg:8.0|Mod:1.00,"傷害效果, 棄牌區傷害加成, 能量操作",無
電蜘蛛,1階進化,9862,https://asia.pokemon-card.com/hk/card-img/hk00009862.png,寶可夢,100,Lightning,,,電氣子彈,Lightning,50,對手的1隻備戰寶可夢也受到30點傷害。[在備戰區不計算弱點・抵抗力。],,,,,,Fighting,,,1,17,normal,G,強化擴充包「激狂駭浪」,SV3a,Taira Akitsu,為了捕捉不太會飛的幼鳥，會在鳥寶可夢的巢穴附近<br/>用帶電的絲設下陷阱。,電電蟲 → 電蜘蛛 → 電蜘蛛ex,,B,11.00,Base:5.0|Meta:0.0|Exp:2.0|Func:3.0|Syn:0.0|Eff:0.0|Dmg:1.0|Mod:1.00,連鎖傷害,無
電蜘蛛,1階進化,11453,https://asia.pokemon-card.com/hk/card-img/hk00011453.png,寶可夢,100,Grass,‌複眼,這隻寶可夢使用的招式，對對手的戰鬥場的擁有特性的寶可夢造成的傷害「+50」點。,麻麻羅網,"Grass,Colorless",50+,若這隻寶可夢身上附有【雷】能量卡，則增加80點傷害。,,,,,,Fire,,,1,2,normal,H,強化擴充包「黑夜漫遊者」,SV6a,mashu,發射腹部帶電的毛來攻擊。<br/>要是被牠的毛刺中，<br/>就會全身麻痺三天三夜。,電電蟲 → 電蜘蛛 → 電蜘蛛ex,,A,17.00,Base:5.0|Meta:0.0|Exp:3.0|Func:4.0|Syn:2.0|Eff:0.0|Dmg:3.0|Mod:1.00,"HP提升, 傷害效果, 條件傷害",特性效果
泥巴魚,基礎,14139,https://asia.pokemon-card.com/hk/card-img/hk00014139.png,寶可夢,110,Lightning,,,泥巴伏特,Colorless,20+,若這隻寶可夢身上附有【鬥】能量卡，則增加20點傷害。,活蹦亂跳,"Lightning,Colorless",50,,,Fighting,,,2,32,normal,I,擴充包「純白閃焰」,SV11W,Yuya Oka,皮膚堅硬，就算被相撲力士<br/>踩到也不會有事。<br/>放出電流時會露出笑容。,泥巴魚,,B+,14.00,Base:5.0|Meta:0.0|Exp:3.0|Func:2.0|Syn:2.0|Eff:0.0|Dmg:2.0|Mod:1.00,條件傷害,無
泥巴魚,基礎,9570,https://asia.pokemon-card.com/hk/card-img/hk00009570.png,寶可夢,120,Fighting,特製陷阱,這隻寶可夢在戰鬥場受到對手的寶可夢招式的傷害時，若這隻寶可夢身上附有「寶可夢道具」卡，則在使用招式的寶可夢身上放置5個傷害指示物。,地鳴,Fighting,30,在下個對手的回合，受到這個招式的寶可夢無法撤退。,,,,,,Grass,,,3,59,normal,G,擴充包「黯焰支配者」,SV3,Sumiyoshi Kizuki,當從身上的黃色斑紋裡釋放出強大電流時，牠會莫名地露出微笑。,泥巴魚,,C+,10.00,Base:5.0|Meta:0.0|Exp:2.0|Func:2.0|Syn:0.0|Eff:0.0|Dmg:1.0|Mod:1.00,"傷害指示物, 撤退封鎖",撤退效果
泥巴魚,基礎,12116,https://asia.pokemon-card.com/hk/card-img/hk00012116.png,寶可夢,110,Lightning,,,劈啪麻痺,"Lightning,Colorless",50,擲1次硬幣若為正面，則將對手的戰鬥寶可夢【麻痺】。再選擇1個那隻寶可夢身上附加的能量，將其丟棄。,,,,,,Fighting,,,2,40,normal,H,擴充包「超電突圍」,SV8,Miki Tanaka,潮間帶便是牠的巢穴。<br/>製造電的器官由於<br/>泥裡的細菌而發達起來。,泥巴魚,,B+,16.00,Base:5.0|Meta:0.0|Exp:3.0|Func:5.0|Syn:2.0|Eff:0.0|Dmg:1.0|Mod:1.00,"狀態異常, 硬幣判定, 能量操作",丟棄效果
滾滾蝙蝠,基礎,14140,https://asia.pokemon-card.com/hk/card-img/hk00014140.png,寶可夢,60,Psychic,,,愛心印章,Colorless,10,,,,,,,Lightning,,Fighting,1,33,normal,I,擴充包「純白閃焰」,SV11W,Wintr Wandr,生活在陰暗的森林或洞穴中。<br/>會從鼻孔發出超音波，<br/>探索周遭的環境。,滾滾蝙蝠 → 心蝙蝠,,C,8.00,Base:5.0|Meta:0.0|Exp:3.0|Func:0.0|Syn:0.0|Eff:0.0|Dmg:0.0|Mod:1.00,無,無
滾滾蝙蝠,基礎,9986,https://asia.pokemon-card.com/hk/card-img/hk00009986.png,寶可夢,60,Psychic,,,突擊,Psychic,30,這隻寶可夢也受到10點傷害。,,,,,,Lightning,,Fighting,1,28,normal,G,擴充包「古代咆哮」,SV4K,Kagemaru Himeno,一邊發出超音波，一邊飛來飛去尋找蟲寶可夢<br/>來填飽自己的肚子。,滾滾蝙蝠 → 心蝙蝠,,C,8.00,Base:5.0|Meta:0.0|Exp:2.0|Func:0.0|Syn:0.0|Eff:0.0|Dmg:1.0|Mod:1.00,反噬傷害,無
心蝙蝠,1階進化,14141,https://asia.pokemon-card.com/hk/card-img/hk00014141.png,寶可夢,90,Psychic,,,幸福迴旋,Colorless,,選擇1隻自己的備戰寶可夢，將那隻寶可夢與附加的卡，全部放回手牌。,起風,"Colorless,Colorless",50,,,Lightning,,Fighting,1,34,normal,I,擴充包「純白閃焰」,SV11W,Wintr Wandr,從鼻孔能夠發射出<br/>高高低低各種頻率的音波。<br/>甚至能發出破壞岩石的音波。,滾滾蝙蝠 → 心蝙蝠,,B,13.00,Base:5.0|Meta:0.0|Exp:3.0|Func:2.0|Syn:2.0|Eff:0.0|Dmg:1.0|Mod:1.00,其他效果,無
心蝙蝠,1階進化,9987,https://asia.pokemon-card.com/hk/card-img/hk00009987.png,寶可夢,90,Psychic,,,迷人波,Psychic,30,將對手的戰鬥寶可夢【混亂】。因這個【混亂】而放置的傷害指示物的數量改為6個。,,,,,,Lightning,,Fighting,1,29,normal,G,擴充包「古代咆哮」,SV4K,Narumi Sato,據說有些地區的人覺得牠鼻子的形狀很吉利，<br/>而把牠當成幸福的象徵來祭拜。,滾滾蝙蝠 → 心蝙蝠,,C+,10.00,Base:5.0|Meta:0.0|Exp:2.0|Func:2.0|Syn:0.0|Eff:0.0|Dmg:1.0|Mod:1.00,"傷害指示物, 狀態異常",無
象徵鳥,基礎,14142,https://asia.pokemon-card.com/hk/card-img/hk00014142.png,寶可夢,120,Psychic,,,反射壁,Colorless,,在下個對手的回合，這隻寶可夢受到招式的傷害「-40」點。,意念移物,"Psychic,Colorless,Colorless",,對手的1隻寶可夢受到70點傷害。這個招式的傷害不計算弱點・抵抗力。,,Lightning,,Fighting,1,35,normal,I,擴充包「純白閃焰」,SV11W,Krgc,因為有著守護過<br/>古代都市的記憶，<br/>似乎總是飛在相同的路線上。,象徵鳥,,C+,10.00,Base:5.0|Meta:0.0|Exp:3.0|Func:2.0|Syn:0.0|Eff:0.0|Dmg:0.0|Mod:1.00,"其他效果, 無視弱點/效果",無
象徵鳥,基礎,11997,https://asia.pokemon-card.com/hk/card-img/hk00011997.png,寶可夢,110,Psychic,,,雙重抽出,Colorless,,從自己的牌庫抽出2張卡。,念力,"Psychic,Colorless,Colorless",60,擲1次硬幣若為正面，則將對手的戰鬥寶可夢【麻痺】。,,Lightning,,Fighting,1,7,normal,H,ex特別組合 太晶屬性：星晶 蒼炎刃鬼ex,SVPS,svlt,利用精神力量在空中飛翔， 被稱為古代都市的守護神。 也有人認為牠是守護神的使者。,象徵鳥,,B+,16.00,Base:5.0|Meta:0.0|Exp:2.0|Func:5.0|Syn:2.0|Eff:0.0|Dmg:2.0|Mod:1.00,"抽卡效果, 搜索效果, 狀態異常, 硬幣判定",無
死神棺,1階進化,14144,https://asia.pokemon-card.com/hk/card-img/hk00014144.png,寶可夢,120,Psychic,,,伸長的傷害棺材,"Psychic,Colorless",,選擇1隻自己的備戰寶可夢，將所選的寶可夢身上放置的傷害指示物，全部改放於對手的1隻寶可夢身上。,蠱惑,"Psychic,Colorless,Colorless",60,將對手的戰鬥寶可夢【混亂】。,,Darkness,,Fighting,2,37,normal,I,擴充包「純白閃焰」,SV11W,Bun Toujo,傳說牠會把靠近自己的<br/><br/>人類吞下，做成木乃伊。<br/><br/>喜歡吃金塊。,哭哭面具 → 死神棺 → 死神棺ex,,B+,15.00,Base:5.0|Meta:0.0|Exp:3.0|Func:3.0|Syn:2.0|Eff:0.0|Dmg:2.0|Mod:1.00,"傷害指示物, 狀態異常",無
死神棺,1階進化,12128,https://asia.pokemon-card.com/hk/card-img/hk00012128.png,寶可夢,120,Psychic,,,冥府之律,Psychic,,在雙方的所有擁有特性的寶可夢身上，各放置6個傷害指示物。,陰森射擊,"Psychic,Colorless,Colorless",100,,,Darkness,,Fighting,2,52,normal,H,擴充包「超電突圍」,SV8,Shiburingaru,擁有閃亮亮的黃金身軀。<br/>據說牠已再也無法記起<br/>自己曾經是人類。,哭哭面具 → 死神棺 → 死神棺ex,,B,11.00,Base:5.0|Meta:0.0|Exp:3.0|Func:0.0|Syn:0.0|Eff:0.0|Dmg:3.0|Mod:1.00,傷害指示物,特性效果
哥德寶寶,基礎,14145,https://asia.pokemon-card.com/hk/card-img/hk00014145.png,寶可夢,70,Psychic,,,超念力,Psychic,20,,,,,,,Darkness,,Fighting,1,38,normal,I,擴充包「純白閃焰」,SV11W,Mousho,用蝴蝶結般的觸角<br/>讓精神力量增幅。<br/>好像直盯著某樣東西看。,哥德寶寶 → 哥德小童 → 哥德小姐,,C,8.00,Base:5.0|Meta:0.0|Exp:3.0|Func:0.0|Syn:0.0|Eff:0.0|Dmg:0.0|Mod:1.00,無,無
哥德小童,1階進化,14146,https://asia.pokemon-card.com/hk/card-img/hk00014146.png,寶可夢,90,Psychic,,,天眼,Psychic,,查看對手的牌庫上方5張卡，以任意順序排列，放回牌庫上方。,精神射擊,"Psychic,Colorless",40,,,Darkness,,Fighting,1,39,normal,I,擴充包「純白閃焰」,SV11W,Mousho,會用催眠術操縱寶可夢和人類。<br/>各地都有著在睡夢之中<br/>被哥德小童帶走的民間故事。,哥德寶寶 → 哥德小童 → 哥德小姐,,B,12.00,Base:5.0|Meta:0.0|Exp:3.0|Func:3.0|Syn:0.0|Eff:0.0|Dmg:1.0|Mod:1.00,情報收集,無
哥德小童,1階進化,8694,https://asia.pokemon-card.com/hk/card-img/hk00008694.png,寶可夢,90,Psychic,,,精神歪曲,Colorless,20,將對手的戰鬥寶可夢【混亂】。,超念力,"Psychic,Colorless",40,,,Darkness,,Fighting,1,32,normal,G,擴充包「冰雪險境」,SV2P,Aya Kusube,一定要小心星光閃閃的夜晚。因為牠會帶走被牠施了<br/>催眠術而睡著的小孩。,哥德寶寶 → 哥德小童 → 哥德小姐,,C+,10.00,Base:5.0|Meta:0.0|Exp:2.0|Func:2.0|Syn:0.0|Eff:0.0|Dmg:1.0|Mod:1.00,狀態異常,無
哥德小姐,2階進化,14147,https://asia.pokemon-card.com/hk/card-img/hk00014147.png,寶可夢,150,Psychic,曲扭未來,若這隻寶可夢在戰鬥場上，則在自己的回合時可使用1次。對手將對手自己的手牌全部放回牌庫並重洗。然後，對手從牌庫抽出3張卡。,同步射擊,"Psychic,Colorless",90+,若自己的手牌與對手的手牌張數相同，則增加90點傷害。,,,,,,Darkness,,Fighting,2,40,normal,I,擴充包「純白閃焰」,SV11W,Mousho,由於強烈精神力量的影響，<br/>哥德小姐周圍的空間會扭曲，<br/>映照出幾萬光年遠的星空。,哥德寶寶 → 哥德小童 → 哥德小姐,,A+,20.00,Base:5.0|Meta:0.0|Exp:3.0|Func:6.0|Syn:2.0|Eff:0.0|Dmg:4.0|Mod:1.00,"抽卡效果, 搜索效果, 條件傷害, 牌庫重洗",無
哥德小姐,2階進化,8695,https://asia.pokemon-card.com/hk/card-img/hk00008695.png,寶可夢,150,Psychic,讀星,在自己的回合時可使用1次。查看對手的牌庫上方2張卡，選擇其中1張，放回牌庫上方。將剩餘卡放回牌庫下方。,精神出局,"Psychic,Colorless",120,在不看正面的情況下，選擇1張對手的手牌，將其丟棄。,,,,,,Darkness,,Fighting,2,33,normal,G,擴充包「冰雪險境」,SV2P,Shiburingaru,會釋放出精神力量，讓對手夢見宇宙終結的夢。<br/>內容似乎既虛幻又美麗。,哥德寶寶 → 哥德小童 → 哥德小姐,,B+,14.00,Base:5.0|Meta:0.0|Exp:2.0|Func:3.0|Syn:0.0|Eff:0.0|Dmg:4.0|Mod:1.00,"情報收集, 搜索效果",丟棄效果
輕飄飄,基礎,14148,https://asia.pokemon-card.com/hk/card-img/hk00014148.png,寶可夢,80,Psychic,,,海之影,Psychic,20,在下個對手的回合，對手無法從手牌使出物品卡。,,,,,,Darkness,,Fighting,3,41,normal,I,擴充包「純白閃焰」,SV11W,MARINA Chikazawa,會用薄紗般的手臂<br/>綁住獵物的身體不放，<br/>往海底下沉。,輕飄飄 → 胖嘟嘟 → 胖嘟嘟ex,,C+,10.00,Base:5.0|Meta:0.0|Exp:3.0|Func:2.0|Syn:0.0|Eff:0.0|Dmg:0.0|Mod:1.00,物品卡封鎖,無
胖嘟嘟ex,1階進化,13653,https://asia.pokemon-card.com/hk/card-img/hk00013653.png,寶可夢,270,Psychic,海之詛咒,只要這隻寶可夢在戰鬥場上，對手無法從手牌使出「物品」卡，也無法附上「寶可夢道具」卡。,力量壓制,"Psychic,Colorless",80+,若身上附有的能量比使用這個招式所需的能量多2個，則增加80點傷害。,,,,,,Darkness,,Fighting,3,42,normal,I,擴充包「純白閃焰」,SV11W,PLANETA Igarashi,,輕飄飄 → 胖嘟嘟 → 胖嘟嘟ex,ex,A,18.00,Base:5.0|Meta:0.0|Exp:3.0|Func:4.0|Syn:2.0|Eff:0.0|Dmg:4.0|Mod:1.00,"其他效果, 條件傷害",無
石丸子,基礎,14150,https://asia.pokemon-card.com/hk/card-img/hk00014150.png,寶可夢,80,Fighting,,,變硬,Fighting,,在下個對手的回合，這隻寶可夢不會受到「40」以下的招式的傷害。,滾動岩,"Fighting,Fighting",30,,,Grass,,,2,43,normal,I,擴充包「純白閃焰」,SV11W,Anesaki Dynamic,有著六角形的耳朵。<br/>在地底下被壓縮的身體，<br/>硬度不下於鋼鐵。,石丸子 → 地幔岩 → 龐岩怪,,B,11.00,Base:5.0|Meta:0.0|Exp:3.0|Func:2.0|Syn:0.0|Eff:0.0|Dmg:1.0|Mod:1.00,"傷害防禦, 效果免疫",無
地幔岩,1階進化,14151,https://asia.pokemon-card.com/hk/card-img/hk00014151.png,寶可夢,110,Fighting,,,擊落,Fighting,30+,若對手的戰鬥寶可夢的抵抗力為【鬥】屬性，則增加50點傷害。,力量寶石,"Fighting,Fighting,Fighting",90,,,Grass,,,3,44,normal,I,擴充包「純白閃焰」,SV11W,Anesaki Dynamic,力量充沛時橘色的<br/>結晶會綻放光芒。<br/>會在洞穴裡尋找地下水。,石丸子 → 地幔岩 → 龐岩怪,,B+,15.00,Base:5.0|Meta:0.0|Exp:3.0|Func:2.0|Syn:2.0|Eff:0.0|Dmg:3.0|Mod:1.00,條件傷害,無
龐岩怪,2階進化,14152,https://asia.pokemon-card.com/hk/card-img/hk00014152.png,寶可夢,170,Fighting,,,復仇加農炮,Fighting,20×,造成自己備戰區的所有【鬥】寶可夢身上放置的傷害指示物的數量×20點傷害。,重磅衝擊,"Fighting,Fighting,Fighting",160,,,Grass,,,3,45,normal,I,擴充包「純白閃焰」,SV11W,Anesaki Dynamic,發射出用體內的核心<br/>壓縮的能量進行攻擊。<br/>攻擊的威力足以轟飛一座山。,石丸子 → 地幔岩 → 龐岩怪,,B+,14.00,Base:5.0|Meta:0.0|Exp:3.0|Func:1.0|Syn:0.0|Eff:0.0|Dmg:5.0|Mod:1.00,"備戰傷害加成, 傷害指示物, 傷害效果",放置效果
打擊鬼,基礎,14153,https://asia.pokemon-card.com/hk/card-img/hk00014153.png,寶可夢,110,Fighting,,,肘擊,Fighting,30,,上升劈打,Fighting,90,若對手的戰鬥寶可夢不是「寶可夢【ex】」，則這個招式失敗。這個招式的傷害不計算弱點・抵抗力。,,Psychic,,,1,46,normal,I,擴充包「純白閃焰」,SV11W,Dsuke,從打擊鬼修行的山上<br/>會傳來用拳頭擊打<br/>巨石或大樹的聲響。,打擊鬼,,B+,15.00,Base:5.0|Meta:0.0|Exp:3.0|Func:2.0|Syn:2.0|Eff:0.0|Dmg:3.0|Mod:1.00,"條件失敗, 無視弱點/效果",無
始祖小鳥,1階進化,14154,https://asia.pokemon-card.com/hk/card-img/hk00014154.png,寶可夢,80,Fighting,,,雜技,"Fighting,Colorless",30+,擲2次硬幣，增加正面出現的次數×30點傷害。,,,,,,Grass,,,1,47,normal,I,擴充包「純白閃焰」,SV11W,Haru Akasaka,據說是鳥寶可夢的祖先。<br/>不會飛，似乎過著在枝條間<br/>跳來跳去的生活。,始祖小鳥 → 始祖大鳥,,C+,10.00,Base:5.0|Meta:0.0|Exp:3.0|Func:0.0|Syn:0.0|Eff:0.0|Dmg:2.0|Mod:1.00,硬幣判定,無
始祖大鳥,2階進化,14155,https://asia.pokemon-card.com/hk/card-img/hk00014155.png,寶可夢,140,Fighting,原始之翼,若這隻寶可夢在戰鬥場上，則在自己的回合時可使用1次。選擇1隻對手的進化寶可夢，移除1張「進化卡」使其退化。將移除的卡放回對手的手牌。,落石,"Fighting,Colorless",100,,,,,,,Grass,,,1,48,normal,I,擴充包「純白閃焰」,SV11W,Haru Akasaka,在地面助跑後起飛。<br/>有著與夥伴合作打獵的智商。,始祖小鳥 → 始祖大鳥,,B+,16.00,Base:5.0|Meta:0.0|Exp:3.0|Func:5.0|Syn:0.0|Eff:0.0|Dmg:3.0|Mod:1.00,進化支援,無
功夫鼬,基礎,14156,https://asia.pokemon-card.com/hk/card-img/hk00014156.png,寶可夢,60,Fighting,,,踢,Fighting,20,,,,,,,Psychic,,,1,49,normal,I,擴充包「純白閃焰」,SV11W,Keisin,使出行雲流水般的連續攻擊，<br/>壓制並打倒敵人。<br/>會用銳利的爪子將敵人撕裂。,功夫鼬 → 師父鼬,,C,8.00,Base:5.0|Meta:0.0|Exp:3.0|Func:0.0|Syn:0.0|Eff:0.0|Dmg:0.0|Mod:1.00,無,無
功夫鼬,基礎,11846,https://asia.pokemon-card.com/hk/card-img/hk00011846.png,寶可夢,60,Fighting,,,拍落,Fighting,10,在不看正面的情況下，從對手的手牌選擇1張，將其丟棄。,,,,,,Psychic,,,1,55,normal,H,擴充包「星晶奇跡」,SV7,Kariya,與群體的夥伴們一起在深山裡<br/> 閉關修行。不同的群體有著不同的<br/> 踢腿和手刀技法。,功夫鼬 → 師父鼬,,C+,10.00,Base:5.0|Meta:0.0|Exp:3.0|Func:2.0|Syn:0.0|Eff:0.0|Dmg:0.0|Mod:1.00,情報收集,丟棄效果
師父鼬,1階進化,14157,https://asia.pokemon-card.com/hk/card-img/hk00014157.png,寶可夢,100,Fighting,,,下盤踢,Fighting,40,,衝天粉碎,"Fighting,Fighting",80,這個招式的傷害不計算抵抗力。,,Psychic,,,1,50,normal,I,擴充包「純白閃焰」,SV11W,Keisin,如鞭子般地靈活使用手臂上的毛。<br/>雙臂使出的攻擊，<br/>速度快到眼睛無法捕捉。,功夫鼬 → 師父鼬,,C+,10.00,Base:5.0|Meta:0.0|Exp:3.0|Func:0.0|Syn:0.0|Eff:0.0|Dmg:2.0|Mod:1.00,無視弱點/效果,無
師父鼬,1階進化,9992,https://asia.pokemon-card.com/hk/card-img/hk00009992.png,寶可夢,100,Fighting,,,三段撞,Fighting,20×,擲3次硬幣，造成正面出現的次數×20點傷害。,達人之鞭,"Colorless,Colorless",50+,在這個回合，若從手牌將「寶可夢道具」卡附於這隻寶可夢身上，則增加70點傷害。,,Psychic,,,1,34,normal,G,擴充包「古代咆哮」,SV4K,Mousho,快到無法看清的踢腿非常強烈，即使是<br/>巨大的岩石也能粉碎。,功夫鼬 → 師父鼬,,B,12.00,Base:5.0|Meta:0.0|Exp:2.0|Func:0.0|Syn:2.0|Eff:0.0|Dmg:3.0|Mod:1.00,"傷害效果, 條件傷害, 硬幣判定",無
師父鼬,1階進化,11847,https://asia.pokemon-card.com/hk/card-img/hk00011847.png,寶可夢,90,Fighting,,,疾風迴旋,Fighting,30+,若對手的手牌為5張以下，則增加60點傷害。,,,,,,Psychic,,,1,56,normal,H,擴充包「星晶奇跡」,SV7,MINAMINAMI Take,將雙臂的毛如鞭子般靈活使用。<br/> 一旦開始連續攻擊，誰也無法阻止。,功夫鼬 → 師父鼬,,B+,14.00,Base:5.0|Meta:0.0|Exp:3.0|Func:2.0|Syn:2.0|Eff:0.0|Dmg:2.0|Mod:1.00,條件傷害,無
代拉基翁,基礎,14158,https://asia.pokemon-card.com/hk/card-img/hk00014158.png,寶可夢,140,Fighting,,,報仇,"Fighting,Colorless",50+,在上個對手的回合，若自己的寶可夢因招式的傷害而【昏厥】了，則增加80點傷害。,大地粉碎,"Fighting,Fighting,Colorless",100,,,Grass,,,3,51,normal,I,擴充包「純白閃焰」,SV11W,Tonji Matsuno,為了守護因人們的戰爭<br/>而失去住處的寶可夢們，<br/>過去曾與人類交戰。,代拉基翁,,B+,15.00,Base:5.0|Meta:0.0|Exp:3.0|Func:2.0|Syn:2.0|Eff:0.0|Dmg:3.0|Mod:1.00,"昏厥條件, 條件傷害",無
扒手貓,基礎,14159,https://asia.pokemon-card.com/hk/card-img/hk00014159.png,寶可夢,60,Darkness,,,邪惡邀請,Darkness,,從自己的牌庫選擇最多3張【惡】寶可夢卡，在給對手看過後加入手牌。並且重洗牌庫。,,,,,,Grass,,,1,52,normal,I,擴充包「純白閃焰」,SV11W,Yuu Nishida,把偷別人的東西當遊戲。<br/>被偷的苦主也會因為牠<br/>惹人憐愛的動作而不禁原諒牠。,扒手貓 → 酷豹,,B,12.00,Base:5.0|Meta:0.0|Exp:3.0|Func:4.0|Syn:0.0|Eff:0.0|Dmg:0.0|Mod:1.00,"抽卡效果, 搜索效果",無
扒手貓,基礎,10005,https://asia.pokemon-card.com/hk/card-img/hk00010005.png,寶可夢,60,Darkness,,,踩,Darkness,10,,喵踢,"Colorless,Colorless",30,,,Grass,,,1,47,normal,G,擴充包「古代咆哮」,SV4K,313,會用可愛的動作讓對手放下戒心，趁對方靠過來時冷不防用爪子<br/>猛抓，然後得意地大笑。,扒手貓 → 酷豹,,C,8.00,Base:5.0|Meta:0.0|Exp:2.0|Func:0.0|Syn:0.0|Eff:0.0|Dmg:1.0|Mod:1.00,無,無
酷豹,1階進化,14160,https://asia.pokemon-card.com/hk/card-img/hk00014160.png,寶可夢,110,Darkness,,,拍落,Darkness,50,在不看正面的情況下，從對手的手牌選擇1張，將其丟棄。,,,,,,Grass,,,1,53,normal,I,擴充包「純白閃焰」,SV11W,Yuu Nishida,神出鬼沒的寶可夢。<br/>美麗的體態和毛皮<br/>令許多訓練家著迷。,扒手貓 → 酷豹,,B,11.00,Base:5.0|Meta:0.0|Exp:3.0|Func:2.0|Syn:0.0|Eff:0.0|Dmg:1.0|Mod:1.00,情報收集,丟棄效果
酷豹,1階進化,10006,https://asia.pokemon-card.com/hk/card-img/hk00010006.png,寶可夢,100,Darkness,,,惡劣置換,Darkness,,選擇1隻自己的備戰寶可夢，將所選的寶可夢身上放置的傷害指示物，全部改放於對手的戰鬥寶可夢身上。,劈開,"Colorless,Colorless",60,,,Grass,,,1,48,normal,G,擴充包「古代咆哮」,SV4K,Yoshioka,和狐大盜爭搶地盤。能夠悄無聲息地<br/>從背後偷偷靠近獵物。,扒手貓 → 酷豹,,B+,14.00,Base:5.0|Meta:0.0|Exp:2.0|Func:3.0|Syn:2.0|Eff:0.0|Dmg:2.0|Mod:1.00,傷害指示物,無
破破袋,基礎,14163,https://asia.pokemon-card.com/hk/card-img/hk00014163.png,寶可夢,70,Darkness,,,口水,Darkness,10,,污泥炸彈,"Darkness,Colorless",20,,,Fighting,,,2,56,normal,I,擴充包「純白閃焰」,SV11W,OKUBO,喜歡不乾淨的地方。<br/>一旦吸入牠像打嗝般吐出的氣體，<br/>就會臥病不起１整個星期。,破破袋 → 灰塵山,,C,8.00,Base:5.0|Meta:0.0|Exp:3.0|Func:0.0|Syn:0.0|Eff:0.0|Dmg:0.0|Mod:1.00,無,無
灰塵山,1階進化,14164,https://asia.pokemon-card.com/hk/card-img/hk00014164.png,寶可夢,140,Darkness,,,瓦斯包圍,Darkness,40,,垃圾射擊,"Darkness,Darkness,Colorless",120,將對手的戰鬥寶可夢【中毒】。,,Fighting,,,3,57,normal,I,擴充包「純白閃焰」,SV11W,OKUBO,用左臂勒住對手，<br/>並從嘴裡吐出帶有惡臭的<br/>毒氣給予致命一擊。,破破袋 → 灰塵山,,B+,14.00,Base:5.0|Meta:0.0|Exp:3.0|Func:2.0|Syn:0.0|Eff:0.0|Dmg:4.0|Mod:1.00,狀態異常,無
灰塵山,1階進化,10008,https://asia.pokemon-card.com/hk/card-img/hk00010008.png,寶可夢,120,Darkness,,,丟棄,Darkness,50×,從自己的手牌將任意數量的「寶可夢道具」卡丟棄，造成其張數×50點傷害。,毒液一擊,"Darkness,Colorless,Colorless",80,將對手的戰鬥寶可夢【中毒】。,,Fighting,,,3,50,normal,G,擴充包「古代咆哮」,SV4K,Aya Kusube,從右臂噴出的毒液十分危險，虛弱的生物只要一沾到，<br/>立刻就會丟掉性命。,破破袋 → 灰塵山,,B,12.00,Base:5.0|Meta:0.0|Exp:2.0|Func:2.0|Syn:0.0|Eff:0.0|Dmg:3.0|Mod:1.00,"傷害效果, 棄牌區傷害加成, 狀態異常",無
索羅亞,基礎,14165,https://asia.pokemon-card.com/hk/card-img/hk00014165.png,寶可夢,70,Darkness,,,猛撞,Darkness,30,這隻寶可夢也受到10點傷害。,,,,,,Grass,,,1,58,normal,I,擴充包「純白閃焰」,SV11W,akagi,會幻化成對手的樣子<br/>嚇唬對方。似乎經常<br/>幻化成沉默寡言的小孩。,索羅亞 → 索羅亞克 → 索羅亞克GX,,C+,9.00,Base:5.0|Meta:0.0|Exp:3.0|Func:0.0|Syn:0.0|Eff:0.0|Dmg:1.0|Mod:1.00,反噬傷害,無
索羅亞,基礎,11482,https://asia.pokemon-card.com/hk/card-img/hk00011482.png,寶可夢,70,Darkness,,,踩,Colorless,10,,雙重抓,"Darkness,Colorless",20×,擲2次硬幣，造成正面出現的次數×20點傷害。,,Grass,,,1,31,normal,H,強化擴充包「黑夜漫遊者」,SV6a,Yuu Nishida,會化為人類或其他的寶可夢。<br/>透過隱藏自己原本的面貌，<br/>保護自己不遇危險。,索羅亞 → 索羅亞克 → 索羅亞克GX,,C+,10.00,Base:5.0|Meta:0.0|Exp:3.0|Func:0.0|Syn:0.0|Eff:0.0|Dmg:2.0|Mod:1.00,"傷害效果, 硬幣判定",無
索羅亞克,1階進化,14166,https://asia.pokemon-card.com/hk/card-img/hk00014166.png,寶可夢,120,Darkness,,,意志劫持,Darkness,30×,造成對手的備戰寶可夢的數量×30點傷害。,欺詐,"Colorless,Colorless,Colorless",,選擇1個對手的戰鬥寶可夢持有的招式，作為這個招式使用。,,Grass,,,1,59,normal,I,擴充包「純白閃焰」,SV11W,akagi,透過迷惑對手<br/>來保護族群安全的寶可夢。<br/>同類夥伴間非常團結。,索羅亞 → 索羅亞克 → 索羅亞克GX,,B,13.00,Base:5.0|Meta:0.0|Exp:3.0|Func:3.0|Syn:0.0|Eff:0.0|Dmg:2.0|Mod:1.00,"備戰傷害加成, 傷害效果, 招式複製, 招式複製對手",無
索羅亞克,1階進化,11483,https://asia.pokemon-card.com/hk/card-img/hk00011483.png,寶可夢,120,Darkness,,,幻影劫持,"Colorless,Colorless",60×,造成對手的場上的「寶可夢【ex】・【V】」的數量×60點傷害。,利爪劈擊,"Darkness,Colorless,Colorless",110,,,Grass,,,1,32,normal,H,強化擴充包「黑夜漫遊者」,SV6a,nagimiso,有著一口氣迷惑許多人的力量。<br/>會讓人看見虛幻的景色，<br/>以保護自己的居所。,索羅亞 → 索羅亞克 → 索羅亞克GX,,B+,16.00,Base:5.0|Meta:0.0|Exp:3.0|Func:2.0|Syn:2.0|Eff:0.0|Dmg:4.0|Mod:1.00,"備戰傷害加成, 傷害效果",無
單首龍,基礎,14167,https://asia.pokemon-card.com/hk/card-img/hk00014167.png,寶可夢,80,Darkness,,,泰山壓頂,"Colorless,Colorless",20,擲1次硬幣若為正面，則將對手的戰鬥寶可夢【麻痺】。,暗之牙,"Darkness,Colorless,Colorless",50,,,Grass,,,2,60,normal,I,擴充包「純白閃焰」,SV11W,kodama,不管遇到什麼都習慣一口咬上。<br/>只要是能吃的東西什麼都吃。<br/>貿然靠近的話可十分危險。,單首龍 → 雙首暴龍 → 三首惡龍 → 三首惡龍ex,,B,13.00,Base:5.0|Meta:0.0|Exp:3.0|Func:2.0|Syn:2.0|Eff:0.0|Dmg:1.0|Mod:1.00,"狀態異常, 硬幣判定",無
單首龍,基礎,8646,https://asia.pokemon-card.com/hk/card-img/hk00008646.png,寶可夢,70,Darkness,,,伏擊,"Darkness,Colorless",20+,擲1次硬幣若為正面，則增加20點傷害。,,,,,,Grass,,,1,57,normal,G,強化擴充包「三連音爆」,SV1a,Narumi Sato,因為眼睛看不見，所以不管要確認什麼都是先咬再說。<br/>和牠變親密前會滿身是傷。,單首龍 → 雙首暴龍 → 三首惡龍 → 三首惡龍ex,,B,11.00,Base:5.0|Meta:0.0|Exp:2.0|Func:0.0|Syn:2.0|Eff:0.0|Dmg:2.0|Mod:1.00,"條件傷害, 硬幣判定",無
單首龍,基礎,12146,https://asia.pokemon-card.com/hk/card-img/hk00012146.png,寶可夢,70,Darkness,,,踩落,Darkness,,將對手的牌庫上方1張卡丟棄。,咬住,"Darkness,Colorless",20,,,Grass,,,1,70,normal,H,擴充包「超電突圍」,SV8,YASHIRO Nanaco,棲息的洞窟深處缺乏食糧，<br/>因此只要是會動的東西，<br/>牠都會想去咬住吃掉。,單首龍 → 雙首暴龍 → 三首惡龍 → 三首惡龍ex,,C+,10.00,Base:5.0|Meta:0.0|Exp:3.0|Func:2.0|Syn:0.0|Eff:0.0|Dmg:0.0|Mod:1.00,無,丟棄效果
雙首暴龍,1階進化,14168,https://asia.pokemon-card.com/hk/card-img/hk00014168.png,寶可夢,110,Darkness,,,二連擊,"Colorless,Colorless",40×,擲2次硬幣，造成正面出現的次數×40點傷害。,漆黑之牙,"Darkness,Darkness,Colorless,Colorless",100,,,Grass,,,3,61,normal,I,擴充包「純白閃焰」,SV11W,kodama,吃光地盤裡的食物後，<br/>就會向其他地方移動。<br/>２顆頭的感情不好。,單首龍 → 雙首暴龍 → 三首惡龍 → 三首惡龍ex,,B,12.00,Base:5.0|Meta:0.0|Exp:3.0|Func:0.0|Syn:0.0|Eff:0.0|Dmg:4.0|Mod:1.00,"傷害效果, 硬幣判定",無
雙首暴龍,1階進化,8647,https://asia.pokemon-card.com/hk/card-img/hk00008647.png,寶可夢,100,Darkness,,,尋找朋友,Colorless,,從自己的牌庫選擇最多2張寶可夢卡，在給對手看過後加入手牌。並且重洗牌庫。,魯莽頭擊,"Darkness,Darkness,Colorless",80,,,Grass,,,2,58,normal,G,強化擴充包「三連音爆」,SV1a,nagimiso,２顆頭的感情很差。如果兩邊疼愛的程度不同，<br/>就會因爭風吃醋而開始大吵。,單首龍 → 雙首暴龍 → 三首惡龍 → 三首惡龍ex,,B,13.00,Base:5.0|Meta:0.0|Exp:2.0|Func:4.0|Syn:0.0|Eff:0.0|Dmg:2.0|Mod:1.00,"抽卡效果, 搜索效果",無
雙首暴龍,1階進化,12147,https://asia.pokemon-card.com/hk/card-img/hk00012147.png,寶可夢,100,Darkness,,,踩落,Darkness,,將對手的牌庫上方2張卡丟棄。,暗之牙,"Darkness,Colorless,Colorless",60,,,Grass,,,2,71,normal,H,擴充包「超電突圍」,SV8,chibi,２顆頭各有喜好。<br/>由於頭之間會互相爭鬥，<br/>因此不靠外力也能變強。,單首龍 → 雙首暴龍 → 三首惡龍 → 三首惡龍ex,,B,12.00,Base:5.0|Meta:0.0|Exp:3.0|Func:2.0|Syn:0.0|Eff:0.0|Dmg:2.0|Mod:1.00,無,丟棄效果
三首惡龍ex,2階進化,13673,https://asia.pokemon-card.com/hk/card-img/hk00013673.png,寶可夢,330,Darkness,貪婪食客,若對手的【基礎】寶可夢因這隻寶可夢使用的招式的傷害而【昏厥】了，則多獲得1張獎賞卡。,暗黑啃咬,"Darkness,Darkness,Darkness,Colorless,Colorless",200,在下個對手的回合，受到這個招式的寶可夢無法撤退。,,,,,,Grass,,,3,62,normal,I,擴充包「純白閃焰」,SV11W,5ban Graphics,,單首龍 → 雙首暴龍 → 三首惡龍 → 三首惡龍ex,ex,B+,16.00,Base:5.0|Meta:0.0|Exp:3.0|Func:2.0|Syn:0.0|Eff:0.0|Dmg:6.0|Mod:1.00,"撤退封鎖, 昏厥條件, 獎賞控制",撤退效果
三首惡龍ex,2階進化,12148,https://asia.pokemon-card.com/hk/card-img/hk00012148.png,寶可夢,330,Darkness,,,粉碎頭,"Darkness,Colorless",200,將對手的牌庫上方3張卡丟棄。,黑曜石,"Psychic,Darkness,Metal,Colorless",130,對手的2隻備戰寶可夢也各受到130點傷害。[在備戰區不計算弱點・抵抗力。],,Grass,,,3,72,normal,H,擴充包「超電突圍」,SV8,5ban Graphics,,單首龍 → 雙首暴龍 → 三首惡龍 → 三首惡龍ex,"太晶,ex",A,17.00,Base:5.0|Meta:0.0|Exp:3.0|Func:3.0|Syn:0.0|Eff:0.0|Dmg:6.0|Mod:1.00,連鎖傷害,丟棄效果
種子鐵球,基礎,14170,https://asia.pokemon-card.com/hk/card-img/hk00014170.png,寶可夢,70,Metal,,,刺痛,Metal,10,,金屬爪,"Metal,Colorless,Colorless",40,,,Fire,,Grass,2,63,normal,I,擴充包「純白閃焰」,SV11W,Hasuno,察覺到危險時會同時射出尖刺反擊，<br/>並趁這個機會滾動逃跑。,種子鐵球 → 堅果啞鈴,,B,12.00,Base:5.0|Meta:0.0|Exp:3.0|Func:0.0|Syn:3.0|Eff:0.0|Dmg:1.0|Mod:1.00,無,無
堅果啞鈴,1階進化,14171,https://asia.pokemon-card.com/hk/card-img/hk00014171.png,寶可夢,140,Metal,,,強力鞭打,Metal,,對手的1隻寶可夢，受到這隻寶可夢身上附加的能量的數量×20點傷害。[在備戰區不計算弱點・抵抗力。],金屬爪,"Metal,Colorless,Colorless,Colorless",130,,,Fire,,Grass,3,64,normal,I,擴充包「純白閃焰」,SV11W,Hasuno,會揮舞３根帶刺的觸手<br/>來戰鬥。摔打鋼刺時，<br/>其破壞力足以粉碎巨岩。,種子鐵球 → 堅果啞鈴,,A,18.00,Base:5.0|Meta:0.0|Exp:3.0|Func:6.0|Syn:0.0|Eff:0.0|Dmg:4.0|Mod:1.00,"備戰傷害加成, 能量操作, 連鎖傷害",無
堅果啞鈴,1階進化,9889,https://asia.pokemon-card.com/hk/card-img/hk00009889.png,寶可夢,140,Metal,堅硬身軀,這隻寶可夢受到招式的傷害「-30」點。,旋轉尖刺,"Metal,Colorless",50,在下個自己的回合，這隻寶可夢「旋轉尖刺」的傷害「+100」點。,,,,,,Fire,,Grass,3,44,normal,G,強化擴充包「激狂駭浪」,SV3a,SATOSHI NAKAI,擁有比鋼鐵還堅硬的尖刺。會利用觸手上的尖刺<br/>攀附在岩壁上移動。,種子鐵球 → 堅果啞鈴,,C,8.00,Base:5.0|Meta:0.0|Exp:2.0|Func:0.0|Syn:0.0|Eff:0.0|Dmg:1.0|Mod:1.00,其他效果,無
齒輪兒,基礎,14172,https://asia.pokemon-card.com/hk/card-img/hk00014172.png,寶可夢,60,Metal,,,堅硬齒輪,Metal,10,在下個對手的回合，這隻寶可夢受到招式的傷害「-10」點。,,,,,,Fire,,Grass,1,65,normal,I,擴充包「純白閃焰」,SV11W,Amelicart,２個身體的組合是固定的。<br/>與其他的身體會因為無法咬合而分離。,齒輪兒 → 齒輪組 → 齒輪怪,,C+,10.00,Base:5.0|Meta:0.0|Exp:3.0|Func:2.0|Syn:0.0|Eff:0.0|Dmg:0.0|Mod:1.00,其他效果,無
齒輪兒,基礎,11858,https://asia.pokemon-card.com/hk/card-img/hk00011858.png,寶可夢,60,Metal,,,吸引,Colorless,,從自己的牌庫抽出1張卡。,光束,"Colorless,Colorless",20,,,Fire,,Grass,2,67,normal,H,擴充包「星晶奇跡」,SV7,osare,２個身體比雙胞胎還要親近。<br/>要是換成別的齒輪兒，<br/>就沒有辦法好好咬合。,齒輪兒 → 齒輪組 → 齒輪怪,,B,11.00,Base:5.0|Meta:0.0|Exp:3.0|Func:3.0|Syn:0.0|Eff:0.0|Dmg:0.0|Mod:1.00,"抽卡效果, 搜索效果",無
齒輪組,1階進化,14173,https://asia.pokemon-card.com/hk/card-img/hk00014173.png,寶可夢,90,Metal,,,堅硬齒輪,"Metal,Colorless",50,在下個對手的回合，這隻寶可夢受到招式的傷害「-20」點。,,,,,,Fire,,Grass,2,66,normal,I,擴充包「純白閃焰」,SV11W,Amelicart,藉由改變旋轉方向<br/>向夥伴傳達心情。<br/>越生氣轉得越快。,齒輪兒 → 齒輪組 → 齒輪怪,,B,11.00,Base:5.0|Meta:0.0|Exp:3.0|Func:2.0|Syn:0.0|Eff:0.0|Dmg:1.0|Mod:1.00,其他效果,無
齒輪組,1階進化,11859,https://asia.pokemon-card.com/hk/card-img/hk00011859.png,寶可夢,90,Metal,,,鐵之衝撞,"Colorless,Colorless",60,這隻寶可夢也受到20點傷害。,,,,,,Fire,,Grass,3,68,normal,H,擴充包「星晶奇跡」,SV7,Mina Nakai,如果認真起來，大齒輪外圈的<br/>齒輪會和小齒輪完全接合。<br/>此時轉速將會大幅提升。,齒輪兒 → 齒輪組 → 齒輪怪,,C+,10.00,Base:5.0|Meta:0.0|Exp:3.0|Func:0.0|Syn:0.0|Eff:0.0|Dmg:2.0|Mod:1.00,反噬傷害,無
齒輪怪,2階進化,14174,https://asia.pokemon-card.com/hk/card-img/hk00014174.png,寶可夢,150,Metal,齒輪塗層,只要這隻寶可夢在場上，自己的所有身上附有【鋼】能量卡的寶可夢，受到對手的寶可夢招式的傷害「-20」點。,頭突,"Metal,Colorless,Colorless",120,,,,,,,Fire,,Grass,3,67,normal,I,擴充包「純白閃焰」,SV11W,Amelicart,紅色的核心是能量庫。<br/>會將充填的能量從尖刺射向四周。,齒輪兒 → 齒輪組 → 齒輪怪,,B+,16.00,Base:5.0|Meta:0.0|Exp:3.0|Func:4.0|Syn:0.0|Eff:0.0|Dmg:4.0|Mod:1.00,屬性防禦,無
齒輪怪,2階進化,11860,https://asia.pokemon-card.com/hk/card-img/hk00011860.png,寶可夢,140,Metal,緊急迴轉,在自己的回合，若手牌有這張卡，且對手的場上有【2階進化】寶可夢，則可使用1次。將這張卡放置於備戰區。,高級光束,"Colorless,Colorless",130,將這隻寶可夢身上附加的能量卡全部丟棄。,,,,,,Fire,,Grass,3,69,normal,H,擴充包「星晶奇跡」,SV7,Tonji Matsuno,會從尖刺的前端發出強力<br/>電擊。紅色核心裡填充著<br/>非常多的能量。,齒輪兒 → 齒輪組 → 齒輪怪,,S,23.00,Base:5.0|Meta:0.0|Exp:3.0|Func:9.0|Syn:2.0|Eff:0.0|Dmg:4.0|Mod:1.00,"能量操作, 進化支援",放置效果
鐵蟻,基礎,14175,https://asia.pokemon-card.com/hk/card-img/hk00014175.png,寶可夢,110,Metal,,,一起啃食,Colorless,20+,若自己的備戰區有「鐵蟻」，則增加20點傷害。,夾住,"Metal,Colorless",50,,,Fire,,Grass,1,68,normal,I,擴充包「純白閃焰」,SV11W,Yuka Morii,身上包著鋼鐵鎧甲。<br/>會團結起來抵抗天敵熔蟻獸的攻擊<br/>並加以反擊。,鐵蟻,,B,13.00,Base:5.0|Meta:0.0|Exp:3.0|Func:1.0|Syn:2.0|Eff:0.0|Dmg:2.0|Mod:1.00,條件傷害,無
鐵蟻,基礎,10066,https://asia.pokemon-card.com/hk/card-img/hk00010066.png,寶可夢,70,Metal,,,憤怒堆積,"Colorless,Colorless",20×,造成自己的場上的所有「鐵蟻」身上放置的傷害指示物數量×20點傷害。,堅硬之剪,"Metal,Colorless,Colorless",80,在下個對手的回合，這隻寶可夢受到招式的傷害「-20」點。,,Fire,,Grass,1,42,normal,G,擴充包「未來閃光」,SV4M,Kyoko Umemoto,巨大的顎部能咬碎岩石。為了不讓沙螺蟒把蛋搶走，會和其他同類一起並肩戰鬥。,鐵蟻,,B,13.00,Base:5.0|Meta:0.0|Exp:2.0|Func:2.0|Syn:2.0|Eff:0.0|Dmg:2.0|Mod:1.00,"備戰傷害加成, 傷害指示物, 傷害效果, 其他效果",放置效果
鐵蟻,基礎,12619,https://asia.pokemon-card.com/hk/card-img/hk00012619.png,寶可夢,90,Grass,,,咬碎,"Grass,Colorless",50,擲1次硬幣若為正面，則選擇1個對手的戰鬥寶可夢身上附加的能量，將其丟棄。,,,,,,Fire,,,1,11,normal,H,雙ex初階牌組 Generations,SVM,KEIICHIRO ITO,在巢穴的深處產卵。<br/>受到熔蟻獸的襲擊時會用<br/>大大的顎部咬住對方進行反擊。,鐵蟻,,B+,15.00,Base:5.0|Meta:0.0|Exp:2.0|Func:5.0|Syn:2.0|Eff:0.0|Dmg:1.0|Mod:1.00,"硬幣判定, 能量操作",丟棄效果
赤面龍,基礎,14176,https://asia.pokemon-card.com/hk/card-img/hk00014176.png,寶可夢,120,Dragon,,,撕裂,Colorless,40,這個招式的傷害不計算對手的戰鬥寶可夢身上的附加效果。,伏擊,"Fire,Water,Colorless",90+,擲1次硬幣若為正面，則增加60點傷害。,,,,,2,69,normal,I,擴充包「純白閃焰」,SV11W,Nurikabe,用翅膀接收日光，讓身體變得溫暖。<br/>如果體溫下降就會變得無法動彈。,赤面龍,,A,17.00,Base:5.0|Meta:0.0|Exp:3.0|Func:3.0|Syn:2.0|Eff:0.0|Dmg:4.0|Mod:1.00,"條件傷害, 無視弱點/效果, 硬幣判定",無
赤面龍,基礎,13067,https://asia.pokemon-card.com/hk/card-img/hk00013067.png,寶可夢,120,Dragon,,,龍之猛暴,Colorless,20,從自己的棄牌區選擇1張「基本【火】能量」卡，附於自己的【龍】寶可夢身上。,利爪揮砍,"Fire,Water,Colorless",120,,,,,,2,73,normal,I,擴充包「對戰搭檔」,SV9,kawayoo,性情凶暴且狡猾。會搶奪<br/>其他寶可夢挖好的巢穴，<br/>來當作是自己的窩。,赤面龍,,B+,14.00,Base:5.0|Meta:0.0|Exp:3.0|Func:2.0|Syn:0.0|Eff:0.0|Dmg:4.0|Mod:1.00,搜索效果,無
探探鼠,基礎,14177,https://asia.pokemon-card.com/hk/card-img/hk00014177.png,寶可夢,60,Colorless,,,籌備,Colorless,,從自己的牌庫選擇1張物品卡，在給對手看過後加入手牌。並且重洗牌庫。,咬,Colorless,10,,,Fighting,,,1,70,normal,I,擴充包「純白閃焰」,SV11W,Ounishi,會在頰囊裡藏食物，<br/>連續站崗好幾天。<br/>會用尾巴向夥伴發出信號。,探探鼠 → 步哨鼠,,B,12.00,Base:5.0|Meta:0.0|Exp:3.0|Func:4.0|Syn:0.0|Eff:0.0|Dmg:0.0|Mod:1.00,"抽卡效果, 搜索效果",無
步哨鼠,1階進化,14178,https://asia.pokemon-card.com/hk/card-img/hk00014178.png,寶可夢,90,Colorless,,,聚氣,Colorless,,在下個自己的回合，這隻寶可夢「必殺門牙」的傷害改為「240」點。,必殺門牙,Colorless,80,擲1次硬幣若為反面，則這個招式失敗。,,Fighting,,,1,71,normal,I,擴充包「純白閃焰」,SV11W,Ounishi,射出儲存在頰囊的<br/>樹果種子攻擊。<br/>發現敵人時，尾巴會豎起。,探探鼠 → 步哨鼠,,B,12.00,Base:5.0|Meta:0.0|Exp:3.0|Func:0.0|Syn:2.0|Eff:0.0|Dmg:2.0|Mod:1.00,"其他效果, 條件失敗, 硬幣判定",無
小約克,基礎,14179,https://asia.pokemon-card.com/hk/card-img/hk00014179.png,寶可夢,60,Colorless,,,嬉鬧,Colorless,10+,擲1次硬幣若為正面，則增加20點傷害。,,,,,,Fighting,,,1,72,normal,I,擴充包「純白閃焰」,SV11W,sowsow,雖然會勇敢迎戰強大的對手，<br/>但也會選擇避開不利於己的戰鬥，<br/>是智商很高的寶可夢。,小約克 → 哈約克 → 長毛狗,,B,12.00,Base:5.0|Meta:0.0|Exp:3.0|Func:0.0|Syn:2.0|Eff:0.0|Dmg:2.0|Mod:1.00,"條件傷害, 硬幣判定",無
小約克,基礎,9316,https://asia.pokemon-card.com/hk/card-img/hk00009316.png,寶可夢,50,Colorless,,,後踢,Colorless,20,,,,,,,Fighting,,,1,94,normal,G,ex初階牌組,SVD,Yuka Morii,比一般的小孩子都還要聰明。對於自己得到的關愛，<br/>或是受到的傷害牠都不會忘記。,小約克 → 哈約克 → 長毛狗,,C,7.00,Base:5.0|Meta:0.0|Exp:2.0|Func:0.0|Syn:0.0|Eff:0.0|Dmg:0.0|Mod:1.00,無,無
哈約克,1階進化,14180,https://asia.pokemon-card.com/hk/card-img/hk00014180.png,寶可夢,90,Colorless,,,吼叫,Colorless,,將對手的戰鬥寶可夢與備戰寶可夢互換。[由對手選擇放置於戰鬥場的寶可夢。],撞倒,"Colorless,Colorless,Colorless",70,,,Fighting,,,1,73,normal,I,擴充包「純白閃焰」,SV11W,sowsow,像斗篷般覆蓋身體的<br/>黑色體毛非常堅硬。<br/>可以減輕受到的傷害。,小約克 → 哈約克 → 長毛狗,,B+,15.00,Base:5.0|Meta:0.0|Exp:3.0|Func:5.0|Syn:0.0|Eff:0.0|Dmg:2.0|Mod:1.00,切換效果,無
哈約克,1階進化,9317,https://asia.pokemon-card.com/hk/card-img/hk00009317.png,寶可夢,90,Colorless,,,後踢,Colorless,30,,頭突,"Colorless,Colorless",50,,,Fighting,,,2,95,normal,G,ex初階牌組,SVD,Kariya,覆蓋身體的黑色體毛既厚實又有彈性，就連<br/>銳利的獠牙也會被反彈。,小約克 → 哈約克 → 長毛狗,,C,8.00,Base:5.0|Meta:0.0|Exp:2.0|Func:0.0|Syn:0.0|Eff:0.0|Dmg:1.0|Mod:1.00,無,無
長毛狗,2階進化,14181,https://asia.pokemon-card.com/hk/card-img/hk00014181.png,寶可夢,160,Colorless,,,氣味偵測,"Colorless,Colorless",,擲3次硬幣，從自己的棄牌區任意選擇最多與正面出現的次數相同數量的卡，在給對手看過後加入手牌。,特殊獠牙,"Colorless,Colorless,Colorless,Colorless",100+,若這隻寶可夢身上附有特殊能量卡，則增加100點傷害。,,Fighting,,,3,74,normal,I,擴充包「純白閃焰」,SV11W,sowsow,會進入被暴風雪封鎖的山區，<br/>拯救遇難的人類。<br/>長長的毛能抵禦寒冷。,小約克 → 哈約克 → 長毛狗,,A+,20.00,Base:5.0|Meta:0.0|Exp:3.0|Func:5.0|Syn:2.0|Eff:0.0|Dmg:5.0|Mod:1.00,"搜索效果, 條件傷害, 硬幣判定",無
長毛狗,2階進化,9318,https://asia.pokemon-card.com/hk/card-img/hk00009318.png,寶可夢,160,Colorless,,,咬咬恐慌,Colorless,50×,造成對手的戰鬥寶可夢【撤退】所需的能量的數量×50點傷害。,銳利之牙,"Colorless,Colorless,Colorless",140,,,Fighting,,,3,96,normal,G,ex初階牌組,SVD,Keisin,以氣派的鬍鬚為傲的寶可夢。據說在夥伴之間的階級地位<br/>就取決於鬍鬚的長度。,小約克 → 哈約克 → 長毛狗,,A,19.00,Base:5.0|Meta:0.0|Exp:2.0|Func:4.0|Syn:0.0|Eff:0.0|Dmg:8.0|Mod:1.00,"備戰傷害加成, 傷害效果, 撤退干擾",撤退效果
爆炸頭水牛ex,基礎,13686,https://asia.pokemon-card.com/hk/card-img/hk00013686.png,寶可夢,220,Colorless,爆炸頭防守,這隻寶可夢受到招式的傷害「-30」點。,黃金破壞,"Colorless,Colorless,Colorless",100+,若對手的戰鬥寶可夢為「寶可夢【ex】」，則增加100點傷害。,,,,,,Fighting,,,2,75,normal,I,擴充包「純白閃焰」,SV11W,PLANETA Tsuji,,爆炸頭水牛ex,ex,A,17.00,Base:5.0|Meta:0.0|Exp:3.0|Func:2.0|Syn:2.0|Eff:0.0|Dmg:5.0|Mod:1.00,"其他效果, 條件傷害",無
毛頭小鷹,基礎,14183,https://asia.pokemon-card.com/hk/card-img/hk00014183.png,寶可夢,70,Colorless,,,啄,Colorless,10,,滑翔,"Colorless,Colorless",20,,,Lightning,,Fighting,1,76,normal,I,擴充包「純白閃焰」,SV11W,Kedamahadaitai Yawarakai,用腳的力量踩碎樹果。<br/>有著不論是多強的對手，<br/>都能勇於對抗的習性。,毛頭小鷹 → 洗翠 勇士雄鷹 → 勇士雄鷹,,C,8.00,Base:5.0|Meta:0.0|Exp:3.0|Func:0.0|Syn:0.0|Eff:0.0|Dmg:0.0|Mod:1.00,無,無
勇士雄鷹,1階進化,14184,https://asia.pokemon-card.com/hk/card-img/hk00014184.png,寶可夢,140,Colorless,,,燕返,Colorless,40+,擲1次硬幣若為正面，則增加40點傷害。,高速之翼,"Colorless,Colorless,Colorless,Colorless",130,,,Lightning,,Fighting,1,77,normal,I,擴充包「純白閃焰」,SV11W,Kedamahadaitai Yawarakai,會為了夥伴不顧危險地戰鬥。<br/>可以抓起汽車在空中飛舞。,毛頭小鷹 → 洗翠 勇士雄鷹 → 勇士雄鷹,,B+,14.00,Base:5.0|Meta:0.0|Exp:3.0|Func:0.0|Syn:2.0|Eff:0.0|Dmg:4.0|Mod:1.00,"條件傷害, 硬幣判定",無
勇士雄鷹,1階進化,11976,https://asia.pokemon-card.com/hk/card-img/hk00011976.png,寶可夢,130,Colorless,,,拖出,"Colorless,Colorless",,選擇1隻對手的備戰寶可夢，與戰鬥寶可夢互換。然後，新上場的寶可夢受到40點傷害。,爆破之風,"Colorless,Colorless,Colorless",120,,,Lightning,,Fighting,1,50,normal,H,強化擴充包「樂園騰龍」,SV7a,Anesaki Dynamic,只要是為了夥伴，<br/>即使身受重傷也不會停止戰鬥。<br/>是勇敢的天空戰士。,毛頭小鷹 → 洗翠 勇士雄鷹 → 勇士雄鷹,,A,17.00,Base:5.0|Meta:0.0|Exp:3.0|Func:5.0|Syn:0.0|Eff:0.0|Dmg:4.0|Mod:1.00,切換效果,無
龍捲雲,基礎,14185,https://asia.pokemon-card.com/hk/card-img/hk00014185.png,寶可夢,120,Colorless,,,玉樹臨風,Colorless,,從自己的手牌選擇1張基本能量卡，附於這隻寶可夢身上。,暴風,"Colorless,Colorless,Colorless",100,選擇1個這隻寶可夢身上附加的基本能量，改附於備戰寶可夢身上。,,Lightning,,Fighting,1,78,normal,I,擴充包「純白閃焰」,SV11W,Nisota Niso,下半身被雲一般的能量包裹著。<br/>能以時速３００公里的速度<br/>在空中飛行。,龍捲雲,,A,17.00,Base:5.0|Meta:0.0|Exp:3.0|Func:6.0|Syn:0.0|Eff:0.0|Dmg:3.0|Mod:1.00,"能量操作, 能量附著",無
龍捲雲,基礎,11873,https://asia.pokemon-card.com/hk/card-img/hk00011873.png,寶可夢,110,Colorless,,,拳骨,"Colorless,Colorless",50,,暴風障壁,"Colorless,Colorless,Colorless",100,在下個對手的回合，這隻寶可夢受到招式的傷害「-50」點。,,Lightning,,Fighting,1,82,normal,H,擴充包「星晶奇跡」,SV7,Uninori,下半身被雲一般的能量包裹著。<br/>能以時速３００公里的速度<br/>在空中飛行。,龍捲雲,,B,13.00,Base:5.0|Meta:0.0|Exp:3.0|Func:2.0|Syn:0.0|Eff:0.0|Dmg:3.0|Mod:1.00,其他效果,無
阿塞蘿拉的惡作劇,,14354,https://asia.pokemon-card.com/hk/card-img/hk00014354.png,支援者卡,,,,,,,,這張卡只有在對手剩餘獎賞卡的張數為2張以下時才可使用。<br/> <br/> 選擇1隻自己的場上寶可夢。在下個對手的回合，那隻寶可夢不會受到對手的「寶可夢【ex】」招式的傷害與效果的影響。,,,,,,,,,,10,promo,I,特典卡 超級進化,M,Yuu Nishida,,,,B,13.00,Base:8.0|Meta:0.0|Exp:-1.0|Func:2.0|Syn:4.0|Eff:0.0|Dmg:0.0|Mod:1.00,"傷害防禦, 效果免疫, 獎賞控制",無
阿楓,,8444,https://asia.pokemon-card.com/hk/card-img/hk00008444.png,支援者卡,,,,,,,,若使用了這張卡，則自己的回合結束。將自己的手牌全部放回牌庫並重洗。然後，從牌庫抽出8張卡。,,,,在自己的回合時，支援者卡只可使用1張。,,,,,,74,normal,G,擴充包「紫ex」,SV1V,Akira Komayama,,,,A,18.00,Base:8.0|Meta:0.0|Exp:2.0|Func:4.0|Syn:4.0|Eff:0.0|Dmg:0.0|Mod:1.00,"抽卡效果, 搜索效果, 牌庫重洗",無
猛攻手鐲,,14189,https://asia.pokemon-card.com/hk/card-img/hk00014189.png,寶可夢道具,,,,,,,,附有這張卡的寶可夢（「擁有規則的寶可夢」除外）使用的招式，對對手的戰鬥場的「寶可夢【ex】」造成的傷害「+30」點。,,,,,,,,,,82,normal,I,擴充包「純白閃焰」,SV11W,Toyste Beach,,,,B,11.00,Base:6.0|Meta:0.0|Exp:3.0|Func:2.0|Syn:0.0|Eff:0.0|Dmg:0.0|Mod:1.00,"HP提升, 傷害效果",無
阿蜜的目光,,12180,https://asia.pokemon-card.com/hk/card-img/hk00012180.png,支援者卡,,,,,,,,在下個對手的回合，自己的所有寶可夢受到對手的寶可夢招式的傷害「-30」點。（包含新上場的寶可夢。）,,,,,,,,,,104,normal,H,擴充包「超電突圍」,SV8,Taira Akitsu,,,,B,13.00,Base:8.0|Meta:0.0|Exp:3.0|Func:2.0|Syn:0.0|Eff:0.0|Dmg:0.0|Mod:1.00,全體防禦,無
阿響的冒險,,13264,https://asia.pokemon-card.com/hk/card-img/hk00013264.png,支援者卡,,,,,,,,從自己的牌庫選擇「阿響的寶可夢」與「基本【火】能量」卡合計最多3張，在給對手看過後加入手牌。並且重洗牌庫。,,,,,,,,,,63,normal,I,強化擴充包「熱風競技場」,SV9a,Iori Suzuki,,,,A,17.00,Base:8.0|Meta:0.0|Exp:3.0|Func:6.0|Syn:0.0|Eff:0.0|Dmg:0.0|Mod:1.00,"抽卡效果, 搜索效果",無
燃火能量,,14193,https://asia.pokemon-card.com/hk/card-img/hk00014193.png,特殊能量卡,,,,,,,,將附於寶可夢身上的這張卡，在自己的回合結束時丟棄。<br/><br/>只要這張卡附於寶可夢身上，視為提供1個【無】能量。<br/><br/>若附於進化寶可夢身上，則視為提供3個【無】能量。,,,,,,,,,,86,normal,I,擴充包「純白閃焰」,SV11W,,,,,B+,15.00,Base:5.0|Meta:0.0|Exp:3.0|Func:5.0|Syn:2.0|Eff:0.0|Dmg:0.0|Mod:1.00,"特殊能量, 進化支援",無
蒂蕾喵,1階進化,8595,https://asia.pokemon-card.com/hk/card-img/hk00008595.png,寶可夢,90,Grass,,,種子炸彈,Grass,30,,魔法鞭打,"Colorless,Colorless",50,將對手的戰鬥寶可夢與備戰寶可夢互換。[由對手選擇放置於戰鬥場的寶可夢。],,Fire,,,1,6,normal,G,強化擴充包「三連音爆」,SV1a,nagimiso,會靈巧操控長長的體毛下隱藏的藤蔓，將堅硬的<br/>花苞甩向敵人猛打。,新葉喵 → 蒂蕾喵 → 魔幻假面喵 → 魔幻假面喵ex,,B,13.00,Base:5.0|Meta:0.0|Exp:2.0|Func:5.0|Syn:0.0|Eff:0.0|Dmg:1.0|Mod:1.00,切換效果,無
蒂蕾喵,1階進化,13005,https://asia.pokemon-card.com/hk/card-img/hk00013005.png,寶可夢,90,Grass,,,魔法葉,"Colorless,Colorless",30+,擲1次硬幣若為正面，則增加30點傷害，並將這隻寶可夢恢復「30」HP。,,,,,,Fire,,,1,11,normal,I,擴充包「對戰搭檔」,SV9,Felicia Chen,會靈巧操控長長的體毛下<br/>隱藏的藤蔓，將堅硬的<br/>花苞甩向敵人猛打。,新葉喵 → 蒂蕾喵 → 魔幻假面喵 → 魔幻假面喵ex,,B+,14.00,Base:5.0|Meta:0.0|Exp:3.0|Func:2.0|Syn:2.0|Eff:0.0|Dmg:2.0|Mod:1.00,"回復效果, 條件傷害, 硬幣判定",無
魔幻假面喵ex,2階進化,8596,https://asia.pokemon-card.com/hk/card-img/hk00008596.png,寶可夢,310,Grass,花束魔法,在自己的回合，若從自己的手牌將1張「基本【草】能量」卡丟棄，則可使用1次。在對手的1隻備戰寶可夢身上放置3個傷害指示物。,抓刮銳爪,"Colorless,Colorless",100+,若對手的戰鬥寶可夢身上放置有傷害指示物，則增加120點傷害。,[ex規則],,,寶可夢【ex】【昏厥】時，對手獲得2張獎賞卡。,,Fire,,,2,7,normal,G,強化擴充包「三連音爆」,SV1a,5ban Graphics,,新葉喵 → 蒂蕾喵 → 魔幻假面喵 → 魔幻假面喵ex,ex,A,19.00,Base:5.0|Meta:0.0|Exp:2.0|Func:5.0|Syn:2.0|Eff:0.0|Dmg:5.0|Mod:1.00,"傷害指示物, 條件傷害, 獎賞控制",丟棄效果
花舞鳥,基礎,8605,https://asia.pokemon-card.com/hk/card-img/hk00008605.png,寶可夢,90,Fire,熱情舞,在自己的回合時可使用1次。將自己的戰鬥場的進化寶可夢恢復「20」HP。,羽擊,"Fire,Colorless",30,,,,,,,Water,,,1,16,normal,G,強化擴充包「三連音爆」,SV1a,Haru Akasaka,熱情的舞姿似乎很符合帕底亞人們的性情，<br/>因此非常地受歡迎。,花舞鳥,,B,13.00,Base:5.0|Meta:0.0|Exp:2.0|Func:5.0|Syn:0.0|Eff:0.0|Dmg:1.0|Mod:1.00,"回復效果, 進化支援",無
花舞鳥,基礎,10049,https://asia.pokemon-card.com/hk/card-img/hk00010049.png,寶可夢,90,Lightning,,,鼓舞,Colorless,,將自己的手牌全部放回牌庫並重洗。然後，從牌庫抽出與雙方的備戰寶可夢相同數量的卡。,衝擊波,"Lightning,Colorless",50,擲1次硬幣若為正面，則將對手的戰鬥寶可夢【麻痺】。,,Fighting,,,1,25,normal,G,擴充包「未來閃光」,SV4M,Saya Tsuruta,這個風格的舞蹈歡樂有活力，相當受到孩子們的歡迎，但在帕底亞卻很少見。,花舞鳥,,A,19.00,Base:5.0|Meta:0.0|Exp:2.0|Func:7.0|Syn:4.0|Eff:0.0|Dmg:1.0|Mod:1.00,"抽卡效果, 搜索效果, 牌庫重洗, 狀態異常, 硬幣判定",無
花舞鳥,基礎,12661,https://asia.pokemon-card.com/hk/card-img/hk00012661.png,寶可夢,80,Psychic,,,呼朋引伴,Colorless,,從自己的牌庫選擇最多2張【基礎】寶可夢卡，放置於備戰區。並且重洗牌庫。,陰森射擊,Psychic,20,,,Darkness,,Fighting,1,53,normal,H,雙ex初階牌組 Generations,SVM,aspara,吸食了蘭紫色花蜜的樣子。<br/>會透過奇幻的舞步<br/>召喚出死者的靈魂。,花舞鳥,,C+,9.00,Base:5.0|Meta:0.0|Exp:2.0|Func:2.0|Syn:0.0|Eff:0.0|Dmg:0.0|Mod:1.00,搜索效果,放置效果
花舞鳥,基礎,12005,https://asia.pokemon-card.com/hk/card-img/hk00012005.png,寶可夢,90,Psychic,,,能量支援,Psychic,,從自己的棄牌區選擇最多2張基本能量卡，附於1隻備戰寶可夢身上。,眩目舞,"Psychic,Colorless",20,將對手的戰鬥寶可夢【混亂】。,,Darkness,,Fighting,1,7,normal,H,ex特別組合 太晶屬性：星晶 仙子伊布ex,SVPN,saino misaki,吸食了桃粉色花蜜的樣子。<br/>會緩緩地踏著舞步來集中精神，<br/>然後釋放出精神力量。,花舞鳥,,B,12.00,Base:5.0|Meta:0.0|Exp:2.0|Func:5.0|Syn:0.0|Eff:0.0|Dmg:0.0|Mod:1.00,"搜索效果, 狀態異常",無
炙燙鱷,1階進化,8608,https://asia.pokemon-card.com/hk/card-img/hk00008608.png,寶可夢,110,Fire,,,吐火,Fire,30,,巨聲,"Fire,Fire",70,,,Water,,,3,19,normal,G,強化擴充包「三連音爆」,SV1a,Hitoshi Ariga,火之能量與過剩的生命力相互結合，使得牠頭上<br/>出現了蛋狀的火球。,呆火鱷 → 炙燙鱷 → 骨紋巨聲鱷 → 骨紋巨聲鱷ex,,C+,9.00,Base:5.0|Meta:0.0|Exp:2.0|Func:0.0|Syn:0.0|Eff:0.0|Dmg:2.0|Mod:1.00,無,無
炙燙鱷,1階進化,12094,https://asia.pokemon-card.com/hk/card-img/hk00012094.png,寶可夢,110,Fire,,,高溫吐息,"Fire,Colorless",30+,擲1次硬幣若為正面，則增加50點傷害。,,,,,,Water,,,3,18,normal,H,擴充包「超電突圍」,SV8,Atsuya Uki,聲帶和火囊的閥緊鄰在一起。<br/>會一邊發出嘶啞的聲音，<br/>一邊噴灑火焰。,呆火鱷 → 炙燙鱷 → 骨紋巨聲鱷 → 骨紋巨聲鱷ex,,B,12.00,Base:5.0|Meta:0.0|Exp:3.0|Func:0.0|Syn:2.0|Eff:0.0|Dmg:2.0|Mod:1.00,"條件傷害, 硬幣判定",無
炙燙鱷,1階進化,9809,https://asia.pokemon-card.com/hk/card-img/hk00009809.png,寶可夢,100,Fire,,,火球回轉,"Fire,Fire",90,選擇1個這隻寶可夢身上附加的能量，放回手牌。,,,,,,Water,,,3,6,normal,G,起始組合 太晶 骨紋巨聲鱷ex,SVEL,Pani Kobayashi,火之能量與過剩的生命力相互結合，使得牠頭上<br/>出現了蛋狀的火球。,呆火鱷 → 炙燙鱷 → 骨紋巨聲鱷 → 骨紋巨聲鱷ex,,B,13.00,Base:5.0|Meta:0.0|Exp:2.0|Func:3.0|Syn:0.0|Eff:0.0|Dmg:3.0|Mod:1.00,能量操作,無
骨紋巨聲鱷ex,2階進化,8609,https://asia.pokemon-card.com/hk/card-img/hk00008609.png,寶可夢,340,Fire,,,活力之歌,Fire,50,將自己的所有寶可夢各恢復「30」HP。,燃燒之聲,"Fire,Fire",270-,減少這隻寶可夢身上放置的傷害指示物的數量×10點傷害。,,Water,,,3,20,normal,G,強化擴充包「三連音爆」,SV1a,5ban Graphics,,呆火鱷 → 炙燙鱷 → 骨紋巨聲鱷 → 骨紋巨聲鱷ex,ex,C+,10.00,Base:5.0|Meta:0.0|Exp:2.0|Func:2.0|Syn:0.0|Eff:0.0|Dmg:1.0|Mod:1.00,"備戰傷害加成, 傷害指示物, 回復效果",無
骨紋巨聲鱷ex,2階進化,9811,https://asia.pokemon-card.com/hk/card-img/hk00009811.png,寶可夢,330,Metal,爆熱高歌,在自己的回合，若從自己的手牌將1張「基本【火】能量」卡丟棄，則可使用1次。在這個回合，自己的寶可夢使用的招式，對對手的戰鬥寶可夢造成的傷害「+60」點。,潔淨灼燒,"Fire,Fire",160,這個招式的傷害不計算對手的戰鬥寶可夢身上的附加效果。,,,,,,Fire,,Grass,3,8,normal,G,起始組合 太晶 骨紋巨聲鱷ex,SVEL,5ban Graphics,,呆火鱷 → 炙燙鱷 → 骨紋巨聲鱷 → 骨紋巨聲鱷ex,"太晶,ex",A,17.00,Base:5.0|Meta:0.0|Exp:2.0|Func:5.0|Syn:0.0|Eff:0.0|Dmg:5.0|Mod:1.00,"傷害效果, 無視弱點/效果",丟棄效果
鯉魚王,基礎,8611,https://asia.pokemon-card.com/hk/card-img/hk00008611.png,寶可夢,30,Water,,,跳躍高手,Water,10+,擲2次硬幣，若全部為正面，則增加20點傷害。,,,,,,Lightning,,,1,22,normal,G,強化擴充包「三連音爆」,SV1a,HYOGONOSUKE,沒力量的可憐寶可夢。偶爾跳得比較高時，<br/>也只是勉強高過2公尺而已。,鯉魚王 → 暴鯉龍ex → 暴鯉龍 → 暴鯉龍GX,,B,13.00,Base:5.0|Meta:0.0|Exp:2.0|Func:0.0|Syn:4.0|Eff:0.0|Dmg:2.0|Mod:1.00,"條件傷害, 硬幣判定",無
鯉魚王,基礎,8305,https://asia.pokemon-card.com/hk/card-img/hk00008305.png,寶可夢,30,Water,,,飛跳,Water,,擲1次硬幣若為正面，則對手的1隻寶可夢受到10點傷害。[在備戰區不計算弱點・抵抗力。],,,,,,Lightning,,,1,13,normal,G,擴充包「朱ex」,SV1S,KIYOTAKA OSHIYAMA,沒力量的可憐寶可夢。偶爾跳得比較高時，<br/>也只是勉強高過2公尺而已。,鯉魚王 → 暴鯉龍ex → 暴鯉龍 → 暴鯉龍GX,,B,12.00,Base:5.0|Meta:0.0|Exp:2.0|Func:3.0|Syn:2.0|Eff:0.0|Dmg:0.0|Mod:1.00,"條件傷害, 硬幣判定, 連鎖傷害",無
鯉魚王,基礎,8995,https://asia.pokemon-card.com/hk/card-img/hk00008995.png,寶可夢,30,Water,,,跳了又跳,Water,,擲硬幣直到出現反面，從自己的牌庫抽出與正面出現的次數相同數量的卡。,,,,,,Lightning,,,1,129,normal,G,強化擴充包「寶可夢卡牌151」,SV2a,Kouki Saitou,沒力量的可憐寶可夢。偶爾跳得比較高時，<br/>也只是勉強高過2公尺而已。,鯉魚王 → 暴鯉龍ex → 暴鯉龍 → 暴鯉龍GX,,C+,10.00,Base:5.0|Meta:0.0|Exp:2.0|Func:3.0|Syn:0.0|Eff:0.0|Dmg:0.0|Mod:1.00,"抽卡效果, 搜索效果, 硬幣判定",無
暴鯉龍,1階進化,8612,https://asia.pokemon-card.com/hk/card-img/hk00008612.png,寶可夢,180,Water,,,復仇風暴,"Water,Colorless,Colorless",80+,若自己剩餘獎賞卡的張數，比對手剩餘獎賞卡的張數多，則增加100點傷害。,暴亂衝撞,"Water,Water,Colorless,Colorless",200,這隻寶可夢也受到50點傷害。,,Lightning,,,4,23,normal,G,強化擴充包「三連音爆」,SV1a,Yuya Oka,據說暴鯉龍一旦現身，如果不把周圍的一切都<br/>燃燒殆盡，怒火就不會平息。,鯉魚王 → 暴鯉龍ex → 暴鯉龍 → 暴鯉龍GX,,A,17.00,Base:5.0|Meta:0.0|Exp:2.0|Func:2.0|Syn:2.0|Eff:0.0|Dmg:6.0|Mod:1.00,"反噬傷害, 條件傷害, 獎賞控制",無
暴鯉龍,1階進化,8996,https://asia.pokemon-card.com/hk/card-img/hk00008996.png,寶可夢,190,Water,暴躁者,在自己的回合，從手牌使出這張卡並完成進化時，一定要使用1次。將自己的牌庫上方5張卡丟棄。,破壞光線,"Water,Colorless,Colorless,Colorless",200,選擇1個對手的戰鬥寶可夢身上附加的能量，將其丟棄。,,,,,,Lightning,,,4,130,normal,G,強化擴充包「寶可夢卡牌151」,SV2a,Kouki Saitou,據說暴鯉龍一旦現身，如果不把周圍的一切都<br/>燃燒殆盡，怒火就不會平息。,鯉魚王 → 暴鯉龍ex → 暴鯉龍 → 暴鯉龍GX,,S,23.00,Base:5.0|Meta:0.0|Exp:2.0|Func:10.0|Syn:0.0|Eff:0.0|Dmg:6.0|Mod:1.00,"搜索效果, 能量操作","丟棄效果, 進化效果"
泳圈鼬,基礎,8614,https://asia.pokemon-card.com/hk/card-img/hk00008614.png,寶可夢,70,Water,,,電光一閃,Colorless,10+,擲1次硬幣若為正面，則增加10點傷害。,,,,,,Lightning,,,1,25,normal,G,強化擴充包「三連音爆」,SV1a,Jerky,像螺旋槳一樣旋轉的尾巴除了能夠讓牠在水裡游泳，<br/>還能切斷纏住自己的海草。,泳圈鼬 → 浮潛鼬,,B,11.00,Base:5.0|Meta:0.0|Exp:2.0|Func:0.0|Syn:2.0|Eff:0.0|Dmg:2.0|Mod:1.00,"條件傷害, 硬幣判定",無
泳圈鼬,基礎,8307,https://asia.pokemon-card.com/hk/card-img/hk00008307.png,寶可夢,70,Water,,,潑水,Water,10,,鰭快刀,"Colorless,Colorless",20,,,Lightning,,,1,15,normal,G,擴充包「朱ex」,SV1S,Mizue,像螺旋槳一樣旋轉的尾巴除了能夠讓牠在水裡游泳，<br/>還能切斷纏住自己的海草。,泳圈鼬 → 浮潛鼬,,C,7.00,Base:5.0|Meta:0.0|Exp:2.0|Func:0.0|Syn:0.0|Eff:0.0|Dmg:0.0|Mod:1.00,無,無
浮潛鼬,1階進化,8615,https://asia.pokemon-card.com/hk/card-img/hk00008615.png,寶可夢,110,Water,,,漩渦尾,Water,,擲1次硬幣若為正面，則將對手的戰鬥寶可夢與附加的卡，全部放回對手的手牌。,攀瀑,"Water,Colorless",60,,,Lightning,,,1,26,normal,G,強化擴充包「三連音爆」,SV1a,Kouki Saitou,膨脹起浮囊後就能讓人坐在自己背上。<br/>排出浮囊的氣來潛水。,泳圈鼬 → 浮潛鼬,,B+,16.00,Base:5.0|Meta:0.0|Exp:2.0|Func:3.0|Syn:4.0|Eff:0.0|Dmg:2.0|Mod:1.00,硬幣判定,無
浮潛鼬,1階進化,8308,https://asia.pokemon-card.com/hk/card-img/hk00008308.png,寶可夢,120,Water,,,水炮,"Colorless,Colorless",50+,增加這隻寶可夢身上附加的【水】能量的數量×20點傷害。,,,,,,Lightning,,,1,16,normal,G,擴充包「朱ex」,SV1S,Gemi,膨脹起浮囊後就能讓人坐在自己背上。<br/>排出浮囊的氣來潛水。,泳圈鼬 → 浮潛鼬,,B,13.00,Base:5.0|Meta:0.0|Exp:2.0|Func:3.0|Syn:0.0|Eff:0.0|Dmg:3.0|Mod:1.00,"備戰傷害加成, 能量操作",無
浮潛鼬,1階進化,13232,https://asia.pokemon-card.com/hk/card-img/hk00013232.png,寶可夢,120,Water,,,潮旋,"Colorless,Colorless",30,選擇1個對手的戰鬥寶可夢身上附加的能量，將其丟棄。,水流斬,"Water,Colorless,Colorless",140,在下個自己的回合，這隻寶可夢無法使用招式。,,Lightning,,,1,31,normal,I,強化擴充包「熱風競技場」,SV9a,Shibuzoh.,膨脹起浮囊後就能<br/>讓人坐在自己背上。<br/>排出浮囊的氣來潛水。,泳圈鼬 → 浮潛鼬,,A,17.00,Base:5.0|Meta:0.0|Exp:3.0|Func:5.0|Syn:0.0|Eff:0.0|Dmg:4.0|Mod:1.00,"使用限制, 招式鎖定, 能量操作",丟棄效果
湧躍鴨,1階進化,8618,https://asia.pokemon-card.com/hk/card-img/hk00008618.png,寶可夢,90,Water,,,水槍,Water,30,,飛濺,"Water,Colorless",50,,,Lightning,,,1,29,normal,G,強化擴充包「三連音爆」,SV1a,Souichirou Gunjima,會在淺灘不斷跑步來鍛鍊下盤的筋骨，好跟夥伴們<br/>競爭誰的腿技最為華麗。,潤水鴨 → 湧躍鴨 → 狂歡浪舞鴨 → 狂歡浪舞鴨ex,,C,8.00,Base:5.0|Meta:0.0|Exp:2.0|Func:0.0|Syn:0.0|Eff:0.0|Dmg:1.0|Mod:1.00,無,無
狂歡浪舞鴨ex,2階進化,8619,https://asia.pokemon-card.com/hk/card-img/hk00008619.png,寶可夢,320,Water,,,激動森巴,Water,60,將這隻寶可夢與備戰寶可夢互換。然後，對手將對手自己的戰鬥寶可夢與備戰寶可夢互換。,螺旋射擊,"Water,Colorless",230,選擇2個這隻寶可夢身上附加的能量，放回手牌。,,Lightning,,,2,30,normal,G,強化擴充包「三連音爆」,SV1a,5ban Graphics,,潤水鴨 → 湧躍鴨 → 狂歡浪舞鴨 → 狂歡浪舞鴨ex,ex,A+,21.00,Base:5.0|Meta:0.0|Exp:2.0|Func:8.0|Syn:0.0|Eff:0.0|Dmg:6.0|Mod:1.00,"切換效果, 能量操作",無
電海燕,基礎,8620,https://asia.pokemon-card.com/hk/card-img/hk00008620.png,寶可夢,60,Lightning,,,啄,Colorless,10,,團結之翼,"Colorless,Colorless",20×,造成自己的棄牌區的，持有「團結之翼」招式的寶可夢卡的張數×20點傷害。,,Lightning,,Fighting,1,31,normal,G,強化擴充包「三連音爆」,SV1a,Shibuzoh.,當翅膀的骨頭受到風吹時，就能製造出電力。會衝進<br/>海裡讓獵物觸電後將其捕獲。,電海燕 → 大電海燕 → 大電海燕ex,,C,8.00,Base:5.0|Meta:0.0|Exp:2.0|Func:0.0|Syn:0.0|Eff:0.0|Dmg:1.0|Mod:1.00,"傷害效果, 棄牌區傷害加成",無
電海燕,基礎,8621,https://asia.pokemon-card.com/hk/card-img/hk00008621.png,寶可夢,60,Lightning,,,揚風,Colorless,,對手將對手自己的手牌全部放回牌庫並重洗。然後，對手從牌庫抽出4張卡。,羽擊,"Colorless,Colorless,Colorless",40,,,Lightning,,Fighting,1,32,normal,G,強化擴充包「三連音爆」,SV1a,sowsow,當翅膀的骨頭受到風吹時，就能製造出電力。會衝進<br/>海裡讓獵物觸電後將其捕獲。,電海燕 → 大電海燕 → 大電海燕ex,,B+,16.00,Base:5.0|Meta:0.0|Exp:2.0|Func:6.0|Syn:2.0|Eff:0.0|Dmg:1.0|Mod:1.00,"搜索效果, 牌庫重洗",大量抽卡
電海燕,基礎,8315,https://asia.pokemon-card.com/hk/card-img/hk00008315.png,寶可夢,50,Lightning,,,呼喚,Colorless,,從自己的牌庫抽出1張卡。,滑翔,"Lightning,Colorless",20,,,Lightning,,Fighting,1,23,normal,G,擴充包「朱ex」,SV1S,Saya Tsuruta,當翅膀的骨頭受到風吹時，就能製造出電力。會衝進<br/>海裡讓獵物觸電後將其捕獲。,電海燕 → 大電海燕 → 大電海燕ex,,C+,10.00,Base:5.0|Meta:0.0|Exp:2.0|Func:3.0|Syn:0.0|Eff:0.0|Dmg:0.0|Mod:1.00,"抽卡效果, 搜索效果",無
電海燕,基礎,11327,https://asia.pokemon-card.com/hk/card-img/hk00011327.png,寶可夢,60,Lightning,,,電擊,Lightning,10,擲1次硬幣若為正面，則將對手的戰鬥寶可夢【麻痺】。,,,,,,Lightning,,Fighting,1,43,normal,H,擴充包「變幻假面」,SV6,Teeziro,會在海岸的懸崖上築巢。<br/> 吃起來劈哩啪啦跳的神奇口感，<br/> 讓牠的巢成了受歡迎的珍奇美食。,電海燕 → 大電海燕 → 大電海燕ex,,B,12.00,Base:5.0|Meta:0.0|Exp:3.0|Func:2.0|Syn:2.0|Eff:0.0|Dmg:0.0|Mod:1.00,"狀態異常, 硬幣判定",無
電海燕,基礎,12118,https://asia.pokemon-card.com/hk/card-img/hk00012118.png,寶可夢,60,Lightning,,,燕返,Lightning,10+,擲1次硬幣若為正面，則增加20點傷害。,,,,,,Lightning,,Fighting,1,42,normal,H,擴充包「超電突圍」,SV8,Pani Kobayashi,會在海岸的懸崖上築巢。<br/>吃起來劈哩啪啦跳的神奇口感，<br/>讓牠的巢成了受歡迎的珍奇美食。,電海燕 → 大電海燕 → 大電海燕ex,,B,12.00,Base:5.0|Meta:0.0|Exp:3.0|Func:0.0|Syn:2.0|Eff:0.0|Dmg:2.0|Mod:1.00,"條件傷害, 硬幣判定",無
大電海燕,1階進化,8622,https://asia.pokemon-card.com/hk/card-img/hk00008622.png,寶可夢,120,Lightning,,,啄,Colorless,20,,噴射之翼,"Colorless,Colorless,Colorless",150,在下個自己的回合，這隻寶可夢無法使用招式。,,Lightning,,Fighting,0,33,normal,G,強化擴充包「三連音爆」,SV1a,Pani Kobayashi,會膨脹喉囊來增強電力。可以乘著風在１天內<br/>就飛上７００公里。,電海燕 → 大電海燕 → 大電海燕ex,,B,12.00,Base:5.0|Meta:0.0|Exp:2.0|Func:0.0|Syn:0.0|Eff:0.0|Dmg:5.0|Mod:1.00,"使用限制, 招式鎖定",無
大電海燕,1階進化,8317,https://asia.pokemon-card.com/hk/card-img/hk00008317.png,寶可夢,120,Lightning,,,直擊飛行,"Colorless,Colorless",,對手的1隻寶可夢受到50點傷害。[在備戰區不計算弱點・抵抗力。],雷電爆破,"Lightning,Colorless,Colorless",140,選擇1個這隻寶可夢身上附加的【雷】能量，將其丟棄。,,Lightning,,Fighting,1,25,normal,G,擴充包「朱ex」,SV1S,Kouki Saitou,會膨脹喉囊來增強電力。可以乘著風在１天內<br/>就飛上７００公里。,電海燕 → 大電海燕 → 大電海燕ex,,A,17.00,Base:5.0|Meta:0.0|Exp:2.0|Func:6.0|Syn:0.0|Eff:0.0|Dmg:4.0|Mod:1.00,"能量操作, 連鎖傷害",無
大電海燕,1階進化,10184,https://asia.pokemon-card.com/hk/card-img/hk00010184.png,寶可夢,120,Lightning,,,團結閃電,Colorless,,對手的1隻備戰寶可夢受到自己的棄牌區的，持有「團結之翼」招式的寶可夢卡的張數×10點傷害。[在備戰區不計算弱點・抵抗力。],高速之翼,"Lightning,Colorless,Colorless",90,,,Lightning,,Fighting,0,70,normal,G,高級擴充包「閃色寶藏ex」,SV4a,AKIRA EGAWA,會膨脹喉囊來增強電力。可以乘著風在１天內<br/>就飛上７００公里。,電海燕 → 大電海燕 → 大電海燕ex,,B,13.00,Base:5.0|Meta:0.0|Exp:2.0|Func:3.0|Syn:0.0|Eff:0.0|Dmg:3.0|Mod:1.00,"棄牌區傷害加成, 連鎖傷害",無
大電海燕,1階進化,11328,https://asia.pokemon-card.com/hk/card-img/hk00011328.png,寶可夢,120,Lightning,,,風力充能,Colorless,10,在下個自己的回合，這隻寶可夢使用的招式，對對手的戰鬥寶可夢造成的傷害「+120」點。,強力伏特,"Lightning,Colorless",100,選擇1個這隻寶可夢身上附加的能量，將其丟棄。,,Lightning,,Fighting,1,44,normal,H,擴充包「變幻假面」,SV6,Anesaki Dynamic,會把翅膀製造的電儲存到喉囊裡。<br/> 由於羽毛含的油脂少之又少，<br/> 導致牠不是很擅長游泳。,電海燕 → 大電海燕 → 大電海燕ex,,B+,16.00,Base:5.0|Meta:0.0|Exp:3.0|Func:5.0|Syn:0.0|Eff:0.0|Dmg:3.0|Mod:1.00,"傷害效果, 能量操作",無
夢妖魔,1階進化,8624,https://asia.pokemon-card.com/hk/card-img/hk00008624.png,寶可夢,90,Psychic,魔法輕彈,在自己的回合，從手牌使出這張卡並完成進化時，可使用1次。選擇1個對手的戰鬥寶可夢身上附加的能量，改附於對手的備戰寶可夢身上。,念動彈,"Psychic,Colorless",60,,,,,,,Darkness,,Fighting,1,35,normal,G,強化擴充包「三連音爆」,SV1a,Atsushi Furusawa,如同咒語般的叫聲據說也蘊藏著偶而會讓<br/>對手變得幸福的效果。,夢妖 → 夢妖魔,,A,19.00,Base:5.0|Meta:0.0|Exp:2.0|Func:10.0|Syn:0.0|Eff:0.0|Dmg:2.0|Mod:1.00,能量操作,進化效果
咚咚鼠ex,基礎,8627,https://asia.pokemon-card.com/hk/card-img/hk00008627.png,寶可夢,170,Psychic,,,長尾置換,"Psychic,Psychic",,選擇1隻自己的備戰寶可夢，將所選的寶可夢身上放置的傷害指示物，全部改放於對手的戰鬥寶可夢身上。,奇跡射擊,"Psychic,Psychic,Psychic",170,選擇1個這隻寶可夢身上附加的能量，將其丟棄。,,Metal,,,1,38,normal,G,強化擴充包「三連音爆」,SV1a,aky CG Works,,咚咚鼠ex,"太晶,ex",A+,20.00,Base:5.0|Meta:0.0|Exp:2.0|Func:6.0|Syn:2.0|Eff:0.0|Dmg:5.0|Mod:1.00,"傷害指示物, 能量操作",無
智揮猩,基礎,8628,https://asia.pokemon-card.com/hk/card-img/hk00008628.png,寶可夢,120,Psychic,,,策士配兵,"Psychic,Colorless",30,選擇1個對手的戰鬥寶可夢持有的招式。在下個對手的回合，受到這個招式的寶可夢無法使用被選擇的招式。,超念力,"Psychic,Colorless,Colorless",80,,,Darkness,,Fighting,2,39,normal,G,強化擴充包「三連音爆」,SV1a,Toshinao Aoki,牠對著森林的寶可夢們接二連三下達指示的樣子，<br/>讓牠以前被認為是人類。,智揮猩,,B,11.00,Base:5.0|Meta:0.0|Exp:2.0|Func:2.0|Syn:0.0|Eff:0.0|Dmg:2.0|Mod:1.00,"招式封鎖, 招式鎖定",無
智揮猩,基礎,12166,https://asia.pokemon-card.com/hk/card-img/hk00012166.png,寶可夢,120,Colorless,,,掌握弱點,Colorless,,在下個自己的回合結束前，受到這個招式的寶可夢弱點改爲【無】屬性。[弱點以「×2」計算傷害。],掌擊,"Colorless,Colorless,Colorless",80,,,Fighting,,,2,90,normal,H,擴充包「超電突圍」,SV8,Saboteri,在森林深處過著安靜的生活。<br/>如同斗蓬般的紫色體毛<br/>會隨著年齡而越變越長。,智揮猩,,C+,10.00,Base:5.0|Meta:0.0|Exp:3.0|Func:0.0|Syn:0.0|Eff:0.0|Dmg:2.0|Mod:1.00,弱點改變,無
地鼠,基礎,8633,https://asia.pokemon-card.com/hk/card-img/hk00008633.png,寶可夢,50,Fighting,,,開洞頭擊,Fighting,30,將自己的牌庫上方1張卡丟棄。,,,,,,Grass,,,1,44,normal,G,強化擴充包「三連音爆」,SV1a,OKACHEKE,在大約１公尺深的地底挖洞前進，靠啃食樹根之類的東西生存。<br/>偶爾會到地面上露個臉。,地鼠 → 三地鼠,,C,8.00,Base:5.0|Meta:0.0|Exp:2.0|Func:0.0|Syn:0.0|Eff:0.0|Dmg:1.0|Mod:1.00,其他效果,無
地鼠,基礎,8916,https://asia.pokemon-card.com/hk/card-img/hk00008916.png,寶可夢,50,Fighting,,,魯莽頭擊,Fighting,10,,擲泥,"Fighting,Fighting",30,,,Grass,,,1,50,normal,G,強化擴充包「寶可夢卡牌151」,SV2a,Miki Tanaka,在大約１公尺深的地底挖洞前進，靠啃食樹根之類的東西生存。<br/>偶爾會到地面上露個臉。,地鼠 → 三地鼠,,C,8.00,Base:5.0|Meta:0.0|Exp:2.0|Func:0.0|Syn:0.0|Eff:0.0|Dmg:1.0|Mod:1.00,無,無
三地鼠,1階進化,8634,https://asia.pokemon-card.com/hk/card-img/hk00008634.png,寶可夢,90,Fighting,,,挖洞,Fighting,50,擲1次硬幣若為正面，則在下個對手的回合，這隻寶可夢不會受到招式的傷害與效果的影響。,,,,,,Grass,,,1,45,normal,G,強化擴充包「三連音爆」,SV1a,Nelnal,三顆頭會輪流活動，是為了讓周圍的土<br/>變得更鬆更好挖。,地鼠 → 三地鼠,,B,12.00,Base:5.0|Meta:0.0|Exp:2.0|Func:2.0|Syn:2.0|Eff:0.0|Dmg:1.0|Mod:1.00,"傷害防禦, 效果免疫, 硬幣判定",無
三地鼠,1階進化,8917,https://asia.pokemon-card.com/hk/card-img/hk00008917.png,寶可夢,90,Fighting,,,魯莽頭擊,Fighting,40,,泥巴炸彈,"Fighting,Fighting",80,,,Grass,,,1,51,normal,G,強化擴充包「寶可夢卡牌151」,SV2a,Miki Tanaka,三顆頭會輪流活動，是為了讓周圍的土<br/>變得更鬆更好挖。,地鼠 → 三地鼠,,C+,9.00,Base:5.0|Meta:0.0|Exp:2.0|Func:0.0|Syn:0.0|Eff:0.0|Dmg:2.0|Mod:1.00,無,無
岩狗狗,基礎,8638,https://asia.pokemon-card.com/hk/card-img/hk00008638.png,寶可夢,70,Fighting,,,落石,Fighting,10,,咬住,"Fighting,Colorless,Colorless",40,,,Grass,,,1,49,normal,G,強化擴充包「三連音爆」,SV1a,313,年幼時期非常容易親近。雖然長大後脾氣會變得粗暴，<br/>卻絕不會忘記主人的恩情。,岩狗狗 → 鬃岩狼人 → 鬃岩狼人GX → 鬃岩狼人ex,,C,8.00,Base:5.0|Meta:0.0|Exp:2.0|Func:0.0|Syn:0.0|Eff:0.0|Dmg:1.0|Mod:1.00,無,無
岩狗狗,基礎,13045,https://asia.pokemon-card.com/hk/card-img/hk00013045.png,寶可夢,70,Fighting,,,挖回,Colorless,,查看自己的牌庫上方1張卡，回復原樣。若希望，將那張卡丟棄。,踩,"Colorless,Colorless",20,,,Grass,,,1,51,normal,I,擴充包「對戰搭檔」,SV9,Yoshimi Miyoshi,年幼時期非常容易親近。<br/>雖然長大後脾氣會變得粗暴，<br/>卻絕不會忘記主人的恩情。,岩狗狗 → 鬃岩狼人 → 鬃岩狼人GX → 鬃岩狼人ex,,B,11.00,Base:5.0|Meta:0.0|Exp:3.0|Func:1.0|Syn:2.0|Eff:0.0|Dmg:0.0|Mod:1.00,情報收集,無
鬃岩狼人ex,1階進化,8639,https://asia.pokemon-card.com/hk/card-img/hk00008639.png,寶可夢,260,Fighting,,,落石,Fighting,40,,駭人獠牙,"Fighting,Colorless,Colorless",140,在下個對手的回合，這隻寶可夢受到招式的傷害時，在使用招式的寶可夢身上放置10個傷害指示物。,,Grass,,,2,50,normal,G,強化擴充包「三連音爆」,SV1a,kawayoo,,岩狗狗 → 鬃岩狼人 → 鬃岩狼人GX → 鬃岩狼人ex,ex,B,13.00,Base:5.0|Meta:0.0|Exp:2.0|Func:2.0|Syn:0.0|Eff:0.0|Dmg:4.0|Mod:1.00,傷害指示物,無
列陣兵,基礎,8640,https://asia.pokemon-card.com/hk/card-img/hk00008640.png,寶可夢,110,Fighting,,,頭錘,Colorless,20,,一起突擊,"Fighting,Colorless,Colorless",70+,若自己的備戰區有「列陣兵」，則增加90點傷害。,,Psychic,,,2,51,normal,G,強化擴充包「三連音爆」,SV1a,kurumitsu,站在最前面下達指示的頭頭是６隻裡面<br/>最強最聰明的。,列陣兵,,B+,14.00,Base:5.0|Meta:0.0|Exp:2.0|Func:1.0|Syn:2.0|Eff:0.0|Dmg:4.0|Mod:1.00,條件傷害,無
列陣兵,基礎,11851,https://asia.pokemon-card.com/hk/card-img/hk00011851.png,寶可夢,110,Fighting,,,組成陣形,Colorless,,從自己的牌庫選擇最多2張【基礎】寶可夢卡，放置於備戰區。並且重洗牌庫。,一併攻擊,"Colorless,Colorless",30+,在上個自己的回合，若這隻寶可夢使用了「‌組成陣形」，則增加90點傷害。,,Psychic,,,2,60,normal,H,擴充包「星晶奇跡」,SV7,Gapao,被稱為頭頭的隊長<br/>會用可伸縮的角<br/>做出變換陣形的指令。,列陣兵,,B+,14.00,Base:5.0|Meta:0.0|Exp:3.0|Func:2.0|Syn:2.0|Eff:0.0|Dmg:2.0|Mod:1.00,"搜索效果, 條件傷害",放置效果
帕底亞 烏波,基礎,8641,https://asia.pokemon-card.com/hk/card-img/hk00008641.png,寶可夢,60,Darkness,,,踩,Colorless,10,,調皮踢,"Darkness,Colorless",20,,,Fighting,,,1,52,normal,G,強化擴充包「三連音爆」,SV1a,Saya Tsuruta,因搶輸地盤而到陸地上生活，久而久之變成了是<br/>用帶毒的黏膜來保護身體。,帕底亞 烏波 → 帕底亞 土王ex → 帕底亞 土王,,C,7.00,Base:5.0|Meta:0.0|Exp:2.0|Func:0.0|Syn:0.0|Eff:0.0|Dmg:0.0|Mod:1.00,無,無
帕底亞 烏波,基礎,8642,https://asia.pokemon-card.com/hk/card-img/hk00008642.png,寶可夢,60,Darkness,,,尋找巢穴,Colorless,,從自己的牌庫選擇1張競技場卡，在給對手看過後加入手牌。並且重洗牌庫。,衝撞,Darkness,10,,,Fighting,,,2,53,normal,G,強化擴充包「三連音爆」,SV1a,Kouki Saitou,因搶輸地盤而到陸地上生活，久而久之變成了是<br/>用帶毒的黏膜來保護身體。,帕底亞 烏波 → 帕底亞 土王ex → 帕底亞 土王,,B,11.00,Base:5.0|Meta:0.0|Exp:2.0|Func:4.0|Syn:0.0|Eff:0.0|Dmg:0.0|Mod:1.00,"抽卡效果, 搜索效果",競技場效果
帕底亞 烏波,基礎,9578,https://asia.pokemon-card.com/hk/card-img/hk00009578.png,寶可夢,60,Darkness,,,噴濺毒,Darkness,,將雙方的戰鬥寶可夢【中毒】。,擺尾拍擊,"Darkness,Colorless,Colorless",30,,,Fighting,,,1,67,normal,G,擴充包「黯焰支配者」,SV3,kirisAki,因搶輸地盤而到陸地上生活，久而久之變成了是<br/>用帶毒的黏膜來保護身體。,帕底亞 烏波 → 帕底亞 土王ex → 帕底亞 土王,,C,8.00,Base:5.0|Meta:0.0|Exp:2.0|Func:0.0|Syn:0.0|Eff:0.0|Dmg:1.0|Mod:1.00,狀態異常,無
帕底亞 烏波,基礎,9291,https://asia.pokemon-card.com/hk/card-img/hk00009291.png,寶可夢,60,Darkness,,,毒液,Darkness,,將對手的戰鬥寶可夢【中毒】。,,,,,,Fighting,,,1,69,normal,G,ex初階牌組,SVD,Shibuzoh.,因搶輸地盤而到陸地上生活，久而久之變成了是<br/>用帶毒的黏膜來保護身體。,帕底亞 烏波 → 帕底亞 土王ex → 帕底亞 土王,,C+,9.00,Base:5.0|Meta:0.0|Exp:2.0|Func:2.0|Syn:0.0|Eff:0.0|Dmg:0.0|Mod:1.00,狀態異常,無
帕底亞 烏波,基礎,12681,https://asia.pokemon-card.com/hk/card-img/hk00012681.png,寶可夢,60,Darkness,,,打滾,Darkness,10+,擲1次硬幣若為正面，則增加20點傷害。,,,,,,Fighting,,,1,73,normal,H,雙ex初階牌組 Generations,SVM,Lee HyunJung,由於單獨行動很危險，<br/>因此在沼地裡行走時<br/>會３、４隻排成一列來彼此扶持。,帕底亞 烏波 → 帕底亞 土王ex → 帕底亞 土王,,B,11.00,Base:5.0|Meta:0.0|Exp:2.0|Func:0.0|Syn:2.0|Eff:0.0|Dmg:2.0|Mod:1.00,"條件傷害, 硬幣判定",無
帕底亞 土王ex,1階進化,8643,https://asia.pokemon-card.com/hk/card-img/hk00008643.png,寶可夢,280,Darkness,毒之沼地,若場上有競技場卡，則在自己的回合時可使用1次。將對手的戰鬥寶可夢【中毒】。,尖刺骨,"Darkness,Colorless,Colorless",200,擲1次硬幣若為反面，則在下個自己的回合，這隻寶可夢無法使用招式。,[ex規則],,,寶可夢【ex】【昏厥】時，對手獲得2張獎賞卡。,,Fighting,,,3,54,normal,G,強化擴充包「三連音爆」,SV1a,PLANETA Mochizuki,,帕底亞 烏波 → 帕底亞 土王ex → 帕底亞 土王,ex,A,17.00,Base:5.0|Meta:0.0|Exp:2.0|Func:2.0|Syn:2.0|Eff:0.0|Dmg:6.0|Mod:1.00,"使用限制, 招式鎖定, 狀態施加, 狀態異常, 獎賞控制, 硬幣判定",競技場效果
帕底亞 土王ex,1階進化,12682,https://asia.pokemon-card.com/hk/card-img/hk00012682.png,寶可夢,280,Darkness,,,毒陣,"Darkness,Colorless",60,將對手的戰鬥寶可夢【中毒】。在下個對手的回合，受到這個招式的寶可夢無法撤退。,終極衝擊,"Darkness,Darkness,Colorless",220,在下個自己的回合，這隻寶可夢無法使用招式。,,Fighting,,,3,74,normal,H,雙ex初階牌組 Generations,SVM,PLANETA Tsuji,,帕底亞 烏波 → 帕底亞 土王ex → 帕底亞 土王,ex,B+,15.00,Base:5.0|Meta:0.0|Exp:2.0|Func:2.0|Syn:0.0|Eff:0.0|Dmg:6.0|Mod:1.00,"使用限制, 招式鎖定, 撤退封鎖, 狀態異常",撤退效果
三首惡龍,2階進化,8648,https://asia.pokemon-card.com/hk/card-img/hk00008648.png,寶可夢,180,Darkness,三重嚎鳴,在自己的回合時可使用1次。查看自己的牌庫上方3張卡，從其中選擇任意數量的能量卡，以任意方式附於自己的寶可夢身上。將剩餘卡丟棄。,暗黑利刃,"Darkness,Darkness,Colorless",160,,,,,,,Grass,,,3,59,normal,G,強化擴充包「三連音爆」,SV1a,Teeziro,只有本體上的頭才有大腦。雖然智力很高，<br/>但卻滿腦子只想著要破壞。,單首龍 → 雙首暴龍 → 三首惡龍 → 三首惡龍ex,,B+,15.00,Base:5.0|Meta:0.0|Exp:2.0|Func:3.0|Syn:0.0|Eff:0.0|Dmg:5.0|Mod:1.00,搜索效果,無
夜盜火蜥,基礎,8649,https://asia.pokemon-card.com/hk/card-img/hk00008649.png,寶可夢,70,Darkness,,,瓦斯包圍,Darkness,10,,抓,"Darkness,Colorless",30,,,Fighting,,,1,60,normal,G,強化擴充包「三連音爆」,SV1a,Shiburingaru,會挑釁獵物並引進狹窄的岩堆裡，接著噴出能造成<br/>頭暈的毒瓦斯後奪其性命。,夜盜火蜥 → 焰后蜥 → 焰后蜥GX,,C,8.00,Base:5.0|Meta:0.0|Exp:2.0|Func:0.0|Syn:0.0|Eff:0.0|Dmg:1.0|Mod:1.00,無,無
夜盜火蜥,基礎,11804,https://asia.pokemon-card.com/hk/card-img/hk00011804.png,寶可夢,70,Fire,,,火花,Fire,30,選擇1個這隻寶可夢身上附加的能量，將其丟棄。,,,,,,Water,,,1,13,normal,H,擴充包「星晶奇跡」,SV7,Felicia Chen,唯有雌性製造的氣體會釋放<br/>費洛蒙。被迷得神魂顛倒的<br/>雄性會對雌性唯命是從。,夜盜火蜥 → 焰后蜥 → 焰后蜥GX,,B,12.00,Base:5.0|Meta:0.0|Exp:3.0|Func:3.0|Syn:0.0|Eff:0.0|Dmg:1.0|Mod:1.00,能量操作,無
焰后蜥,1階進化,8650,https://asia.pokemon-card.com/hk/card-img/hk00008650.png,寶可夢,120,Darkness,,,瓦斯包圍,Darkness,40,,重摑,"Darkness,Colorless",70,,,Fighting,,,1,61,normal,G,強化擴充包「三連音爆」,SV1a,Shigenori Negishi,會用妖豔的身姿誘惑被牠的毒瓦斯弄得頭昏眼花的對手，<br/>使其變成自己忠實的僕人。,夜盜火蜥 → 焰后蜥 → 焰后蜥GX,,C+,9.00,Base:5.0|Meta:0.0|Exp:2.0|Func:0.0|Syn:0.0|Eff:0.0|Dmg:2.0|Mod:1.00,無,無
焰后蜥,1階進化,11805,https://asia.pokemon-card.com/hk/card-img/hk00011805.png,寶可夢,120,Fire,,,突然炙烤,"Colorless,Colorless",,對手選擇對手自己的1張手牌，將其丟棄。在這個回合，若這隻寶可夢從「夜盜火蜥」進化，則再丟棄2張。,噴射火焰,"Fire,Colorless,Colorless",130,選擇1個這隻寶可夢身上附加的能量，將其丟棄。,,Water,,,1,14,normal,H,擴充包「星晶奇跡」,SV7,Taiga Kasai,焰后蜥的群體之間<br/>一旦碰上彼此，就會使用<br/>費洛蒙氣體展開雄性爭奪戰。,夜盜火蜥 → 焰后蜥 → 焰后蜥GX,,A+,22.00,Base:5.0|Meta:0.0|Exp:3.0|Func:8.0|Syn:2.0|Eff:0.0|Dmg:4.0|Mod:1.00,"招式複製對手, 能量操作, 進化支援",丟棄效果
青木,,9903,https://asia.pokemon-card.com/hk/card-img/hk00009903.png,支援者卡,,,,,,,,擲1次硬幣。若為正面則從自己的牌庫選擇最多2張寶可夢卡，若為反面則選擇1張【基礎】寶可夢卡，在給對手看過後加入手牌。並且重洗牌庫。,,,,,,,,,,58,normal,G,強化擴充包「激狂駭浪」,SV3a,Akira Komayama,,,,B+,16.00,Base:8.0|Meta:0.0|Exp:2.0|Func:4.0|Syn:2.0|Eff:0.0|Dmg:0.0|Mod:1.00,"抽卡效果, 搜索效果, 硬幣判定",無
青木的手法,,12971,https://asia.pokemon-card.com/hk/card-img/hk00012971.png,支援者卡,,,,,,,,將自己的手牌全部丟棄，從自己的牌庫選擇「寶可夢」卡「支援者」卡「基本能量」卡各1張，在給對手看過後加入手牌。並且重洗牌庫。,,,,,,,,,,162,normal,H,高級擴充包「太晶慶典ex」,SV8a,hncl,,,,A,19.00,Base:8.0|Meta:0.0|Exp:3.0|Func:6.0|Syn:2.0|Eff:0.0|Dmg:0.0|Mod:1.00,"抽卡效果, 搜索效果",丟棄效果
勉勵的信,,9611,https://asia.pokemon-card.com/hk/card-img/hk00009611.png,物品卡,,,,,,,,這張卡必須在上個對手的回合自己的寶可夢【昏厥】了才可使用。<br/><br/>從自己的牌庫選擇最多3張基本能量卡，在給對手看過後加入手牌。並且重洗牌庫。,,,,在自己的回合時，物品卡可不限張數使用。,,,,,,100,normal,G,擴充包「黯焰支配者」,SV3,Toyste Beach,,,,B+,15.00,Base:7.0|Meta:0.0|Exp:2.0|Func:6.0|Syn:0.0|Eff:0.0|Dmg:0.0|Mod:1.00,"抽卡效果, 搜索效果, 連續技",無
城鎮百貨公司,,9618,https://asia.pokemon-card.com/hk/card-img/hk00009618.png,競技場卡,,,,,,,,雙方玩家在每個自己的回合時，可使用1次，可從自己的牌庫選擇1張「寶可夢道具」卡，在給對手看過後加入手牌。並且重洗牌庫。,,,,在自己的回合時，可將1張競技場卡放置於戰鬥場旁邊。若其他競技場卡被放置，則將這張卡丟棄。不可放置名稱相同的競技場卡。,,,,,,107,normal,G,擴充包「黯焰支配者」,SV3,Oswaldo KATO,,,,B+,14.00,Base:6.0|Meta:0.0|Exp:2.0|Func:4.0|Syn:2.0|Eff:0.0|Dmg:0.0|Mod:1.00,"抽卡效果, 搜索效果",競技場效果
急進開關,,12171,https://asia.pokemon-card.com/hk/card-img/hk00012171.png,物品卡,,,,,,,,將自己的戰鬥寶可夢與備戰寶可夢互換。然後，選擇換入備戰區的寶可夢身上附加的任意數量的能量卡，改附於新的戰鬥寶可夢身上。,,,,,,,,,,95,normal,H,擴充包「超電突圍」,SV8,Ayaka Yoshida,,,,A,18.00,Base:7.0|Meta:0.0|Exp:3.0|Func:8.0|Syn:0.0|Eff:0.0|Dmg:0.0|Mod:1.00,"切換效果, 能量操作",無
洛拍棒,,11392,https://asia.pokemon-card.com/hk/card-img/hk00011392.png,物品卡,,,,,,,,查看自己的牌庫上方4張卡，從其中選擇任意數量的支援者卡，在給對手看過後加入手牌。將剩餘卡放回牌庫並重洗。,,,,,,,,,,105,promo,H,特典卡 朱&紫,SV,Studio Bora Inc.,,,,B+,14.00,Base:7.0|Meta:0.0|Exp:2.0|Func:5.0|Syn:0.0|Eff:0.0|Dmg:0.0|Mod:1.00,"抽卡效果, 搜索效果, 牌庫操作",無
夜光能量,,8662,https://asia.pokemon-card.com/hk/card-img/hk00008662.png,特殊能量卡,,,,,,,,只要這張卡附於寶可夢身上，視為提供1個所有屬性的能量。<br/><br/>若附有這張卡的寶可夢身上附有這張卡以外的特殊能量卡，則視為提供1個【無】能量。,,,,,,,,,,73,normal,G,強化擴充包「三連音爆」,SV1a,n/a,,,,B,11.00,Base:5.0|Meta:0.0|Exp:2.0|Func:2.0|Syn:2.0|Eff:0.0|Dmg:0.0|Mod:1.00,特殊能量,無
刺球仙人掌,基礎,8293,https://asia.pokemon-card.com/hk/card-img/hk00008293.png,寶可夢,60,Grass,反擊針,這隻寶可夢在戰鬥場受到對手的寶可夢招式的傷害時，在使用招式的寶可夢身上放置3個傷害指示物。,打擊,"Colorless,Colorless",30,,,,,,,Fire,,,1,1,normal,G,擴充包「朱ex」,SV1S,Tika Matsuno,喜歡沙漠等嚴酷環境。能靠體內儲存的水分<br/>存活３０天。,刺球仙人掌 → 夢歌仙人掌,,B,13.00,Base:5.0|Meta:0.0|Exp:2.0|Func:2.0|Syn:3.0|Eff:0.0|Dmg:1.0|Mod:1.00,傷害指示物,無
夢歌仙人掌,1階進化,8294,https://asia.pokemon-card.com/hk/card-img/hk00008294.png,寶可夢,130,Grass,反擊針,這隻寶可夢在戰鬥場受到對手的寶可夢招式的傷害時，在使用招式的寶可夢身上放置3個傷害指示物。,尖刺射擊,"Colorless,Colorless,Colorless",110,,,,,,,Fire,,,2,2,normal,G,擴充包「朱ex」,SV1S,DOM,會成群跟在沙漠中的旅人後方，等待對方<br/>因疲累而變得無法動彈。,刺球仙人掌 → 夢歌仙人掌,,B,12.00,Base:5.0|Meta:0.0|Exp:2.0|Func:2.0|Syn:0.0|Eff:0.0|Dmg:3.0|Mod:1.00,傷害指示物,無
坐騎小羊,基礎,8295,https://asia.pokemon-card.com/hk/card-img/hk00008295.png,寶可夢,60,Grass,,,藤鞭,Grass,10,,踢飛,"Colorless,Colorless",20,,,Fire,,,1,3,normal,G,擴充包「朱ex」,SV1S,Tika Matsuno,一直到最近為止，都還有山岳的住民乘在坐騎小羊<br/>的背上，在山路上移動。,坐騎小羊 → 坐騎山羊,,C,7.00,Base:5.0|Meta:0.0|Exp:2.0|Func:0.0|Syn:0.0|Eff:0.0|Dmg:0.0|Mod:1.00,無,無
坐騎山羊,1階進化,8296,https://asia.pokemon-card.com/hk/card-img/hk00008296.png,寶可夢,130,Grass,,,上衝,"Colorless,Colorless",30+,擲1次硬幣若為正面，則增加30點傷害。,日光束,"Grass,Colorless,Colorless",110,,,Fire,,,2,4,normal,G,擴充包「朱ex」,SV1S,Gemi,用角一碰就可以感受到對手的心情。從５０００年前起<br/>就一直協助著人類工作至今。,坐騎小羊 → 坐騎山羊,,B,12.00,Base:5.0|Meta:0.0|Exp:2.0|Func:0.0|Syn:2.0|Eff:0.0|Dmg:3.0|Mod:1.00,"條件傷害, 硬幣判定",無
奧利瓦,2階進化,8300,https://asia.pokemon-card.com/hk/card-img/hk00008300.png,寶可夢,150,Grass,全滿油,在自己的回合，從手牌使出這張卡並完成進化時，可使用1次。將自己的1隻寶可夢的HP全部恢復。,日光束,"Grass,Grass,Colorless",150,,,,,,,Fire,,,2,8,normal,G,擴充包「朱ex」,SV1S,Kouki Saitou,性情溫和，慈悲為懷。會把營養豐富且美味可口<br/>的油分給虛弱的寶可夢。,迷你芙 → 奧利紐 → 奧利瓦 → 奧利瓦ex,,A+,21.00,Base:5.0|Meta:0.0|Exp:2.0|Func:9.0|Syn:0.0|Eff:0.0|Dmg:5.0|Mod:1.00,回復效果,進化效果
奧利瓦,2階進化,9233,https://asia.pokemon-card.com/hk/card-img/hk00009233.png,寶可夢,140,Grass,,,治癒果實,Grass,,將自己的1隻備戰寶可夢的HP全部恢復。,油之射擊,Grass,90,,,Fire,,,2,11,normal,G,ex初階牌組,SVD,KEIICHIRO ITO,性情溫和，慈悲為懷。會把營養豐富且美味可口<br/>的油分給虛弱的寶可夢。,迷你芙 → 奧利紐 → 奧利瓦 → 奧利瓦ex,,B+,15.00,Base:5.0|Meta:0.0|Exp:2.0|Func:3.0|Syn:2.0|Eff:0.0|Dmg:3.0|Mod:1.00,回復效果,無
煤炭龜,基礎,8301,https://asia.pokemon-card.com/hk/card-img/hk00008301.png,寶可夢,130,Fire,,,踩,"Colorless,Colorless",30,,集中砲火,"Fire,Colorless,Colorless",80,擲與這隻寶可夢身上附加的【火】能量的數量相同次數的硬幣，造成正面出現的次數×80點傷害。,,Water,,,3,9,normal,G,擴充包「朱ex」,SV1S,Kurata So,會在甲殼的內側燃燒煤炭。遭受到敵人攻擊時，<br/>會噴灑黑煙然後逃走。,煤炭龜,,B,12.00,Base:5.0|Meta:0.0|Exp:2.0|Func:3.0|Syn:0.0|Eff:0.0|Dmg:2.0|Mod:1.00,"傷害效果, 硬幣判定, 能量操作",無
煤炭龜,基礎,11131,https://asia.pokemon-card.com/hk/card-img/hk00011131.png,寶可夢,130,Fire,,,甲殼衝撞,"Fire,Colorless",30,在下個對手的回合，這隻寶可夢受到招式的傷害「-30」點。,火焰旋渦,"Fire,Colorless,Colorless",110,選擇2個這隻寶可夢身上附加的能量，將其丟棄。,,Water,,,3,14,normal,H,強化擴充包「緋紅薄霧」,SV5a,Teeziro,煤炭是牠的能量來源。 在煤炭龜棲息著的山裡，<br/> 沉睡著大量的煤炭。,煤炭龜,,B+,15.00,Base:5.0|Meta:0.0|Exp:2.0|Func:5.0|Syn:0.0|Eff:0.0|Dmg:3.0|Mod:1.00,"其他效果, 能量操作",無
紅蓮鎧騎,1階進化,8304,https://asia.pokemon-card.com/hk/card-img/hk00008304.png,寶可夢,130,Fire,送火,在自己的回合時，可不限次數使用。選擇1個自己的備戰寶可夢身上附加的【火】能量，改附於戰鬥寶可夢身上。,火焰加農炮,"Fire,Fire,Colorless",90,將對手的戰鬥寶可夢【灼傷】。,,,,,,Water,,,2,12,normal,G,擴充包「朱ex」,SV1S,AKIRA EGAWA,藉由立下眾多勛績的戰士所穿的鎧甲進化成的樣子。<br/>是忠心耿耿的寶可夢。,炭小侍 → 紅蓮鎧騎 → 蒼炎刃鬼 → 蒼炎刃鬼ex → 紅蓮鎧騎ex,,A,18.00,Base:5.0|Meta:0.0|Exp:2.0|Func:8.0|Syn:0.0|Eff:0.0|Dmg:3.0|Mod:1.00,"簡單灼傷, 能量操作",無
紅蓮鎧騎,1階進化,12097,https://asia.pokemon-card.com/hk/card-img/hk00012097.png,寶可夢,140,Fire,,,烈焰,"Colorless,Colorless",50,,紅蓮引爆,"Fire,Fire,Colorless",,將這隻寶可夢身上附加的【火】能量卡全部丟棄，對手的1隻備戰寶可夢受到180點傷害。[在備戰區不計算弱點・抵抗力。],,Water,,,2,21,normal,H,擴充包「超電突圍」,SV8,DOM,身上包裹著受到超能力<br/>和火焰能量強化的鎧甲。<br/>會釋放熾熱的火球。,炭小侍 → 紅蓮鎧騎 → 蒼炎刃鬼 → 蒼炎刃鬼ex → 紅蓮鎧騎ex,,A,17.00,Base:5.0|Meta:0.0|Exp:3.0|Func:6.0|Syn:2.0|Eff:0.0|Dmg:1.0|Mod:1.00,"能量操作, 連鎖傷害",丟棄效果
暴鯉龍ex,1階進化,8306,https://asia.pokemon-card.com/hk/card-img/hk00008306.png,寶可夢,300,Water,,,攀瀑,"Water,Water,Water",100,,暴君尾,"Water,Water,Water,Colorless,Colorless",180+,若對手的戰鬥寶可夢身上放置有傷害指示物，則增加180點傷害。,,Lightning,,,4,14,normal,G,擴充包「朱ex」,SV1S,5ban Graphics,,鯉魚王 → 暴鯉龍ex → 暴鯉龍 → 暴鯉龍GX,"太晶,ex",A,17.00,Base:5.0|Meta:0.0|Exp:2.0|Func:2.0|Syn:2.0|Eff:0.0|Dmg:6.0|Mod:1.00,"傷害指示物, 條件傷害",無
磨牙彩皮魚,基礎,8309,https://asia.pokemon-card.com/hk/card-img/hk00008309.png,寶可夢,100,Water,,,多彩充能,Water,,從自己的牌庫選擇最多3張基本能量卡，在給對手看過後加入手牌。並且重洗牌庫。,飛濺,"Water,Colorless",60,,,Lightning,,,1,17,normal,G,擴充包「朱ex」,SV1S,kurumitsu,會用力磨牙刺激大腦，然後從頭部的突起物發射<br/>藉其產生的精神力量。,磨牙彩皮魚,,B+,15.00,Base:5.0|Meta:0.0|Exp:2.0|Func:6.0|Syn:0.0|Eff:0.0|Dmg:2.0|Mod:1.00,"抽卡效果, 搜索效果",無
磨牙彩皮魚,基礎,11938,https://asia.pokemon-card.com/hk/card-img/hk00011938.png,寶可夢,110,Water,反擊,這隻寶可夢在戰鬥場受到對手的寶可夢招式的傷害時，在使用招式的寶可夢身上放置3個傷害指示物。,咬緊,"Water,Colorless",50,在下個對手的回合，受到這個招式的寶可夢無法撤退。,,,,,,Lightning,,,1,12,normal,H,強化擴充包「樂園騰龍」,SV7a,Shibuzoh.,磨牙時會泛起波紋。當陽光<br/>反射在上面時，周圍的水會<br/>閃起令人目眩神迷的亮光。,磨牙彩皮魚,,B,11.00,Base:5.0|Meta:0.0|Exp:3.0|Func:2.0|Syn:0.0|Eff:0.0|Dmg:1.0|Mod:1.00,"傷害指示物, 撤退封鎖",撤退效果
海地鼠,基礎,8310,https://asia.pokemon-card.com/hk/card-img/hk00008310.png,寶可夢,50,Water,,,扭打,Water,10,擲1次硬幣若為正面，則在下個對手的回合，這隻寶可夢不會受到招式的傷害與效果的影響。,,,,,,Lightning,,,1,18,normal,G,擴充包「朱ex」,SV1S,Shin Nagasawa,就算身處於２０公尺外，牠都能嗅出輕身鱈散發出<br/>的氣味，躲進沙子裡面藏身。,海地鼠 → 三海地鼠 → 三海地鼠ex,,B,11.00,Base:5.0|Meta:0.0|Exp:2.0|Func:2.0|Syn:2.0|Eff:0.0|Dmg:0.0|Mod:1.00,"傷害防禦, 效果免疫, 硬幣判定",無
海地鼠,基礎,8311,https://asia.pokemon-card.com/hk/card-img/hk00008311.png,寶可夢,60,Water,,,挖一下,Colorless,,擲1次硬幣若為正面，則將對手的牌庫上方1張卡丟棄。,衝撞,"Colorless,Colorless",20,,,Lightning,,,1,19,normal,G,擴充包「朱ex」,SV1S,Tika Matsuno,就算身處於２０公尺外，牠都能嗅出輕身鱈散發出<br/>的氣味，躲進沙子裡面藏身。,海地鼠 → 三海地鼠 → 三海地鼠ex,,B,11.00,Base:5.0|Meta:0.0|Exp:2.0|Func:2.0|Syn:2.0|Eff:0.0|Dmg:0.0|Mod:1.00,硬幣判定,丟棄效果
海地鼠,基礎,9981,https://asia.pokemon-card.com/hk/card-img/hk00009981.png,寶可夢,50,Water,,,亂爆頭錘,Water,10×,擲3次硬幣，造成正面出現的次數×10點傷害。,,,,,,Lightning,,,1,23,normal,G,擴充包「古代咆哮」,SV4K,Shibuzoh.,就算身處於２０公尺外，牠都能嗅出輕身鱈散發出<br/>的氣味，躲進沙子裡面藏身。,海地鼠 → 三海地鼠 → 三海地鼠ex,,C,8.00,Base:5.0|Meta:0.0|Exp:2.0|Func:0.0|Syn:0.0|Eff:0.0|Dmg:1.0|Mod:1.00,"傷害效果, 硬幣判定",無
海地鼠,基礎,9982,https://asia.pokemon-card.com/hk/card-img/hk00009982.png,寶可夢,60,Water,,,震動,"Water,Colorless",30,,,,,,,Lightning,,,1,24,normal,G,擴充包「古代咆哮」,SV4K,Tomokazu Komiya,就算身處於２０公尺外，牠都能嗅出輕身鱈散發出<br/>的氣味，躲進沙子裡面藏身。,海地鼠 → 三海地鼠 → 三海地鼠ex,,C,8.00,Base:5.0|Meta:0.0|Exp:2.0|Func:0.0|Syn:0.0|Eff:0.0|Dmg:1.0|Mod:1.00,無,無
海地鼠,基礎,10818,https://asia.pokemon-card.com/hk/card-img/hk00010818.png,寶可夢,60,Water,,,挖到寶,Water,,從自己的牌庫選擇1張物品卡，在給對手看過後加入手牌。並且重洗牌庫。,水炸彈,"Water,Water",40,這隻寶可夢也受到20點傷害。,,Lightning,,,1,21,normal,H,擴充包「狂野之力」,SV5K,OKUBO,就算身處於２０公尺外，牠都能嗅出輕身鱈散發出<br/>的氣味，躲進沙子裡面藏身。,海地鼠 → 三海地鼠 → 三海地鼠ex,,B,12.00,Base:5.0|Meta:0.0|Exp:2.0|Func:4.0|Syn:0.0|Eff:0.0|Dmg:1.0|Mod:1.00,"反噬傷害, 抽卡效果, 搜索效果",無
三海地鼠,1階進化,8312,https://asia.pokemon-card.com/hk/card-img/hk00008312.png,寶可夢,90,Water,,,頭錘,Water,30,,掘海隧道,"Colorless,Colorless,Colorless",,擲3次硬幣，將對手的牌庫上方與正面出現的次數×3張相同數量的卡丟棄。,,Lightning,,,2,20,normal,G,擴充包「朱ex」,SV1S,KIYOTAKA OSHIYAMA,有別於外表，性格非常粗暴。會用長長的身體勒緊獵物，<br/>然後拖進自己的巢穴裡。,海地鼠 → 三海地鼠 → 三海地鼠ex,,C+,10.00,Base:5.0|Meta:0.0|Exp:2.0|Func:2.0|Syn:0.0|Eff:0.0|Dmg:1.0|Mod:1.00,硬幣判定,丟棄效果
三海地鼠,1階進化,9983,https://asia.pokemon-card.com/hk/card-img/hk00009983.png,寶可夢,90,Water,臨場選擇,在自己的回合，從手牌使出這張卡並完成進化時，可使用1次。從自己的牌庫選擇最多3張「寶可夢道具」卡，在給對手看過後加入手牌。並且重洗牌庫。,三連鞭,"Water,Water",70×,擲3次硬幣，造成正面出現的次數×70點傷害。,,,,,,Lightning,,,2,25,normal,G,擴充包「古代咆哮」,SV4K,Kouki Saitou,有別於外表，性格非常粗暴。會用長長的身體勒緊獵物，<br/>然後拖進自己的巢穴裡。,海地鼠 → 三海地鼠 → 三海地鼠ex,,S,23.00,Base:5.0|Meta:0.0|Exp:2.0|Func:10.0|Syn:0.0|Eff:0.0|Dmg:6.0|Mod:1.00,"傷害效果, 抽卡效果, 搜索效果, 硬幣判定, 道具移除",進化效果
三海地鼠,1階進化,9253,https://asia.pokemon-card.com/hk/card-img/hk00009253.png,寶可夢,90,Water,,,纏繞榨取,Water,50,在下個對手的回合，受到這個招式的寶可夢無法撤退。,,,,,,Lightning,,,1,31,normal,G,ex初階牌組,SVD,Akira Komayama,有別於外表，性格非常粗暴。會用長長的身體勒緊獵物，<br/>然後拖進自己的巢穴裡。,海地鼠 → 三海地鼠 → 三海地鼠ex,,C+,10.00,Base:5.0|Meta:0.0|Exp:2.0|Func:2.0|Syn:0.0|Eff:0.0|Dmg:1.0|Mod:1.00,撤退封鎖,撤退效果
沙奈朵ex,2階進化,8320,https://asia.pokemon-card.com/hk/card-img/hk00008320.png,寶可夢,310,Psychic,精神擁抱,在自己的回合時，可不限次數使用。從自己的棄牌區選擇1張「基本【超】能量」卡，附於自己的【超】寶可夢身上。然後，在附上那張卡的寶可夢身上放置2個傷害指示物。（這個特性無法對會【昏厥】的寶可夢使用。）,奇跡之力,"Psychic,Psychic,Colorless",190,將這隻寶可夢的特殊狀態全部恢復。,[ex規則],,,寶可夢【ex】【昏厥】時，對手獲得2張獎賞卡。,,Darkness,,Fighting,2,28,normal,G,擴充包「朱ex」,SV1S,N-DESIGN Inc.,,拉魯拉絲 → 奇魯莉安 → 沙奈朵ex → 沙奈朵 → 艾路雷朵 → 沙奈朵GX,ex,A,19.00,Base:5.0|Meta:0.0|Exp:2.0|Func:5.0|Syn:2.0|Eff:0.0|Dmg:5.0|Mod:1.00,"傷害指示物, 搜索效果, 棄牌區傷害加成, 狀態恢復, 獎賞控制, 能量操作",特性效果
咚咚鼠,基礎,8323,https://asia.pokemon-card.com/hk/card-img/hk00008323.png,寶可夢,70,Psychic,,,咬能量,Psychic,30,擲1次硬幣若為正面，則選擇1個對手的戰鬥寶可夢身上附加的能量，將其丟棄。,,,,,,Metal,,,1,31,normal,G,擴充包「朱ex」,SV1S,zig,由於體型嬌小，發電器官尚未發達，因此會用尾巴<br/>吸取住家的電力來充電。,咚咚鼠,,B+,15.00,Base:5.0|Meta:0.0|Exp:2.0|Func:5.0|Syn:2.0|Eff:0.0|Dmg:1.0|Mod:1.00,"硬幣判定, 能量操作",丟棄效果
咚咚鼠,基礎,12131,https://asia.pokemon-card.com/hk/card-img/hk00012131.png,寶可夢,70,Psychic,,,電磁聲納,Colorless,,從自己的棄牌區選擇1張訓練家卡，在給對手看過後加入手牌。,咬,Psychic,30,,,Metal,,,1,55,normal,H,擴充包「超電突圍」,SV8,Uninori,會從雙頰上的鬍鬚發出電波<br/>來與同伴相互聯絡。<br/>電力變少時會蜷縮起來睡覺。,咚咚鼠,,B,12.00,Base:5.0|Meta:0.0|Exp:3.0|Func:3.0|Syn:0.0|Eff:0.0|Dmg:1.0|Mod:1.00,搜索效果,無
咚咚鼠,基礎,8501,https://asia.pokemon-card.com/hk/card-img/hk00008501.png,寶可夢,70,Psychic,,,咬住傷口,"Psychic,Colorless",30+,增加對手的戰鬥寶可夢身上放置的傷害指示物的數量×10點傷害。,,,,,,Metal,,,1,5,normal,G,起始組合ex 潤水鴨&謎擬Ｑ ex,SVAW,Nelnal,由於體型嬌小，發電器官尚未發達，因此會用尾巴<br/>吸取住家的電力來充電。,咚咚鼠,,B,11.00,Base:5.0|Meta:0.0|Exp:2.0|Func:2.0|Syn:0.0|Eff:0.0|Dmg:2.0|Mod:1.00,"備戰傷害加成, 傷害指示物",無
咚咚鼠,基礎,9833,https://asia.pokemon-card.com/hk/card-img/hk00009833.png,寶可夢,70,Psychic,,,小使者,Psychic,,從自己的牌庫選擇最多2張基本能量卡，在給對手看過後加入手牌。並且重洗牌庫。,旋轉迴旋,"Psychic,Colorless",50,將這隻寶可夢與備戰寶可夢互換。,,Metal,,,1,9,normal,G,起始組合 太晶 超夢ex,SVEM,Tika Matsuno,由於體型嬌小，發電器官尚未發達，因此會用尾巴<br/>吸取住家的電力來充電。,咚咚鼠,,A,17.00,Base:5.0|Meta:0.0|Exp:2.0|Func:9.0|Syn:0.0|Eff:0.0|Dmg:1.0|Mod:1.00,"切換效果, 抽卡效果, 搜索效果",無
狗仔包,基礎,8324,https://asia.pokemon-card.com/hk/card-img/hk00008324.png,寶可夢,50,Psychic,,,後踢,"Colorless,Colorless",20,,,,,,,Metal,,,1,32,normal,G,擴充包「朱ex」,SV1S,Mizue,摸起來既濕潤又絲滑。吐出的氣息裡含有酵母，<br/>可以使周圍的東西發酵。,狗仔包 → 麻花犬 → 麻花犬ex,,C,7.00,Base:5.0|Meta:0.0|Exp:2.0|Func:0.0|Syn:0.0|Eff:0.0|Dmg:0.0|Mod:1.00,無,無
狗仔包,基礎,8325,https://asia.pokemon-card.com/hk/card-img/hk00008325.png,寶可夢,60,Psychic,,,Q彈Q彈,Psychic,,在下個對手的回合，這隻寶可夢受到招式的傷害「-30」點。,活蹦亂跳,"Psychic,Colorless,Colorless",30,,,Metal,,,2,33,normal,G,擴充包「朱ex」,SV1S,Saya Tsuruta,摸起來既濕潤又絲滑。吐出的氣息裡含有酵母，<br/>可以使周圍的東西發酵。,狗仔包 → 麻花犬 → 麻花犬ex,,C+,10.00,Base:5.0|Meta:0.0|Exp:2.0|Func:2.0|Syn:0.0|Eff:0.0|Dmg:1.0|Mod:1.00,其他效果,無
狗仔包,基礎,11836,https://asia.pokemon-card.com/hk/card-img/hk00011836.png,寶可夢,60,Psychic,,,香味,Colorless,,從自己的牌庫選擇1張【基礎】寶可夢卡，放置於備戰區。並且重洗牌庫。,踩,Colorless,10,,,Metal,,,2,45,normal,H,擴充包「星晶奇跡」,SV7,Narumi Sato,吐出的氣息中含有酵母，<br/>能在製作料理時派上用場，<br/>因此自古以來就受到人們保護。,狗仔包 → 麻花犬 → 麻花犬ex,,C+,10.00,Base:5.0|Meta:0.0|Exp:3.0|Func:2.0|Syn:0.0|Eff:0.0|Dmg:0.0|Mod:1.00,搜索效果,放置效果
麻花犬,1階進化,8326,https://asia.pokemon-card.com/hk/card-img/hk00008326.png,寶可夢,90,Psychic,焦香之軀,這隻寶可夢不會受到對手的【火】寶可夢招式的傷害，不會【灼傷】。,魯莽頭擊,"Psychic,Colorless,Colorless",100,,,,,,,Metal,,,1,34,normal,G,擴充包「朱ex」,SV1S,You Iribi,身體散發出的迷人香氣能有助於小麥的成長，因此<br/>一直都備受農村人家的珍視。,狗仔包 → 麻花犬 → 麻花犬ex,,B,12.00,Base:5.0|Meta:0.0|Exp:2.0|Func:2.0|Syn:0.0|Eff:0.0|Dmg:3.0|Mod:1.00,"傷害防禦, 效果免疫",無
飄飄雛,基礎,8327,https://asia.pokemon-card.com/hk/card-img/hk00008327.png,寶可夢,40,Psychic,,,迴轉攻擊,Colorless,20,,,,,,,Darkness,,Fighting,1,35,normal,G,擴充包「朱ex」,SV1S,Tika Matsuno,從肚子的褶邊放射出的精神力量，能夠讓牠浮在腳尖和地面<br/>距離僅有區區１公分的空中。,飄飄雛 → 超能豔鴕 → 超能豔鴕ex,,C,7.00,Base:5.0|Meta:0.0|Exp:2.0|Func:0.0|Syn:0.0|Eff:0.0|Dmg:0.0|Mod:1.00,無,無
飄飄雛,基礎,8328,https://asia.pokemon-card.com/hk/card-img/hk00008328.png,寶可夢,40,Psychic,,,小衝刺,Psychic,10,將這隻寶可夢與備戰寶可夢互換。,,,,,,Darkness,,Fighting,1,36,normal,G,擴充包「朱ex」,SV1S,Pani Kobayashi,從肚子的褶邊放射出的精神力量，能夠讓牠浮在腳尖和地面<br/>距離僅有區區１公分的空中。,飄飄雛 → 超能豔鴕 → 超能豔鴕ex,,C+,10.00,Base:5.0|Meta:0.0|Exp:2.0|Func:3.0|Syn:0.0|Eff:0.0|Dmg:0.0|Mod:1.00,切換效果,無
飄飄雛,基礎,10207,https://asia.pokemon-card.com/hk/card-img/hk00010207.png,寶可夢,30,Psychic,,,念力,"Psychic,Colorless",20,擲1次硬幣若為正面，則將對手的戰鬥寶可夢【麻痺】。,,,,,,Darkness,,Fighting,1,93,normal,G,高級擴充包「閃色寶藏ex」,SV4a,kawayoo,從肚子的褶邊放射出的精神力量，能夠讓牠浮在腳尖和地面<br/>距離僅有區區１公分的空中。,飄飄雛 → 超能豔鴕 → 超能豔鴕ex,,B,11.00,Base:5.0|Meta:0.0|Exp:2.0|Func:2.0|Syn:2.0|Eff:0.0|Dmg:0.0|Mod:1.00,"狀態異常, 硬幣判定",無
飄飄雛,基礎,10055,https://asia.pokemon-card.com/hk/card-img/hk00010055.png,寶可夢,40,Psychic,,,電光一閃,Psychic,10+,擲1次硬幣若為正面，則增加20點傷害。,,,,,,Darkness,,Fighting,1,31,normal,G,擴充包「未來閃光」,SV4M,Mizue,會在荒地跑來跑去生活。如果最喜歡的樹果被搶走，就會窮追不捨地展開報復。,飄飄雛 → 超能豔鴕 → 超能豔鴕ex,,B,11.00,Base:5.0|Meta:0.0|Exp:2.0|Func:0.0|Syn:2.0|Eff:0.0|Dmg:2.0|Mod:1.00,"條件傷害, 硬幣判定",無
飄飄雛,基礎,10056,https://asia.pokemon-card.com/hk/card-img/hk00010056.png,寶可夢,50,Psychic,,,精神強念,"Psychic,Psychic",10+,增加對手的戰鬥寶可夢身上附加的能量的數量×10點傷害。,,,,,,Darkness,,Fighting,1,32,normal,G,擴充包「未來閃光」,SV4M,kodama,會在荒地跑來跑去生活。如果最喜歡的樹果被搶走，就會窮追不捨地展開報復。,飄飄雛 → 超能豔鴕 → 超能豔鴕ex,,B+,14.00,Base:5.0|Meta:0.0|Exp:2.0|Func:5.0|Syn:0.0|Eff:0.0|Dmg:2.0|Mod:1.00,"備戰傷害加成, 能量操作",無
飄飄雛,基礎,11948,https://asia.pokemon-card.com/hk/card-img/hk00011948.png,寶可夢,40,Psychic,,,躍起閃避,Colorless,10,擲1次硬幣若為正面，則在下個對手的回合，這隻寶可夢不會受到招式的傷害與效果的影響。,,,,,,Darkness,,Fighting,1,22,normal,H,強化擴充包「樂園騰龍」,SV7a,buchi,會在荒地跑來跑去生活。<br/>如果最喜歡的樹果被搶走，<br/>就會窮追不捨地展開報復。,飄飄雛 → 超能豔鴕 → 超能豔鴕ex,,B,12.00,Base:5.0|Meta:0.0|Exp:3.0|Func:2.0|Syn:2.0|Eff:0.0|Dmg:0.0|Mod:1.00,"傷害防禦, 效果免疫, 硬幣判定",無
路卡利歐,1階進化,8333,https://asia.pokemon-card.com/hk/card-img/hk00008333.png,寶可夢,130,Fighting,,,復仇關節,Fighting,30+,在上個對手的回合，若自己的【鬥】寶可夢因招式的傷害而【昏厥】了，則增加120點傷害。,加速突刺,"Fighting,Colorless,Colorless",120,在下個自己的回合，這隻寶可夢無法使用「加速突刺」。,,Psychic,,,2,41,normal,G,擴充包「朱ex」,SV1S,Nurikabe,只要透過捕捉波導，據說就能夠看見原本<br/>看不見身影的對手。,利歐路 → 路卡利歐 → 路卡利歐GX → 路卡利歐ex,,B+,15.00,Base:5.0|Meta:0.0|Exp:2.0|Func:2.0|Syn:2.0|Eff:0.0|Dmg:4.0|Mod:1.00,"招式鎖定, 昏厥條件, 條件傷害",無
摔角鷹人,基礎,8337,https://asia.pokemon-card.com/hk/card-img/hk00008337.png,寶可夢,70,Fighting,飛身進場,在自己的回合，從手牌將這張卡放置於備戰區時，可使用1次。在對手的2隻備戰寶可夢身上，各放置1個傷害指示物。,翅膀攻擊,"Fighting,Colorless,Colorless",70,,,,,,,Psychic,,,1,45,normal,G,擴充包「朱ex」,SV1S,GOSSAN,使用翅膀輕盈地跳起後，華麗地置對手於死地的招式<br/>是在出生的森林磨練出來的。,摔角鷹人,,B,12.00,Base:5.0|Meta:0.0|Exp:2.0|Func:3.0|Syn:0.0|Eff:0.0|Dmg:2.0|Mod:1.00,傷害指示物,放置效果
摔角鷹人,基礎,11163,https://asia.pokemon-card.com/hk/card-img/hk00011163.png,寶可夢,70,Fighting,,,獎賞反擊,"Fighting,Fighting",50+,若自己剩餘獎賞卡的張數，比對手剩餘獎賞卡的張數多，則增加90點傷害。,,,,,,Psychic,,,1,46,normal,H,強化擴充包「緋紅薄霧」,SV5a,Shigenori Negishi,不集結成群，過著靜靜的生活。 天敵是喜歡集體大鬧的火爆猴，<br/> 時不時就會起爭執。,摔角鷹人,,B+,14.00,Base:5.0|Meta:0.0|Exp:2.0|Func:2.0|Syn:2.0|Eff:0.0|Dmg:3.0|Mod:1.00,"條件傷害, 獎賞控制",無
摔角鷹人,基礎,12719,https://asia.pokemon-card.com/hk/card-img/hk00012719.png,寶可夢,80,Colorless,,,上升衝撞,Colorless,10+,若對手的戰鬥寶可夢為「寶可夢【ex】」，則增加50點傷害。,,,,,,Lightning,,Fighting,1,111,normal,H,雙ex初階牌組 Generations,SVM,KEIICHIRO ITO,不集結成群，過著靜靜的生活。<br/>天敵是喜歡集體大鬧的火爆猴，<br/>時不時就會起爭執。,摔角鷹人,,B,13.00,Base:5.0|Meta:0.0|Exp:2.0|Func:2.0|Syn:2.0|Eff:0.0|Dmg:2.0|Mod:1.00,條件傷害,無
沙包蛇,基礎,8338,https://asia.pokemon-card.com/hk/card-img/hk00008338.png,寶可夢,80,Fighting,,,擲泥,"Fighting,Colorless",30,,,,,,,Grass,,,2,46,normal,G,擴充包「朱ex」,SV1S,Kouki Saitou,頸部的囊袋就像氣球一樣能伸縮自如，而隨著不斷<br/>蛻皮，伸縮性會隨之增加。,沙包蛇 → 沙螺蟒,,C,8.00,Base:5.0|Meta:0.0|Exp:2.0|Func:0.0|Syn:0.0|Eff:0.0|Dmg:1.0|Mod:1.00,無,無
沙螺蟒,1階進化,8339,https://asia.pokemon-card.com/hk/card-img/hk00008339.png,寶可夢,140,Fighting,,,火箭頭錘,"Fighting,Fighting,Colorless",120,,沙塵噴射,"Fighting,Fighting,Fighting,Colorless",,選擇2個這隻寶可夢身上附加的能量，將其丟棄。然後，將對手的戰鬥寶可夢與附加的卡，全部放回對手的牌庫並重洗。,,Grass,,,3,47,normal,G,擴充包「朱ex」,SV1S,Yuya Oka,會把身體伸長到極限後，用足以沖走大卡車的<br/>氣勢噴射出沙子。,沙包蛇 → 沙螺蟒,,A,19.00,Base:5.0|Meta:0.0|Exp:2.0|Func:6.0|Syn:2.0|Eff:0.0|Dmg:4.0|Mod:1.00,"搜索效果, 能量操作",丟棄效果
毛崖蟹,基礎,8340,https://asia.pokemon-card.com/hk/card-img/hk00008340.png,寶可夢,130,Fighting,,,夾住,"Fighting,Fighting",50,,腎上腺錘,"Fighting,Fighting,Fighting",130,將這隻寶可夢【混亂】。,,Grass,,,3,48,normal,G,擴充包「朱ex」,SV1S,nagimiso,會倒立在懸崖上等獵物上門，但由於那會讓牠的血液倒流，<br/>因此等不了太長的時間。,毛崖蟹,,B,11.00,Base:5.0|Meta:0.0|Exp:2.0|Func:0.0|Syn:0.0|Eff:0.0|Dmg:4.0|Mod:1.00,狀態異常,無
毛崖蟹,基礎,9876,https://asia.pokemon-card.com/hk/card-img/hk00009876.png,寶可夢,120,Fighting,,,歇斯底里之剪,"Colorless,Colorless",30+,若這隻寶可夢處於特殊狀態，則增加160點傷害。,煮沸壓制,"Fighting,Fighting",80,將這隻寶可夢【灼傷】。,,Grass,,,3,31,normal,G,強化擴充包「激狂駭浪」,SV3a,Yuya Oka,會倒立在懸崖上等獵物上門，但由於那會讓牠的血液倒流，<br/>因此等不了太長的時間。,毛崖蟹,,B,11.00,Base:5.0|Meta:0.0|Exp:2.0|Func:0.0|Syn:2.0|Eff:0.0|Dmg:2.0|Mod:1.00,"其他效果, 條件傷害",無
毛崖蟹,基礎,13049,https://asia.pokemon-card.com/hk/card-img/hk00013049.png,寶可夢,120,Fighting,,,喀嚓鉗,"Colorless,Colorless",,擲2次硬幣，選擇與正面出現的次數相同數量的對手的戰鬥寶可夢身上附加的能量，將其丟棄。,頭突,"Fighting,Colorless,Colorless",100,,,Grass,,,3,55,normal,I,擴充包「對戰搭檔」,SV9,Shinya Komatsu,會倒立在懸崖上等獵物上門，<br/>但由於那會讓牠的血液倒流，<br/>因此等不了太長的時間。,毛崖蟹,,B+,16.00,Base:5.0|Meta:0.0|Exp:3.0|Func:5.0|Syn:0.0|Eff:0.0|Dmg:3.0|Mod:1.00,"硬幣判定, 能量操作",丟棄效果
雄偉牙ex,基礎,8341,https://asia.pokemon-card.com/hk/card-img/hk00008341.png,寶可夢,250,Fighting,,,岩盤崩裂,Fighting,40,將場上的競技場卡丟棄。,巨烈長牙,"Fighting,Fighting,Fighting",250,這隻寶可夢也受到50點傷害。,,Psychic,,,4,49,normal,G,擴充包「朱ex」,SV1S,5ban Graphics,,雄偉牙ex,ex,B+,15.00,Base:5.0|Meta:0.0|Exp:2.0|Func:0.0|Syn:2.0|Eff:0.0|Dmg:6.0|Mod:1.00,反噬傷害,競技場效果
雄偉牙ex,基礎,10226,https://asia.pokemon-card.com/hk/card-img/hk00010226.png,寶可夢,250,Fighting,搖碎,在自己的回合結束時，若這隻寶可夢在戰鬥場上，則一定要使用1次。將自己的牌庫上方5張卡丟棄。,偉大猛擊,"Fighting,Colorless,Colorless,Colorless",260,這個招式的傷害不計算對手的戰鬥寶可夢身上的附加效果。,,,,,,Psychic,,,4,112,normal,G,高級擴充包「閃色寶藏ex」,SV4a,kawayoo,,雄偉牙ex,ex,B+,16.00,Base:5.0|Meta:0.0|Exp:2.0|Func:3.0|Syn:0.0|Eff:0.0|Dmg:6.0|Mod:1.00,"其他效果, 無視弱點/效果",無
故勒頓ex,基礎,8342,https://asia.pokemon-card.com/hk/card-img/hk00008342.png,寶可夢,230,Fighting,恐龍嘶吼,在自己的回合時可使用1次，若使用，則回合結束。從自己的棄牌區選擇最多2張「基本【鬥】能量」卡，以任意方式附於自己的【鬥】屬性的【基礎】寶可夢身上。,瘋狂衝擊,"Fighting,Fighting,Colorless",220,在下個自己的回合，這隻寶可夢無法使用招式。,[ex規則],,,寶可夢【ex】【昏厥】時，對手獲得2張獎賞卡。,,Psychic,,,2,50,normal,G,擴充包「朱ex」,SV1S,aky CG Works,,故勒頓ex,ex,A,17.00,Base:5.0|Meta:0.0|Exp:2.0|Func:4.0|Syn:0.0|Eff:0.0|Dmg:6.0|Mod:1.00,"使用限制, 招式鎖定, 搜索效果, 獎賞控制",無
故勒頓ex,基礎,9290,https://asia.pokemon-card.com/hk/card-img/hk00009290.png,寶可夢,230,Fighting,,,分岔光束,Fighting,20,對手的2隻備戰寶可夢也各受到20點傷害。[在備戰區不計算弱點・抵抗力。],蓋亞壓制,"Fighting,Fighting,Colorless",230,這隻寶可夢也受到30點傷害。,,Psychic,,,2,68,normal,G,ex初階牌組,SVD,aky CG Works,,故勒頓ex,ex,B+,16.00,Base:5.0|Meta:0.0|Exp:2.0|Func:3.0|Syn:0.0|Eff:0.0|Dmg:6.0|Mod:1.00,"反噬傷害, 連鎖傷害",無
故勒頓ex,基礎,10949,https://asia.pokemon-card.com/hk/card-img/hk00010949.png,寶可夢,230,Dragon,,,復仇懲處,"Colorless,Colorless",20+,增加這隻寶可夢身上放置的傷害指示物的數量×10點傷害。,凱撒衝撞,"Fire,Fighting,Fighting",280,這隻寶可夢也受到60點傷害。,,,,,2,10,normal,H,起始組合「古代故勒頓ex」,SVHK,PLANETA Igarashi,,故勒頓ex,ex,B,13.00,Base:5.0|Meta:0.0|Exp:2.0|Func:0.0|Syn:0.0|Eff:0.0|Dmg:6.0|Mod:1.00,"備戰傷害加成, 傷害指示物, 反噬傷害",無
故勒頓ex,基礎,12680,https://asia.pokemon-card.com/hk/card-img/hk00012680.png,寶可夢,230,Fighting,,,利爪劈擊,"Fighting,Colorless",50,,復仇光炮,"Fighting,Fighting,Colorless",100+,若自己的備戰寶可夢身上放置有傷害指示物，則增加120點傷害。,,Psychic,,,2,72,normal,H,雙ex初階牌組 Generations,SVM,PLANETA Tsuji,,故勒頓ex,ex,B+,15.00,Base:5.0|Meta:0.0|Exp:2.0|Func:1.0|Syn:2.0|Eff:0.0|Dmg:5.0|Mod:1.00,"傷害指示物, 條件傷害",無
臭泥,基礎,8343,https://asia.pokemon-card.com/hk/card-img/hk00008343.png,寶可夢,80,Darkness,,,毒之氣息,"Darkness,Colorless,Colorless",50,將對手的戰鬥寶可夢【中毒】。,,,,,,Fighting,,,3,51,normal,G,擴充包「朱ex」,SV1S,Kouki Saitou,污泥變成的寶可夢。會聚集在骯髒的地方<br/>來繁殖身體的細菌。,臭泥 → 臭臭泥,,C+,10.00,Base:5.0|Meta:0.0|Exp:2.0|Func:2.0|Syn:0.0|Eff:0.0|Dmg:1.0|Mod:1.00,狀態異常,無
臭泥,基礎,8954,https://asia.pokemon-card.com/hk/card-img/hk00008954.png,寶可夢,80,Darkness,,,緊貼壓制,Darkness,10,在下個對手的回合，受到這個招式的寶可夢【撤退】所需的能量增加1個。,,,,,,Fighting,,,2,88,normal,G,強化擴充包「寶可夢卡牌151」,SV2a,Nisota Niso,污泥變成的寶可夢。會聚集在骯髒的地方<br/>來繁殖身體的細菌。,臭泥 → 臭臭泥,,B,11.00,Base:5.0|Meta:0.0|Exp:2.0|Func:4.0|Syn:0.0|Eff:0.0|Dmg:0.0|Mod:1.00,"撤退干擾, 條件傷害",撤退效果
臭臭泥,1階進化,8344,https://asia.pokemon-card.com/hk/card-img/hk00008344.png,寶可夢,140,Darkness,毒袋,只要這隻寶可夢在場上，對手的【中毒】的寶可夢，就算進化・退化，【中毒】也不會恢復。,猛毒攻擊,"Darkness,Colorless,Colorless,Colorless",100,將對手的戰鬥寶可夢【中毒】。,,,,,,Fighting,,,4,52,normal,G,擴充包「朱ex」,SV1S,Haru Akasaka,全身上下沾滿污泥。光是碰到牠的足跡，<br/>都會受到毒素的侵襲。,臭泥 → 臭臭泥,,B+,16.00,Base:5.0|Meta:0.0|Exp:2.0|Func:6.0|Syn:0.0|Eff:0.0|Dmg:3.0|Mod:1.00,"狀態異常, 進化支援",無
臭臭泥,1階進化,8955,https://asia.pokemon-card.com/hk/card-img/hk00008955.png,寶可夢,150,Darkness,,,臭臭獄,Darkness,30,在下個對手的回合，受到這個招式的寶可夢使用招式所需的能量與【撤退】所需的能量，各增加1個【無】能量。,污泥炸彈,"Darkness,Darkness,Darkness,Colorless",180,,,Fighting,,,4,89,normal,G,強化擴充包「寶可夢卡牌151」,SV2a,Nisota Niso,全身上下沾滿污泥。光是碰到牠的足跡，<br/>都會受到毒素的侵襲。,臭泥 → 臭臭泥,,B+,16.00,Base:5.0|Meta:0.0|Exp:2.0|Func:4.0|Syn:0.0|Eff:0.0|Dmg:5.0|Mod:1.00,"撤退干擾, 條件傷害, 能量需求增加",撤退效果
毒骷蛙ex,1階進化,8347,https://asia.pokemon-card.com/hk/card-img/hk00008347.png,寶可夢,250,Darkness,,,詭計,Darkness,,從自己的牌庫任意選擇最多2張卡加入手牌。並且重洗牌庫。,劇毒拆裂,"Darkness,Colorless,Colorless",120,將對手的戰鬥寶可夢【中毒】。因這個【中毒】而放置的傷害指示物的數量改為6個。,,Fighting,,,2,55,normal,G,擴充包「朱ex」,SV1S,Nisota Niso,,不良蛙 → 毒骷蛙ex → 毒骷蛙,ex,B+,15.00,Base:5.0|Meta:0.0|Exp:2.0|Func:4.0|Syn:0.0|Eff:0.0|Dmg:4.0|Mod:1.00,"傷害指示物, 抽卡效果, 搜索效果, 狀態異常",無
仆斬將軍,2階進化,8350,https://asia.pokemon-card.com/hk/card-img/hk00008350.png,寶可夢,170,Darkness,統率力,只要這隻寶可夢在場上，自己的【基礎】寶可夢使用的招式，對對手的戰鬥寶可夢造成的傷害「+30」點。,猛斬,"Darkness,Colorless,Colorless",160,,,,,,,Grass,,,3,58,normal,G,擴充包「朱ex」,SV1S,Anesaki Dynamic,在勢力浩大的軍團中，唯有站上頂點的那１隻劈斬司令，<br/>才能進化成仆斬將軍。,駒刀小兵 → 劈斬司令 → 仆斬將軍,,B+,14.00,Base:5.0|Meta:0.0|Exp:2.0|Func:2.0|Syn:0.0|Eff:0.0|Dmg:5.0|Mod:1.00,"HP提升, 傷害效果",無
仆斬將軍,2階進化,9593,https://asia.pokemon-card.com/hk/card-img/hk00009593.png,寶可夢,180,Metal,,,攻滅,Metal,,若對手的戰鬥寶可夢身上放置有4個以上的傷害指示物，則將那隻寶可夢【昏厥】。,大切斷,"Metal,Colorless,Colorless",140,,,Fire,,Grass,4,82,normal,G,擴充包「黯焰支配者」,SV3,Ryota Murayama,在勢力浩大的軍團中，唯有站上頂點的那１隻劈斬司令，才能進化成仆斬將軍。,駒刀小兵 → 劈斬司令 → 仆斬將軍,,B+,15.00,Base:5.0|Meta:0.0|Exp:2.0|Func:2.0|Syn:2.0|Eff:0.0|Dmg:4.0|Mod:1.00,"傷害指示物, 昏厥條件",無
貓鼬斬,基礎,8354,https://asia.pokemon-card.com/hk/card-img/hk00008354.png,寶可夢,110,Colorless,,,拖出,"Colorless,Colorless",,選擇1隻對手的備戰寶可夢，與戰鬥寶可夢互換。然後，新上場的寶可夢受到30點傷害。,利爪揮砍,"Colorless,Colorless,Colorless",80,,,Fighting,,,2,62,normal,G,擴充包「朱ex」,SV1S,aoki,和飯匙蛇是死對頭。一旦撞見彼此，就會立刻<br/>張開前腳的爪子來威嚇對方。,貓鼬斬,,B+,14.00,Base:5.0|Meta:0.0|Exp:2.0|Func:5.0|Syn:0.0|Eff:0.0|Dmg:2.0|Mod:1.00,切換效果,無
貓鼬斬,基礎,12161,https://asia.pokemon-card.com/hk/card-img/hk00012161.png,寶可夢,90,Colorless,,,連斬,Colorless,10+,擲3次硬幣。若出現1次正面，則增加20點傷害。若出現2次正面，則增加50點傷害。若全部為正面，則增加80點傷害。,,,,,,Fighting,,,1,85,normal,H,擴充包「超電突圍」,SV8,Ligton,遇上飯匙蛇就會豎起體毛，<br/>擺出攻擊的架勢。<br/>銳利的爪子是最大的武器。,貓鼬斬,,B+,14.00,Base:5.0|Meta:0.0|Exp:3.0|Func:0.0|Syn:4.0|Eff:0.0|Dmg:2.0|Mod:1.00,"條件傷害, 硬幣判定",無
貓鼬斬,基礎,8504,https://asia.pokemon-card.com/hk/card-img/hk00008504.png,寶可夢,90,Colorless,,,劈開,Colorless,40,,,,,,,Fighting,,,1,8,normal,G,起始組合ex 潤水鴨&謎擬Ｑ ex,SVAW,Yuya Oka,和飯匙蛇是死對頭。一旦撞見彼此，就會立刻<br/>張開前腳的爪子來威嚇對方。,貓鼬斬,,C,8.00,Base:5.0|Meta:0.0|Exp:2.0|Func:0.0|Syn:0.0|Eff:0.0|Dmg:1.0|Mod:1.00,無,無
姆克兒,基礎,8355,https://asia.pokemon-card.com/hk/card-img/hk00008355.png,寶可夢,60,Colorless,,,羽擊,Colorless,20,,,,,,,Lightning,,Fighting,1,63,normal,G,擴充包「朱ex」,SV1S,Yuka Morii,為了獵捕蟲寶可夢，以龐大的群體在山野間飛來飛去。<br/>叫聲非常吵鬧。,姆克兒 → 姆克鳥 → 姆克鷹,,C,7.00,Base:5.0|Meta:0.0|Exp:2.0|Func:0.0|Syn:0.0|Eff:0.0|Dmg:0.0|Mod:1.00,無,無
姆克鳥,1階進化,8356,https://asia.pokemon-card.com/hk/card-img/hk00008356.png,寶可夢,80,Colorless,,,翅膀攻擊,"Colorless,Colorless",40,,高速飛行,"Colorless,Colorless,Colorless",80,,,Lightning,,Fighting,1,64,normal,G,擴充包「朱ex」,SV1S,kantaro,心知肚明自己的弱小，所以平時都是群體生活。<br/>單獨行動時會發出吵鬧的叫聲。,姆克兒 → 姆克鳥 → 姆克鷹,,C+,9.00,Base:5.0|Meta:0.0|Exp:2.0|Func:0.0|Syn:0.0|Eff:0.0|Dmg:2.0|Mod:1.00,無,無
姆克鷹,2階進化,8357,https://asia.pokemon-card.com/hk/card-img/hk00008357.png,寶可夢,150,Colorless,,,旋衝離閃,"Colorless,Colorless",60,在下個對手的回合，這隻寶可夢不會受到【基礎】寶可夢招式的傷害。,力量爆破,"Colorless,Colorless,Colorless",180,選擇1個這隻寶可夢身上附加的能量，將其丟棄。,,Lightning,,Fighting,1,65,normal,G,擴充包「朱ex」,SV1S,Atsushi Furusawa,變成姆克鷹後，就會脫離群體獨自生活。<br/>擁有強韌的翅膀。,姆克兒 → 姆克鳥 → 姆克鷹,,A,17.00,Base:5.0|Meta:0.0|Exp:2.0|Func:5.0|Syn:0.0|Eff:0.0|Dmg:5.0|Mod:1.00,"傷害防禦, 效果免疫, 能量操作",無
愛吃豚,基礎,8358,https://asia.pokemon-card.com/hk/card-img/hk00008358.png,寶可夢,60,Colorless,,,避敵氣味,Colorless,,將對手的戰鬥寶可夢與備戰寶可夢互換。[由對手選擇放置於戰鬥場的寶可夢。],踩,"Colorless,Colorless",20,,,Fighting,,,1,66,normal,G,擴充包「朱ex」,SV1S,Teeziro,一整天都在覓食。雖然擁有優秀的嗅覺，<br/>但卻只被用在覓食上。,愛吃豚 → 飄香豚ex → 飄香豚,,B,12.00,Base:5.0|Meta:0.0|Exp:2.0|Func:5.0|Syn:0.0|Eff:0.0|Dmg:0.0|Mod:1.00,切換效果,無
愛吃豚,基礎,8359,https://asia.pokemon-card.com/hk/card-img/hk00008359.png,寶可夢,70,Colorless,,,胡思亂撞,"Colorless,Colorless,Colorless",70,擲1次硬幣若為反面，則這個招式失敗。,,,,,,Fighting,,,1,67,normal,G,擴充包「朱ex」,SV1S,Mina Nakai,一整天都在覓食。雖然擁有優秀的嗅覺，<br/>但卻只被用在覓食上。,愛吃豚 → 飄香豚ex → 飄香豚,,B,11.00,Base:5.0|Meta:0.0|Exp:2.0|Func:0.0|Syn:2.0|Eff:0.0|Dmg:2.0|Mod:1.00,"條件失敗, 硬幣判定",無
愛吃豚,基礎,9607,https://asia.pokemon-card.com/hk/card-img/hk00009607.png,寶可夢,60,Colorless,,,撞擊,Colorless,20,,,,,,,Fighting,,,1,96,normal,G,擴充包「黯焰支配者」,SV3,HYOGONOSUKE,一整天都在覓食。雖然擁有優秀的嗅覺，<br/>但卻只被用在覓食上。,愛吃豚 → 飄香豚ex → 飄香豚,,C,7.00,Base:5.0|Meta:0.0|Exp:2.0|Func:0.0|Syn:0.0|Eff:0.0|Dmg:0.0|Mod:1.00,無,無
愛吃豚,基礎,9608,https://asia.pokemon-card.com/hk/card-img/hk00009608.png,寶可夢,70,Colorless,,,魅惑之聲,"Colorless,Colorless",20,將對手的戰鬥寶可夢【混亂】。,,,,,,Fighting,,,2,97,normal,G,擴充包「黯焰支配者」,SV3,Tomokazu Komiya,一整天都在覓食。雖然擁有優秀的嗅覺，<br/>但卻只被用在覓食上。,愛吃豚 → 飄香豚ex → 飄香豚,,C+,9.00,Base:5.0|Meta:0.0|Exp:2.0|Func:2.0|Syn:0.0|Eff:0.0|Dmg:0.0|Mod:1.00,狀態異常,無
愛吃豚,基礎,8457,https://asia.pokemon-card.com/hk/card-img/hk00008457.png,寶可夢,60,Colorless,,,呼喚,Colorless,,從自己的牌庫抽出1張卡。,撞擊,"Colorless,Colorless,Colorless",30,,,Fighting,,,1,9,normal,G,起始組合ex 呆火鱷&電龍 ex,SVAL,kodama,一整天都在覓食。雖然擁有優秀的嗅覺，<br/>但卻只被用在覓食上。,愛吃豚 → 飄香豚ex → 飄香豚,,B,11.00,Base:5.0|Meta:0.0|Exp:2.0|Func:3.0|Syn:0.0|Eff:0.0|Dmg:1.0|Mod:1.00,"抽卡效果, 搜索效果",無
飄香豚ex,1階進化,8360,https://asia.pokemon-card.com/hk/card-img/hk00008360.png,寶可夢,260,Colorless,,,狂亂香氣,Colorless,10+,增加對手的備戰寶可夢的數量×30點傷害。,重磅踩踏,"Colorless,Colorless,Colorless",210,擲1次硬幣若為反面，則在下個自己的回合，這隻寶可夢無法使用招式。,,Fighting,,,2,68,normal,G,擴充包「朱ex」,SV1S,aky CG Works,,愛吃豚 → 飄香豚ex → 飄香豚,ex,A,18.00,Base:5.0|Meta:0.0|Exp:2.0|Func:3.0|Syn:2.0|Eff:0.0|Dmg:6.0|Mod:1.00,"使用限制, 備戰傷害加成, 招式鎖定, 硬幣判定",無
岩石胸甲,,8363,https://asia.pokemon-card.com/hk/card-img/hk00008363.png,寶可夢道具,,,,,,,,附有這張卡的【鬥】寶可夢，受到對手的寶可夢招式的傷害「-30」點。,[寶可夢道具規則],,,在自己的回合時，寶可夢道具卡可不限張數附於自己的寶可夢身上。1隻寶可夢只可附上1張寶可夢道具卡，並且保持附加狀態。,,,,,,71,normal,G,擴充包「朱ex」,SV1S,Toyste Beach,,,,B,11.00,Base:6.0|Meta:0.0|Exp:2.0|Func:3.0|Syn:0.0|Eff:0.0|Dmg:0.0|Mod:1.00,"其他效果, 屬性防禦",無
不服輸頭帶,,8365,https://asia.pokemon-card.com/hk/card-img/hk00008365.png,寶可夢道具,,,,,,,,若自己剩餘獎賞卡的張數比對手剩餘獎賞卡的張數多，則附有這張卡的寶可夢使用的招式，對對手的戰鬥寶可夢造成的傷害「+30」點。,[寶可夢道具規則],,,在自己的回合時，寶可夢道具卡可不限張數附於自己的寶可夢身上。1隻寶可夢只可附上1張寶可夢道具卡，並且保持附加狀態。,,,,,,73,normal,G,擴充包「朱ex」,SV1S,inose yukie,,,,B,13.00,Base:6.0|Meta:0.0|Exp:2.0|Func:3.0|Syn:2.0|Eff:0.0|Dmg:0.0|Mod:1.00,"HP提升, 傷害效果, 其他效果, 獎賞控制",無
活力森林,,14327,https://asia.pokemon-card.com/hk/card-img/hk00014327.png,競技場卡,,,,,,,,雙方的所有【草】寶可夢就算在剛使出的回合（自己的最初回合除外）也可進化成【草】寶可夢。,,,,,,,,,,61,normal,I,擴充包「超級交響樂」,M1S,AYUMI ODASHIMA,,,,C,8.00,Base:6.0|Meta:0.0|Exp:-1.0|Func:3.0|Syn:0.0|Eff:0.0|Dmg:0.0|Mod:1.00,進化支援,無
派帕,,13110,https://asia.pokemon-card.com/hk/card-img/hk00013110.png,支援者卡,,,,,,,,從自己的牌庫選擇「物品」卡與「寶可夢道具」卡各1張，在給對手看過後加入手牌。並且重洗牌庫。,,,,,,,,,,213,promo,G,特典卡 朱&紫,SV,GIDORA,,,,B+,14.00,Base:8.0|Meta:0.0|Exp:2.0|Func:4.0|Syn:0.0|Eff:0.0|Dmg:0.0|Mod:1.00,"抽卡效果, 搜索效果",無
派帕的三明治,,13258,https://asia.pokemon-card.com/hk/card-img/hk00013258.png,物品卡,,,,,,,,將自己的戰鬥寶可夢恢復「30」HP。若那隻寶可夢為「派帕的寶可夢」，則恢復的HP改為「100」。,,,,,,,,,,57,normal,I,強化擴充包「熱風競技場」,SV9a,AYUMI ODASHIMA,,,,B+,14.00,Base:7.0|Meta:0.0|Exp:3.0|Func:2.0|Syn:2.0|Eff:0.0|Dmg:0.0|Mod:1.00,回復效果,無
玻璃喇叭,,12020,https://asia.pokemon-card.com/hk/card-img/hk00012020.png,物品卡,,,,,,,,這張卡只有在自己的場上有「太晶」寶可夢時才可使用。<br/> <br/> 選擇最多2隻自己的備戰區的【無】寶可夢，從棄牌區附給那些寶可夢各1張基本能量卡。,,,,,,,,,,149,promo,H,特典卡 朱&紫,SV,Toyste Beach,,,,B+,16.00,Base:7.0|Meta:0.0|Exp:2.0|Func:3.0|Syn:4.0|Eff:0.0|Dmg:0.0|Mod:1.00,搜索效果,無
珍寶配件,,12567,https://asia.pokemon-card.com/hk/card-img/hk00012567.png,物品卡,,,,,,,,從自己的牌庫選擇最多5張「寶可夢道具」卡，在給對手看過後加入手牌。並且重洗牌庫。,,,,,,,,,,146,normal,H,高級擴充包「太晶慶典ex」,SV8a,inose yukie,,,,B+,14.00,Base:7.0|Meta:0.0|Exp:3.0|Func:4.0|Syn:0.0|Eff:0.0|Dmg:0.0|Mod:1.00,"抽卡效果, 搜索效果, 道具移除",無
赫拉克羅斯,基礎,8372,https://asia.pokemon-card.com/hk/card-img/hk00008372.png,寶可夢,120,Grass,,,怪力上投,"Grass,Colorless",10+,增加對手的戰鬥寶可夢【撤退】所需的能量的數量×30點傷害。,角撞,"Grass,Grass,Colorless",90,,,Fire,,,2,2,normal,G,擴充包「紫ex」,SV1V,Taira Akitsu,擁有十分驚人的怪力。就連重量是自己體重１００倍的<br/>物體也能輕鬆扔飛。,赫拉克羅斯,,B+,14.00,Base:5.0|Meta:0.0|Exp:2.0|Func:4.0|Syn:0.0|Eff:0.0|Dmg:3.0|Mod:1.00,"備戰傷害加成, 撤退干擾",撤退效果
赫拉克羅斯,基礎,8739,https://asia.pokemon-card.com/hk/card-img/hk00008739.png,寶可夢,130,Grass,,,撞擊,"Grass,Grass",50,,粉碎角擊,"Grass,Grass,Grass",110,這個招式的傷害不計算抵抗力。,,Fire,,,3,6,normal,G,擴充包「碟旋暴擊」,SV2D,GOSSAN,對甜甜蜜愛不釋手，為了全都佔為己有，<br/>會用引以為傲的角扔飛對手。,赫拉克羅斯,,C+,10.00,Base:5.0|Meta:0.0|Exp:2.0|Func:0.0|Syn:0.0|Eff:0.0|Dmg:3.0|Mod:1.00,無視弱點/效果,無
赫拉克羅斯,基礎,11287,https://asia.pokemon-card.com/hk/card-img/hk00011287.png,寶可夢,120,Grass,,,泰山壓頂,"Grass,Colorless,Colorless",60,擲1次硬幣若為正面，則將對手的戰鬥寶可夢【麻痺】。,地球上投,"Grass,Colorless,Colorless,Colorless",130,,,Fire,,,2,3,normal,H,擴充包「變幻假面」,SV6,Toshinao Aoki,擁有十分驚人的怪力。<br/> 就連重量是自己體重１００倍的<br/> 物體也能輕鬆扔飛。,赫拉克羅斯,,B+,16.00,Base:5.0|Meta:0.0|Exp:3.0|Func:2.0|Syn:2.0|Eff:0.0|Dmg:4.0|Mod:1.00,"狀態異常, 硬幣判定",無
粉蝶蟲,基礎,8373,https://asia.pokemon-card.com/hk/card-img/hk00008373.png,寶可夢,30,Grass,適應進化,這隻寶可夢就算在自己的最初回合或者剛使出的回合，也可進化。,撞擊,"Grass,Colorless",20,,,,,,,Fire,,,1,3,normal,G,擴充包「紫ex」,SV1V,sowsow,會灑出毒粉趕走敵人。棲息的土地不同，作為<br/>食糧的植物也就不同。,粉蝶蟲 → 粉蝶蛹 → 彩粉蝶,,C+,10.00,Base:5.0|Meta:0.0|Exp:2.0|Func:3.0|Syn:0.0|Eff:0.0|Dmg:0.0|Mod:1.00,進化支援,無
粉蝶蟲,基礎,12080,https://asia.pokemon-card.com/hk/card-img/hk00012080.png,寶可夢,40,Grass,,,呼朋引伴,Colorless,,從自己的牌庫選擇1張【基礎】寶可夢卡，放置於備戰區。並且重洗牌庫。,,,,,,Fire,,,1,4,normal,H,擴充包「超電突圍」,SV8,Iori Suzuki,會灑出毒粉趕走敵人。<br/>棲息的土地不同，作為<br/>食糧的植物也就不同。,粉蝶蟲 → 粉蝶蛹 → 彩粉蝶,,C+,10.00,Base:5.0|Meta:0.0|Exp:3.0|Func:2.0|Syn:0.0|Eff:0.0|Dmg:0.0|Mod:1.00,搜索效果,放置效果
粉蝶蛹,1階進化,8374,https://asia.pokemon-card.com/hk/card-img/hk00008374.png,寶可夢,70,Grass,適應進化,這隻寶可夢就算在自己的最初回合或者剛使出的回合，也可進化。,蟲咬,"Grass,Colorless",30,,,,,,,Fire,,,3,4,normal,G,擴充包「紫ex」,SV1V,Kagemaru Himeno,沒有固定的住處。會隨心所欲地在山野走來走去，<br/>蓄積進化時所需的能量。,粉蝶蟲 → 粉蝶蛹 → 彩粉蝶,,B,11.00,Base:5.0|Meta:0.0|Exp:2.0|Func:3.0|Syn:0.0|Eff:0.0|Dmg:1.0|Mod:1.00,進化支援,無
粉蝶蛹,1階進化,12081,https://asia.pokemon-card.com/hk/card-img/hk00012081.png,寶可夢,80,Grass,,,走來走去,Colorless,,將這隻寶可夢與備戰寶可夢互換。,撞擊,Grass,30,,,Fire,,,3,5,normal,H,擴充包「超電突圍」,SV8,tono,沒有固定的住處。<br/>會隨心所欲地在山野走來走去，<br/>蓄積進化時所需的能量。,粉蝶蟲 → 粉蝶蛹 → 彩粉蝶,,B,12.00,Base:5.0|Meta:0.0|Exp:3.0|Func:3.0|Syn:0.0|Eff:0.0|Dmg:1.0|Mod:1.00,切換效果,無
彩粉蝶,2階進化,8375,https://asia.pokemon-card.com/hk/card-img/hk00008375.png,寶可夢,120,Grass,,,奇跡粉,Grass,50,擲1次硬幣若為正面，則從特殊狀態中選擇1種，將對手的戰鬥寶可夢處於那個狀態。,蟲鳴,"Grass,Colorless",110,,,Fire,,,1,5,normal,G,擴充包「紫ex」,SV1V,Atsuko Nishida,,粉蝶蟲 → 粉蝶蛹 → 彩粉蝶,,B+,14.00,Base:5.0|Meta:0.0|Exp:2.0|Func:2.0|Syn:2.0|Eff:0.0|Dmg:3.0|Mod:1.00,硬幣判定,無
彩粉蝶,2階進化,12082,https://asia.pokemon-card.com/hk/card-img/hk00012082.png,寶可夢,120,Grass,,,進化粉,Colorless,,從自己的牌庫，選擇自己的所有備戰寶可夢進化而來的卡各1張，放置於各自身上完成進化。並且重洗牌庫。,利刃之風,Grass,90,,,Fire,,,1,6,normal,H,擴充包「超電突圍」,SV8,Amelicart,誕生在神奇的地方。<br/>會從翅膀灑出色彩鮮豔的<br/>毒鱗粉來戰鬥。,粉蝶蟲 → 粉蝶蛹 → 彩粉蝶,,A+,20.00,Base:5.0|Meta:0.0|Exp:3.0|Func:9.0|Syn:0.0|Eff:0.0|Dmg:3.0|Mod:1.00,"搜索效果, 進化支援",無
團珠蛛,基礎,8376,https://asia.pokemon-card.com/hk/card-img/hk00008376.png,寶可夢,40,Grass,,,吐絲,"Grass,Colorless",20,擲1次硬幣若為正面，則將對手的戰鬥寶可夢【麻痺】。,,,,,,Fire,,,1,6,normal,G,擴充包「紫ex」,SV1V,Pani Kobayashi,從臀部射出的絲線，強度足以與金屬絲匹敵。<br/>強度的秘密仍在研究中。,團珠蛛 → 操陷蛛ex → 操陷蛛,,B,11.00,Base:5.0|Meta:0.0|Exp:2.0|Func:2.0|Syn:2.0|Eff:0.0|Dmg:0.0|Mod:1.00,"狀態異常, 硬幣判定",無
團珠蛛,基礎,8377,https://asia.pokemon-card.com/hk/card-img/hk00008377.png,寶可夢,60,Grass,,,偷襲,Grass,30,擲1次硬幣若為反面，則這個招式失敗。,,,,,,Fire,,,2,7,normal,G,擴充包「紫ex」,SV1V,Kouki Saitou,從臀部射出的絲線，強度足以與金屬絲匹敵。<br/>強度的秘密仍在研究中。,團珠蛛 → 操陷蛛ex → 操陷蛛,,C+,10.00,Base:5.0|Meta:0.0|Exp:2.0|Func:0.0|Syn:2.0|Eff:0.0|Dmg:1.0|Mod:1.00,"條件失敗, 硬幣判定",無
團珠蛛,基礎,8740,https://asia.pokemon-card.com/hk/card-img/hk00008740.png,寶可夢,50,Grass,,,束縛,Grass,10,在下個對手的回合，受到這個招式的寶可夢無法撤退。,,,,,,Fire,,,1,7,normal,G,擴充包「碟旋暴擊」,SV2D,Kyoko Umemoto,包裹著身體的線球擁有足以把天敵飛天螳螂<br/>的鐮刀反彈回去的彈力。,團珠蛛 → 操陷蛛ex → 操陷蛛,,C+,9.00,Base:5.0|Meta:0.0|Exp:2.0|Func:2.0|Syn:0.0|Eff:0.0|Dmg:0.0|Mod:1.00,撤退封鎖,撤退效果
團珠蛛,基礎,8741,https://asia.pokemon-card.com/hk/card-img/hk00008741.png,寶可夢,60,Grass,,,鉤住,"Grass,Grass",40,,,,,,,Fire,,,2,8,normal,G,擴充包「碟旋暴擊」,SV2D,Mina Nakai,包裹著身體的線球擁有足以把天敵飛天螳螂<br/>的鐮刀反彈回去的彈力。,團珠蛛 → 操陷蛛ex → 操陷蛛,,C,8.00,Base:5.0|Meta:0.0|Exp:2.0|Func:0.0|Syn:0.0|Eff:0.0|Dmg:1.0|Mod:1.00,無,無
團珠蛛,基礎,8478,https://asia.pokemon-card.com/hk/card-img/hk00008478.png,寶可夢,40,Grass,,,線帶拉扯,Colorless,,擲1次硬幣若為正面，則選擇1隻對手的備戰寶可夢，與戰鬥寶可夢互換。,蟲咬,Grass,10,,,Fire,,,1,7,normal,G,起始組合ex 新葉喵&路卡利歐 ex,SVAM,Tika Matsuno,包裹著身體的線球擁有足以把天敵飛天螳螂<br/>的鐮刀反彈回去的彈力。,團珠蛛 → 操陷蛛ex → 操陷蛛,,B+,14.00,Base:5.0|Meta:0.0|Exp:2.0|Func:5.0|Syn:2.0|Eff:0.0|Dmg:0.0|Mod:1.00,"切換效果, 硬幣判定",無
操陷蛛ex,1階進化,8378,https://asia.pokemon-card.com/hk/card-img/hk00008378.png,寶可夢,260,Grass,陷阱地盤,只要這隻寶可夢在場上，對手的戰鬥寶可夢【撤退】所需的能量增加1個。,吊纜,"Grass,Colorless",90+,增加對手的戰鬥寶可夢【撤退】所需的能量的數量×30點傷害。,[ex規則],,,寶可夢【ex】【昏厥】時，對手獲得2張獎賞卡。,,Fire,,,2,8,normal,G,擴充包「紫ex」,SV1V,takuyoa,,團珠蛛 → 操陷蛛ex → 操陷蛛,ex,B+,15.00,Base:5.0|Meta:0.0|Exp:2.0|Func:4.0|Syn:0.0|Eff:0.0|Dmg:4.0|Mod:1.00,"備戰傷害加成, 撤退干擾, 獎賞控制",撤退效果
原野水母,基礎,8379,https://asia.pokemon-card.com/hk/card-img/hk00008379.png,寶可夢,50,Grass,,,亂踢,Grass,10,擲3次硬幣，造成正面出現的次數×10點傷害。,,,,,,Fire,,,1,9,normal,G,擴充包「紫ex」,SV1V,Shin Nagasawa,看起來像瑪瑙水母，其實是截然不同的種類。雖然腳很細，<br/>但跑起來能達到時速５０公里。,原野水母 → 陸地水母 → 陸地水母ex,,C,7.00,Base:5.0|Meta:0.0|Exp:2.0|Func:0.0|Syn:0.0|Eff:0.0|Dmg:0.0|Mod:1.00,"傷害效果, 硬幣判定",無
原野水母,基礎,8380,https://asia.pokemon-card.com/hk/card-img/hk00008380.png,寶可夢,60,Grass,,,蘑菇孢子,Grass,,將對手的戰鬥寶可夢【睡眠】。,衝撞,"Colorless,Colorless",10,,,Fire,,,2,10,normal,G,擴充包「紫ex」,SV1V,Tika Matsuno,看起來像瑪瑙水母，其實是截然不同的種類。雖然腳很細，<br/>但跑起來能達到時速５０公里。,原野水母 → 陸地水母 → 陸地水母ex,,C+,9.00,Base:5.0|Meta:0.0|Exp:2.0|Func:2.0|Syn:0.0|Eff:0.0|Dmg:0.0|Mod:1.00,狀態異常,無
原野水母,基礎,10030,https://asia.pokemon-card.com/hk/card-img/hk00010030.png,寶可夢,50,Grass,,,附著孢子,Grass,,從自己的手牌選擇1張「基本【草】能量」卡，附於備戰寶可夢身上。,藤蔓攻擊,"Grass,Colorless",30,,,Fire,,,1,6,normal,G,擴充包「未來閃光」,SV4M,Tomokazu Komiya,看起來像瑪瑙水母，其實是截然不同的種類。雖然腳很細，但跑起來能達到時速５０公里。,原野水母 → 陸地水母 → 陸地水母ex,,B,11.00,Base:5.0|Meta:0.0|Exp:2.0|Func:3.0|Syn:0.0|Eff:0.0|Dmg:1.0|Mod:1.00,能量附著,無
原野水母,基礎,10031,https://asia.pokemon-card.com/hk/card-img/hk00010031.png,寶可夢,60,Grass,,,踢,"Colorless,Colorless",20,,吸取,"Grass,Colorless,Colorless",40,將這隻寶可夢恢復「20」HP。,,Fire,,,1,7,normal,G,擴充包「未來閃光」,SV4M,Souichirou Gunjima,看起來像瑪瑙水母，其實是截然不同的種類。雖然腳很細，但跑起來能達到時速５０公里。,原野水母 → 陸地水母 → 陸地水母ex,,C+,10.00,Base:5.0|Meta:0.0|Exp:2.0|Func:2.0|Syn:0.0|Eff:0.0|Dmg:1.0|Mod:1.00,回復效果,無
陸地水母,1階進化,8381,https://asia.pokemon-card.com/hk/card-img/hk00008381.png,寶可夢,120,Grass,,,不祥觸手,Grass,30,若希望，選擇1個對手的戰鬥寶可夢身上附加的能量，改附於對手的備戰寶可夢身上。,三重粉碎,"Grass,Colorless,Colorless",80,擲3次硬幣，造成正面出現的次數×80點傷害。,,Fire,,,2,11,normal,G,擴充包「紫ex」,SV1V,nagimiso,會用自己的１０根觸手纏住敵人，並吸取養分來折磨對方。<br/>下擺的摺皺是很受歡迎的珍味佳餚。,原野水母 → 陸地水母 → 陸地水母ex,,A,19.00,Base:5.0|Meta:0.0|Exp:2.0|Func:8.0|Syn:2.0|Eff:0.0|Dmg:2.0|Mod:1.00,"傷害效果, 硬幣判定, 能量操作",無
陸地水母,1階進化,10032,https://asia.pokemon-card.com/hk/card-img/hk00010032.png,寶可夢,120,Grass,黏菌集群,只要這隻寶可夢在場上，對手的棄牌區的卡，無法因對手的特性或者訓練家卡的效果而加入手牌。,蘑菇吸取,"Grass,Colorless,Colorless",80,將這隻寶可夢恢復「30」HP。,,,,,,Fire,,,2,8,normal,G,擴充包「未來閃光」,SV4M,Toshinao Aoki,會用自己的１０根觸手纏住敵人，並吸取養分來折磨對方。下擺的摺皺是很受歡迎的珍味佳餚。,原野水母 → 陸地水母 → 陸地水母ex,,B+,14.00,Base:5.0|Meta:0.0|Exp:2.0|Func:5.0|Syn:0.0|Eff:0.0|Dmg:2.0|Mod:1.00,回復效果,特性效果
陸地水母,1階進化,9288,https://asia.pokemon-card.com/hk/card-img/hk00009288.png,寶可夢,130,Fighting,,,敲擊,"Colorless,Colorless",40,,雙重鞭打,"Fighting,Colorless,Colorless",100×,擲2次硬幣，造成正面出現的次數×100點傷害。,,Grass,,,2,66,normal,G,ex初階牌組,SVD,Kouki Saitou,會在森林深處建造集體生活用的聚落。<br/>極為厭惡有外來者靠近。,原野水母 → 陸地水母 → 陸地水母ex,,B+,15.00,Base:5.0|Meta:0.0|Exp:2.0|Func:0.0|Syn:0.0|Eff:0.0|Dmg:8.0|Mod:1.00,"傷害效果, 硬幣判定",無
熱辣娃,基礎,8382,https://asia.pokemon-card.com/hk/card-img/hk00008382.png,寶可夢,60,Grass,,,麻辣,Colorless,10,擲1次硬幣若為正面，則將對手的戰鬥寶可夢【灼傷】。,,,,,,Fire,,,1,12,normal,G,擴充包「紫ex」,SV1V,Kouki Saitou,帕底亞當地會用熱辣娃掉落的門牙來做料理，<br/>所以超級無敵霹靂辣。,熱辣娃 → 狠辣椒 → 狠辣椒ex,,B,11.00,Base:5.0|Meta:0.0|Exp:2.0|Func:2.0|Syn:2.0|Eff:0.0|Dmg:0.0|Mod:1.00,"狀態施加, 硬幣判定",無
熱辣娃,基礎,8383,https://asia.pokemon-card.com/hk/card-img/hk00008383.png,寶可夢,70,Grass,,,變辣,Colorless,,從自己的牌庫選擇1張「基本【火】能量」卡，附於這隻寶可夢身上。並且重洗牌庫。,調皮踢,"Grass,Colorless,Colorless",50,,,Fire,,,1,13,normal,G,擴充包「紫ex」,SV1V,GIDORA,帕底亞當地會用熱辣娃掉落的門牙來做料理，<br/>所以超級無敵霹靂辣。,熱辣娃 → 狠辣椒 → 狠辣椒ex,,B,11.00,Base:5.0|Meta:0.0|Exp:2.0|Func:3.0|Syn:0.0|Eff:0.0|Dmg:1.0|Mod:1.00,搜索效果,無
熱辣娃,基礎,9520,https://asia.pokemon-card.com/hk/card-img/hk00009520.png,寶可夢,50,Grass,,,突擊,Colorless,30,這隻寶可夢也受到10點傷害。,,,,,,Fire,,,1,9,normal,G,擴充包「黯焰支配者」,SV3,Shin Nagasawa,沐浴在太陽下越久，體內的辣味成分就會增加得越多，<br/>招式也會變得越來越辣。,熱辣娃 → 狠辣椒 → 狠辣椒ex,,C,8.00,Base:5.0|Meta:0.0|Exp:2.0|Func:0.0|Syn:0.0|Eff:0.0|Dmg:1.0|Mod:1.00,反噬傷害,無
熱辣娃,基礎,9521,https://asia.pokemon-card.com/hk/card-img/hk00009521.png,寶可夢,70,Grass,,,二連頭錘,"Colorless,Colorless,Colorless",50×,擲2次硬幣，造成正面出現的次數×50點傷害。,,,,,,Fire,,,2,10,normal,G,擴充包「黯焰支配者」,SV3,Pani Kobayashi,沐浴在太陽下越久，體內的辣味成分就會增加得越多，<br/>招式也會變得越來越辣。,熱辣娃 → 狠辣椒 → 狠辣椒ex,,B,12.00,Base:5.0|Meta:0.0|Exp:2.0|Func:0.0|Syn:0.0|Eff:0.0|Dmg:5.0|Mod:1.00,"傷害效果, 硬幣判定",無
熱辣娃,基礎,12083,https://asia.pokemon-card.com/hk/card-img/hk00012083.png,寶可夢,70,Grass,,,魯莽頭擊,"Colorless,Colorless",20,,,,,,,Fire,,,1,7,normal,H,擴充包「超電突圍」,SV8,Julie Hang,帕底亞當地會用熱辣娃<br/>掉落的門牙來做料理，<br/>所以超級無敵霹靂辣。,熱辣娃 → 狠辣椒 → 狠辣椒ex,,C,8.00,Base:5.0|Meta:0.0|Exp:3.0|Func:0.0|Syn:0.0|Eff:0.0|Dmg:0.0|Mod:1.00,無,無
狠辣椒,1階進化,8384,https://asia.pokemon-card.com/hk/card-img/hk00008384.png,寶可夢,110,Grass,,,滾燙啃咬,Colorless,20,將對手的戰鬥寶可夢【灼傷】。,尖叫辣,"Grass,Colorless,Colorless",90+,若這隻寶可夢身上附有【火】能量卡，則增加90點傷害。,,Fire,,,1,14,normal,G,擴充包「紫ex」,SV1V,KEIICHIRO ITO,綠色的頭因為腦部受到了辣味成分的刺激而變得凶暴。<br/>一旦暴怒起來就會一發不可收拾。,熱辣娃 → 狠辣椒 → 狠辣椒ex,,A,17.00,Base:5.0|Meta:0.0|Exp:2.0|Func:4.0|Syn:2.0|Eff:0.0|Dmg:4.0|Mod:1.00,"條件傷害, 簡單灼傷",無
狠辣椒,1階進化,9522,https://asia.pokemon-card.com/hk/card-img/hk00009522.png,寶可夢,110,Grass,雙重屬性,只要這隻寶可夢在場上，改為【草】與【火】2種屬性。,香料頭擊,"Grass,Colorless,Colorless",110,這個招式的傷害不計算抵抗力。,,,,,,Fire,,,2,11,normal,G,擴充包「黯焰支配者」,SV3,kodama,會把辣味成分轉換成火之能量，然後從紅色的頭朝著四周噴灑出辣到爆炸的火焰。,熱辣娃 → 狠辣椒 → 狠辣椒ex,,C+,10.00,Base:5.0|Meta:0.0|Exp:2.0|Func:0.0|Syn:0.0|Eff:0.0|Dmg:3.0|Mod:1.00,"其他效果, 無視弱點/效果",無
風速狗ex,1階進化,8386,https://asia.pokemon-card.com/hk/card-img/hk00008386.png,寶可夢,280,Fire,,,憤怒之爪,"Fire,Fire",30+,增加這隻寶可夢身上放置的傷害指示物的數量×10點傷害。,紅蓮火焰,"Fire,Fire,Fire",250,選擇2個這隻寶可夢身上附加的【火】能量，將其丟棄。,,Water,,,3,16,normal,G,擴充包「紫ex」,SV1V,5ban Graphics,,卡蒂狗 → 風速狗ex → 風速狗,"太晶,ex",B+,16.00,Base:5.0|Meta:0.0|Exp:2.0|Func:3.0|Syn:0.0|Eff:0.0|Dmg:6.0|Mod:1.00,"備戰傷害加成, 傷害指示物, 能量操作",無
戴魯比,基礎,8387,https://asia.pokemon-card.com/hk/card-img/hk00008387.png,寶可夢,70,Fire,,,咬住,Colorless,10,,火焰,"Fire,Colorless",30,,,Water,,,1,17,normal,G,擴充包「紫ex」,SV1V,nagimiso,聯絡夥伴和追趕獵物的時候，會分別發出<br/>不同種類的叫聲。,戴魯比 → 黑魯加 → 黑魯加ex,,C,8.00,Base:5.0|Meta:0.0|Exp:2.0|Func:0.0|Syn:0.0|Eff:0.0|Dmg:1.0|Mod:1.00,無,無
戴魯比,基礎,9582,https://asia.pokemon-card.com/hk/card-img/hk00009582.png,寶可夢,50,Darkness,,,群聚聯合,Darkness,,從牌庫附給自己的備戰區所有「戴魯比」各1張「基本【惡】能量」卡。並且重洗牌庫。,真氣之牙,"Darkness,Colorless",30,擲1次硬幣若為反面，則這個招式失敗。,,Grass,,,1,71,normal,G,擴充包「黯焰支配者」,SV3,Scav,擁有在狩獵的時候能使用各式各樣的叫聲來與夥伴溝通的智慧。,戴魯比 → 黑魯加 → 黑魯加ex,,B+,14.00,Base:5.0|Meta:0.0|Exp:2.0|Func:4.0|Syn:2.0|Eff:0.0|Dmg:1.0|Mod:1.00,"搜索效果, 條件失敗, 硬幣判定",無
黑魯加,1階進化,8388,https://asia.pokemon-card.com/hk/card-img/hk00008388.png,寶可夢,120,Fire,,,銳利之牙,Colorless,30,,大字爆炎,"Fire,Fire,Colorless",150,選擇1個這隻寶可夢身上附加的能量，將其丟棄。,,Water,,,2,18,normal,G,擴充包「紫ex」,SV1V,hncl,聽見牠恐怖長嚎的寶可夢會渾身發抖，<br/>一溜煙地回到自己的巢裡。,戴魯比 → 黑魯加 → 黑魯加ex,,B+,15.00,Base:5.0|Meta:0.0|Exp:2.0|Func:3.0|Syn:0.0|Eff:0.0|Dmg:5.0|Mod:1.00,能量操作,無
黑魯加,1階進化,9583,https://asia.pokemon-card.com/hk/card-img/hk00009583.png,寶可夢,130,Darkness,,,果敢進攻,"Darkness,Colorless",50+,若對手的戰鬥寶可夢為進化寶可夢，則增加70點傷害。,暗影斬,"Darkness,Colorless,Colorless",130,選擇1個這隻寶可夢身上附加的能量，將其丟棄。,,Grass,,,2,72,normal,G,擴充包「黯焰支配者」,SV3,Haru Akasaka,要是被牠口中噴出的火焰灼傷，傷口的部分不管過了多久都依舊會感到疼痛。,戴魯比 → 黑魯加 → 黑魯加ex,,A+,21.00,Base:5.0|Meta:0.0|Exp:2.0|Func:8.0|Syn:2.0|Eff:0.0|Dmg:4.0|Mod:1.00,"條件傷害, 能量操作, 進化支援",無
黑魯加,1階進化,12685,https://asia.pokemon-card.com/hk/card-img/hk00012685.png,寶可夢,120,Darkness,,,鼓勵,Darkness,,從自己的牌庫選擇最多2張基本能量卡，以任意方式附於自己的寶可夢身上。並且重洗牌庫。,漆黑之牙,"Darkness,Colorless,Colorless",100,,,Grass,,,1,77,normal,H,雙ex初階牌組 Generations,SVM,kawayoo,聽見牠恐怖長嚎的<br/>寶可夢會渾身發抖，<br/>一溜煙地回到自己的巢裡。,戴魯比 → 黑魯加 → 黑魯加ex,,B,13.00,Base:5.0|Meta:0.0|Exp:2.0|Func:3.0|Syn:0.0|Eff:0.0|Dmg:3.0|Mod:1.00,搜索效果,無
呆呆獸,基礎,8389,https://asia.pokemon-card.com/hk/card-img/hk00008389.png,寶可夢,70,Water,,,睡覺,Colorless,,將這隻寶可夢【睡眠】。將這隻寶可夢恢復「30」HP。,頭錘,"Water,Colorless",20,,,Lightning,,,2,19,normal,G,擴充包「紫ex」,SV1V,Narumi Sato,總是一副在發呆的樣子，不知道在想些什麼。<br/>擅長用尾巴來釣食物。,呆呆獸 → 呆殼獸 → 呆呆王 → 呆呆王ex,,C+,9.00,Base:5.0|Meta:0.0|Exp:2.0|Func:2.0|Syn:0.0|Eff:0.0|Dmg:0.0|Mod:1.00,"回復效果, 狀態異常",無
呆呆獸,基礎,8945,https://asia.pokemon-card.com/hk/card-img/hk00008945.png,寶可夢,80,Psychic,,,海水浴,Psychic,,將這隻寶可夢恢復「30」HP，特殊狀態也全部恢復。,頭錘,"Colorless,Colorless",20,,,Darkness,,Fighting,2,79,normal,G,強化擴充包「寶可夢卡牌151」,SV2a,OKACHEKE,動作遲鈍且呆頭呆腦。就算挨打也得花上５秒<br/>才會感受到疼痛。,呆呆獸 → 呆殼獸 → 呆呆王 → 呆呆王ex,,B,11.00,Base:5.0|Meta:0.0|Exp:2.0|Func:2.0|Syn:2.0|Eff:0.0|Dmg:0.0|Mod:1.00,"回復效果, 狀態恢復",無
呆呆獸,基礎,8691,https://asia.pokemon-card.com/hk/card-img/hk00008691.png,寶可夢,80,Psychic,,,尾釣,Psychic,,擲1次硬幣若為正面，則從自己的牌庫任意選擇1張卡加入手牌。並且重洗牌庫。若為反面，則選擇1張自己的手牌，將其丟棄。,意念頭錘,"Psychic,Psychic",30,,,Darkness,,Fighting,3,29,normal,G,擴充包「冰雪險境」,SV2P,sowsow,動作遲鈍且呆頭呆腦。就算挨打也得花上５秒<br/>才會感受到疼痛。,呆呆獸 → 呆殼獸 → 呆呆王 → 呆呆王ex,,B,12.00,Base:5.0|Meta:0.0|Exp:2.0|Func:2.0|Syn:2.0|Eff:0.0|Dmg:1.0|Mod:1.00,"抽卡效果, 搜索效果, 硬幣判定",無
呆呆獸,基礎,11829,https://asia.pokemon-card.com/hk/card-img/hk00011829.png,寶可夢,80,Psychic,,,垂尾巴,Colorless,,從自己的棄牌區選擇1張寶可夢卡，在給對手看過後加入手牌。,撞擊,"Psychic,Colorless",30,,,Darkness,,Fighting,2,38,normal,H,擴充包「星晶奇跡」,SV7,Teeziro,總是一副在發呆的樣子，<br/>不知道在想些什麼。<br/>擅長用尾巴來釣食物。,呆呆獸 → 呆殼獸 → 呆呆王 → 呆呆王ex,,B,12.00,Base:5.0|Meta:0.0|Exp:3.0|Func:3.0|Syn:0.0|Eff:0.0|Dmg:1.0|Mod:1.00,搜索效果,無
呆呆獸,基礎,12635,https://asia.pokemon-card.com/hk/card-img/hk00012635.png,寶可夢,70,Water,,,水槍,Water,10,,擺尾拍擊,"Water,Colorless",30,,,Lightning,,,2,27,normal,H,雙ex初階牌組 Generations,SVM,Natsumi Yoshida,總是一副在發呆的樣子，<br/>不知道在想些什麼。<br/>擅長用尾巴來釣食物。,呆呆獸 → 呆殼獸 → 呆呆王 → 呆呆王ex,,C,8.00,Base:5.0|Meta:0.0|Exp:2.0|Func:0.0|Syn:0.0|Eff:0.0|Dmg:1.0|Mod:1.00,無,無
呆殼獸,1階進化,8390,https://asia.pokemon-card.com/hk/card-img/hk00008390.png,寶可夢,100,Water,混亂行動,在自己的回合時，可不限次數使用。選擇1個放置於自己的場上寶可夢身上的傷害指示物，改放於這隻寶可夢身上。,泡沫吸取,"Water,Colorless",60,將這隻寶可夢恢復「30」HP。,,,,,,Lightning,,,3,20,normal,G,擴充包「紫ex」,SV1V,Shinji Kanda,在激烈的戰鬥中，如果咬著自己尾巴的大舌貝<br/>脫落，就會變回呆呆獸。,呆呆獸 → 呆殼獸 → 呆呆王 → 呆呆王ex,,B,11.00,Base:5.0|Meta:0.0|Exp:2.0|Func:2.0|Syn:0.0|Eff:0.0|Dmg:2.0|Mod:1.00,"傷害指示物, 回復效果",放置效果
呆殼獸,1階進化,8946,https://asia.pokemon-card.com/hk/card-img/hk00008946.png,寶可夢,130,Psychic,,,大哈欠,Psychic,,將雙方的戰鬥寶可夢【睡眠】。,悠哉衝撞,"Psychic,Colorless,Colorless",160,在這個回合，若進化成這隻寶可夢，則這個招式失敗。,,Darkness,,Fighting,2,80,normal,G,強化擴充包「寶可夢卡牌151」,SV2a,OKACHEKE,呆呆獸去海裡捕食時，被大舌貝咬住了尾巴，<br/>於是就變成了呆殼獸。,呆呆獸 → 呆殼獸 → 呆呆王 → 呆呆王ex,,A,17.00,Base:5.0|Meta:0.0|Exp:2.0|Func:3.0|Syn:2.0|Eff:0.0|Dmg:5.0|Mod:1.00,"條件失敗, 狀態異常, 進化支援",無
自爆磁怪ex,2階進化,8398,https://asia.pokemon-card.com/hk/card-img/hk00008398.png,寶可夢,330,Lightning,,,能量粉碎,Lightning,50,造成對手的所有寶可夢身上附加的能量的數量×50點傷害。,脈衝發射器,"Lightning,Lightning",220,這隻寶可夢也受到30點傷害。,,Fighting,,,3,28,normal,G,擴充包「紫ex」,SV1V,hncl,,小磁怪 → 三合一磁怪 → 自爆磁怪 → 自爆磁怪ex,ex,A,18.00,Base:5.0|Meta:0.0|Exp:2.0|Func:5.0|Syn:0.0|Eff:0.0|Dmg:6.0|Mod:1.00,"備戰傷害加成, 傷害效果, 反噬傷害, 能量操作",無
催眠貘,基礎,8408,https://asia.pokemon-card.com/hk/card-img/hk00008408.png,寶可夢,70,Psychic,,,強行入眠,Psychic,,對手選擇對手自己的1隻備戰寶可夢，與戰鬥寶可夢互換。然後，將新上場的寶可夢【睡眠】。,重摑,"Psychic,Colorless,Colorless",30,,,Darkness,,Fighting,1,38,normal,G,擴充包「紫ex」,SV1V,OKACHEKE,據說當牠抽動凸出的鼻子，無論是誰在哪裡做著什麼夢，<br/>都會被牠知道得一清二楚。,催眠貘 → 引夢貘人,,B,13.00,Base:5.0|Meta:0.0|Exp:2.0|Func:5.0|Syn:0.0|Eff:0.0|Dmg:1.0|Mod:1.00,"切換效果, 招式複製對手, 狀態異常",無
催眠貘,基礎,8962,https://asia.pokemon-card.com/hk/card-img/hk00008962.png,寶可夢,80,Psychic,,,意念頭錘,"Psychic,Colorless",30,,,,,,,Darkness,,Fighting,2,96,normal,G,強化擴充包「寶可夢卡牌151」,SV2a,Mousho,能記住所有自己吃下的夢。由於小孩的夢更加美味，<br/>因此幾乎不吃大人的夢。,催眠貘 → 引夢貘人,,C,8.00,Base:5.0|Meta:0.0|Exp:2.0|Func:0.0|Syn:0.0|Eff:0.0|Dmg:1.0|Mod:1.00,無,無
催眠貘,基礎,11467,https://asia.pokemon-card.com/hk/card-img/hk00011467.png,寶可夢,70,Psychic,,,不祥視線,Psychic,10,查看對手的手牌。,,,,,,Darkness,,Fighting,2,16,normal,H,強化擴充包「黑夜漫遊者」,SV6a,OKUBO,據說當牠抽動凸出的鼻子，<br/>無論是誰在哪裡做著什麼夢，<br/>都會被牠知道得一清二楚。,催眠貘 → 引夢貘人,,B,11.00,Base:5.0|Meta:0.0|Exp:3.0|Func:3.0|Syn:0.0|Eff:0.0|Dmg:0.0|Mod:1.00,情報收集,無
引夢貘人,1階進化,8409,https://asia.pokemon-card.com/hk/card-img/hk00008409.png,寶可夢,110,Psychic,,,靈擺操縱,Psychic,,擲1次硬幣若為正面，則選擇1個對手的場上寶可夢持有的招式，作為這個招式使用。,念動彈,"Psychic,Colorless,Colorless",100,,,Darkness,,Fighting,2,39,normal,G,擴充包「紫ex」,SV1V,Toshinao Aoki,會以固定的節奏擺動著形影不離的鐘擺。一靠近牠<br/>就會不由自主地昏昏欲睡。,催眠貘 → 引夢貘人,,B+,16.00,Base:5.0|Meta:0.0|Exp:2.0|Func:2.0|Syn:4.0|Eff:0.0|Dmg:3.0|Mod:1.00,"招式複製, 招式複製對手, 硬幣判定",無
引夢貘人,1階進化,8963,https://asia.pokemon-card.com/hk/card-img/hk00008963.png,寶可夢,110,Psychic,臨場催眠,在自己的回合，從手牌使出這張卡並完成進化時，可使用1次。將對手的戰鬥寶可夢【睡眠】。,超念力,"Psychic,Psychic,Colorless",110,,,,,,,Darkness,,Fighting,2,97,normal,G,強化擴充包「寶可夢卡牌151」,SV2a,Mousho,據說牠和對手對到眼時，就會使出催眠術等<br/>各式各樣的超能力。,催眠貘 → 引夢貘人,,A,19.00,Base:5.0|Meta:0.0|Exp:2.0|Func:9.0|Syn:0.0|Eff:0.0|Dmg:3.0|Mod:1.00,狀態異常,進化效果
引夢貘人,1階進化,11468,https://asia.pokemon-card.com/hk/card-img/hk00011468.png,寶可夢,110,Psychic,,,白日夢,"Psychic,Colorless",80,在下個對手的回合，若對手從手牌將能量卡附於受到這個招式的寶可夢身上，則對手的回合結束。,,,,,,Darkness,,Fighting,2,17,normal,H,強化擴充包「黑夜漫遊者」,SV6a,Masako Tomii,會以固定的節奏擺動著<br/>形影不離的鐘擺。一靠近牠<br/>就會不由自主地昏昏欲睡。,催眠貘 → 引夢貘人,,B+,16.00,Base:5.0|Meta:0.0|Exp:3.0|Func:4.0|Syn:2.0|Eff:0.0|Dmg:2.0|Mod:1.00,附著干擾,無
怨影娃娃,基礎,8410,https://asia.pokemon-card.com/hk/card-img/hk00008410.png,寶可夢,60,Psychic,,,影子包圍,Psychic,10,擲1次硬幣若為正面，則在下個對手的回合，對手無法從手牌使出物品卡。,,,,,,Darkness,,Fighting,1,40,normal,G,擴充包「紫ex」,SV1V,Jerky,會吸取他人在怨恨著誰時散發出的黯淡悲傷之情，<br/>讓自己一點一點地變強。,怨影娃娃 → 詛咒娃娃 → 詛咒娃娃GX → 詛咒娃娃ex,,B,11.00,Base:5.0|Meta:0.0|Exp:2.0|Func:2.0|Syn:2.0|Eff:0.0|Dmg:0.0|Mod:1.00,"物品卡封鎖, 硬幣判定",無
怨影娃娃,基礎,13029,https://asia.pokemon-card.com/hk/card-img/hk00013029.png,寶可夢,60,Psychic,,,陰森射擊,Psychic,20,,,,,,,Darkness,,Fighting,1,35,normal,I,擴充包「對戰搭檔」,SV9,miki kudo,最愛吃像是怨恨和嫉妒<br/>這類的感情。會用豎立<br/>的角來察覺人類的心情。,怨影娃娃 → 詛咒娃娃 → 詛咒娃娃GX → 詛咒娃娃ex,,C,8.00,Base:5.0|Meta:0.0|Exp:3.0|Func:0.0|Syn:0.0|Eff:0.0|Dmg:0.0|Mod:1.00,無,無
詛咒娃娃ex,1階進化,8411,https://asia.pokemon-card.com/hk/card-img/hk00008411.png,寶可夢,250,Psychic,,,無盡黑暗,Psychic,30,在下個對手的回合，對手無法從手牌使出物品卡。,靈騷,"Psychic,Colorless",60,查看對手的手牌，造成其中訓練家卡的張數×60點傷害。,,Darkness,,Fighting,2,41,normal,G,擴充包「紫ex」,SV1V,PLANETA Mochizuki,,怨影娃娃 → 詛咒娃娃 → 詛咒娃娃GX → 詛咒娃娃ex,ex,B,12.00,Base:5.0|Meta:0.0|Exp:2.0|Func:3.0|Syn:0.0|Eff:0.0|Dmg:2.0|Mod:1.00,"傷害效果, 情報收集, 棄牌區傷害加成, 物品卡封鎖",無
花蓓蓓,基礎,8412,https://asia.pokemon-card.com/hk/card-img/hk00008412.png,寶可夢,40,Psychic,,,花粉彈,Psychic,20,,,,,,,Metal,,,1,42,normal,G,擴充包「紫ex」,SV1V,Mizue,乘著紅花的花蓓蓓。從出生那刻開始就會為了<br/>尋找喜歡的花而四處飛行。,花蓓蓓 → 花葉蒂 → 花潔夫人,,C,7.00,Base:5.0|Meta:0.0|Exp:2.0|Func:0.0|Syn:0.0|Eff:0.0|Dmg:0.0|Mod:1.00,無,無
花蓓蓓,基礎,11153,https://asia.pokemon-card.com/hk/card-img/hk00011153.png,寶可夢,40,Psychic,,,療傷,Colorless,,將自己的1隻寶可夢恢復「30」HP。,妖精之風,Psychic,10,,,Metal,,,1,36,normal,H,強化擴充包「緋紅薄霧」,SV5a,Yukiko Baba,乘著紅花的花蓓蓓。 從出生那刻開始就會為了<br/> 尋找喜歡的花而四處飛行。,花蓓蓓 → 花葉蒂 → 花潔夫人,,C+,9.00,Base:5.0|Meta:0.0|Exp:2.0|Func:2.0|Syn:0.0|Eff:0.0|Dmg:0.0|Mod:1.00,回復效果,無
花葉蒂,1階進化,8413,https://asia.pokemon-card.com/hk/card-img/hk00008413.png,寶可夢,70,Psychic,,,魔法葉,"Psychic,Colorless",30+,擲1次硬幣若為正面，則增加30點傷害，並將這隻寶可夢恢復「30」HP。,,,,,,Metal,,,1,43,normal,G,擴充包「紫ex」,SV1V,saino misaki,會透過紅色的波長把自己的能量傳遞給花，<br/>以激發花的潛在能力。,花蓓蓓 → 花葉蒂 → 花潔夫人,,B,13.00,Base:5.0|Meta:0.0|Exp:2.0|Func:2.0|Syn:2.0|Eff:0.0|Dmg:2.0|Mod:1.00,"回復效果, 條件傷害, 硬幣判定",無
花葉蒂,1階進化,11154,https://asia.pokemon-card.com/hk/card-img/hk00011154.png,寶可夢,70,Psychic,,,小使者,Colorless,,從自己的牌庫選擇最多3張基本能量卡，在給對手看過後加入手牌。並且重洗牌庫。,迴轉攻擊,"Psychic,Colorless",40,,,Metal,,,1,37,normal,H,強化擴充包「緋紅薄霧」,SV5a,mingo,會透過紅色的波長 把自己的能量傳遞給花，<br/> 以激發花的潛在能力。,花蓓蓓 → 花葉蒂 → 花潔夫人,,B+,14.00,Base:5.0|Meta:0.0|Exp:2.0|Func:6.0|Syn:0.0|Eff:0.0|Dmg:1.0|Mod:1.00,"抽卡效果, 搜索效果",無
花潔夫人,2階進化,8414,https://asia.pokemon-card.com/hk/card-img/hk00008414.png,寶可夢,140,Psychic,綻放花園,只要這隻寶可夢在場上，自己的所有寶可夢的弱點全部消除。,月亮之力,"Psychic,Colorless,Colorless",120,在下個對手的回合，受到這個招式的寶可夢使用招式的傷害「-30」點。,,,,,,Metal,,,2,44,normal,G,擴充包「紫ex」,SV1V,Haru Akasaka,據說花潔夫人打造的花園裡會源源不絕地傾注著<br/>能夠治癒身心的力量。,花葉蒂 → 花潔夫人,,B,13.00,Base:5.0|Meta:0.0|Exp:2.0|Func:2.0|Syn:0.0|Eff:0.0|Dmg:4.0|Mod:1.00,"其他效果, 弱點消除",無
花潔夫人,2階進化,11155,https://asia.pokemon-card.com/hk/card-img/hk00011155.png,寶可夢,140,Psychic,媚惑引誘,在自己的回合時可使用1次。擲1次硬幣若為正面，則選擇1隻對手的備戰寶可夢，與戰鬥寶可夢互換。然後，將新上場的寶可夢【混亂】。,魔法射擊,"Psychic,Colorless",120,,,,,,,Metal,,,2,38,normal,H,強化擴充包「緋紅薄霧」,SV5a,Ligton,據說花潔夫人打造的花園裡 會源源不絕地傾注著<br/> 能夠治癒身心的力量。,花葉蒂 → 花潔夫人,,B+,16.00,Base:5.0|Meta:0.0|Exp:2.0|Func:5.0|Syn:0.0|Eff:0.0|Dmg:4.0|Mod:1.00,"切換效果, 狀態異常, 硬幣判定",無
偶叫獒,基礎,8423,https://asia.pokemon-card.com/hk/card-img/hk00008423.png,寶可夢,70,Darkness,,,後踢,Darkness,10,,暗之牙,"Darkness,Colorless",20,,,Grass,,,2,53,normal,G,擴充包「紫ex」,SV1V,kantaro,發達的顎部和獠牙擁有能咬碎岩石的強大威力。<br/>厚厚的脂肪使牠防禦力超群。,偶叫獒 → 獒教父 → 獒教父ex,,C,7.00,Base:5.0|Meta:0.0|Exp:2.0|Func:0.0|Syn:0.0|Eff:0.0|Dmg:0.0|Mod:1.00,無,無
偶叫獒,基礎,8424,https://asia.pokemon-card.com/hk/card-img/hk00008424.png,寶可夢,80,Darkness,,,咬碎,"Darkness,Darkness",30,擲1次硬幣若為正面，則選擇1個對手的戰鬥寶可夢身上附加的能量，將其丟棄。,,,,,,Grass,,,3,54,normal,G,擴充包「紫ex」,SV1V,KEIICHIRO ITO,發達的顎部和獠牙擁有能咬碎岩石的強大威力。<br/>厚厚的脂肪使牠防禦力超群。,偶叫獒 → 獒教父 → 獒教父ex,,B+,15.00,Base:5.0|Meta:0.0|Exp:2.0|Func:5.0|Syn:2.0|Eff:0.0|Dmg:1.0|Mod:1.00,"硬幣判定, 能量操作",丟棄效果
偶叫獒,基礎,8709,https://asia.pokemon-card.com/hk/card-img/hk00008709.png,寶可夢,60,Darkness,,,伏擊,Darkness,10+,擲1次硬幣若為正面，則增加20點傷害。,,,,,,Grass,,,1,47,normal,G,擴充包「冰雪險境」,SV2P,DOM,為了不被對手看扁而總是皺著的那張臉，卻反而會<br/>讓哭泣的孩子破涕為笑。,偶叫獒 → 獒教父 → 獒教父ex,,B,11.00,Base:5.0|Meta:0.0|Exp:2.0|Func:0.0|Syn:2.0|Eff:0.0|Dmg:2.0|Mod:1.00,"條件傷害, 硬幣判定",無
獒教父,1階進化,8425,https://asia.pokemon-card.com/hk/card-img/hk00008425.png,寶可夢,130,Darkness,威嚇長嚎,在自己的回合時可使用1次。將對手的戰鬥寶可夢與備戰寶可夢互換。[由對手選擇放置於戰鬥場的寶可夢。],狂野衝撞,"Darkness,Darkness,Colorless",160,這隻寶可夢也受到30點傷害。,,,,,,Grass,,,3,55,normal,G,擴充包「紫ex」,SV1V,KIYOTAKA OSHIYAMA,非常喜歡和小孩玩耍。平時性情溫和，但在保護<br/>家族時表情會為之一變。,偶叫獒 → 獒教父 → 獒教父ex,,A,17.00,Base:5.0|Meta:0.0|Exp:2.0|Func:5.0|Syn:0.0|Eff:0.0|Dmg:5.0|Mod:1.00,"切換效果, 反噬傷害",無
獒教父,1階進化,8711,https://asia.pokemon-card.com/hk/card-img/hk00008711.png,寶可夢,140,Darkness,,,復仇,"Colorless,Colorless",20,在下個對手的回合，這隻寶可夢受到招式的傷害時，將與受到的傷害相同數值的傷害指示物，放置於使用招式的寶可夢身上。,暗之牙,"Darkness,Colorless,Colorless",100,,,Grass,,,3,49,normal,G,擴充包「冰雪險境」,SV2P,Souichirou Gunjima,大大的喉囊裡可以儲存能量。會一口氣<br/>釋放出去把敵人轟飛。,偶叫獒 → 獒教父 → 獒教父ex,,B,12.00,Base:5.0|Meta:0.0|Exp:2.0|Func:2.0|Syn:0.0|Eff:0.0|Dmg:3.0|Mod:1.00,傷害指示物,無
下石鳥,基礎,8426,https://asia.pokemon-card.com/hk/card-img/hk00008426.png,寶可夢,110,Darkness,,,搬運破爛,Colorless,,從自己的牌庫選擇最多3張「寶可夢道具」卡，在給對手看過後加入手牌。並且重洗牌庫。,緊抓,"Darkness,Colorless",60,在下個對手的回合，受到這個招式的寶可夢無法撤退。,,Lightning,,Fighting,1,56,normal,G,擴充包「紫ex」,SV1V,nagimiso,會用胸口的袋子包住食物，然後帶回巢裡。以弄掉會<br/>發出響亮聲音的東西為樂。,下石鳥,,B,13.00,Base:5.0|Meta:0.0|Exp:2.0|Func:4.0|Syn:0.0|Eff:0.0|Dmg:2.0|Mod:1.00,"抽卡效果, 搜索效果, 撤退封鎖, 道具移除",撤退效果
下石鳥,基礎,8789,https://asia.pokemon-card.com/hk/card-img/hk00008789.png,寶可夢,120,Darkness,,,親送口袋,Colorless,,從自己的牌庫選擇1張【基礎】寶可夢卡，放置於備戰區。並且重洗牌庫。,暗黑刀鋒,"Darkness,Darkness,Colorless",120,選擇1個這隻寶可夢身上附加的能量，將其丟棄。,,Lightning,,Fighting,1,56,normal,G,擴充包「碟旋暴擊」,SV2D,Sekio,會把東西裝在用胸部的絨羽和脫落的羽毛做成的袋子裡，<br/>然後從高處往下丟來玩耍。,下石鳥,,B+,16.00,Base:5.0|Meta:0.0|Exp:2.0|Func:5.0|Syn:0.0|Eff:0.0|Dmg:4.0|Mod:1.00,"搜索效果, 能量操作",放置效果
下石鳥,基礎,12225,https://asia.pokemon-card.com/hk/card-img/hk00012225.png,寶可夢,100,Darkness,,,突擊,"Darkness,Colorless",70,這隻寶可夢也受到20點傷害。,,,,,,Grass,,,1,38,normal,H,Trianers Camp,SVI,Aya Kusube,會用胸口的袋子包住食物，<br/>然後帶回巢裡。以弄掉會<br/>發出響亮聲音的東西為樂。,下石鳥,,C+,9.00,Base:5.0|Meta:0.0|Exp:2.0|Func:0.0|Syn:0.0|Eff:0.0|Dmg:2.0|Mod:1.00,反噬傷害,無
下石鳥,基礎,12688,https://asia.pokemon-card.com/hk/card-img/hk00012688.png,寶可夢,120,Darkness,,,滑翔,Colorless,20,,墜擊射,"Darkness,Darkness,Colorless",,將這隻寶可夢身上附加的能量卡全部丟棄，對手的1隻寶可夢受到120點傷害。[在備戰區不計算弱點・抵抗力。],,Lightning,,Fighting,1,80,normal,H,雙ex初階牌組 Generations,SVM,Gemi,會用胸口的袋子包住食物，<br/>然後帶回巢裡。以弄掉會<br/>發出響亮聲音的東西為樂。,下石鳥,,B+,15.00,Base:5.0|Meta:0.0|Exp:2.0|Func:6.0|Syn:2.0|Eff:0.0|Dmg:0.0|Mod:1.00,"能量操作, 連鎖傷害",丟棄效果
鐵轍跡ex,基礎,8428,https://asia.pokemon-card.com/hk/card-img/hk00008428.png,寶可夢,220,Metal,,,三重鐳射,"Colorless,Colorless,Colorless",,對手的3隻寶可夢各受到30點傷害。[在備戰區不計算弱點・抵抗力。],控制輪,"Metal,Metal,Metal,Colorless",160,將這隻寶可夢與備戰寶可夢互換。,,Fire,,Grass,3,58,normal,G,擴充包「紫ex」,SV1V,5ban Graphics,,鐵轍跡ex,ex,A,17.00,Base:5.0|Meta:0.0|Exp:2.0|Func:5.0|Syn:0.0|Eff:0.0|Dmg:5.0|Mod:1.00,"切換效果, 連鎖傷害",無
鐵轍跡ex,基礎,10246,https://asia.pokemon-card.com/hk/card-img/hk00010246.png,寶可夢,220,Metal,,,鍍層回轉,"Metal,Metal,Colorless",150,若希望，在造成傷害後，將這隻寶可夢身上附加的「驅勁能量 未來」丟棄。這個情況下，在下個對手的回合，這隻寶可夢受到招式的傷害「-150」點。,,,,,,Fire,,Grass,3,132,normal,G,高級擴充包「閃色寶藏ex」,SV4a,toriyufu,,鐵轍跡ex,ex,A,19.00,Base:5.0|Meta:0.0|Exp:2.0|Func:5.0|Syn:2.0|Eff:0.0|Dmg:5.0|Mod:1.00,"傷害效果, 能量操作",丟棄效果
幸福蛋,1階進化,8430,https://asia.pokemon-card.com/hk/card-img/hk00008430.png,寶可夢,150,Colorless,悉心護士,在自己的回合時可使用1次。將自己的戰鬥寶可夢的特殊狀態全部恢復。,幸福旋風,"Colorless,Colorless,Colorless",150,將這隻寶可夢身上附加的能量卡，全部改附於1隻備戰寶可夢身上。,,,,,,Fighting,,,2,60,normal,G,擴充包「紫ex」,SV1V,chibi,幸福蛋生的蛋裡富含幸福，只要吃上一口，<br/>不管是誰都會笑逐顏開。,吉利蛋 → 幸福蛋 → 幸福蛋ex,,A+,21.00,Base:5.0|Meta:0.0|Exp:2.0|Func:7.0|Syn:2.0|Eff:0.0|Dmg:5.0|Mod:1.00,"狀態恢復, 能量操作",無
貪心栗鼠,基礎,8431,https://asia.pokemon-card.com/hk/card-img/hk00008431.png,寶可夢,60,Colorless,藏身巢穴,在自己的回合時可使用1次。將自己的手牌全部翻回反面並重洗，放回牌庫下方。然後，從牌庫抽出1張卡。,咬住,"Colorless,Colorless",20,,,,,,,Fighting,,,1,61,normal,G,擴充包「紫ex」,SV1V,HYOGONOSUKE,不管吃得再怎麼飽，都還是因為會擔心肚子餓，<br/>而往頰囊和尾巴裡儲藏樹果。,貪心栗鼠 → 藏飽栗鼠 → 藏飽栗鼠ex,,B,11.00,Base:5.0|Meta:0.0|Exp:2.0|Func:4.0|Syn:0.0|Eff:0.0|Dmg:0.0|Mod:1.00,"抽卡效果, 搜索效果",無
貪心栗鼠,基礎,9321,https://asia.pokemon-card.com/hk/card-img/hk00009321.png,寶可夢,60,Colorless,,,偷吃,Colorless,,將對手的牌庫上方1張卡丟棄。,重摑,Colorless,10,,,Fighting,,,1,99,normal,G,ex初階牌組,SVD,Taiga Kayama,會把樹果囤積在雙頰裡。沒有樹果而感到嘴裡空虛時，<br/>會含著小石子來忍過去。,貪心栗鼠 → 藏飽栗鼠 → 藏飽栗鼠ex,,C+,9.00,Base:5.0|Meta:0.0|Exp:2.0|Func:2.0|Syn:0.0|Eff:0.0|Dmg:0.0|Mod:1.00,無,丟棄效果
貪心栗鼠,基礎,12725,https://asia.pokemon-card.com/hk/card-img/hk00012725.png,寶可夢,60,Colorless,,,呼喚,Colorless,,從自己的牌庫抽出1張卡。,咬,"Colorless,Colorless",20,,,Fighting,,,1,117,normal,H,雙ex初階牌組 Generations,SVM,sowsow,不管吃得再怎麼飽，<br/>都還是因為會擔心肚子餓，<br/>而往頰囊和尾巴裡儲藏樹果。,貪心栗鼠 → 藏飽栗鼠 → 藏飽栗鼠ex,,C+,10.00,Base:5.0|Meta:0.0|Exp:2.0|Func:3.0|Syn:0.0|Eff:0.0|Dmg:0.0|Mod:1.00,"抽卡效果, 搜索效果",無
藏飽栗鼠,1階進化,8432,https://asia.pokemon-card.com/hk/card-img/hk00008432.png,寶可夢,120,Colorless,,,咬住,"Colorless,Colorless",50,,強擊門牙,"Colorless,Colorless,Colorless",80+,若這隻寶可夢附有「寶可夢道具」卡，則增加80點傷害。,,Fighting,,,2,62,normal,G,擴充包「紫ex」,SV1V,kantaro,會用約有身體２倍長的尾巴把樹上掉下來的樹果<br/>全都裹起來帶走。,貪心栗鼠 → 藏飽栗鼠 → 藏飽栗鼠ex,,B,13.00,Base:5.0|Meta:0.0|Exp:2.0|Func:0.0|Syn:2.0|Eff:0.0|Dmg:4.0|Mod:1.00,條件傷害,無
藏飽栗鼠,1階進化,12726,https://asia.pokemon-card.com/hk/card-img/hk00012726.png,寶可夢,120,Colorless,,,強慾尾,"Colorless,Colorless",60,從自己的牌庫抽出2張卡。,,,,,,Fighting,,,2,118,normal,H,雙ex初階牌組 Generations,SVM,Jerky,會用約有身體２倍長的尾巴<br/>把樹上掉下來的樹果<br/>全都裹起來帶走。,貪心栗鼠 → 藏飽栗鼠 → 藏飽栗鼠ex,,B,12.00,Base:5.0|Meta:0.0|Exp:2.0|Func:3.0|Syn:0.0|Eff:0.0|Dmg:2.0|Mod:1.00,"抽卡效果, 搜索效果",無
一對鼠,基礎,8434,https://asia.pokemon-card.com/hk/card-img/hk00008434.png,寶可夢,30,Colorless,,,咬,Colorless,20,,,,,,,Fighting,,,1,64,normal,G,擴充包「紫ex」,SV1V,Pani Kobayashi,無論何時２隻都待在一起。會把尋獲的食物均分成兩半，<br/>親密無間地一同進食。,一對鼠 → 一家鼠 → 一家鼠ex,,C,7.00,Base:5.0|Meta:0.0|Exp:2.0|Func:0.0|Syn:0.0|Eff:0.0|Dmg:0.0|Mod:1.00,無,無
一對鼠,基礎,8435,https://asia.pokemon-card.com/hk/card-img/hk00008435.png,寶可夢,40,Colorless,,,二連擊,"Colorless,Colorless",30,擲2次硬幣，造成正面出現的次數×30點傷害。,,,,,,Fighting,,,1,65,normal,G,擴充包「紫ex」,SV1V,yuu,無論何時２隻都待在一起。會把尋獲的食物均分成兩半，<br/>親密無間地一同進食。,一對鼠 → 一家鼠 → 一家鼠ex,,C,8.00,Base:5.0|Meta:0.0|Exp:2.0|Func:0.0|Syn:0.0|Eff:0.0|Dmg:1.0|Mod:1.00,"傷害效果, 硬幣判定",無
一對鼠,基礎,8795,https://asia.pokemon-card.com/hk/card-img/hk00008795.png,寶可夢,30,Colorless,,,呼喚,Colorless,,從自己的牌庫抽出2張卡。,重摑,"Colorless,Colorless,Colorless",30,,,Fighting,,,1,62,normal,G,擴充包「碟旋暴擊」,SV2D,Oswaldo KATO,會以絕佳的團隊合作，把能當成巢穴建材的東西<br/>用門牙切斷後搬走。,一對鼠 → 一家鼠 → 一家鼠ex,,B,11.00,Base:5.0|Meta:0.0|Exp:2.0|Func:3.0|Syn:0.0|Eff:0.0|Dmg:1.0|Mod:1.00,"抽卡效果, 搜索效果",無
一對鼠,基礎,10079,https://asia.pokemon-card.com/hk/card-img/hk00010079.png,寶可夢,30,Colorless,,,傷害衝刺,Colorless,10×,擲硬幣直到出現反面，造成正面出現的次數×10點傷害。,,,,,,Fighting,,,0,55,normal,G,擴充包「未來閃光」,SV4M,Shibuzoh.,無論何時２隻都待在一起。會把尋獲的食物均分成兩半，親密無間地一同進食。,一對鼠 → 一家鼠 → 一家鼠ex,,C,8.00,Base:5.0|Meta:0.0|Exp:2.0|Func:0.0|Syn:0.0|Eff:0.0|Dmg:1.0|Mod:1.00,"傷害效果, 硬幣判定",無
一對鼠,基礎,10080,https://asia.pokemon-card.com/hk/card-img/hk00010080.png,寶可夢,40,Colorless,,,滑落,"Colorless,Colorless",40,在下個自己的回合，這隻寶可夢無法使用招式。,,,,,,Fighting,,,1,56,normal,G,擴充包「未來閃光」,SV4M,Akira Komayama,無論何時２隻都待在一起。會把尋獲的食物均分成兩半，親密無間地一同進食。,一對鼠 → 一家鼠 → 一家鼠ex,,C,8.00,Base:5.0|Meta:0.0|Exp:2.0|Func:0.0|Syn:0.0|Eff:0.0|Dmg:1.0|Mod:1.00,"使用限制, 招式鎖定",無
一對鼠,基礎,12167,https://asia.pokemon-card.com/hk/card-img/hk00012167.png,寶可夢,40,Colorless,,,嬉鬧,Colorless,10+,擲1次硬幣若為正面，則增加10點傷害。,,,,,,Fighting,,,1,91,normal,H,擴充包「超電突圍」,SV8,USGMEN,無論何時２隻都待在一起。<br/>會把尋獲的食物均分成兩半，<br/>親密無間地一同進食。,一對鼠 → 一家鼠 → 一家鼠ex,,B,12.00,Base:5.0|Meta:0.0|Exp:3.0|Func:0.0|Syn:2.0|Eff:0.0|Dmg:2.0|Mod:1.00,"條件傷害, 硬幣判定",無
一家鼠,1階進化,8436,https://asia.pokemon-card.com/hk/card-img/hk00008436.png,寶可夢,70,Colorless,,,巴掌,Colorless,40,,家族攻擊,"Colorless,Colorless",70,造成自己的場上的「一家鼠」的數量×70點傷害。,,Fighting,,,1,66,normal,G,擴充包「紫ex」,SV1V,KIYOTAKA OSHIYAMA,身型大的２隻會在戰鬥的同時保護著孩子。對抗實力<br/>強大的對手時會集體出陣。,一對鼠 → 一家鼠 → 一家鼠ex,,B,11.00,Base:5.0|Meta:0.0|Exp:2.0|Func:0.0|Syn:2.0|Eff:0.0|Dmg:2.0|Mod:1.00,"備戰傷害加成, 傷害效果",無
一家鼠,1階進化,12168,https://asia.pokemon-card.com/hk/card-img/hk00012168.png,寶可夢,80,Colorless,,,家族行軍,Colorless,,從自己的牌庫選擇最多2張「一家鼠（包含『寶可夢【ex】』）」，放置於備戰區。並且重洗牌庫。,連續門牙,Colorless,30×,擲4次硬幣，造成正面出現的次數×30點傷害。,,Fighting,,,1,92,normal,H,擴充包「超電突圍」,SV8,DOM,身型大的２隻會在戰鬥的<br/>同時保護著孩子。對抗實力<br/>強大的對手時會集體出陣。,一對鼠 → 一家鼠 → 一家鼠ex,,B,13.00,Base:5.0|Meta:0.0|Exp:3.0|Func:2.0|Syn:0.0|Eff:0.0|Dmg:3.0|Mod:1.00,"傷害效果, 搜索效果, 硬幣判定",放置效果
秋明,,8811,https://asia.pokemon-card.com/hk/card-img/hk00008811.png,支援者卡,,,,,,,,這張卡只有在對手的戰鬥寶可夢【中毒】時才可使用。 將自己的手牌全部放回牌庫並重洗。然後，從牌庫抽出7張卡。,,,,在自己的回合時，支援者卡只可使用1張。,,,,,,36,promo,G,特典卡 朱&紫,SV,kantaro,,,,A+,20.00,Base:8.0|Meta:0.0|Exp:2.0|Func:6.0|Syn:4.0|Eff:0.0|Dmg:0.0|Mod:1.00,"抽卡效果, 搜索效果, 牌庫重洗, 狀態異常",無
訂購盒,,10858,https://asia.pokemon-card.com/hk/card-img/hk00010858.png,物品卡,,,,,,,,若使用了這張卡，則自己的回合結束。<br/><br/>從自己的牌庫選擇最多2張物品卡，在給對手看過後加入手牌。並且重洗牌庫。,,,,,,,,,,61,normal,H,擴充包「狂野之力」,SV5K,Studio Bora Inc.,,,,B+,15.00,Base:7.0|Meta:0.0|Exp:2.0|Func:4.0|Syn:2.0|Eff:0.0|Dmg:0.0|Mod:1.00,"抽卡效果, 搜索效果",無
重新啟動箱,,10931,https://asia.pokemon-card.com/hk/card-img/hk00010931.png,物品卡,,,,,,,,從棄牌區附給自己的所有「未來」寶可夢各1張基本能量卡。,,,,,,,,,,63,normal,H,擴充包「異度審判」,SV5M,inose yukie,,,,B,11.00,Base:7.0|Meta:0.0|Exp:2.0|Func:2.0|Syn:0.0|Eff:0.0|Dmg:0.0|Mod:1.00,搜索效果,無
席藍,,12178,https://asia.pokemon-card.com/hk/card-img/hk00012178.png,支援者卡,,,,,,,,從自己的牌庫選擇最多3張「寶可夢【ex】」卡，在給對手看過後加入手牌。並且重洗牌庫。,,,,,,,,,,102,normal,H,擴充包「超電突圍」,SV8,Akira Komayama,,,,B+,15.00,Base:8.0|Meta:0.0|Exp:3.0|Func:4.0|Syn:0.0|Eff:0.0|Dmg:0.0|Mod:1.00,"抽卡效果, 搜索效果",無
庫瑟洛斯奇的企圖,,11513,https://asia.pokemon-card.com/hk/card-img/hk00011513.png,支援者卡,,,,,,,,對手將對手自己的手牌丟棄直到變為3張為止。,,,,,,,,,,62,normal,H,強化擴充包「黑夜漫遊者」,SV6a,GOSSAN,,,,B,13.00,Base:8.0|Meta:0.0|Exp:3.0|Func:2.0|Syn:0.0|Eff:0.0|Dmg:0.0|Mod:1.00,無,丟棄效果
悟松,,11179,https://asia.pokemon-card.com/hk/card-img/hk00011179.png,支援者卡,,,,,,,,雙方玩家各將自己的手牌全部翻回反面並重洗，放回牌庫下方。然後，雙方玩家各擲1次硬幣，若為正面，則從牌庫抽出6張卡，若為反面，則從牌庫抽出3張卡。,,,,,,,,,,62,normal,H,強化擴充包「緋紅薄霧」,SV5a,hncl,,,,A,18.00,Base:8.0|Meta:0.0|Exp:2.0|Func:4.0|Syn:4.0|Eff:0.0|Dmg:0.0|Mod:1.00,"搜索效果, 硬幣判定",大量抽卡
妙蛙花ex,2階進化,8869,https://asia.pokemon-card.com/hk/card-img/hk00008869.png,寶可夢,340,Grass,平和之花,若這隻寶可夢在戰鬥場上，則在自己的回合時可使用1次。將自己的1隻寶可夢恢復「60」HP。,劇毒鞭打,"Grass,Grass,Colorless",150,將對手的戰鬥寶可夢【中毒】與【混亂】。,[ex規則],,,寶可夢【ex】【昏厥】時，對手獲得2張獎賞卡。,,Fire,,,4,3,normal,G,強化擴充包「寶可夢卡牌151」,SV2a,5ban Graphics,,妙蛙種子 → 妙蛙草 → 妙蛙花 → 妙蛙花ex,ex,B+,16.00,Base:5.0|Meta:0.0|Exp:2.0|Func:4.0|Syn:0.0|Eff:0.0|Dmg:5.0|Mod:1.00,"回復效果, 狀態異常, 獎賞控制",無
傑尼龜,基礎,8873,https://asia.pokemon-card.com/hk/card-img/hk00008873.png,寶可夢,60,Water,,,縮入殼中,Water,,擲1次硬幣若為正面，則在下個對手的回合，這隻寶可夢不會受到招式的傷害。,火箭頭錘,"Water,Water",20,,,Lightning,,,1,7,normal,G,強化擴充包「寶可夢卡牌151」,SV2a,kantaro,當牠遇到危險的時候，會將四肢收回甲殼裡保護自己，<br/>同時從嘴裡噴出水來。,傑尼龜 → 卡咪龜 → 水箭龜 → 水箭龜GX → 水箭龜ex,,B,11.00,Base:5.0|Meta:0.0|Exp:2.0|Func:2.0|Syn:2.0|Eff:0.0|Dmg:0.0|Mod:1.00,"傷害防禦, 效果免疫, 硬幣判定",無
卡咪龜,1階進化,8874,https://asia.pokemon-card.com/hk/card-img/hk00008874.png,寶可夢,100,Water,,,自由潛水,Water,,從自己的棄牌區選擇最多3張「基本【水】能量」卡，在給對手看過後加入手牌。,迴轉攻擊,"Water,Water",50,,,Lightning,,,2,8,normal,G,強化擴充包「寶可夢卡牌151」,SV2a,kantaro,會靈巧地擺動自己毛茸茸的耳朵和尾巴，<br/>藉此在水中保持平衡。,傑尼龜 → 卡咪龜 → 水箭龜 → 水箭龜GX → 水箭龜ex,,B,13.00,Base:5.0|Meta:0.0|Exp:2.0|Func:5.0|Syn:0.0|Eff:0.0|Dmg:1.0|Mod:1.00,搜索效果,無
水箭龜ex,2階進化,8875,https://asia.pokemon-card.com/hk/card-img/hk00008875.png,寶可夢,330,Water,堅硬甲殼,這隻寶可夢受到招式的傷害「-30」點。,雙加農炮,"Water,Water",140×,從自己的手牌將最多2張「基本【水】能量」卡丟棄，造成其張數×140點傷害。,[ex規則],,,寶可夢【ex】【昏厥】時，對手獲得2張獎賞卡。,,Lightning,,,3,9,normal,G,強化擴充包「寶可夢卡牌151」,SV2a,PLANETA Yamashita,,傑尼龜 → 卡咪龜 → 水箭龜 → 水箭龜GX → 水箭龜ex,ex,A,19.00,Base:5.0|Meta:0.0|Exp:2.0|Func:4.0|Syn:0.0|Eff:0.0|Dmg:8.0|Mod:1.00,"傷害效果, 其他效果, 棄牌區傷害加成, 獎賞控制",無
綠毛蟲,基礎,8876,https://asia.pokemon-card.com/hk/card-img/hk00008876.png,寶可夢,50,Grass,,,吃葉子,Grass,10+,若對手的戰鬥寶可夢為【草】寶可夢，則增加30點傷害。,,,,,,Fire,,,1,10,normal,G,強化擴充包「寶可夢卡牌151」,SV2a,Tika Matsuno,別看牠的腳很短，因為是吸盤，所以無論是<br/>斜坡還是牆壁都能輕鬆前進。,綠毛蟲 → 鐵甲蛹 → 巴大蝶,,B,13.00,Base:5.0|Meta:0.0|Exp:2.0|Func:2.0|Syn:2.0|Eff:0.0|Dmg:2.0|Mod:1.00,條件傷害,無
綠毛蟲,基礎,12995,https://asia.pokemon-card.com/hk/card-img/hk00012995.png,寶可夢,50,Grass,,,蟲咬,Grass,20,,,,,,,Fire,,,1,1,normal,I,擴充包「對戰搭檔」,SV9,Shimaris Yukichi,別看牠的腳很短，<br/>因為是吸盤，所以無論是<br/>斜坡還是牆壁都能輕鬆前進。,綠毛蟲 → 鐵甲蛹 → 巴大蝶,,C,8.00,Base:5.0|Meta:0.0|Exp:3.0|Func:0.0|Syn:0.0|Eff:0.0|Dmg:0.0|Mod:1.00,無,無
鐵甲蛹,1階進化,8877,https://asia.pokemon-card.com/hk/card-img/hk00008877.png,寶可夢,90,Grass,,,撞擊,Grass,20,,防禦姿勢,"Colorless,Colorless",,擲1次硬幣若為正面，則在下個對手的回合，這隻寶可夢不會受到招式的傷害。,,Fire,,,3,11,normal,G,強化擴充包「寶可夢卡牌151」,SV2a,Tika Matsuno,雖然有堅硬的外殼，但因為殼裡的身體很軟，<br/>所以無法抵抗強力的攻擊。,綠毛蟲 → 鐵甲蛹 → 巴大蝶,,B,11.00,Base:5.0|Meta:0.0|Exp:2.0|Func:2.0|Syn:2.0|Eff:0.0|Dmg:0.0|Mod:1.00,"傷害防禦, 效果免疫, 硬幣判定",無
鐵甲蛹,1階進化,12996,https://asia.pokemon-card.com/hk/card-img/hk00012996.png,寶可夢,90,Grass,,,變硬,Grass,,在下個對手的回合，這隻寶可夢不會受到「60」以下的招式的傷害。,,,,,,Fire,,,3,2,normal,I,擴充包「對戰搭檔」,SV9,OKUBO,雖然有堅硬的外殼，<br/>但因為殼裡的身體很軟，<br/>所以無法抵抗強力的攻擊。,綠毛蟲 → 鐵甲蛹 → 巴大蝶,,C+,10.00,Base:5.0|Meta:0.0|Exp:3.0|Func:2.0|Syn:0.0|Eff:0.0|Dmg:0.0|Mod:1.00,"傷害防禦, 效果免疫",無
巴大蝶,2階進化,8878,https://asia.pokemon-card.com/hk/card-img/hk00008878.png,寶可夢,130,Grass,,,吹飛,Grass,60,將對手的戰鬥寶可夢與備戰寶可夢互換。[由對手選擇放置於戰鬥場的寶可夢。],去去飛行,"Colorless,Colorless",,選擇1隻對手的備戰寶可夢，將這隻寶可夢與所選的寶可夢，與各自身上附加的卡，全部放回牌庫並重洗。若對手沒有備戰寶可夢，則這個招式失敗。,,Fire,,,1,12,normal,G,強化擴充包「寶可夢卡牌151」,SV2a,Tika Matsuno,每天都忙著採集花蜜。習慣在腿部的細毛上塗滿花蜜，<br/>然後帶回巢穴裡。,綠毛蟲 → 鐵甲蛹 → 巴大蝶,,A+,20.00,Base:5.0|Meta:0.0|Exp:2.0|Func:7.0|Syn:4.0|Eff:0.0|Dmg:2.0|Mod:1.00,"切換效果, 搜索效果, 條件失敗, 牌庫重洗",無
巴大蝶,2階進化,12997,https://asia.pokemon-card.com/hk/card-img/hk00012997.png,寶可夢,120,Grass,,,鱗粉颶風,Grass,60×,擲4次硬幣，造成正面出現的次數×60點傷害。若出現2次以上正面，則將對手的戰鬥寶可夢【麻痺】。,,,,,,Fire,,,1,3,normal,I,擴充包「對戰搭檔」,SV9,satoma,每天都忙著採集花蜜。<br/>習慣在腿部的細毛上塗滿花蜜，<br/>然後帶回巢穴裡。,綠毛蟲 → 鐵甲蛹 → 巴大蝶,,A,17.00,Base:5.0|Meta:0.0|Exp:3.0|Func:2.0|Syn:2.0|Eff:0.0|Dmg:5.0|Mod:1.00,"傷害效果, 條件傷害, 狀態異常, 硬幣判定",無
獨角蟲,基礎,8879,https://asia.pokemon-card.com/hk/card-img/hk00008879.png,寶可夢,50,Grass,,,衝撞,Grass,10,,蟲咬,"Colorless,Colorless",20,,,Fire,,,1,13,normal,G,強化擴充包「寶可夢卡牌151」,SV2a,nisimono,毒針非常厲害。 鮮豔的體色是用來 <br/>警告對手的。,獨角蟲 → 鐵殼蛹 → 大針蜂,,C,7.00,Base:5.0|Meta:0.0|Exp:2.0|Func:0.0|Syn:0.0|Eff:0.0|Dmg:0.0|Mod:1.00,無,無
鐵殼蛹,1階進化,8880,https://asia.pokemon-card.com/hk/card-img/hk00008880.png,寶可夢,80,Grass,蛹之防守,這隻寶可夢不會受到對手的寶可夢使用招式的效果的影響。,刺痛,"Colorless,Colorless",20,,,,,,,Fire,,,3,14,normal,G,強化擴充包「寶可夢卡牌151」,SV2a,nisimono,為了不被天敵發現， 會躲在葉子背面或樹枝的間隙中， <br/>等待進化的時刻到來。,獨角蟲 → 鐵殼蛹 → 大針蜂,,C+,9.00,Base:5.0|Meta:0.0|Exp:2.0|Func:2.0|Syn:0.0|Eff:0.0|Dmg:0.0|Mod:1.00,效果免疫,無
大針蜂,2階進化,8881,https://asia.pokemon-card.com/hk/card-img/hk00008881.png,寶可夢,130,Grass,,,逆境尖刺,"Colorless,Colorless",30+,若自己1張手牌都沒有，則增加120點傷害，並將對手的戰鬥寶可夢【中毒】與【麻痺】。,突刺,"Grass,Grass",110,,,Fire,,,1,15,normal,G,強化擴充包「寶可夢卡牌151」,SV2a,nisimono,有時會成群結隊地出現。 能以極快的速度飛來飛去， <br/>並用尾部的毒針不斷刺擊對手。,獨角蟲 → 鐵殼蛹 → 大針蜂,,B+,14.00,Base:5.0|Meta:0.0|Exp:2.0|Func:2.0|Syn:2.0|Eff:0.0|Dmg:3.0|Mod:1.00,"條件傷害, 狀態施加, 狀態異常",無
波波,基礎,8882,https://asia.pokemon-card.com/hk/card-img/hk00008882.png,寶可夢,50,Colorless,,,呼朋引伴,Colorless,,從自己的牌庫選擇最多2張【基礎】寶可夢卡，放置於備戰區。並且重洗牌庫。,撞擊,"Colorless,Colorless",20,,,Lightning,,Fighting,1,16,normal,G,強化擴充包「寶可夢卡牌151」,SV2a,Oswaldo KATO,雖然性情溫和不愛戰鬥， 但要是隨意對牠出手的話， <br/>就會受到牠強烈的反擊。,波波 → 比比鳥 → 大比鳥 → 大比鳥ex,,C+,9.00,Base:5.0|Meta:0.0|Exp:2.0|Func:2.0|Syn:0.0|Eff:0.0|Dmg:0.0|Mod:1.00,搜索效果,放置效果
波波,基礎,9598,https://asia.pokemon-card.com/hk/card-img/hk00009598.png,寶可夢,60,Colorless,,,起風,Colorless,20,,,,,,,Lightning,,Fighting,1,87,normal,G,擴充包「黯焰支配者」,SV3,Naoyo Kimura,雖然性情溫和不愛戰鬥，但要是隨意對牠出手的話，就會受到牠強烈的反擊。,波波 → 比比鳥 → 大比鳥 → 大比鳥ex,,C,7.00,Base:5.0|Meta:0.0|Exp:2.0|Func:0.0|Syn:0.0|Eff:0.0|Dmg:0.0|Mod:1.00,無,無
比比鳥,1階進化,8883,https://asia.pokemon-card.com/hk/card-img/hk00008883.png,寶可夢,80,Colorless,,,羽擊,Colorless,20,,,,,,,Lightning,,Fighting,0,17,normal,G,強化擴充包「寶可夢卡牌151」,SV2a,Oswaldo KATO,擁有著廣闊的地盤。 要是有哪個討厭鬼膽敢入侵， <br/>就會遭到牠的瘋狂啄擊。,波波 → 比比鳥 → 大比鳥 → 大比鳥ex,,C,7.00,Base:5.0|Meta:0.0|Exp:2.0|Func:0.0|Syn:0.0|Eff:0.0|Dmg:0.0|Mod:1.00,無,無
大比鳥,2階進化,8884,https://asia.pokemon-card.com/hk/card-img/hk00008884.png,寶可夢,130,Colorless,,,羽擊,Colorless,40,,飛翔,"Colorless,Colorless,Colorless",150,擲1次硬幣若為反面，則這個招式失敗。若為正面，則在下個對手的回合，這隻寶可夢不會受到招式的傷害與效果的影響。,,Lightning,,Fighting,0,18,normal,G,強化擴充包「寶可夢卡牌151」,SV2a,Oswaldo KATO,會展開美麗的翅膀威嚇對手。 能以２馬赫的速度在空中四處飛行。,波波 → 比比鳥 → 大比鳥 → 大比鳥ex,,B+,16.00,Base:5.0|Meta:0.0|Exp:2.0|Func:2.0|Syn:2.0|Eff:0.0|Dmg:5.0|Mod:1.00,"傷害防禦, 效果免疫, 條件失敗, 硬幣判定",無
小拉達,基礎,8885,https://asia.pokemon-card.com/hk/card-img/hk00008885.png,寶可夢,40,Colorless,,,咬傷口,"Colorless,Colorless",20+,增加對手的戰鬥寶可夢身上放置的傷害指示物的數量×10點傷害。,,,,,,Fighting,,,1,19,normal,G,強化擴充包「寶可夢卡牌151」,SV2a,sowsow,雖然是常見的寶可夢，但還是要小心。 銳利的門牙十分堅硬， <br/>就連木材也能輕易咬斷。,小拉達 → 拉達,,B,11.00,Base:5.0|Meta:0.0|Exp:2.0|Func:2.0|Syn:0.0|Eff:0.0|Dmg:2.0|Mod:1.00,"備戰傷害加成, 傷害指示物",無
拉達,1階進化,8886,https://asia.pokemon-card.com/hk/card-img/hk00008886.png,寶可夢,70,Colorless,,,咬住傷口,"Colorless,Colorless",30+,增加對手的戰鬥寶可夢身上放置的傷害指示物的數量×30點傷害。,,,,,,Fighting,,,0,20,normal,G,強化擴充包「寶可夢卡牌151」,SV2a,sowsow,鬍鬚是用來保持平衡的重要器官。 就算感情再好，如果摸了牠的鬍鬚， <br/>牠都會生氣地咬過來。,小拉達 → 拉達,,B,11.00,Base:5.0|Meta:0.0|Exp:2.0|Func:2.0|Syn:0.0|Eff:0.0|Dmg:2.0|Mod:1.00,"備戰傷害加成, 傷害指示物",無
阿柏蛇,基礎,8889,https://asia.pokemon-card.com/hk/card-img/hk00008889.png,寶可夢,70,Darkness,,,酸液炸彈,"Darkness,Darkness",30,擲1次硬幣若為正面，則選擇1個對手的戰鬥寶可夢身上附加的能量，將其丟棄。,,,,,,Fighting,,,2,23,normal,G,強化擴充包「寶可夢卡牌151」,SV2a,Kedamahadaitai Yawarakai,最愛吃鳥寶可夢的蛋。 因為總是不咀嚼就整個吞下， <br/>有時會被噎住而昏倒。,阿柏蛇 → 阿柏怪 → 阿柏怪ex,,B+,15.00,Base:5.0|Meta:0.0|Exp:2.0|Func:5.0|Syn:2.0|Eff:0.0|Dmg:1.0|Mod:1.00,"硬幣判定, 能量操作",丟棄效果
阿柏蛇,基礎,10840,https://asia.pokemon-card.com/hk/card-img/hk00010840.png,寶可夢,60,Darkness,,,混入毒,Darkness,,擲1次硬幣若為正面，則將對手的戰鬥寶可夢【中毒】與【混亂】。,咬住,"Darkness,Darkness",30,,,Fighting,,,1,43,normal,H,擴充包「狂野之力」,SV5K,Shimaris Yukichi,身體在成長過程中會越變越長。在夜裡，牠會把身體<br/>一圈圈纏繞在樹枝上睡覺。,阿柏蛇 → 阿柏怪 → 阿柏怪ex,,B,12.00,Base:5.0|Meta:0.0|Exp:2.0|Func:2.0|Syn:2.0|Eff:0.0|Dmg:1.0|Mod:1.00,"狀態施加, 狀態異常, 硬幣判定",無
阿柏怪ex,1階進化,8890,https://asia.pokemon-card.com/hk/card-img/hk00008890.png,寶可夢,270,Darkness,,,束縛,"Darkness,Darkness",70,在下個對手的回合，受到這個招式的寶可夢無法撤退。,脅迫獠牙,"Darkness,Darkness,Darkness",150,對手選擇對手自己的2張手牌，將其丟棄。,,Fighting,,,2,24,normal,G,強化擴充包「寶可夢卡牌151」,SV2a,Eske Yoshinob,,阿柏蛇 → 阿柏怪 → 阿柏怪ex,ex,B+,14.00,Base:5.0|Meta:0.0|Exp:2.0|Func:2.0|Syn:0.0|Eff:0.0|Dmg:5.0|Mod:1.00,"招式複製對手, 撤退封鎖","丟棄效果, 撤退效果"
雷丘,1階進化,8892,https://asia.pokemon-card.com/hk/card-img/hk00008892.png,寶可夢,120,Lightning,雷之大地,每次當自己的寶可夢受到對手的寶可夢招式的傷害而【昏厥】時，可使用1次。選擇1張【昏厥】的寶可夢身上附加的【雷】能量卡，改附於這隻寶可夢身上。,打雷,"Lightning,Lightning,Colorless",180,這隻寶可夢也受到50點傷害。,,,,,,Fighting,,,1,26,normal,G,強化擴充包「寶可夢卡牌151」,SV2a,Naoyo Kimura,尾巴會發揮接地線的作用把電氣導入地面，<br/>所以自己不會被電得發麻。,皮卡丘 → 雷丘 → 雷丘GX → 阿羅拉 雷丘,,A,19.00,Base:5.0|Meta:0.0|Exp:2.0|Func:7.0|Syn:0.0|Eff:0.0|Dmg:5.0|Mod:1.00,"反噬傷害, 昏厥條件, 能量操作",無
雷丘,1階進化,8751,https://asia.pokemon-card.com/hk/card-img/hk00008751.png,寶可夢,140,Lightning,,,電氣充能,Colorless,,從自己的牌庫選擇最多2張「基本【雷】能量」卡，附於這隻寶可夢身上。並且重洗牌庫。,十萬伏特,"Lightning,Lightning,Colorless",200,將這隻寶可夢身上附加的能量卡全部丟棄。,,Fighting,,,1,18,normal,G,擴充包「碟旋暴擊」,SV2D,Teeziro,尾巴會發揮接地線的作用把電氣導入地面，<br/>所以自己不會被電得發麻。,皮卡丘 → 雷丘 → 雷丘GX → 阿羅拉 雷丘,,A,19.00,Base:5.0|Meta:0.0|Exp:2.0|Func:4.0|Syn:2.0|Eff:0.0|Dmg:6.0|Mod:1.00,"搜索效果, 能量操作",無
雷丘,1階進化,10892,https://asia.pokemon-card.com/hk/card-img/hk00010892.png,寶可夢,130,Lightning,,,捲入伏特,"Lightning,Colorless",,這隻寶可夢以外的雙方的身上放置有傷害指示物的所有寶可夢，各受到50點傷害。[在備戰區不計算弱點・抵抗力。],雷電球,"Lightning,Colorless,Colorless",120,,,Fighting,,,1,24,normal,H,擴充包「異度審判」,SV5M,cochi8i,如果雙頰上的電囊儲存了飽滿的電力，<br/>兩隻耳朵就會直直地豎起。,皮卡丘 → 雷丘 → 雷丘GX → 阿羅拉 雷丘,,B,12.00,Base:5.0|Meta:0.0|Exp:2.0|Func:1.0|Syn:0.0|Eff:0.0|Dmg:4.0|Mod:1.00,"傷害指示物, 連鎖傷害",放置效果
尼多蘭,基礎,8895,https://asia.pokemon-card.com/hk/card-img/hk00008895.png,寶可夢,60,Darkness,,,毒角,"Darkness,Colorless",20,將對手的戰鬥寶可夢【中毒】。,,,,,,Fighting,,,1,29,normal,G,強化擴充包「寶可夢卡牌151」,SV2a,Teeziro,會用堅硬的門牙咬碎樹果後吃下。角的尖端<br/>會比雄性還要圓一些。,尼多蘭 → 尼多娜 → 尼多后,,C+,9.00,Base:5.0|Meta:0.0|Exp:2.0|Func:2.0|Syn:0.0|Eff:0.0|Dmg:0.0|Mod:1.00,狀態異常,無
尼多娜,1階進化,8896,https://asia.pokemon-card.com/hk/card-img/hk00008896.png,寶可夢,90,Darkness,,,家族呼喚,Darkness,,從自己的牌庫選擇最多3張寶可夢卡，在給對手看過後加入手牌。並且重洗牌庫。,銳利之牙,"Darkness,Colorless",50,,,Fighting,,,2,30,normal,G,強化擴充包「寶可夢卡牌151」,SV2a,Teeziro,有危險逼近群體時，會與夥伴們團結一致地<br/>用超音波的大合唱來攻擊。,尼多蘭 → 尼多娜 → 尼多后,,B,12.00,Base:5.0|Meta:0.0|Exp:2.0|Func:4.0|Syn:0.0|Eff:0.0|Dmg:1.0|Mod:1.00,"抽卡效果, 搜索效果",無
尼多后,2階進化,8897,https://asia.pokemon-card.com/hk/card-img/hk00008897.png,寶可夢,170,Darkness,,,皇后壓制,"Darkness,Colorless",90,在下個對手的回合，這隻寶可夢不會受到【基礎】寶可夢招式的傷害。,撞倒,"Darkness,Darkness,Colorless",160,,,Fighting,,,3,31,normal,G,強化擴充包「寶可夢卡牌151」,SV2a,Teeziro,會把孩子放在背上的刺與刺之間來哄牠們。<br/>這時候絕對不會釋放毒素。,尼多蘭 → 尼多娜 → 尼多后,,B+,14.00,Base:5.0|Meta:0.0|Exp:2.0|Func:2.0|Syn:0.0|Eff:0.0|Dmg:5.0|Mod:1.00,"傷害防禦, 效果免疫",無
尼多朗,基礎,8898,https://asia.pokemon-card.com/hk/card-img/hk00008898.png,寶可夢,60,Darkness,,,角撞,Darkness,20,,,,,,,Fighting,,,1,32,normal,G,強化擴充包「寶可夢卡牌151」,SV2a,Shiburingaru,體型嬌小，但性情勇猛。為了保護感情好的雌性，<br/>會奮不顧身地勇敢戰鬥。,尼多朗 → 尼多力諾 → 尼多王,,C,7.00,Base:5.0|Meta:0.0|Exp:2.0|Func:0.0|Syn:0.0|Eff:0.0|Dmg:0.0|Mod:1.00,無,無
尼多力諾,1階進化,8899,https://asia.pokemon-card.com/hk/card-img/hk00008899.png,寶可夢,90,Darkness,,,銳利之牙,Darkness,30,,怪力角擊,"Darkness,Darkness,Colorless",100,,,Fighting,,,2,33,normal,G,強化擴充包「寶可夢卡牌151」,SV2a,Shiburingaru,神經質且容易發脾氣打架。當體內的腎上腺素增加時，<br/>毒素的濃度也會提升。,尼多朗 → 尼多力諾 → 尼多王,,C+,10.00,Base:5.0|Meta:0.0|Exp:2.0|Func:0.0|Syn:0.0|Eff:0.0|Dmg:3.0|Mod:1.00,無,無
尼多王,2階進化,8900,https://asia.pokemon-card.com/hk/card-img/hk00008900.png,寶可夢,170,Darkness,活力王者,若自己的場上有「尼多后」，則這隻寶可夢使用招式所需的能量全部消除。,毒液衝撞,"Darkness,Darkness,Colorless,Colorless",190,將對手的戰鬥寶可夢【中毒】。,,,,,,Fighting,,,3,34,normal,G,強化擴充包「寶可夢卡牌151」,SV2a,Shiburingaru,以力氣為傲的寶可夢。會善用粗壯的尾巴和連鑽石<br/>也能擊碎的角，豪邁地戰鬥。,尼多朗 → 尼多力諾 → 尼多王,,B+,16.00,Base:5.0|Meta:0.0|Exp:2.0|Func:4.0|Syn:0.0|Eff:0.0|Dmg:5.0|Mod:1.00,"狀態異常, 能量需求增加",無
皮皮,基礎,8901,https://asia.pokemon-card.com/hk/card-img/hk00008901.png,寶可夢,60,Psychic,,,邀請月見,Psychic,,從自己的牌庫選擇最多3張「皮皮」，放置於備戰區。並且重洗牌庫。,掌擊,"Psychic,Colorless",20,,,Metal,,,1,35,normal,G,強化擴充包「寶可夢卡牌151」,SV2a,ryoma uratsuka,因可愛的舉止和叫聲而廣受歡迎的寶可夢。<br/>不過很少被人發現。,皮皮 → 皮可西 → 皮可西ex,,C+,9.00,Base:5.0|Meta:0.0|Exp:2.0|Func:2.0|Syn:0.0|Eff:0.0|Dmg:0.0|Mod:1.00,搜索效果,放置效果
皮皮,基礎,11329,https://asia.pokemon-card.com/hk/card-img/hk00011329.png,寶可夢,60,Psychic,,,月亮踢,"Colorless,Colorless",40,,,,,,,Metal,,,1,45,normal,H,擴充包「變幻假面」,SV6,Sanosuke Sakuma,在月圓之夜聚集，<br/> 和夥伴一起跳舞。<br/> 周圍被異常的磁場包圍著。,皮皮 → 皮可西 → 皮可西ex,,C+,9.00,Base:5.0|Meta:0.0|Exp:3.0|Func:0.0|Syn:0.0|Eff:0.0|Dmg:1.0|Mod:1.00,無,無
皮皮,基礎,9269,https://asia.pokemon-card.com/hk/card-img/hk00009269.png,寶可夢,60,Psychic,,,二連巴掌,"Psychic,Psychic",30×,擲2次硬幣，造成正面出現的次數×30點傷害。,,,,,,Metal,,,1,47,normal,G,ex初階牌組,SVD,Yuka Morii,因可愛的舉止和叫聲而廣受歡迎的寶可夢。<br/>不過很少被人發現。,皮皮 → 皮可西 → 皮可西ex,,C+,10.00,Base:5.0|Meta:0.0|Exp:2.0|Func:0.0|Syn:0.0|Eff:0.0|Dmg:3.0|Mod:1.00,"傷害效果, 硬幣判定",無
皮可西,1階進化,8902,https://asia.pokemon-card.com/hk/card-img/hk00008902.png,寶可夢,100,Psychic,,,看我嘛,Psychic,,選擇1隻對手的備戰寶可夢，與戰鬥寶可夢互換。,追加月亮,"Psychic,Psychic,Psychic",50,若對手的寶可夢因這個招式的傷害而【昏厥】了，則多獲得1張獎賞卡。,,Metal,,,2,36,normal,G,強化擴充包「寶可夢卡牌151」,SV2a,ryoma uratsuka,聽覺靈敏，連１公里以外針落地的聲音都聽得見，<br/>因此平時會待在安靜的地方。,皮皮 → 皮可西 → 皮可西ex,,B+,15.00,Base:5.0|Meta:0.0|Exp:2.0|Func:5.0|Syn:2.0|Eff:0.0|Dmg:1.0|Mod:1.00,"切換效果, 昏厥條件, 獎賞控制",無
皮可西,1階進化,11330,https://asia.pokemon-card.com/hk/card-img/hk00011330.png,寶可夢,120,Psychic,,,揮指,"Colorless,Colorless",,選擇1個對手的戰鬥寶可夢持有的招式，作為這個招式使用。,魔法射擊,"Psychic,Colorless,Colorless",100,,,Metal,,,2,46,normal,H,擴充包「變幻假面」,SV6,satoma,聽覺靈敏，連１公里以外<br/> 針落地的聲音都能夠<br/> 分辨得一清二楚。,皮皮 → 皮可西 → 皮可西ex,,B,13.00,Base:5.0|Meta:0.0|Exp:3.0|Func:2.0|Syn:0.0|Eff:0.0|Dmg:3.0|Mod:1.00,"招式複製, 招式複製對手",無
九尾ex,1階進化,8904,https://asia.pokemon-card.com/hk/card-img/hk00008904.png,寶可夢,260,Fire,,,熱風,Fire,30,將對手的戰鬥寶可夢【灼傷】。,現形熾火,"Fire,Colorless",80+,若自己的手牌與對手的手牌張數相同，則增加140點傷害。,,Water,,,2,38,normal,G,強化擴充包「寶可夢卡牌151」,SV2a,kawayoo,,六尾 → 九尾 → 九尾ex,ex,B+,15.00,Base:5.0|Meta:0.0|Exp:2.0|Func:2.0|Syn:2.0|Eff:0.0|Dmg:4.0|Mod:1.00,"條件傷害, 簡單灼傷",無
胖可丁ex,1階進化,8906,https://asia.pokemon-card.com/hk/card-img/hk00008906.png,寶可夢,250,Colorless,膨脹之軀,若這隻寶可夢身上附有特殊能量卡，則這隻寶可夢的最大HP「+100」。,朋友衝撞,"Colorless,Colorless,Colorless",90+,在這個回合，若從手牌使出了支援者卡，則增加90點傷害。,[ex規則],,,寶可夢【ex】【昏厥】時，對手獲得2張獎賞卡。,,Fighting,,,3,40,normal,G,強化擴充包「寶可夢卡牌151」,SV2a,Saki Hayashiro,,胖丁 → 胖可丁 → 胖可丁ex,ex,A,18.00,Base:5.0|Meta:0.0|Exp:2.0|Func:5.0|Syn:2.0|Eff:0.0|Dmg:4.0|Mod:1.00,"HP提升, 條件傷害, 獎賞控制",無
超音蝠,基礎,8907,https://asia.pokemon-card.com/hk/card-img/hk00008907.png,寶可夢,40,Darkness,全景迴響,若這隻寶可夢在戰鬥場上，則在自己的回合時可使用1次。查看對手的手牌。,咬住,Colorless,10,,,,,,,Lightning,,Fighting,1,41,normal,G,強化擴充包「寶可夢卡牌151」,SV2a,Scav,棲息在陽光照射不到的洞窟裡。到了早上就會和夥伴相聚，<br/>一邊互相取暖一邊睡覺。,超音蝠 → 大嘴蝠 → 叉字蝠,,C+,10.00,Base:5.0|Meta:0.0|Exp:2.0|Func:3.0|Syn:0.0|Eff:0.0|Dmg:0.0|Mod:1.00,情報收集,無
超音蝠,基礎,10002,https://asia.pokemon-card.com/hk/card-img/hk00010002.png,寶可夢,50,Darkness,,,超音波,Darkness,,擲1次硬幣若為正面，則將對手的戰鬥寶可夢【混亂】。,銳利羽,"Colorless,Colorless",20,,,Lightning,,Fighting,1,44,normal,G,擴充包「古代咆哮」,SV4K,Sumiyoshi Kizuki,棲息在陽光照射不到的洞窟裡。到了早上就會和夥伴相聚，<br/>一邊互相取暖一邊睡覺。,超音蝠 → 大嘴蝠 → 叉字蝠,,B,11.00,Base:5.0|Meta:0.0|Exp:2.0|Func:2.0|Syn:2.0|Eff:0.0|Dmg:0.0|Mod:1.00,"狀態異常, 硬幣判定",無
超音蝠,基礎,11478,https://asia.pokemon-card.com/hk/card-img/hk00011478.png,寶可夢,50,Darkness,,,引路,Darkness,,從自己的牌庫選擇1張支援者卡，在給對手看過後加入手牌。並且重洗牌庫。,暗之牙,Darkness,10,,,Lightning,,Fighting,1,27,normal,H,強化擴充包「黑夜漫遊者」,SV6a,osare,會利用從口中發出的超音波<br/>探查周圍的狀況。在狹窄的<br/>洞窟裡也能靈巧地飛來飛去。,超音蝠 → 大嘴蝠 → 叉字蝠,,B,12.00,Base:5.0|Meta:0.0|Exp:3.0|Func:4.0|Syn:0.0|Eff:0.0|Dmg:0.0|Mod:1.00,"抽卡效果, 搜索效果",無
大嘴蝠,1階進化,8908,https://asia.pokemon-card.com/hk/card-img/hk00008908.png,寶可夢,80,Darkness,,,直擊飛行,Colorless,,對手的1隻寶可夢受到40點傷害。[在備戰區不計算弱點・抵抗力。],,,,,,Lightning,,Fighting,1,42,normal,G,強化擴充包「寶可夢卡牌151」,SV2a,Scav,能以小小的腳靈巧地步行。會無聲無息地靠近沉睡中的獵物，<br/>用獠牙咬住對方並且吸食血液。,超音蝠 → 大嘴蝠 → 叉字蝠,,C+,10.00,Base:5.0|Meta:0.0|Exp:2.0|Func:3.0|Syn:0.0|Eff:0.0|Dmg:0.0|Mod:1.00,連鎖傷害,無
大嘴蝠,1階進化,10003,https://asia.pokemon-card.com/hk/card-img/hk00010003.png,寶可夢,80,Darkness,,,吸血,"Colorless,Colorless",30,將這隻寶可夢恢復對對手的戰鬥寶可夢造成的傷害相同數值的HP。,,,,,,Lightning,,Fighting,1,45,normal,G,擴充包「古代咆哮」,SV4K,Eri Yamaki,能以小小的腳靈巧地步行。會無聲無息地靠近沉睡中的獵物，<br/>用獠牙咬住對方並且吸食血液。,超音蝠 → 大嘴蝠 → 叉字蝠,,B,12.00,Base:5.0|Meta:0.0|Exp:2.0|Func:4.0|Syn:0.0|Eff:0.0|Dmg:1.0|Mod:1.00,"傷害效果, 回復效果",無
大嘴蝠,1階進化,11479,https://asia.pokemon-card.com/hk/card-img/hk00011479.png,寶可夢,80,Darkness,,,高速飛行,Darkness,30,,漆黑利刃,"Darkness,Colorless",80,在下個自己的回合，這隻寶可夢無法使用招式。,,Lightning,,Fighting,1,28,normal,H,強化擴充包「黑夜漫遊者」,SV6a,Teeziro,喜歡吸食生物的血液。<br/>據說還會將吸來的血<br/>分給空腹的夥伴。,超音蝠 → 大嘴蝠 → 叉字蝠,,C+,10.00,Base:5.0|Meta:0.0|Exp:3.0|Func:0.0|Syn:0.0|Eff:0.0|Dmg:2.0|Mod:1.00,"使用限制, 招式鎖定",無
派拉斯,基礎,8912,https://asia.pokemon-card.com/hk/card-img/hk00008912.png,寶可夢,70,Grass,,,踩,Grass,10,,孢子彈,"Grass,Colorless",20,將對手的戰鬥寶可夢【睡眠】。,,Fire,,,2,46,normal,G,強化擴充包「寶可夢卡牌151」,SV2a,Yoriyuki Ikegami,控制蟲子的是一種 叫做冬蟲夏草的蕈類。 <br/>蟲子的意志會被忽視。,派拉斯 → 派拉斯特,,C+,9.00,Base:5.0|Meta:0.0|Exp:2.0|Func:2.0|Syn:0.0|Eff:0.0|Dmg:0.0|Mod:1.00,狀態異常,無
派拉斯,基礎,12998,https://asia.pokemon-card.com/hk/card-img/hk00012998.png,寶可夢,70,Grass,,,吸血,Grass,10,將這隻寶可夢恢復對對手的戰鬥寶可夢造成的傷害相同數值的HP。,,,,,,Fire,,,1,4,normal,I,擴充包「對戰搭檔」,SV9,Ayako Ozaki,會挖洞從樹根處獲取營養，<br/>不過其中的絕大部分<br/>都會被背上的蘑菇奪走。,派拉斯 → 派拉斯特,,B,12.00,Base:5.0|Meta:0.0|Exp:3.0|Func:4.0|Syn:0.0|Eff:0.0|Dmg:0.0|Mod:1.00,"傷害效果, 回復效果",無
派拉斯特,1階進化,8913,https://asia.pokemon-card.com/hk/card-img/hk00008913.png,寶可夢,120,Grass,,,散佈菌絲,Grass,,擲2次硬幣，從自己的牌庫選擇最多與正面出現的次數相同數量的【草】寶可夢卡，放置於備戰區。並且重洗牌庫。,利爪劈擊,"Colorless,Colorless",50,,,Fire,,,2,47,normal,G,強化擴充包「寶可夢卡牌151」,SV2a,Yoriyuki Ikegami,本體是背上的蘑菇，底下的蟲子幾乎已經死亡。<br/>一旦蘑菇脫落，牠就再也不會動了。,派拉斯 → 派拉斯特,,C+,10.00,Base:5.0|Meta:0.0|Exp:2.0|Func:2.0|Syn:0.0|Eff:0.0|Dmg:1.0|Mod:1.00,"搜索效果, 硬幣判定",放置效果
派拉斯特,1階進化,12999,https://asia.pokemon-card.com/hk/card-img/hk00012999.png,寶可夢,120,Grass,,,蘑菇孢子,Colorless,,將對手的戰鬥寶可夢【睡眠】。,橫掃剪,"Grass,Colorless",60+,擲2次硬幣，增加正面出現的次數×30點傷害。,,Fire,,,2,5,normal,I,擴充包「對戰搭檔」,SV9,Tetsu Kayama,背上的蘑菇長得越大，<br/>散播出來的蘑菇孢子<br/>效果就越強。,派拉斯 → 派拉斯特,,B,13.00,Base:5.0|Meta:0.0|Exp:3.0|Func:2.0|Syn:0.0|Eff:0.0|Dmg:3.0|Mod:1.00,"狀態異常, 硬幣判定",無
毛球,基礎,8914,https://asia.pokemon-card.com/hk/card-img/hk00008914.png,寶可夢,70,Grass,,,咬,Colorless,10,,光束,"Grass,Colorless,Colorless",40,,,Fire,,,2,48,normal,G,強化擴充包「寶可夢卡牌151」,SV2a,Kagemaru Himeno,全身上下都會滲出毒素。天黑後就會去捕捉聚在<br/>燈光處的小型蟲寶可夢。,毛球 → 摩魯蛾 → 摩魯蛾GX,,B,11.00,Base:5.0|Meta:0.0|Exp:2.0|Func:0.0|Syn:3.0|Eff:0.0|Dmg:1.0|Mod:1.00,無,無
摩魯蛾,1階進化,8915,https://asia.pokemon-card.com/hk/card-img/hk00008915.png,寶可夢,90,Grass,,,錯亂粉,Grass,30,將對手的戰鬥寶可夢【混亂】。在下個對手的回合，對手無法從手牌使出物品卡。,高速之翼,"Grass,Colorless,Colorless",90,,,Fire,,,1,49,normal,G,強化擴充包「寶可夢卡牌151」,SV2a,Kagemaru Himeno,翅膀上附著鱗粉，每次翩翩拍動翅膀，<br/>就會散播劇毒的粉末。,毛球 → 摩魯蛾 → 摩魯蛾GX,,B,12.00,Base:5.0|Meta:0.0|Exp:2.0|Func:2.0|Syn:0.0|Eff:0.0|Dmg:3.0|Mod:1.00,"物品卡封鎖, 狀態異常",無
喵喵,基礎,8918,https://asia.pokemon-card.com/hk/card-img/hk00008918.png,寶可夢,70,Colorless,,,招財貓,Colorless,,擲1次硬幣若為正面，則選擇1隻對手的備戰寶可夢，與戰鬥寶可夢互換。,豎爪,"Colorless,Colorless",20,,,Fighting,,,1,52,normal,G,強化擴充包「寶可夢卡牌151」,SV2a,Naoki Saito,白天一直都在睡覺。到了晚上眼睛就會發光，<br/>在自己的地盤徘徊。,喵喵 → 貓老大 → 貓老大GX,,B+,14.00,Base:5.0|Meta:0.0|Exp:2.0|Func:5.0|Syn:2.0|Eff:0.0|Dmg:0.0|Mod:1.00,"切換效果, 硬幣判定",無
喵喵,基礎,11499,https://asia.pokemon-card.com/hk/card-img/hk00011499.png,寶可夢,70,Colorless,,,亂抓,"Colorless,Colorless",20×,擲3次硬幣，造成正面出現的次數×20點傷害。,,,,,,Fighting,,,1,48,normal,H,強化擴充包「黑夜漫遊者」,SV6a,sui,非常喜歡耀眼的發光物。<br/>找到發光物時，不知為何<br/>額頭的金幣也會跟著發光。,喵喵 → 貓老大 → 貓老大GX,,C+,10.00,Base:5.0|Meta:0.0|Exp:3.0|Func:0.0|Syn:0.0|Eff:0.0|Dmg:2.0|Mod:1.00,"傷害效果, 硬幣判定",無
貓老大,1階進化,8919,https://asia.pokemon-card.com/hk/card-img/hk00008919.png,寶可夢,110,Colorless,火箭呼喚,在自己的回合時可使用1次。從自己的牌庫選擇1張「坂木的領導力」，在給對手看過後加入手牌。並且重洗牌庫。,劈開,"Colorless,Colorless,Colorless",70,,,,,,,Fighting,,,1,53,normal,G,強化擴充包「寶可夢卡牌151」,SV2a,Naoki Saito,有著漂亮的毛色，很多人想養牠當寵物，<br/>但牠很愛亂抓，所以並不好養。,喵喵 → 貓老大 → 貓老大GX,,B,13.00,Base:5.0|Meta:0.0|Exp:2.0|Func:4.0|Syn:0.0|Eff:0.0|Dmg:2.0|Mod:1.00,"抽卡效果, 搜索效果",無
貓老大,1階進化,11500,https://asia.pokemon-card.com/hk/card-img/hk00011500.png,寶可夢,110,Colorless,,,亂抓,"Colorless,Colorless",50×,擲3次硬幣，造成正面出現的次數×50點傷害。,利爪揮砍,"Colorless,Colorless,Colorless",100,,,Fighting,,,1,49,normal,H,強化擴充包「黑夜漫遊者」,SV6a,NC Empire,性情凶暴，豎起尾巴時<br/>要多加小心。那是牠將<br/>飛撲過來咬你的前兆。,喵喵 → 貓老大 → 貓老大GX,,B,13.00,Base:5.0|Meta:0.0|Exp:3.0|Func:0.0|Syn:0.0|Eff:0.0|Dmg:5.0|Mod:1.00,"傷害效果, 硬幣判定",無
蚊香蝌蚪,基礎,8926,https://asia.pokemon-card.com/hk/card-img/hk00008926.png,寶可夢,60,Water,,,泡沫,Water,10,擲1次硬幣若為正面，則將對手的戰鬥寶可夢【麻痺】。,,,,,,Lightning,,,1,60,normal,G,強化擴充包「寶可夢卡牌151」,SV2a,Kurata So,在水流湍急的河川裡，會把厚厚的嘴唇當作吸盤，<br/>吸附在岩石上避免被沖走。,蚊香蝌蚪 → 蚊香君 → 蚊香泳士 → 蚊香蛙皇,,B,11.00,Base:5.0|Meta:0.0|Exp:2.0|Func:2.0|Syn:2.0|Eff:0.0|Dmg:0.0|Mod:1.00,"狀態異常, 硬幣判定",無
蚊香蝌蚪,基礎,11307,https://asia.pokemon-card.com/hk/card-img/hk00011307.png,寶可夢,60,Water,,,踩,Water,10,,擺尾拍打,"Colorless,Colorless",20×,擲2次硬幣，造成正面出現的次數×20點傷害。,,Lightning,,,1,23,normal,H,擴充包「變幻假面」,SV6,Kedamahadaitai Yawarakai,由於腳才剛長出來，<br/> 因此還不太擅長走路。<br/> 似乎更喜歡在水中游泳。,蚊香蝌蚪 → 蚊香君 → 蚊香泳士 → 蚊香蛙皇,,C+,10.00,Base:5.0|Meta:0.0|Exp:3.0|Func:0.0|Syn:0.0|Eff:0.0|Dmg:2.0|Mod:1.00,"傷害效果, 硬幣判定",無
蚊香君,1階進化,8927,https://asia.pokemon-card.com/hk/card-img/hk00008927.png,寶可夢,90,Water,,,飛濺,Water,20,,蛙跳,"Water,Colorless",30+,擲1次硬幣若為正面，則增加60點傷害。,,Lightning,,,1,61,normal,G,強化擴充包「寶可夢卡牌151」,SV2a,Kurata So,流的汗是又黏又滑的黏液狀。即使被敵人捉住，<br/>也能滑溜溜地輕易逃脫。,蚊香蝌蚪 → 蚊香君 → 蚊香泳士 → 蚊香蛙皇,,B,11.00,Base:5.0|Meta:0.0|Exp:2.0|Func:0.0|Syn:2.0|Eff:0.0|Dmg:2.0|Mod:1.00,"條件傷害, 硬幣判定",無
蚊香君,1階進化,11308,https://asia.pokemon-card.com/hk/card-img/hk00011308.png,寶可夢,100,Water,,,催眠術,Water,,將對手的戰鬥寶可夢【睡眠】。,連環巴掌,"Colorless,Colorless",30×,擲2次硬幣，造成正面出現的次數×30點傷害。,,Lightning,,,2,24,normal,H,擴充包「變幻假面」,SV6,OKACHEKE,全身的皮膚都濕答答的，<br/> 但肚子上的漩渦部分<br/> 摸起來很光滑。,蚊香蝌蚪 → 蚊香君 → 蚊香泳士 → 蚊香蛙皇,,B,13.00,Base:5.0|Meta:0.0|Exp:3.0|Func:2.0|Syn:0.0|Eff:0.0|Dmg:3.0|Mod:1.00,"傷害效果, 狀態異常, 硬幣判定",無
蚊香泳士,2階進化,8928,https://asia.pokemon-card.com/hk/card-img/hk00008928.png,寶可夢,160,Water,,,泡沫光線,Water,50,擲1次硬幣若為正面，則將對手的戰鬥寶可夢【麻痺】。,豪邁拳,"Water,Colorless,Colorless",100+,擲1次硬幣若為正面，則增加150點傷害。,,Lightning,,,2,62,normal,G,強化擴充包「寶可夢卡牌151」,SV2a,Kurata So,除了游泳之外，也擅長使用格鬥技。完美鍛鍊的手臂<br/>可以使出豪邁的拳擊。,蚊香蝌蚪 → 蚊香君 → 蚊香泳士 → 蚊香蛙皇,,B+,16.00,Base:5.0|Meta:0.0|Exp:2.0|Func:2.0|Syn:2.0|Eff:0.0|Dmg:5.0|Mod:1.00,"條件傷害, 狀態異常, 硬幣判定",無
蚊香泳士,2階進化,11309,https://asia.pokemon-card.com/hk/card-img/hk00011309.png,寶可夢,170,Water,,,催眠術,Water,,將對手的戰鬥寶可夢【睡眠】。,跳躍衝天,"Colorless,Colorless",120+,若希望，增加120點傷害。這個情況下，將這隻寶可夢與附加的卡，全部放回自己的牌庫並重洗。,,Lightning,,,3,25,normal,H,擴充包「變幻假面」,SV6,Nisota Niso,如果只是一瞬間的話，<br/> 牠能夠用肌肉發達的<br/> 四肢在水上奔跑。,蚊香蝌蚪 → 蚊香君 → 蚊香泳士 → 蚊香蛙皇,,A+,21.00,Base:5.0|Meta:0.0|Exp:3.0|Func:4.0|Syn:4.0|Eff:0.0|Dmg:5.0|Mod:1.00,"條件傷害, 狀態異常",無
胡地ex,2階進化,8931,https://asia.pokemon-card.com/hk/card-img/hk00008931.png,寶可夢,310,Psychic,,,意志劫持,"Colorless,Colorless",90+,增加對手的備戰寶可夢的數量×30點傷害。,維度之手,"Psychic,Psychic",120,就算這隻寶可夢在備戰區，這個招式也可使用。,,Darkness,,Fighting,1,65,normal,G,強化擴充包「寶可夢卡牌151」,SV2a,Mitsuhiro Arita,,凱西 → 勇基拉 → 胡地 → 胡地ex,ex,B+,14.00,Base:5.0|Meta:0.0|Exp:2.0|Func:3.0|Syn:0.0|Eff:0.0|Dmg:4.0|Mod:1.00,備戰傷害加成,無
腕力,基礎,8932,https://asia.pokemon-card.com/hk/card-img/hk00008932.png,寶可夢,70,Fighting,,,敲山,Fighting,,將對手的牌庫上方1張卡丟棄。,出拳,"Fighting,Fighting",30,,,Psychic,,,2,66,normal,G,強化擴充包「寶可夢卡牌151」,SV2a,Ryuta Fuse,時時刻刻都充滿力量。由於體力過剩而去舉岩石<br/>消磨時間，也因此變得更強。,腕力 → 豪力 → 怪力 → 怪力GX,,C+,10.00,Base:5.0|Meta:0.0|Exp:2.0|Func:2.0|Syn:0.0|Eff:0.0|Dmg:1.0|Mod:1.00,無,丟棄效果
豪力,1階進化,8933,https://asia.pokemon-card.com/hk/card-img/hk00008933.png,寶可夢,100,Fighting,,,推山,"Fighting,Fighting",50,將對手的牌庫上方1張卡丟棄。,,,,,,Psychic,,,2,67,normal,G,強化擴充包「寶可夢卡牌151」,SV2a,Ryuta Fuse,有著不會疲勞的強韌肉體。會去幫助人類完成例如<br/>搬運沉重行李之類的工作。,腕力 → 豪力 → 怪力 → 怪力GX,,C+,10.00,Base:5.0|Meta:0.0|Exp:2.0|Func:2.0|Syn:0.0|Eff:0.0|Dmg:1.0|Mod:1.00,無,丟棄效果
怪力,2階進化,8934,https://asia.pokemon-card.com/hk/card-img/hk00008934.png,寶可夢,180,Fighting,毅力,這隻寶可夢受到招式的傷害而【昏厥】時，自己擲1次硬幣。若為正面，則這隻寶可夢不會【昏厥】，而是以剩餘HP為「10」的狀態留在場上。,山岳劈打,"Fighting,Fighting",100,將對手的牌庫上方2張卡丟棄。,,,,,,Psychic,,,2,68,normal,G,強化擴充包「寶可夢卡牌151」,SV2a,Ryuta Fuse,４隻手臂在思考之前就會反射性地行動，<br/>使出多發拳擊。,腕力 → 豪力 → 怪力 → 怪力GX,,B,13.00,Base:5.0|Meta:0.0|Exp:2.0|Func:3.0|Syn:0.0|Eff:0.0|Dmg:3.0|Mod:1.00,"昏厥條件, 硬幣判定","丟棄效果, 狀態免疫"
喇叭芽,基礎,8935,https://asia.pokemon-card.com/hk/card-img/hk00008935.png,寶可夢,60,Grass,,,居合斬,Grass,10,,束縛,"Grass,Colorless",20,在下個對手的回合，受到這個招式的寶可夢無法撤退。,,Fire,,,1,69,normal,G,強化擴充包「寶可夢卡牌151」,SV2a,Jerky,因為花苞長得像人臉， 所以私底下有些人說牠是 <br/>傳說生物曼德拉草的一種。,喇叭芽 → 口呆花 → 大食花,,C+,9.00,Base:5.0|Meta:0.0|Exp:2.0|Func:2.0|Syn:0.0|Eff:0.0|Dmg:0.0|Mod:1.00,撤退封鎖,撤退效果
口呆花,1階進化,8936,https://asia.pokemon-card.com/hk/card-img/hk00008936.png,寶可夢,90,Grass,,,居合斬,Grass,30,,噴汁,"Grass,Colorless",50,,,Fire,,,2,70,normal,G,強化擴充包「寶可夢卡牌151」,SV2a,Jerky,會先吐出有毒的粉末， 讓對手停止行動後， <br/>再用溶解液解決對手。,喇叭芽 → 口呆花 → 大食花,,C,8.00,Base:5.0|Meta:0.0|Exp:2.0|Func:0.0|Syn:0.0|Eff:0.0|Dmg:1.0|Mod:1.00,無,無
大食花,2階進化,8937,https://asia.pokemon-card.com/hk/card-img/hk00008937.png,寶可夢,150,Grass,,,噴出,Grass,50,,遲延酸液,"Grass,Colorless",120,在下個對手的回合結束時，在受到這個招式的寶可夢身上放置12個傷害指示物。,,Fire,,,3,71,normal,G,強化擴充包「寶可夢卡牌151」,SV2a,Jerky,被牠吞進體內的東西不管有多硬， 都會被溶解液不留痕跡地融化掉。,喇叭芽 → 口呆花 → 大食花,,B,13.00,Base:5.0|Meta:0.0|Exp:2.0|Func:2.0|Syn:0.0|Eff:0.0|Dmg:4.0|Mod:1.00,傷害指示物,無
瑪瑙水母,基礎,8938,https://asia.pokemon-card.com/hk/card-img/hk00008938.png,寶可夢,60,Water,,,麻,Water,10,,灑水,"Colorless,Colorless",20,,,Lightning,,,1,72,normal,G,強化擴充包「寶可夢卡牌151」,SV2a,miki kudo,絕大部分都是由水組成的身體在海中會與海水同化，<br/>令其他生物很難看見牠。,瑪瑙水母 → 毒刺水母,,C,7.00,Base:5.0|Meta:0.0|Exp:2.0|Func:0.0|Syn:0.0|Eff:0.0|Dmg:0.0|Mod:1.00,無,無
毒刺水母,1階進化,8939,https://asia.pokemon-card.com/hk/card-img/hk00008939.png,寶可夢,120,Water,,,毒之鞭,"Colorless,Colorless",30,將對手的戰鬥寶可夢【中毒】。,恐慌觸手,"Water,Colorless,Colorless",90×,擲硬幣直到出現反面，造成正面出現的次數×90點傷害。若最初的硬幣為反面，則將對手的戰鬥寶可夢【混亂】。,,Lightning,,,2,73,normal,G,強化擴充包「寶可夢卡牌151」,SV2a,miki kudo,能夠自由伸縮身上的８０根觸手。會像撒網般張開觸手捕捉獵物，<br/>並用毒針注入劇毒。,瑪瑙水母 → 毒刺水母,,A,17.00,Base:5.0|Meta:0.0|Exp:2.0|Func:2.0|Syn:2.0|Eff:0.0|Dmg:6.0|Mod:1.00,"傷害效果, 條件傷害, 狀態異常, 硬幣判定",無
小拳石,基礎,8940,https://asia.pokemon-card.com/hk/card-img/hk00008940.png,寶可夢,80,Fighting,,,凝固,Fighting,,在下個對手的回合，這隻寶可夢受到招式的傷害「-30」點。,拳骨,"Fighting,Colorless",20,,,Grass,,,2,74,normal,G,強化擴充包「寶可夢卡牌151」,SV2a,Uta,會用雙手攀登險峻的山崖。 人們似乎是在目睹牠那姿態之後 <br/>才開始了抱石攀岩運動。,小拳石 → 隆隆石 → 隆隆岩 → 隆隆岩ex,,C+,9.00,Base:5.0|Meta:0.0|Exp:2.0|Func:2.0|Syn:0.0|Eff:0.0|Dmg:0.0|Mod:1.00,其他效果,無
隆隆石,1階進化,8941,https://asia.pokemon-card.com/hk/card-img/hk00008941.png,寶可夢,110,Fighting,,,連續投石,Fighting,40×,擲硬幣直到出現反面，造成正面出現的次數×40點傷害。,重磅衝擊,"Fighting,Colorless,Colorless",60,,,Grass,,,3,75,normal,G,強化擴充包「寶可夢卡牌151」,SV2a,Uta,藉著從山崖上滾落來移動。 如果不小心掉進河裡， <br/>就會在最後掙扎時來個大爆炸。,小拳石 → 隆隆石 → 隆隆岩 → 隆隆岩ex,,B,11.00,Base:5.0|Meta:0.0|Exp:2.0|Func:0.0|Syn:0.0|Eff:0.0|Dmg:4.0|Mod:1.00,"傷害效果, 硬幣判定",無
隆隆岩ex,2階進化,8942,https://asia.pokemon-card.com/hk/card-img/hk00008942.png,寶可夢,330,Fighting,,,極限轉動,Fighting,50,在下個自己的回合，這隻寶可夢使用的招式，對對手的戰鬥寶可夢造成的傷害「+120」點。,岩石衝撞,"Fighting,Colorless,Colorless",180,這個招式的傷害不計算抵抗力。,,Grass,,,4,76,normal,G,強化擴充包「寶可夢卡牌151」,SV2a,Uta,,小拳石 → 隆隆石 → 隆隆岩 → 隆隆岩ex,ex,B+,14.00,Base:5.0|Meta:0.0|Exp:2.0|Func:2.0|Syn:0.0|Eff:0.0|Dmg:5.0|Mod:1.00,"傷害效果, 無視弱點/效果",無
小火馬,基礎,8943,https://asia.pokemon-card.com/hk/card-img/hk00008943.png,寶可夢,70,Fire,,,呼喚,Fire,,從自己的牌庫抽出1張卡。,活蹦亂跳,"Fire,Colorless,Colorless",30,,,Water,,,1,77,normal,G,強化擴充包「寶可夢卡牌151」,SV2a,Nurikabe,得到了小火馬認可的人，在觸摸牠燃燒著的鬃毛時<br/>不會覺得燙手，真是不可思議。,小火馬 → 烈焰馬,,B,11.00,Base:5.0|Meta:0.0|Exp:2.0|Func:3.0|Syn:0.0|Eff:0.0|Dmg:1.0|Mod:1.00,"抽卡效果, 搜索效果",無
小火馬,基礎,13214,https://asia.pokemon-card.com/hk/card-img/hk00013214.png,寶可夢,70,Fire,,,二連頭錘,Colorless,10×,擲2次硬幣，造成正面出現的次數×10點傷害。,,,,,,Water,,,1,13,normal,I,強化擴充包「熱風競技場」,SV9a,Ayako Ozaki,得到了小火馬認可的人，<br/>在觸摸牠燃燒著的鬃毛時<br/>不會覺得燙手，真是不可思議。,小火馬 → 烈焰馬,,C+,9.00,Base:5.0|Meta:0.0|Exp:3.0|Func:0.0|Syn:0.0|Eff:0.0|Dmg:1.0|Mod:1.00,"傷害效果, 硬幣判定",無
小火馬,基礎,10940,https://asia.pokemon-card.com/hk/card-img/hk00010940.png,寶可夢,70,Fire,,,蓄能量,Colorless,,從自己的牌庫選擇1張基本能量卡，在給對手看過後加入手牌。並且重洗牌庫。,火之尾,"Fire,Colorless",20,,,Water,,,1,1,normal,H,起始組合「古代故勒頓ex」,SVHK,takashi shiraishi,剛出生的時候不擅長奔跑，但隨著和夥伴們不斷地賽跑，<br/>會逐漸鍛鍊出強健的腳力。,小火馬 → 烈焰馬,,B,13.00,Base:5.0|Meta:0.0|Exp:2.0|Func:6.0|Syn:0.0|Eff:0.0|Dmg:0.0|Mod:1.00,"抽卡效果, 搜索效果",無
小火馬,基礎,12192,https://asia.pokemon-card.com/hk/card-img/hk00012192.png,寶可夢,70,Fire,,,活蹦亂跳,Fire,10,,,,,,,Water,,,1,7,normal,H,Trianers Camp,SVI,Atsushi Furusawa,在追趕雙親的同時，<br/>練成了強韌的下盤。<br/>整天都在山野裡到處跑。,小火馬 → 烈焰馬,,C,7.00,Base:5.0|Meta:0.0|Exp:2.0|Func:0.0|Syn:0.0|Eff:0.0|Dmg:0.0|Mod:1.00,無,無
大蔥鴨,基礎,8949,https://asia.pokemon-card.com/hk/card-img/hk00008949.png,寶可夢,90,Colorless,,,背來,Colorless,,從自己的牌庫抽出2張卡。,用蔥毆打,Colorless,30,,,Lightning,,Fighting,1,83,normal,G,強化擴充包「寶可夢卡牌151」,SV2a,KG-2000,用植物的莖來戰鬥。莖的揮舞方式存在著<br/>好幾種不同的流派。,大蔥鴨,,B,11.00,Base:5.0|Meta:0.0|Exp:2.0|Func:3.0|Syn:0.0|Eff:0.0|Dmg:1.0|Mod:1.00,"抽卡效果, 搜索效果",無
大蔥鴨,基礎,11367,https://asia.pokemon-card.com/hk/card-img/hk00011367.png,寶可夢,70,Colorless,臨場背負,在自己的回合，從手牌將這張卡放置於備戰區時，可使用1次。從自己的牌庫選擇1張「寶可夢道具」卡，附於這隻寶可夢身上。並且重洗牌庫。,音速斬,Colorless,30,選擇1個對手的戰鬥寶可夢身上附加的特殊能量，將其丟棄。,,,,,,Lightning,,Fighting,1,83,normal,H,擴充包「變幻假面」,SV6,miki kudo,會將翅膀所拿的莖狀植物<br/> 當成劍一般去劈砍對手。<br/> 在非常時期會拿它當作食物。,大蔥鴨,,B+,16.00,Base:5.0|Meta:0.0|Exp:3.0|Func:7.0|Syn:0.0|Eff:0.0|Dmg:1.0|Mod:1.00,"搜索效果, 能量操作","丟棄效果, 放置效果"
嘟嘟,基礎,8950,https://asia.pokemon-card.com/hk/card-img/hk00008950.png,寶可夢,70,Colorless,,,突擊,Colorless,30,這隻寶可夢也受到10點傷害。,,,,,,Lightning,,Fighting,1,84,normal,G,強化擴充包「寶可夢卡牌151」,SV2a,Anesaki Dynamic,２個腦袋好像會用 類似心靈感應的力量， <br/>來傳遞彼此的想法。,嘟嘟 → 嘟嘟利,,C,8.00,Base:5.0|Meta:0.0|Exp:2.0|Func:0.0|Syn:0.0|Eff:0.0|Dmg:1.0|Mod:1.00,反噬傷害,無
嘟嘟利,1階進化,8951,https://asia.pokemon-card.com/hk/card-img/hk00008951.png,寶可夢,100,Colorless,爆走抽出,在自己的回合時可使用1次。在這隻寶可夢身上放置1個傷害指示物。然後，從自己的牌庫抽出1張卡。,憤怒鳥嘴,Colorless,10+,增加這隻寶可夢身上放置的傷害指示物的數量×30點傷害。,,,,,,Lightning,,Fighting,1,85,normal,G,強化擴充包「寶可夢卡牌151」,SV2a,Anesaki Dynamic,極為少見的珍稀物種。 ３顆頭會各自表現出 <br/>愉快、悲傷和憤怒的情緒。,嘟嘟 → 嘟嘟利,,B,12.00,Base:5.0|Meta:0.0|Exp:2.0|Func:3.0|Syn:0.0|Eff:0.0|Dmg:2.0|Mod:1.00,"備戰傷害加成, 傷害指示物, 抽卡效果, 搜索效果",無
大舌貝,基礎,8956,https://asia.pokemon-card.com/hk/card-img/hk00008956.png,寶可夢,70,Water,,,硬殼壓制,"Water,Water",30,在下個對手的回合，這隻寶可夢受到招式的傷害「-30」點。,,,,,,Lightning,,,2,90,normal,G,強化擴充包「寶可夢卡牌151」,SV2a,Nelnal,包覆著身體的是比鑽石還硬的殼。不過殼裡面<br/>卻比想像中的還要柔軟。,大舌貝 → 刺甲貝,,C+,10.00,Base:5.0|Meta:0.0|Exp:2.0|Func:2.0|Syn:0.0|Eff:0.0|Dmg:1.0|Mod:1.00,其他效果,無
刺甲貝,1階進化,8957,https://asia.pokemon-card.com/hk/card-img/hk00008957.png,寶可夢,130,Water,,,防護充能,"Water,Water",80,在下個對手的回合，這隻寶可夢受到招式的傷害「-80」點。,,,,,,Lightning,,,3,91,normal,G,強化擴充包「寶可夢卡牌151」,SV2a,Nelnal,刺甲貝棲息在潮流湍急的海裡，<br/>殼上的刺又大又尖銳。,大舌貝 → 刺甲貝,,B,11.00,Base:5.0|Meta:0.0|Exp:2.0|Func:2.0|Syn:0.0|Eff:0.0|Dmg:2.0|Mod:1.00,高額傷害減免,無
耿鬼,2階進化,8960,https://asia.pokemon-card.com/hk/card-img/hk00008960.png,寶可夢,130,Psychic,,,靈騷,Psychic,50×,查看對手的手牌，造成其中訓練家卡的張數×50點傷害。,陰森奇襲,"Psychic,Colorless",110,將3個傷害指示物以任意方式放置於對手的備戰寶可夢身上。,,Darkness,,Fighting,0,94,normal,G,強化擴充包「寶可夢卡牌151」,SV2a,Tomokazu Komiya,會潛進獵物的影子裡，然後靜靜地等待<br/>奪取性命的機會到來。,鬼斯 → 鬼斯通 → 耿鬼 → 耿鬼ex,,B+,14.00,Base:5.0|Meta:0.0|Exp:2.0|Func:4.0|Syn:0.0|Eff:0.0|Dmg:3.0|Mod:1.00,"傷害指示物, 傷害效果, 情報收集, 棄牌區傷害加成",無
耿鬼,2階進化,9880,https://asia.pokemon-card.com/hk/card-img/hk00009880.png,寶可夢,130,Darkness,暗黑之門,在自己的回合時可使用1次。將自己的戰鬥寶可夢與備戰寶可夢互換。,惡夢,"Darkness,Colorless",100,將對手的戰鬥寶可夢【睡眠】。,,,,,,Fighting,,,1,35,normal,G,強化擴充包「激狂駭浪」,SV3a,Nelnal,會潛進獵物的影子裡，然後靜靜地等待<br/>奪取性命的機會到來。,鬼斯 → 鬼斯通 → 耿鬼 → 耿鬼ex,,B+,15.00,Base:5.0|Meta:0.0|Exp:2.0|Func:5.0|Syn:0.0|Eff:0.0|Dmg:3.0|Mod:1.00,"切換效果, 狀態異常",無
大鉗蟹,基礎,8964,https://asia.pokemon-card.com/hk/card-img/hk00008964.png,寶可夢,70,Water,,,招潮,Water,,擲1次硬幣若為正面，則從自己的牌庫選擇最多2張「基本【水】能量」卡，附於這隻寶可夢身上。並且重洗牌庫。,蟹鉗錘,"Water,Water,Water",50,,,Lightning,,,1,98,normal,G,強化擴充包「寶可夢卡牌151」,SV2a,Yukiko Baba,如果危險逼近，就會從嘴裡吐出泡沫包裹全身，<br/>讓身體看起來更大。,大鉗蟹 → 巨鉗蟹,,B,13.00,Base:5.0|Meta:0.0|Exp:2.0|Func:3.0|Syn:2.0|Eff:0.0|Dmg:1.0|Mod:1.00,"搜索效果, 硬幣判定",無
巨鉗蟹,1階進化,8965,https://asia.pokemon-card.com/hk/card-img/hk00008965.png,寶可夢,140,Water,,,臂錘,"Water,Water,Water",90,將對手的牌庫上方1張卡丟棄。,斷頭鉗,"Water,Water,Water,Water",220,,,Lightning,,,3,99,normal,G,強化擴充包「寶可夢卡牌151」,SV2a,Yukiko Baba,巨大的鉗子破壞力十足，但是因為太過沉重，<br/>不戰鬥的時候就很礙事。,大鉗蟹 → 巨鉗蟹,,B+,15.00,Base:5.0|Meta:0.0|Exp:2.0|Func:2.0|Syn:0.0|Eff:0.0|Dmg:6.0|Mod:1.00,無,丟棄效果
霹靂電球,基礎,8966,https://asia.pokemon-card.com/hk/card-img/hk00008966.png,寶可夢,60,Lightning,,,回轉攻擊,Lightning,10+,擲1次硬幣若為正面，則增加20點傷害。,,,,,,Fighting,,,1,100,normal,G,強化擴充包「寶可夢卡牌151」,SV2a,nagimiso,靠著翻滾身體來移動，如果地面凹凸不平，<br/>就會受到衝擊而爆炸。,霹靂電球 → 頑皮雷彈 → 頑皮雷彈GX,,B+,14.00,Base:5.0|Meta:0.0|Exp:2.0|Func:0.0|Syn:5.0|Eff:0.0|Dmg:2.0|Mod:1.00,"條件傷害, 硬幣判定",無
霹靂電球,基礎,8835,https://asia.pokemon-card.com/hk/card-img/hk00008835.png,寶可夢,70,Lightning,,,光彈,Lightning,10,,滾動,"Colorless,Colorless",20,,,Fighting,,,1,3,normal,G,起始組合ex 皮卡丘特別組合,SVC,sui,靠著翻滾身體來移動，如果地面凹凸不平，就會受到衝擊而爆炸。,霹靂電球 → 頑皮雷彈 → 頑皮雷彈GX,,C+,10.00,Base:5.0|Meta:0.0|Exp:2.0|Func:0.0|Syn:3.0|Eff:0.0|Dmg:0.0|Mod:1.00,無,無
頑皮雷彈,1階進化,8967,https://asia.pokemon-card.com/hk/card-img/hk00008967.png,寶可夢,90,Lightning,,,轟轟連鎖,Lightning,20+,在造成傷害前，將自己的場上寶可夢身上附加的任意數量的「寶可夢道具」卡丟棄，增加其張數×40點傷害。,電球,"Lightning,Colorless",70,,,Fighting,,,1,101,normal,G,強化擴充包「寶可夢卡牌151」,SV2a,nagimiso,雖然儲存的電能越多，移動的速度也會變得越快，<br/>但同時也會變得更容易爆炸。,霹靂電球 → 頑皮雷彈 → 頑皮雷彈GX,,B,12.00,Base:5.0|Meta:0.0|Exp:2.0|Func:1.0|Syn:2.0|Eff:0.0|Dmg:2.0|Mod:1.00,"傷害效果, 棄牌區傷害加成",無
頑皮雷彈,1階進化,8836,https://asia.pokemon-card.com/hk/card-img/hk00008836.png,寶可夢,90,Lightning,,,光彈,Lightning,60,,滾動衝撞,"Colorless,Colorless,Colorless",90,,,Fighting,,,1,4,normal,G,起始組合ex 皮卡丘特別組合,SVC,Scav,雖然儲存的電能越多，移動的速度也會變得越快，但同時也會變得更容易爆炸。,霹靂電球 → 頑皮雷彈 → 頑皮雷彈GX,,C+,10.00,Base:5.0|Meta:0.0|Exp:2.0|Func:0.0|Syn:0.0|Eff:0.0|Dmg:3.0|Mod:1.00,無,無
卡拉卡拉,基礎,8970,https://asia.pokemon-card.com/hk/card-img/hk00008970.png,寶可夢,70,Fighting,加油骨,只要這隻寶可夢在備戰區，自己的「嘎啦嘎啦」使用的招式，對對手的戰鬥寶可夢造成的傷害「+30」點。,二連敲,Fighting,10×,擲2次硬幣，造成正面出現的次數×10點傷害。,,,,,,Grass,,,1,104,normal,G,強化擴充包「寶可夢卡牌151」,SV2a,Shinya Komatsu,頭上戴著死去母親的頭骨。雖然有時會因為作夢而哭泣，<br/>但每次流淚後都會變得更強。,卡拉卡拉 → 嘎啦嘎啦 → 阿羅拉 嘎啦嘎啦 → 阿羅拉 嘎啦嘎啦GX,,B,11.00,Base:5.0|Meta:0.0|Exp:2.0|Func:3.0|Syn:0.0|Eff:0.0|Dmg:1.0|Mod:1.00,"HP提升, 傷害效果, 硬幣判定",無
卡拉卡拉,基礎,11839,https://asia.pokemon-card.com/hk/card-img/hk00011839.png,寶可夢,70,Fighting,,,突擊,Fighting,30,這隻寶可夢也受到10點傷害。,,,,,,Grass,,,1,48,normal,H,擴充包「星晶奇跡」,SV7,svlt,當牠想起與自己死別的<br/>母親而哭泣時，哭聲就會在<br/>頭上戴的骨頭中哀傷地迴盪。,卡拉卡拉 → 嘎啦嘎啦 → 阿羅拉 嘎啦嘎啦 → 阿羅拉 嘎啦嘎啦GX,,C+,9.00,Base:5.0|Meta:0.0|Exp:3.0|Func:0.0|Syn:0.0|Eff:0.0|Dmg:1.0|Mod:1.00,反噬傷害,無
卡拉卡拉,基礎,12669,https://asia.pokemon-card.com/hk/card-img/hk00012669.png,寶可夢,70,Fighting,,,踩,Colorless,10,,打擊,"Colorless,Colorless",20,,,Grass,,,1,61,normal,H,雙ex初階牌組 Generations,SVM,Mugi Hamada,當牠想起與自己死別的<br/>母親而哭泣時，哭聲就會在<br/>頭上戴的骨頭中哀傷地迴盪。,卡拉卡拉 → 嘎啦嘎啦 → 阿羅拉 嘎啦嘎啦 → 阿羅拉 嘎啦嘎啦GX,,C,7.00,Base:5.0|Meta:0.0|Exp:2.0|Func:0.0|Syn:0.0|Eff:0.0|Dmg:0.0|Mod:1.00,無,無
嘎啦嘎啦,1階進化,8971,https://asia.pokemon-card.com/hk/card-img/hk00008971.png,寶可夢,120,Fighting,,,骨棒投擲,Fighting,30,對手的1隻備戰寶可夢也受到30點傷害。[在備戰區不計算弱點・抵抗力。],潛力,"Fighting,Colorless",120,在下個自己的回合，這隻寶可夢無法使用招式。,,Grass,,,2,105,normal,G,強化擴充包「寶可夢卡牌151」,SV2a,Shinya Komatsu,進化時，原本戴在頭上的母親頭骨化為了牠身體的一部份。<br/>不但如此，性格也變得很凶暴。,卡拉卡拉 → 嘎啦嘎啦 → 阿羅拉 嘎啦嘎啦 → 阿羅拉 嘎啦嘎啦GX,,B+,14.00,Base:5.0|Meta:0.0|Exp:2.0|Func:3.0|Syn:0.0|Eff:0.0|Dmg:4.0|Mod:1.00,"使用限制, 招式鎖定, 連鎖傷害",無
嘎啦嘎啦,1階進化,11840,https://asia.pokemon-card.com/hk/card-img/hk00011840.png,寶可夢,120,Fighting,,,叫聲,Fighting,,在下個對手的回合，受到這個招式的寶可夢使用招式的傷害「-40」點。,骨之復仇,"Colorless,Colorless",60+,若自己的備戰區的「卡拉卡拉」身上放置有傷害指示物，則增加120點傷害。,,Grass,,,2,49,normal,H,擴充包「星晶奇跡」,SV7,cochi8i,克服了傷痛後進化得<br/>更強更壯。會把骨頭當作<br/>武器，勇敢地與敵人交鋒。,卡拉卡拉 → 嘎啦嘎啦 → 阿羅拉 嘎啦嘎啦 → 阿羅拉 嘎啦嘎啦GX,,B+,16.00,Base:5.0|Meta:0.0|Exp:3.0|Func:3.0|Syn:2.0|Eff:0.0|Dmg:3.0|Mod:1.00,"傷害指示物, 其他效果, 條件傷害",放置效果
飛腿郎,基礎,8972,https://asia.pokemon-card.com/hk/card-img/hk00008972.png,寶可夢,120,Fighting,,,龍捲風踢腿,Fighting,,對手的所有寶可夢各受到10點傷害。將這隻寶可夢與備戰寶可夢互換。[在備戰區不計算弱點・抵抗力。],踢倒,"Fighting,Fighting,Fighting",100,,,Psychic,,,2,106,normal,G,強化擴充包「寶可夢卡牌151」,SV2a,Hitoshi Ariga,雙腿能夠自由伸縮，即使離得很遠也能<br/>把對手一腳踢飛。,飛腿郎,,B+,15.00,Base:5.0|Meta:0.0|Exp:2.0|Func:5.0|Syn:0.0|Eff:0.0|Dmg:3.0|Mod:1.00,"切換效果, 連鎖傷害",無
快拳郎,基礎,8973,https://asia.pokemon-card.com/hk/card-img/hk00008973.png,寶可夢,120,Fighting,反擊,這隻寶可夢在戰鬥場受到對手的寶可夢招式的傷害時，在使用招式的寶可夢身上放置3個傷害指示物。,激動拳,"Fighting,Fighting",60,在下個自己的回合，這隻寶可夢「激動拳」的傷害「+60」點。,,,,,,Psychic,,,1,107,normal,G,強化擴充包「寶可夢卡牌151」,SV2a,DOM,打出的拳擊甚至能劈開空氣。但連續攻擊３分鐘後，<br/>牠似乎就會想休息一下。,快拳郎,,B,11.00,Base:5.0|Meta:0.0|Exp:2.0|Func:2.0|Syn:0.0|Eff:0.0|Dmg:2.0|Mod:1.00,"傷害指示物, 其他效果",無
大舌頭,基礎,8974,https://asia.pokemon-card.com/hk/card-img/hk00008974.png,寶可夢,100,Colorless,,,舔舔制約,"Colorless,Colorless,Colorless",70,在下個對手的回合，受到這個招式的寶可夢無法使用招式。,,,,,,Fighting,,,4,108,normal,G,強化擴充包「寶可夢卡牌151」,SV2a,Saya Tsuruta,蟲寶可夢是牠主要的食物。會用長長的舌頭去把對方<br/>舔麻痺，然後趁機一口吞下。,大舌頭 → 大舌舔,,B,11.00,Base:5.0|Meta:0.0|Exp:2.0|Func:2.0|Syn:0.0|Eff:0.0|Dmg:2.0|Mod:1.00,招式鎖定,無
大舌頭,基礎,10921,https://asia.pokemon-card.com/hk/card-img/hk00010921.png,寶可夢,100,Colorless,,,舌引,Colorless,,查看對手的手牌，從其中選擇最多2張【基礎】寶可夢卡，放置於對手的備戰區。,怪力,"Colorless,Colorless,Colorless",50,,,Fighting,,,3,53,normal,H,擴充包「異度審判」,SV5M,nisimono,沾到牠黏糊糊的唾液後如果放著不管，就會變得<br/>奇癢無比，而且癢個不停。,大舌頭 → 大舌舔,,B,12.00,Base:5.0|Meta:0.0|Exp:2.0|Func:4.0|Syn:0.0|Eff:0.0|Dmg:1.0|Mod:1.00,情報收集,放置效果
瓦斯彈,基礎,8975,https://asia.pokemon-card.com/hk/card-img/hk00008975.png,寶可夢,60,Darkness,,,奇異瓦斯,"Colorless,Colorless",20,將對手的戰鬥寶可夢【混亂】。,,,,,,Fighting,,,1,109,normal,G,強化擴充包「寶可夢卡牌151」,SV2a,Shibuzoh.,身體裡充滿了毒氣。會為了尋求廚餘垃圾的<br/>腐敗氣味而來到垃圾場。,瓦斯彈 → 雙彈瓦斯 → 伽勒爾 雙彈瓦斯,,C+,9.00,Base:5.0|Meta:0.0|Exp:2.0|Func:2.0|Syn:0.0|Eff:0.0|Dmg:0.0|Mod:1.00,狀態異常,無
瓦斯彈,基礎,13050,https://asia.pokemon-card.com/hk/card-img/hk00013050.png,寶可夢,60,Darkness,,,撞擊,Colorless,10,,瓦斯包圍,"Darkness,Colorless",20,,,Fighting,,,1,56,normal,I,擴充包「對戰搭檔」,SV9,Rond,薄薄的氣球狀身體裡<br/>儲滿了劇毒的瓦斯，<br/>所以有時會發生大爆炸。,瓦斯彈 → 雙彈瓦斯 → 伽勒爾 雙彈瓦斯,,C,8.00,Base:5.0|Meta:0.0|Exp:3.0|Func:0.0|Syn:0.0|Eff:0.0|Dmg:0.0|Mod:1.00,無,無
雙彈瓦斯,1階進化,8976,https://asia.pokemon-card.com/hk/card-img/hk00008976.png,寶可夢,110,Darkness,齊爆炸彈,這隻寶可夢在戰鬥場上受到對手的寶可夢招式的傷害而【昏厥】時，自己擲1次硬幣。若為正面，則將使用招式的寶可夢【昏厥】。,旋轉瓦斯,"Colorless,Colorless",50,對手的所有備戰寶可夢也各受到10點傷害。<br/>[在備戰區不計算弱點・抵抗力。],,,,,,Fighting,,,2,110,normal,G,強化擴充包「寶可夢卡牌151」,SV2a,Shibuzoh.,有時會因為非常罕見的突變， 出現２個連在一起的 <br/>雙胞胎小瓦斯彈。,瓦斯彈 → 雙彈瓦斯 → 伽勒爾 雙彈瓦斯,,B,11.00,Base:5.0|Meta:0.0|Exp:2.0|Func:3.0|Syn:0.0|Eff:0.0|Dmg:1.0|Mod:1.00,"昏厥條件, 硬幣判定, 連鎖傷害",無
雙彈瓦斯,1階進化,13051,https://asia.pokemon-card.com/hk/card-img/hk00013051.png,寶可夢,130,Darkness,,,充滿瓦斯,Darkness,30,將對手的戰鬥寶可夢【混亂】。,瘋狂炸彈,"Darkness,Colorless",50+,在上個自己的回合，若這隻寶可夢使出了「充滿瓦斯」，則增加120點傷害。,,Fighting,,,2,57,normal,I,擴充包「對戰搭檔」,SV9,KEIICHIRO ITO,若將牠體內所含的<br/>毒瓦斯稀釋到極限，<br/>就能做出最高級的香水。,瓦斯彈 → 雙彈瓦斯 → 伽勒爾 雙彈瓦斯,,B+,15.00,Base:5.0|Meta:0.0|Exp:3.0|Func:2.0|Syn:2.0|Eff:0.0|Dmg:3.0|Mod:1.00,"條件傷害, 狀態異常",無
獨角犀牛,基礎,8977,https://asia.pokemon-card.com/hk/card-img/hk00008977.png,寶可夢,100,Fighting,,,推倒,"Fighting,Colorless",20,將對手的戰鬥寶可夢與備戰寶可夢互換。[由對手選擇放置於戰鬥場的寶可夢。],岩石粉碎,"Fighting,Fighting,Colorless",70,,,Grass,,,3,111,normal,G,強化擴充包「寶可夢卡牌151」,SV2a,GOSSAN,腦子裡只能記住一件事。一旦開始猛衝，不管理由是什麼<br/>都會很快感到無所謂而忘掉。,獨角犀牛 → 鑽角犀獸 → 超甲狂犀,,B+,14.00,Base:5.0|Meta:0.0|Exp:2.0|Func:5.0|Syn:0.0|Eff:0.0|Dmg:2.0|Mod:1.00,切換效果,無
獨角犀牛,基礎,11841,https://asia.pokemon-card.com/hk/card-img/hk00011841.png,寶可夢,100,Fighting,,,角撞,"Fighting,Colorless",50,,,,,,,Grass,,,3,50,normal,H,擴充包「星晶奇跡」,SV7,kodama,一旦開始奔跑，即使撞上了<br/> 大岩石也不會停下來。這性情<br/> 使牠的棲息地變得越來越廣。,獨角犀牛 → 鑽角犀獸 → 超甲狂犀,,C+,9.00,Base:5.0|Meta:0.0|Exp:3.0|Func:0.0|Syn:0.0|Eff:0.0|Dmg:1.0|Mod:1.00,無,無
鑽角犀獸,1階進化,8978,https://asia.pokemon-card.com/hk/card-img/hk00008978.png,寶可夢,120,Fighting,,,砸碎,"Fighting,Colorless",30,,領導力鑽,"Fighting,Fighting,Colorless",40+,在這個回合，若從手牌使出了「坂木的領導力」，則增加140點傷害。,,Grass,,,4,112,normal,G,強化擴充包「寶可夢卡牌151」,SV2a,GOSSAN,全身被鎧甲般的皮膚保護著。甚至能在<br/>２０００度的熔岩中生存。,獨角犀牛 → 鑽角犀獸 → 超甲狂犀,,B,12.00,Base:5.0|Meta:0.0|Exp:2.0|Func:0.0|Syn:2.0|Eff:0.0|Dmg:3.0|Mod:1.00,條件傷害,無
鑽角犀獸,1階進化,11842,https://asia.pokemon-card.com/hk/card-img/hk00011842.png,寶可夢,140,Fighting,,,破壞之角,"Fighting,Colorless,Colorless",80,擲1次硬幣若為正面，則選擇1個對手的戰鬥寶可夢身上附加的能量，將其丟棄。,,,,,,Grass,,,4,51,normal,H,擴充包「星晶奇跡」,SV7,Ryuta Fuse,進化後變得可以只用<br/> 後腳步行，因此將棲息地<br/> 拓展到了險峻的山地。,獨角犀牛 → 鑽角犀獸 → 超甲狂犀,,A,17.00,Base:5.0|Meta:0.0|Exp:3.0|Func:5.0|Syn:2.0|Eff:0.0|Dmg:2.0|Mod:1.00,"硬幣判定, 能量操作",丟棄效果
袋獸ex,基礎,8981,https://asia.pokemon-card.com/hk/card-img/hk00008981.png,寶可夢,230,Colorless,,,三重抽出,Colorless,,從自己的牌庫抽出3張卡。,機關槍拳,"Colorless,Colorless,Colorless",100×,擲4次硬幣，造成正面出現的次數×100點傷害。,,Fighting,,,2,115,normal,G,強化擴充包「寶可夢卡牌151」,SV2a,N-DESIGN Inc.,,袋獸ex,ex,A,18.00,Base:5.0|Meta:0.0|Exp:2.0|Func:3.0|Syn:0.0|Eff:0.0|Dmg:8.0|Mod:1.00,"傷害效果, 抽卡效果, 搜索效果, 硬幣判定",無
海刺龍,1階進化,8983,https://asia.pokemon-card.com/hk/card-img/hk00008983.png,寶可夢,80,Water,,,盲目塗墨,"Water,Colorless,Colorless",50,在下個對手的回合，受到這個招式的寶可夢使用招式時，對手擲2次硬幣。只要出現1次反面，則那個招式失敗。,,,,,,Lightning,,,1,117,normal,G,強化擴充包「寶可夢卡牌151」,SV2a,aspara,嘴部雖然細，但吸力卻很強。就算是比嘴還要大的食物，<br/>也都能瞬間吸進口裡吃掉。,墨海馬 → 海刺龍 → 刺龍王 → 刺龍王GX → 刺龍王ex,,C+,10.00,Base:5.0|Meta:0.0|Exp:2.0|Func:2.0|Syn:0.0|Eff:0.0|Dmg:1.0|Mod:1.00,硬幣判定,無
海刺龍,1階進化,9976,https://asia.pokemon-card.com/hk/card-img/hk00009976.png,寶可夢,90,Water,,,泡沫光線,"Water,Colorless",50,擲1次硬幣若為正面，則將對手的戰鬥寶可夢【麻痺】。,,,,,,Lightning,,,1,18,normal,G,擴充包「古代咆哮」,SV4K,otumami,嘴部雖然細，但吸力卻很強。就算是比嘴還要大的食物，<br/>也都能瞬間吸進口裡吃掉。,墨海馬 → 海刺龍 → 刺龍王 → 刺龍王GX → 刺龍王ex,,B,12.00,Base:5.0|Meta:0.0|Exp:2.0|Func:2.0|Syn:2.0|Eff:0.0|Dmg:1.0|Mod:1.00,"狀態異常, 硬幣判定",無
海刺龍,1階進化,11462,https://asia.pokemon-card.com/hk/card-img/hk00011462.png,寶可夢,90,Water,,,援軍,Water,,從自己的牌庫選擇最多3張寶可夢卡，在給對手看過後加入手牌。並且重洗牌庫。,銳利鰭,"Colorless,Colorless",40,,,Lightning,,,1,11,normal,H,強化擴充包「黑夜漫遊者」,SV6a,Yuya Oka,是由雄性來養育孩子。<br/>在育兒時，背上刺的<br/>毒素會變得更強更濃。,墨海馬 → 海刺龍 → 刺龍王 → 刺龍王GX → 刺龍王ex,,B,13.00,Base:5.0|Meta:0.0|Exp:3.0|Func:4.0|Syn:0.0|Eff:0.0|Dmg:1.0|Mod:1.00,"抽卡效果, 搜索效果",無
角金魚,基礎,8984,https://asia.pokemon-card.com/hk/card-img/hk00008984.png,寶可夢,70,Water,,,三連撞,Water,10×,擲3次硬幣，造成正面出現的次數×10點傷害。,潑灑清水,"Colorless,Colorless",20,,,Lightning,,,1,118,normal,G,強化擴充包「寶可夢卡牌151」,SV2a,SIE NANAHARA,背鰭和尾鰭像肌肉那樣發達。能夠以<br/>５節的速度在水中游泳。,角金魚 → 金魚王,,C,8.00,Base:5.0|Meta:0.0|Exp:2.0|Func:0.0|Syn:0.0|Eff:0.0|Dmg:1.0|Mod:1.00,"傷害效果, 硬幣判定",無
角金魚,基礎,11310,https://asia.pokemon-card.com/hk/card-img/hk00011310.png,寶可夢,50,Water,祭典樂舞,若場上有「祭典會場」，則這隻寶可夢可使用持有的招式2次。（若對手的戰鬥寶可夢因第1次的招式而【昏厥】了，則在下一隻寶可夢放置後，使用第2次的招式。）,潮旋,"Colorless,Colorless",10,擲1次硬幣若為正面，則選擇1個對手的戰鬥寶可夢身上附加的能量，將其丟棄。,,,,,,Lightning,,,1,26,normal,H,擴充包「變幻假面」,SV6,saino misaki,會優雅地搖擺<br/> 背鰭、胸鰭和尾鰭，<br/> 所以被稱為水中的舞者。,角金魚 → 金魚王,,B+,15.00,Base:5.0|Meta:0.0|Exp:3.0|Func:5.0|Syn:2.0|Eff:0.0|Dmg:0.0|Mod:1.00,"昏厥條件, 硬幣判定, 能量操作","丟棄效果, 放置效果"
金魚王,1階進化,8985,https://asia.pokemon-card.com/hk/card-img/hk00008985.png,寶可夢,110,Water,,,隨興游水,Water,10,擲1次硬幣若為正面，則在下個對手的回合，這隻寶可夢不會受到招式的傷害與效果的影響。,水之角擊,"Colorless,Colorless,Colorless",60+,增加這隻寶可夢身上附加的【水】能量的數量×30點傷害。,,Lightning,,,2,119,normal,G,強化擴充包「寶可夢卡牌151」,SV2a,SIE NANAHARA,金魚王之所以會用角挖穿河底的岩石來築巢，是為了<br/>防止產下的卵被水流沖走。,角金魚 → 金魚王,,A,17.00,Base:5.0|Meta:0.0|Exp:2.0|Func:5.0|Syn:2.0|Eff:0.0|Dmg:3.0|Mod:1.00,"備戰傷害加成, 傷害防禦, 效果免疫, 硬幣判定, 能量操作",無
金魚王,1階進化,11311,https://asia.pokemon-card.com/hk/card-img/hk00011311.png,寶可夢,90,Water,,,啄落,Water,50,在造成傷害前，將對手的戰鬥寶可夢身上附加的「寶可夢道具」卡丟棄。,角鑽,"Colorless,Colorless,Colorless",90,,,Lightning,,,1,27,normal,H,擴充包「變幻假面」,SV6,Gemi,到了秋天，體內的脂肪<br/> 會因為要求偶而增加，<br/> 體色也會變得非常漂亮。,角金魚 → 金魚王,,B+,14.00,Base:5.0|Meta:0.0|Exp:3.0|Func:3.0|Syn:0.0|Eff:0.0|Dmg:3.0|Mod:1.00,傷害效果,丟棄效果
金魚王,1階進化,12450,https://asia.pokemon-card.com/hk/card-img/hk00012450.png,寶可夢,110,Water,祭典樂舞,若場上有「祭典會場」，則這隻寶可夢可使用持有的招式2次。（若對手的戰鬥寶可夢因第1次的招式而【昏厥】了，則在下一隻寶可夢放置後，使用第2次的招式。）,快速抽出,Colorless,60,從自己的牌庫抽出2張卡。,,,,,,Lightning,,,1,29,normal,H,高級擴充包「太晶慶典ex」,SV8a,Nelnal,到了秋天，體內的脂肪<br/>會因為要求偶而增加，<br/>體色也會變得非常漂亮。,角金魚 → 金魚王,,B+,15.00,Base:5.0|Meta:0.0|Exp:3.0|Func:5.0|Syn:0.0|Eff:0.0|Dmg:2.0|Mod:1.00,"抽卡效果, 搜索效果, 昏厥條件",放置效果
海星星,基礎,8986,https://asia.pokemon-card.com/hk/card-img/hk00008986.png,寶可夢,60,Water,,,高速星星,"Water,Colorless",30,這個招式的傷害不計算弱點・抵抗力與對手的戰鬥寶可夢身上的附加效果。,,,,,,Lightning,,,1,120,normal,G,強化擴充包「寶可夢卡牌151」,SV2a,Arai Kiriko,會被魚寶可夢啄食，但是即使身體被咬斷也能很快就<br/>再生，所以一點都不在意。,海星星 → 寶石海星 → 寶石海星GX,,B,11.00,Base:5.0|Meta:0.0|Exp:2.0|Func:3.0|Syn:0.0|Eff:0.0|Dmg:1.0|Mod:1.00,無視弱點/效果,無
寶石海星,1階進化,8987,https://asia.pokemon-card.com/hk/card-img/hk00008987.png,寶可夢,90,Water,謎之水性,在自己的回合時可使用1次。在對手的1隻寶可夢身上放置2個傷害指示物。然後，將這隻寶可夢與附加的卡全部丟棄。,高速攻擊,"Water,Colorless",50,,,,,,,Lightning,,,1,121,normal,G,強化擴充包「寶可夢卡牌151」,SV2a,Arai Kiriko,會高速旋轉著身體在海裡游泳，並且同時<br/>吸食微小的浮游生物。,海星星 → 寶石海星 → 寶石海星GX,,B,11.00,Base:5.0|Meta:0.0|Exp:2.0|Func:3.0|Syn:0.0|Eff:0.0|Dmg:1.0|Mod:1.00,傷害指示物,丟棄效果
魔牆人偶,基礎,8988,https://asia.pokemon-card.com/hk/card-img/hk00008988.png,寶可夢,90,Psychic,模仿屏障,若這隻寶可夢與對手的戰鬥寶可夢身上附加的能量數量相同，則這隻寶可夢不會受到對手的寶可夢招式的傷害。,精神力量,Colorless,,將3個傷害指示物以任意方式放置於對手的寶可夢身上。,,,,,,Darkness,,Fighting,1,122,normal,G,強化擴充包「寶可夢卡牌151」,SV2a,OOYAMA,擅長表演默劇。用手指放出的波動製造牆壁，<br/>保護自己免於大多數的攻擊。,魔牆人偶,,B,12.00,Base:5.0|Meta:0.0|Exp:2.0|Func:5.0|Syn:0.0|Eff:0.0|Dmg:0.0|Mod:1.00,"傷害指示物, 傷害防禦, 效果免疫, 能量操作",無
魔牆人偶,基礎,10899,https://asia.pokemon-card.com/hk/card-img/hk00010899.png,寶可夢,90,Psychic,,,相仿秀,Colorless,,查看對手的手牌。若希望，選擇1張其中的支援者卡，將那個效果作為這個招式的效果使用。,不祥波動,Psychic,20,將對手的戰鬥寶可夢【混亂】。,,Darkness,,Fighting,1,31,normal,H,擴充包「異度審判」,SV5M,Nelnal,有很多學者認為牠大大的手掌是因為要<br/>表演默劇而發達起來的。,魔牆人偶,,B,12.00,Base:5.0|Meta:0.0|Exp:2.0|Func:3.0|Syn:2.0|Eff:0.0|Dmg:0.0|Mod:1.00,"情報收集, 狀態異常",無
魔牆人偶,基礎,13028,https://asia.pokemon-card.com/hk/card-img/hk00013028.png,寶可夢,90,Psychic,,,模仿,Psychic,,將自己的手牌全部放回牌庫並重洗。然後，從自己的牌庫抽出與對手的手牌張數相同數量的卡。,念力,"Psychic,Colorless",40,擲1次硬幣若為正面，則將對手的戰鬥寶可夢【麻痺】。,,Darkness,,Fighting,1,34,normal,I,擴充包「對戰搭檔」,SV9,GOTO minori,擅長表演默劇。<br/>用手指放出的波動製造牆壁，<br/>保護自己免於大多數的攻擊。,魔牆人偶,,A,19.00,Base:5.0|Meta:0.0|Exp:3.0|Func:6.0|Syn:4.0|Eff:0.0|Dmg:1.0|Mod:1.00,"抽卡效果, 搜索效果, 牌庫重洗, 狀態異常, 硬幣判定",無
飛天螳螂,基礎,8989,https://asia.pokemon-card.com/hk/card-img/hk00008989.png,寶可夢,70,Grass,,,輔助斬,Grass,20,從自己的棄牌區選擇1張「基本【草】能量」卡，附於備戰寶可夢身上。,利刃切割,"Grass,Colorless,Colorless",70,,,Fire,,,0,123,normal,G,強化擴充包「寶可夢卡牌151」,SV2a,Hideki Ishikawa,會用鋒利的鐮刀割開草叢前進。因為動作實在太快，<br/>甚至無法用肉眼看清。,飛天螳螂 → 巨鉗螳螂 → 劈斧螳螂 → 巨鉗螳螂GX → 巨鉗螳螂ex,,B,12.00,Base:5.0|Meta:0.0|Exp:2.0|Func:3.0|Syn:0.0|Eff:0.0|Dmg:2.0|Mod:1.00,搜索效果,無
飛天螳螂,基礎,9515,https://asia.pokemon-card.com/hk/card-img/hk00009515.png,寶可夢,80,Grass,,,高速移動,Colorless,10,擲1次硬幣若為正面，則在下個對手的回合，這隻寶可夢不會受到招式的傷害與效果的影響。,居合斬,"Colorless,Colorless",20,,,Fire,,,1,4,normal,G,擴充包「黯焰支配者」,SV3,Shin Nagasawa,會用鋒利的鐮刀割開草叢前進。因為動作實在太快，甚至無法用肉眼看清。,飛天螳螂 → 巨鉗螳螂 → 劈斧螳螂 → 巨鉗螳螂GX → 巨鉗螳螂ex,,B,11.00,Base:5.0|Meta:0.0|Exp:2.0|Func:2.0|Syn:2.0|Eff:0.0|Dmg:0.0|Mod:1.00,"傷害防禦, 效果免疫, 硬幣判定",無
飛天螳螂,基礎,10869,https://asia.pokemon-card.com/hk/card-img/hk00010869.png,寶可夢,90,Grass,,,切,Colorless,10,,猛擊在地,"Colorless,Colorless",60,在下個自己的回合，這隻寶可夢無法使用「猛擊在地」。,,Fire,,,1,1,normal,H,擴充包「異度審判」,SV5M,Dsuke,雙手的鐮刀鋒利無比，砍斷越多堅硬的東西，<br/>其鋒利程度也會隨之提升。,飛天螳螂 → 巨鉗螳螂 → 劈斧螳螂 → 巨鉗螳螂GX → 巨鉗螳螂ex,,C+,9.00,Base:5.0|Meta:0.0|Exp:2.0|Func:0.0|Syn:0.0|Eff:0.0|Dmg:2.0|Mod:1.00,招式鎖定,無
迷唇姐ex,基礎,8990,https://asia.pokemon-card.com/hk/card-img/hk00008990.png,寶可夢,200,Water,,,動心之吻,"Water,Colorless,Colorless",,若對手的戰鬥寶可夢【睡眠】，則將那隻寶可夢【昏厥】。,冰凍之風,"Water,Water,Water",120,將對手的戰鬥寶可夢【睡眠】。,,Metal,,,2,124,normal,G,強化擴充包「寶可夢卡牌151」,SV2a,Ayaka Yoshida,,迷唇姐ex,ex,B+,15.00,Base:5.0|Meta:0.0|Exp:2.0|Func:2.0|Syn:2.0|Eff:0.0|Dmg:4.0|Mod:1.00,"昏厥條件, 狀態異常",無
電擊獸,基礎,8991,https://asia.pokemon-card.com/hk/card-img/hk00008991.png,寶可夢,90,Lightning,,,電氣合擊,Lightning,10+,若自己的備戰區有「鴨嘴火獸」，則增加40點傷害。,打擊,"Lightning,Colorless",30,,,Fighting,,,2,125,normal,G,強化擴充包「寶可夢卡牌151」,SV2a,NC Empire,暴風雨來臨時，牠們會聚集在高大的樹周圍，<br/>靜靜地一直等待落雷。,電擊獸 → 電擊魔獸 → 電擊魔獸ex,,B,12.00,Base:5.0|Meta:0.0|Exp:2.0|Func:1.0|Syn:2.0|Eff:0.0|Dmg:2.0|Mod:1.00,條件傷害,無
電擊獸,基礎,10893,https://asia.pokemon-card.com/hk/card-img/hk00010893.png,寶可夢,90,Lightning,,,劈打,Lightning,20,,麻麻拳,"Lightning,Colorless,Colorless",50,,,Fighting,,,2,25,normal,H,擴充包「異度審判」,SV5M,Uta,很多發電廠會用地面屬性的寶可夢當守衛，藉以對抗<br/>想伺機偷吃電力的電擊獸。,電擊獸 → 電擊魔獸 → 電擊魔獸ex,,C,8.00,Base:5.0|Meta:0.0|Exp:2.0|Func:0.0|Syn:0.0|Eff:0.0|Dmg:1.0|Mod:1.00,無,無
電擊獸,基礎,11819,https://asia.pokemon-card.com/hk/card-img/hk00011819.png,寶可夢,90,Lightning,,,呼喚,Lightning,,從自己的牌庫抽出1張卡。,增量拳,"Lightning,Lightning",40,,,Fighting,,,2,28,normal,H,擴充包「星晶奇跡」,SV7,Oswaldo KATO,人們正在研究如何把雷電<br/> 儲存到電擊獸的體內，<br/> 以便隨時使用。,電擊獸 → 電擊魔獸 → 電擊魔獸ex,,B,12.00,Base:5.0|Meta:0.0|Exp:3.0|Func:3.0|Syn:0.0|Eff:0.0|Dmg:1.0|Mod:1.00,"抽卡效果, 搜索效果",無
鴨嘴火獸,基礎,8992,https://asia.pokemon-card.com/hk/card-img/hk00008992.png,寶可夢,90,Fire,,,火種,Fire,10,,閃焰合擊,"Fire,Fire,Colorless",80+,若自己的備戰區有「電擊獸」，則增加80點傷害。,,Water,,,2,126,normal,G,強化擴充包「寶可夢卡牌151」,SV2a,Toshinao Aoki,全身時時刻刻都在燃燒。人們認為牠是引起火災的<br/>原因之一，非常畏懼牠。,鴨嘴火獸 → 鴨嘴炎獸,,B+,14.00,Base:5.0|Meta:0.0|Exp:2.0|Func:1.0|Syn:2.0|Eff:0.0|Dmg:4.0|Mod:1.00,條件傷害,無
鴨嘴火獸,基礎,13007,https://asia.pokemon-card.com/hk/card-img/hk00013007.png,寶可夢,80,Fire,,,灼燒,"Fire,Colorless",30,擲1次硬幣若為正面，則將對手的戰鬥寶可夢【灼傷】。,,,,,,Water,,,2,13,normal,I,擴充包「對戰搭檔」,SV9,Naoyo Kimura,在火山口附近被發現。<br/>會從口中吐出火焰。<br/>體溫高達１２００度。,鴨嘴火獸 → 鴨嘴炎獸,,B,13.00,Base:5.0|Meta:0.0|Exp:3.0|Func:2.0|Syn:2.0|Eff:0.0|Dmg:1.0|Mod:1.00,"狀態施加, 硬幣判定",無
鴨嘴火獸,基礎,9804,https://asia.pokemon-card.com/hk/card-img/hk00009804.png,寶可夢,80,Fire,,,呼喚,Fire,,從自己的牌庫抽出1張卡。,吐火,"Fire,Colorless",40,,,Water,,,2,1,normal,G,起始組合 太晶 骨紋巨聲鱷ex,SVEL,miki kudo,全身時時刻刻都在燃燒。人們認為牠是引起火災的<br/>原因之一，非常畏懼牠。,鴨嘴火獸 → 鴨嘴炎獸,,B,11.00,Base:5.0|Meta:0.0|Exp:2.0|Func:3.0|Syn:0.0|Eff:0.0|Dmg:1.0|Mod:1.00,"抽卡效果, 搜索效果",無
凱羅斯,基礎,8993,https://asia.pokemon-card.com/hk/card-img/hk00008993.png,寶可夢,120,Grass,,,夾住,"Grass,Colorless",30,,蠻幹上投,"Grass,Grass,Colorless",90+,若自己剩餘獎賞卡的張數，比對手剩餘獎賞卡的張數多，則增加90點傷害。,,Fire,,,2,127,normal,G,強化擴充包「寶可夢卡牌151」,SV2a,Yuya Oka,會用角緊緊夾住獵物，就這樣把對方剪成兩半<br/>或是把牠硬扔到天邊去。,凱羅斯,,B+,15.00,Base:5.0|Meta:0.0|Exp:2.0|Func:2.0|Syn:2.0|Eff:0.0|Dmg:4.0|Mod:1.00,"條件傷害, 獎賞控制",無
凱羅斯,基礎,11120,https://asia.pokemon-card.com/hk/card-img/hk00011120.png,寶可夢,110,Grass,,,慢嚼碎,"Grass,Colorless",,將這隻寶可夢身上附加的能量卡全部丟棄。在下個對手的回合結束時，受到這個招式的寶可夢會【昏厥】。,怪力角擊,"Grass,Colorless,Colorless",100,,,Fire,,,2,3,normal,H,強化擴充包「緋紅薄霧」,SV5a,HYOGONOSUKE,會以角來判斷彼此的地位。凱羅斯的角越是粗壯氣派，<br/>就越能得到異性的愛戴。,凱羅斯,,A,17.00,Base:5.0|Meta:0.0|Exp:2.0|Func:5.0|Syn:2.0|Eff:0.0|Dmg:3.0|Mod:1.00,能量操作,丟棄效果
肯泰羅,基礎,8994,https://asia.pokemon-card.com/hk/card-img/hk00008994.png,寶可夢,120,Colorless,,,群集,Colorless,,從自己的牌庫選擇1張【基礎】寶可夢卡，放置於備戰區。並且重洗牌庫。,憤怒,"Colorless,Colorless",30+,增加這隻寶可夢身上放置的傷害指示物的數量×10點傷害。,,Fighting,,,2,128,normal,G,強化擴充包「寶可夢卡牌151」,SV2a,Takeshi Nakamura,鎖定了獵物之後，就會一邊用尾巴抽打身體，<br/>一邊筆直地衝向目標。,肯泰羅,,B,11.00,Base:5.0|Meta:0.0|Exp:2.0|Func:2.0|Syn:0.0|Eff:0.0|Dmg:2.0|Mod:1.00,"備戰傷害加成, 傷害指示物, 搜索效果",放置效果
肯泰羅,基礎,13254,https://asia.pokemon-card.com/hk/card-img/hk00013254.png,寶可夢,130,Colorless,,,角撞,Colorless,30,,俐落一擊,"Colorless,Colorless",50+,若對手的戰鬥寶可夢為進化寶可夢，則增加50點傷害。,,Fighting,,,2,53,normal,I,強化擴充包「熱風競技場」,SV9a,yuu,鎖定了獵物之後，<br/>就會一邊用尾巴抽打身體，<br/>一邊筆直地衝向目標。,肯泰羅,,A,18.00,Base:5.0|Meta:0.0|Exp:3.0|Func:5.0|Syn:2.0|Eff:0.0|Dmg:3.0|Mod:1.00,"條件傷害, 進化支援",無
肯泰羅,基礎,12231,https://asia.pokemon-card.com/hk/card-img/hk00012231.png,寶可夢,120,Colorless,,,破壞之角,"Colorless,Colorless,Colorless",70,擲1次硬幣若為正面，則選擇1個對手的戰鬥寶可夢身上附加的能量，將其丟棄。,,,,,,Fighting,,,2,44,normal,H,Trianers Camp,SVI,Uninori,精力十足且個性火爆。<br/>一旦開始奔跑，在撞到<br/>東西之前都不會停下腳步。,肯泰羅,,B+,16.00,Base:5.0|Meta:0.0|Exp:2.0|Func:5.0|Syn:2.0|Eff:0.0|Dmg:2.0|Mod:1.00,"硬幣判定, 能量操作",丟棄效果
拉普拉斯,基礎,8997,https://asia.pokemon-card.com/hk/card-img/hk00008997.png,寶可夢,110,Water,,,後背乘載,Water,,從自己的牌庫選擇最多2張寶可夢卡，在給對手看過後加入手牌。並且重洗牌庫。,水之刀鋒,"Water,Colorless,Colorless",90,,,Lightning,,,1,131,normal,G,強化擴充包「寶可夢卡牌151」,SV2a,LINNE,十分耐寒，不畏冰海。皮膚滑滑的，<br/>摸起來會有點涼。,拉普拉斯,,B+,14.00,Base:5.0|Meta:0.0|Exp:2.0|Func:4.0|Syn:0.0|Eff:0.0|Dmg:3.0|Mod:1.00,"抽卡效果, 搜索效果",無
拉普拉斯,基礎,9847,https://asia.pokemon-card.com/hk/card-img/hk00009847.png,寶可夢,110,Water,,,深潛,Colorless,,從自己的棄牌區選擇最多3張基本能量卡，在給對手看過後加入手牌。,冷凍乾燥,"Water,Colorless",50,擲1次硬幣若為正面，則將對手的戰鬥寶可夢【麻痺】。,,Metal,,,1,2,normal,G,強化擴充包「激狂駭浪」,SV3a,Gemi,十分耐寒，不畏冰海。皮膚滑滑的，<br/>摸起來會有點涼。,拉普拉斯,,B+,15.00,Base:5.0|Meta:0.0|Exp:2.0|Func:5.0|Syn:2.0|Eff:0.0|Dmg:1.0|Mod:1.00,"搜索效果, 狀態異常, 硬幣判定",無
拉普拉斯,基礎,9244,https://asia.pokemon-card.com/hk/card-img/hk00009244.png,寶可夢,110,Water,,,冰雹,"Colorless,Colorless",,對手的所有寶可夢各受到10點傷害。[在備戰區不計算弱點・抵抗力。],凍凝之風,"Water,Water,Colorless",100,,,Metal,,,1,22,normal,G,ex初階牌組,SVD,matazo,十分耐寒，不畏冰海。皮膚滑滑的，<br/>摸起來會有點涼。,拉普拉斯,,B,13.00,Base:5.0|Meta:0.0|Exp:2.0|Func:3.0|Syn:0.0|Eff:0.0|Dmg:3.0|Mod:1.00,連鎖傷害,無
拉普拉斯,基礎,12197,https://asia.pokemon-card.com/hk/card-img/hk00012197.png,寶可夢,130,Water,,,水槍,Water,20,,衝浪,"Water,Colorless,Colorless",80,,,Lightning,,,2,12,normal,H,Trianers Camp,SVI,rika,喜歡載著人類<br/>和寶可夢渡過大海。<br/>能夠理解人類的語言。,拉普拉斯,,C+,9.00,Base:5.0|Meta:0.0|Exp:2.0|Func:0.0|Syn:0.0|Eff:0.0|Dmg:2.0|Mod:1.00,無,無
水伊布,1階進化,9000,https://asia.pokemon-card.com/hk/card-img/hk00009000.png,寶可夢,130,Water,,,螺旋吸取,Water,30,將這隻寶可夢恢復「30」HP。,鬥志潮旋,"Water,Colorless,Colorless",90+,若對手的戰鬥寶可夢為「寶可夢【ex】・【V】」，則增加90點傷害。,,Lightning,,,2,134,normal,G,強化擴充包「寶可夢卡牌151」,SV2a,kirisAki,雖然棲息在水邊，但由於尾巴上有像是魚的鰭，<br/>因此有的人會把牠誤認成人魚。,伊布 → 仙子伊布 → 冰伊布 → 葉伊布 → 太陽伊布 → 月亮伊布 → 雷伊布 → 水伊布 → 火伊布 → 冰伊布GX → 葉伊布GX → 仙子伊布GX → 月亮伊布GX → 太陽伊布GX → 雷伊布GX → 水伊布GX → 火伊布GX → 月亮伊布ex → 仙子伊布ex → 太陽伊布ex → 雷伊布ex → 冰伊布ex → 水伊布ex → 火伊布ex → 葉伊布ex,,A,17.00,Base:5.0|Meta:0.0|Exp:2.0|Func:4.0|Syn:2.0|Eff:0.0|Dmg:4.0|Mod:1.00,"回復效果, 條件傷害",無
雷伊布,1階進化,9001,https://asia.pokemon-card.com/hk/card-img/hk00009001.png,寶可夢,110,Lightning,,,直擊彈,Lightning,,對手的1隻寶可夢受到30點傷害。[在備戰區不計算弱點・抵抗力。],鬥志雷霆,"Lightning,Colorless,Colorless",90+,若對手的戰鬥寶可夢為「寶可夢【ex】・【V】」，則增加90點傷害。,,Fighting,,,0,135,normal,G,強化擴充包「寶可夢卡牌151」,SV2a,sui,會把細胞發出的微弱電流都集中起來<br/>釋放強力的電擊。,伊布 → 仙子伊布 → 冰伊布 → 葉伊布 → 太陽伊布 → 月亮伊布 → 雷伊布 → 水伊布 → 火伊布 → 冰伊布GX → 葉伊布GX → 仙子伊布GX → 月亮伊布GX → 太陽伊布GX → 雷伊布GX → 水伊布GX → 火伊布GX → 月亮伊布ex → 仙子伊布ex → 太陽伊布ex → 雷伊布ex → 冰伊布ex → 水伊布ex → 火伊布ex → 葉伊布ex,,B+,16.00,Base:5.0|Meta:0.0|Exp:2.0|Func:3.0|Syn:2.0|Eff:0.0|Dmg:4.0|Mod:1.00,"條件傷害, 連鎖傷害",無
火伊布,1階進化,9002,https://asia.pokemon-card.com/hk/card-img/hk00009002.png,寶可夢,130,Fire,,,破壞火,Fire,30,擲1次硬幣若為正面，則選擇1個對手的戰鬥寶可夢身上附加的能量，將其丟棄。,鬥志猛火,"Fire,Colorless,Colorless",90+,若對手的戰鬥寶可夢為「寶可夢【ex】・【V】」，則增加90點傷害。,,Water,,,2,136,normal,G,強化擴充包「寶可夢卡牌151」,SV2a,Ryota Murayama,會將吸入的空氣送進體內的火囊轉化成<br/>１７００度的火焰後再吐出來。,伊布 → 仙子伊布 → 冰伊布 → 葉伊布 → 太陽伊布 → 月亮伊布 → 雷伊布 → 水伊布 → 火伊布 → 冰伊布GX → 葉伊布GX → 仙子伊布GX → 月亮伊布GX → 太陽伊布GX → 雷伊布GX → 水伊布GX → 火伊布GX → 月亮伊布ex → 仙子伊布ex → 太陽伊布ex → 雷伊布ex → 冰伊布ex → 水伊布ex → 火伊布ex → 葉伊布ex,,A,18.00,Base:5.0|Meta:0.0|Exp:2.0|Func:5.0|Syn:2.0|Eff:0.0|Dmg:4.0|Mod:1.00,"條件傷害, 硬幣判定, 能量操作",丟棄效果
多邊獸,基礎,9003,https://asia.pokemon-card.com/hk/card-img/hk00009003.png,寶可夢,60,Colorless,,,紋理4,Colorless,,從【草】【火】【水】【雷】【超】【鬥】【惡】【鋼】【龍】中選擇1個屬性。受到這個招式的寶可夢弱點改為所選的屬性。這個效果在受到這個招式的寶可夢離開戰鬥場前一直持續。［弱點以「×2」計算傷害。］,,,,,,Fighting,,,1,137,normal,G,強化擴充包「寶可夢卡牌151」,SV2a,5ban Graphics,近年在電腦空間大展身手。會四處巡邏查看<br/>有沒有可疑的資料。,多邊獸 → 多邊獸Ⅱ → 多邊獸Ｚ → 多邊獸ＺGX,,C,7.00,Base:5.0|Meta:0.0|Exp:2.0|Func:0.0|Syn:0.0|Eff:0.0|Dmg:0.0|Mod:1.00,弱點改變,無
多邊獸,基礎,10072,https://asia.pokemon-card.com/hk/card-img/hk00010072.png,寶可夢,60,Colorless,,,資料處理,Colorless,10,擲1次硬幣若為正面，則選擇1個對手的戰鬥寶可夢身上附加的能量，改附於對手的備戰寶可夢身上。,,,,,,Fighting,,,1,48,normal,G,擴充包「未來閃光」,SV4M,Taiga Kayama,近年在電腦空間大展身手。會四處巡邏查看有沒有可疑的資料。,多邊獸 → 多邊獸Ⅱ → 多邊獸Ｚ → 多邊獸ＺGX,,A,17.00,Base:5.0|Meta:0.0|Exp:2.0|Func:8.0|Syn:2.0|Eff:0.0|Dmg:0.0|Mod:1.00,"硬幣判定, 能量操作",無
菊石獸,1階進化,9004,https://asia.pokemon-card.com/hk/card-img/hk00009004.png,寶可夢,100,Water,,,觸手復元,"Water,Water",50,選擇1個對手的戰鬥寶可夢身上附加的能量，放回對手的手牌。,,,,,,Lightning,,,2,138,normal,G,強化擴充包「寶可夢卡牌151」,SV2a,Akira Komayama,一度滅絕的古代寶可夢。會使用１０隻腳划水，<br/>在水中一漂一浮地游動。,菊石獸 → 多刺菊石獸,,B,13.00,Base:5.0|Meta:0.0|Exp:2.0|Func:5.0|Syn:0.0|Eff:0.0|Dmg:1.0|Mod:1.00,能量操作,無
多刺菊石獸,2階進化,9005,https://asia.pokemon-card.com/hk/card-img/hk00009005.png,寶可夢,150,Water,原始觸手,只要這隻寶可夢在戰鬥場上，對手的戰鬥寶可夢無法撤退。,水分岔,"Water,Water",90,對手的2隻備戰寶可夢也各受到30點傷害。[在備戰區不計算弱點・抵抗力。],,,,,,Lightning,,,3,139,normal,G,強化擴充包「寶可夢卡牌151」,SV2a,Akira Komayama,尖銳的牙齒足以咬碎岩石，但能夠襲擊的獵物僅限在<br/>牠的觸手可及的範圍之內。,菊石獸 → 多刺菊石獸,,B,13.00,Base:5.0|Meta:0.0|Exp:2.0|Func:3.0|Syn:0.0|Eff:0.0|Dmg:3.0|Mod:1.00,"撤退封鎖, 連鎖傷害",撤退效果
化石盔,1階進化,9006,https://asia.pokemon-card.com/hk/card-img/hk00009006.png,寶可夢,90,Fighting,,,雙重抓,"Fighting,Colorless",70×,擲2次硬幣，造成正面出現的次數×70點傷害。,,,,,,Grass,,,2,140,normal,G,強化擴充包「寶可夢卡牌151」,SV2a,Souichirou Gunjima,雖然有人說這種寶可夢已經滅絕，但牠在一部分<br/>地區似乎是相當常見的。,化石盔 → 鐮刀盔,,B,13.00,Base:5.0|Meta:0.0|Exp:2.0|Func:0.0|Syn:0.0|Eff:0.0|Dmg:6.0|Mod:1.00,"傷害效果, 硬幣判定",無
鐮刀盔,2階進化,9007,https://asia.pokemon-card.com/hk/card-img/hk00009007.png,寶可夢,160,Fighting,遠古真理,只要這隻寶可夢在場上，對手的戰鬥寶可夢的弱點以「×4」計算傷害。,吸取揮砍,"Fighting,Colorless,Colorless",100,將這隻寶可夢恢復「30」HP。,,,,,,Grass,,,2,141,normal,G,強化擴充包「寶可夢卡牌151」,SV2a,Souichirou Gunjima,沒有人知道牠為何會滅絕。過去曾棲息在溫暖的海域，<br/>是性情凶暴的古代寶可夢。,化石盔 → 鐮刀盔,,B+,14.00,Base:5.0|Meta:0.0|Exp:2.0|Func:4.0|Syn:0.0|Eff:0.0|Dmg:3.0|Mod:1.00,"回復效果, 弱點改變",無
化石翼龍,1階進化,9008,https://asia.pokemon-card.com/hk/card-img/hk00009008.png,寶可夢,130,Colorless,,,滑翔,Colorless,30,,退化光線,"Colorless,Colorless",100,從對手的進化的戰鬥寶可夢身上，移除1張「進化卡」使其退化。將移除的卡放回對手的手牌。,,Lightning,,Fighting,0,142,normal,G,強化擴充包「寶可夢卡牌151」,SV2a,Shinji Kanda,擁有像鋸子般的牙齒，就連鋼屬性寶可夢的<br/>皮膚都能撕裂成碎片。,化石翼龍,,B+,15.00,Base:5.0|Meta:0.0|Exp:2.0|Func:5.0|Syn:0.0|Eff:0.0|Dmg:3.0|Mod:1.00,進化支援,無
急凍鳥,基礎,9010,https://asia.pokemon-card.com/hk/card-img/hk00009010.png,寶可夢,120,Water,冰之浮游,若這隻寶可夢身上附有【水】能量卡，則這隻寶可夢【撤退】所需的能量全部消除。,暴風雪,"Water,Water,Water",110,對手的所有備戰寶可夢也各受到10點傷害。<br/>[在備戰區不計算弱點・抵抗力。],,,,,,Lightning,,Fighting,2,144,normal,G,強化擴充包「寶可夢卡牌151」,SV2a,chibi,擁有能自在操縱冰的能力。據說是棲息在<br/>永凍之地的雪山中。,急凍鳥,,B+,15.00,Base:5.0|Meta:0.0|Exp:2.0|Func:5.0|Syn:0.0|Eff:0.0|Dmg:3.0|Mod:1.00,"撤退干擾, 連鎖傷害",撤退效果
急凍鳥,基礎,13012,https://asia.pokemon-card.com/hk/card-img/hk00013012.png,寶可夢,110,Water,,,冰冷羽擊,Colorless,,從自己的牌庫選擇最多2張「基本【水】能量」卡，附於這隻寶可夢身上。並且重洗牌庫。,冰之爆破,"Water,Water,Colorless",110,,,Lightning,,Fighting,1,18,normal,I,擴充包「對戰搭檔」,SV9,Takumi Wada,擁有能自在操縱冰的<br/>能力。據說是棲息在<br/>永凍之地的雪山中。,急凍鳥,,B+,14.00,Base:5.0|Meta:0.0|Exp:3.0|Func:3.0|Syn:0.0|Eff:0.0|Dmg:3.0|Mod:1.00,搜索效果,無
迷你龍,基礎,9013,https://asia.pokemon-card.com/hk/card-img/hk00009013.png,寶可夢,60,Dragon,,,敲擊,Water,10,,龍之鞭打,"Water,Lightning",40,,,,,,1,147,normal,G,強化擴充包「寶可夢卡牌151」,SV2a,Sanosuke Sakuma,會在直瀉而下的瀑布保護下反覆蛻皮，<br/>使身體變得越來越大。,迷你龍 → 哈克龍 → 快龍 → 快龍GX → 快龍ex,,C,8.00,Base:5.0|Meta:0.0|Exp:2.0|Func:0.0|Syn:0.0|Eff:0.0|Dmg:1.0|Mod:1.00,無,無
哈克龍,1階進化,9014,https://asia.pokemon-card.com/hk/card-img/hk00009014.png,寶可夢,100,Dragon,,,敲擊,Water,20,,水流斬,"Water,Lightning",90,在下個自己的回合，這隻寶可夢無法使用招式。,,,,,2,148,normal,G,強化擴充包「寶可夢卡牌151」,SV2a,Sanosuke Sakuma,據說牠全身上下散發出氣場時，周圍的天氣<br/>就會在轉眼間為之一變。,迷你龍 → 哈克龍 → 快龍 → 快龍GX → 快龍ex,,C+,10.00,Base:5.0|Meta:0.0|Exp:2.0|Func:0.0|Syn:0.0|Eff:0.0|Dmg:3.0|Mod:1.00,"使用限制, 招式鎖定",無
快龍,2階進化,9015,https://asia.pokemon-card.com/hk/card-img/hk00009015.png,寶可夢,180,Dragon,噴射巡航,只要這隻寶可夢在場上，自己的所有寶可夢【撤退】所需的能量全部消除。,龍之波動,"Water,Lightning",180,將自己的牌庫上方2張卡丟棄。,,,,,,,,,3,149,normal,G,強化擴充包「寶可夢卡牌151」,SV2a,Sanosuke Sakuma,在廣大海洋的某處，似乎存在著只群居著<br/>快龍的島。,迷你龍 → 哈克龍 → 快龍 → 快龍GX → 快龍ex,,B+,14.00,Base:5.0|Meta:0.0|Exp:2.0|Func:2.0|Syn:0.0|Eff:0.0|Dmg:5.0|Mod:1.00,"其他效果, 撤退干擾",撤退效果
超夢,基礎,9016,https://asia.pokemon-card.com/hk/card-img/hk00009016.png,寶可夢,130,Psychic,,,反射屏障,"Colorless,Colorless",20,在下個對手的回合，這隻寶可夢受到招式的傷害時，將與受到的傷害相同數值的傷害指示物，放置於使用招式的寶可夢身上。,精神強襲,"Psychic,Psychic,Colorless",130,選擇2個這隻寶可夢身上附加的能量，將其丟棄。,,Darkness,,Fighting,2,150,normal,G,強化擴充包「寶可夢卡牌151」,SV2a,AKIRA EGAWA,藉著重組夢幻的基因而誕生。 據說有著所有寶可夢中最殘暴的心。,超夢,,B+,16.00,Base:5.0|Meta:0.0|Exp:2.0|Func:5.0|Syn:0.0|Eff:0.0|Dmg:4.0|Mod:1.00,"傷害指示物, 能量操作",無
超夢,基礎,12210,https://asia.pokemon-card.com/hk/card-img/hk00012210.png,寶可夢,130,Psychic,,,超念力,"Psychic,Psychic,Colorless",100,,,,,,,Darkness,,Fighting,2,24,normal,H,Trianers Camp,SVI,kantaro,藉著重組夢幻的基因而誕生。<br/>據說有著所有寶可夢中最殘暴的心。,超夢,,C+,10.00,Base:5.0|Meta:0.0|Exp:2.0|Func:0.0|Syn:0.0|Eff:0.0|Dmg:3.0|Mod:1.00,無,無
夢幻ex,基礎,9017,https://asia.pokemon-card.com/hk/card-img/hk00009017.png,寶可夢,180,Psychic,重啟,在自己的回合時可使用1次。從牌庫抽卡直到自己的手牌滿3張為止。,基因駭入,"Colorless,Colorless,Colorless",,選擇1個對手的戰鬥寶可夢持有的招式，作為這個招式使用。,[ex規則],,,寶可夢【ex】【昏厥】時，對手獲得2張獎賞卡。,,Darkness,,Fighting,0,151,normal,G,強化擴充包「寶可夢卡牌151」,SV2a,aky CG Works,,夢幻ex,ex,B,12.00,Base:5.0|Meta:0.0|Exp:2.0|Func:5.0|Syn:0.0|Eff:0.0|Dmg:0.0|Mod:1.00,"抽卡效果, 招式複製, 招式複製對手, 獎賞控制",無
捕蟲組合,,11378,https://asia.pokemon-card.com/hk/card-img/hk00011378.png,物品卡,,,,,,,,查看自己的牌庫上方7張卡，從其中選擇【草】寶可夢卡與「基本【草】能量」卡合計最多2張，在給對手看過後加入手牌。將剩餘卡放回牌庫並重洗。,,,,,,,,,,94,normal,H,擴充包「變幻假面」,SV6,AYUMI ODASHIMA,,,,A,17.00,Base:7.0|Meta:0.0|Exp:3.0|Func:7.0|Syn:0.0|Eff:0.0|Dmg:0.0|Mod:1.00,"抽卡效果, 搜索效果",無
桌台市,,8448,https://asia.pokemon-card.com/hk/card-img/hk00008448.png,競技場卡,,,,,,,,雙方玩家在每個自己的回合時，可使用1次，可擲1次硬幣。若為正面， 從自己的牌庫選擇1張寶可夢卡，在給對手看過後加入手牌。並且重洗牌庫。,,,,在自己的回合時，可將1張競技場卡放置於戰鬥場旁邊。若其他競技場卡被放置，則將這張卡丟棄。不可放置名稱相同的競技場卡。,,,,,,78,normal,G,擴充包「紫ex」,SV1V,Oswaldo KATO,,,,B+,14.00,Base:6.0|Meta:0.0|Exp:2.0|Func:4.0|Syn:2.0|Eff:0.0|Dmg:0.0|Mod:1.00,"抽卡效果, 搜索效果, 硬幣判定",競技場效果
泰姆,,11028,https://asia.pokemon-card.com/hk/card-img/hk00011028.png,支援者卡,,,,,,,,從自己的手牌選擇1張寶可夢卡，向對手宣言那隻寶可夢的名稱後，翻到反面放置。對手回答那隻寶可夢的HP。將翻到反面的寶可夢卡翻到正面，若正確，則對手從牌庫抽出4張卡。若不正確，則自己從牌庫抽出4張卡。然後，將放置的卡放回自己的手牌。,,,,在自己的回合時，支援者卡只可使用1張。,,,,,,93,promo,H,特典卡 朱&紫,SV,Akira Komayama,,,,A,18.00,Base:8.0|Meta:0.0|Exp:2.0|Func:6.0|Syn:2.0|Eff:0.0|Dmg:0.0|Mod:1.00,搜索效果,大量抽卡
海岱,,11890,https://asia.pokemon-card.com/hk/card-img/hk00011890.png,支援者卡,,,,,,,,選擇2張自己的手牌，以任意順序排列，放回牌庫下方。然後，從牌庫抽出4張卡。（若無法放回2張自己的手牌，則無法使用這張卡。）,,,,,,,,,,99,normal,H,擴充包「星晶奇跡」,SV7,Hideki Ishikawa,,,,B+,16.00,Base:8.0|Meta:0.0|Exp:3.0|Func:3.0|Syn:2.0|Eff:0.0|Dmg:0.0|Mod:1.00,"招式鎖定, 搜索效果",大量抽卡
海灘場地,,8370,https://asia.pokemon-card.com/hk/card-img/hk00008370.png,競技場卡,,,,,,,,雙方的所有【基礎】寶可夢【撤退】所需的能量，各減少1個。,,,,在自己的回合時，可將1張競技場卡放置於戰鬥場旁邊。若其他競技場卡被放置，則將這張卡丟棄。不可放置名稱相同的競技場卡。,,,,,,78,normal,G,擴充包「朱ex」,SV1S,Oswaldo KATO,,,,B,12.00,Base:6.0|Meta:0.0|Exp:2.0|Func:2.0|Syn:2.0|Eff:0.0|Dmg:0.0|Mod:1.00,撤退干擾,"撤退效果, 競技場效果"
安全護目鏡,,9023,https://asia.pokemon-card.com/hk/card-img/hk00009023.png,寶可夢道具,,,,,,,,附有這張卡的【基礎】寶可夢的弱點全部消除。,[寶可夢道具的規則],,,在自己的回合時，可將不限張數的寶可夢道具卡附於自己的寶可夢身上。1隻寶可夢只可附上1張寶可夢道具卡，並且保持附加狀態。,,,,,,157,normal,G,強化擴充包「寶可夢卡牌151」,SV2a,Toyste Beach,,,,B,11.00,Base:6.0|Meta:0.0|Exp:2.0|Func:1.0|Syn:2.0|Eff:0.0|Dmg:0.0|Mod:1.00,"其他效果, 弱點消除",無
大氣球,,9024,https://asia.pokemon-card.com/hk/card-img/hk00009024.png,寶可夢道具,,,,,,,,附有這張卡的【2階進化】寶可夢【撤退】所需的能量全部消除。,[寶可夢道具的規則],,,在自己的回合時，可將不限張數的寶可夢道具卡附於自己的寶可夢身上。1隻寶可夢只可附上1張寶可夢道具卡，並且保持附加狀態。,,,,,,158,normal,G,強化擴充包「寶可夢卡牌151」,SV2a,Toyste Beach,,,,A,19.00,Base:6.0|Meta:0.0|Exp:2.0|Func:6.0|Syn:5.0|Eff:0.0|Dmg:0.0|Mod:1.00,"其他效果, 撤退干擾, 進化支援",撤退效果
硬硬束帶,,9025,https://asia.pokemon-card.com/hk/card-img/hk00009025.png,寶可夢道具,,,,,,,,附有這張卡的【1階進化】寶可夢，受到對手的寶可夢招式的傷害「-30」點。,[寶可夢道具的規則],,,在自己的回合時，可將不限張數的寶可夢道具卡附於自己的寶可夢身上。1隻寶可夢只可附上1張寶可夢道具卡，並且保持附加狀態。,,,,,,159,normal,G,強化擴充包「寶可夢卡牌151」,SV2a,Toyste Beach,,,,B+,14.00,Base:6.0|Meta:0.0|Exp:2.0|Func:6.0|Syn:0.0|Eff:0.0|Dmg:0.0|Mod:1.00,"其他效果, 進化支援",無
吃剩的東西,,9026,https://asia.pokemon-card.com/hk/card-img/hk00009026.png,寶可夢道具,,,,,,,,在自己的回合結束時，將附有這張卡的戰鬥寶可夢恢復「20」HP。,[寶可夢道具的規則],,,在自己的回合時，可將不限張數的寶可夢道具卡附於自己的寶可夢身上。1隻寶可夢只可附上1張寶可夢道具卡，並且保持附加狀態。,,,,,,160,normal,G,強化擴充包「寶可夢卡牌151」,SV2a,Studio Bora Inc.,,,,B,11.00,Base:6.0|Meta:0.0|Exp:2.0|Func:3.0|Syn:0.0|Eff:0.0|Dmg:0.0|Mod:1.00,"其他效果, 回復效果",無
吃剩的東西,,10281,https://asia.pokemon-card.com/hk/card-img/hk00010281.png,寶可夢道具,,,,,,,,在自己的回合結束時，若附有這張卡的寶可夢在戰鬥場上，則將那隻寶可夢恢復「20」HP。,,,,,,,,,,167,normal,G,高級擴充包「閃色寶藏ex」,SV4a,Studio Bora Inc.,,,,B+,14.00,Base:6.0|Meta:0.0|Exp:2.0|Func:2.0|Syn:4.0|Eff:0.0|Dmg:0.0|Mod:1.00,回復效果,無
烏栗,,11760,https://asia.pokemon-card.com/hk/card-img/hk00011760.png,支援者卡,,,,,,,,這張卡從2種效果中選擇1種使用。<br/> <br/>◆將自己的戰鬥寶可夢與備戰寶可夢互換。<br/> <br/>◆在這個回合，自己的寶可夢使用的招式，對對手的戰鬥場的「寶可夢【ex】・【V】」造成的傷害「+30」點。,,,,,,,,,,142,promo,H,特典卡 朱&紫,SV,GIDORA,,,,B+,15.00,Base:8.0|Meta:0.0|Exp:2.0|Func:5.0|Syn:0.0|Eff:0.0|Dmg:0.0|Mod:1.00,"HP提升, 傷害效果, 切換效果",無
琉琪亞的展示,,11989,https://asia.pokemon-card.com/hk/card-img/hk00011989.png,支援者卡,,,,,,,,選擇1隻對手的備戰區的【基礎】寶可夢，與戰鬥寶可夢互換。然後，將新上場的寶可夢【混亂】。,,,,,,,,,,63,normal,H,強化擴充包「樂園騰龍」,SV7a,En Morikura,,,,B+,16.00,Base:8.0|Meta:0.0|Exp:3.0|Func:5.0|Syn:0.0|Eff:0.0|Dmg:0.0|Mod:1.00,"切換效果, 狀態異常",無
真菰,,14106,https://asia.pokemon-card.com/hk/card-img/hk00014106.png,支援者卡,,,,,,,,將自己的所有寶可夢各恢復「40」HP。,,,,,,,,,,85,normal,I,擴充包「漆黑伏特」,SV11B,Yuu Nishida,,,,B,13.00,Base:8.0|Meta:0.0|Exp:3.0|Func:2.0|Syn:0.0|Eff:0.0|Dmg:0.0|Mod:1.00,回復效果,無
神奇糖果,,14425,https://asia.pokemon-card.com/hk/card-img/hk00014425.png,物品卡,,,,,,,,從自己的手牌選擇1張【2階進化】寶可夢卡，放置於自己的場上的可進化成那隻寶可夢的【基礎】寶可夢身上，跳過【1階進化】完成進化。（無法對自己的最初回合或剛使出的寶可夢使用。）,,,,,,,,,,82,high,I,擴充包「超級交響樂」,M1S,Studio Bora Inc.,,,,S,23.00,Base:7.0|Meta:5.0|Exp:-1.0|Func:7.0|Syn:5.0|Eff:0.0|Dmg:0.0|Mod:1.00,進化支援,放置效果
神秘花園,,14329,https://asia.pokemon-card.com/hk/card-img/hk00014329.png,競技場卡,,,,,,,,雙方玩家在每個自己的回合時，可使用1次，若從手牌將1張能量卡丟棄，則可從牌庫抽卡直到自己手牌的張數與自己場上【超】寶可夢的數量相同為止。,,,,,,,,,,63,normal,I,擴充包「超級交響樂」,M1S,AYUMI ODASHIMA,,,,B+,14.00,Base:6.0|Meta:0.0|Exp:-1.0|Func:5.0|Syn:4.0|Eff:0.0|Dmg:0.0|Mod:1.00,抽卡效果,無
秘密箱,,11376,https://asia.pokemon-card.com/hk/card-img/hk00011376.png,物品卡,,,,,,,,這張卡必須將自己的3張手牌丟棄才可使用。<br/><br/>從自己的牌庫選擇「物品」「寶可夢道具」「支援者」「競技場」卡各1張，在給對手看過後加入手牌。並且重洗牌庫。,,,,,,,,,,92,normal,H,擴充包「變幻假面」,SV6,Toyste Beach,,,,B+,14.00,Base:7.0|Meta:0.0|Exp:3.0|Func:4.0|Syn:0.0|Eff:0.0|Dmg:0.0|Mod:1.00,"抽卡效果, 搜索效果","丟棄效果, 競技場效果"
粉碎之錘,,4806,https://asia.pokemon-card.com/hk/card-img/hk00004806.png,物品卡,,,,,,,,擲1次硬幣若為正面，則將對手的場上寶可夢身上所附加的1個能量丟到棄牌區。,,,,在自己的回合時，物品卡可不限張數使用。,,,,,,132,normal,G,擴充包「眾星雲集組合篇」SET B,AC1b,Yoshinobu Saito,,,,A+,21.00,Base:7.0|Meta:3.0|Exp:-1.0|Func:8.0|Syn:4.0|Eff:0.0|Dmg:0.0|Mod:1.00,"硬幣判定, 能量操作",無
納莉,,12594,https://asia.pokemon-card.com/hk/card-img/hk00012594.png,支援者卡,,,,,,,,從自己的牌庫抽出4張卡。在使用了這張卡的回合結束時，若自己的手牌有5張以上，則將自己的手牌全部丟棄。,,,,,,,,,,173,normal,H,高級擴充包「太晶慶典ex」,SV8a,Akira Komayama,,,,A,18.00,Base:8.0|Meta:0.0|Exp:3.0|Func:3.0|Syn:4.0|Eff:0.0|Dmg:0.0|Mod:1.00,搜索效果,大量抽卡
能量再利用,,4645,https://asia.pokemon-card.com/hk/card-img/hk00004645.png,物品卡,,,,,,,,從自己的棄牌區抽出5張基本能量卡，在給對手看過後，放回牌庫並重洗。,,,,在自己的回合時，物品卡可不限張數使用。,,,,,,128,normal,I,擴充包「眾星雲集組合篇」SET A,AC1a,Toyste Beach,,,,B+,15.00,Base:7.0|Meta:1.0|Exp:-1.0|Func:8.0|Syn:0.0|Eff:0.0|Dmg:0.0|Mod:1.00,"搜索效果, 能量回收",大量抽卡
毽子草,基礎,8734,https://asia.pokemon-card.com/hk/card-img/hk00008734.png,寶可夢,50,Grass,,,躍起閃避,Grass,10,擲1次硬幣若為正面，則在下個對手的回合，這隻寶可夢不會受到招式的傷害與效果的影響。,,,,,,Fire,,,1,1,normal,G,擴充包「碟旋暴擊」,SV2D,Yukiko Baba,會隨著風移動到很遠的地方。沒有人能具體指出帕底亞的<br/>毽子草是從哪裡來的。,毽子草 → 毽子花 → 毽子棉,,B,11.00,Base:5.0|Meta:0.0|Exp:2.0|Func:2.0|Syn:2.0|Eff:0.0|Dmg:0.0|Mod:1.00,"傷害防禦, 效果免疫, 硬幣判定",無
毽子花,1階進化,8735,https://asia.pokemon-card.com/hk/card-img/hk00008735.png,寶可夢,70,Grass,輕飄躲避,這隻寶可夢受到招式的傷害時，自己擲1次硬幣。若為正面，則這隻寶可夢不會受到那個傷害。,花之風,Grass,30,對手的1隻備戰寶可夢也受到30點傷害。[在備戰區不計算弱點・抵抗力。],,,,,,Fire,,,1,2,normal,G,擴充包「碟旋暴擊」,SV2D,Yoriyuki Ikegami,據說熱愛毽子花的人能夠透過牠頭上的花散發的香味，<br/>猜出牠是在哪裡出生的。,毽子草 → 毽子花 → 毽子棉,,B,11.00,Base:5.0|Meta:0.0|Exp:2.0|Func:3.0|Syn:0.0|Eff:0.0|Dmg:1.0|Mod:1.00,"傷害防禦, 效果免疫, 硬幣判定, 連鎖傷害",無
毽子棉,2階進化,8736,https://asia.pokemon-card.com/hk/card-img/hk00008736.png,寶可夢,90,Grass,輕飄躲避,這隻寶可夢受到招式的傷害時，自己擲1次硬幣。若為正面，則這隻寶可夢不會受到那個傷害。,棉絮之風,Grass,60,對手的1隻備戰寶可夢也受到30點傷害。[在備戰區不計算弱點・抵抗力。],,,,,,Fire,,,1,3,normal,G,擴充包「碟旋暴擊」,SV2D,Naoyo Kimura,會乘著季風到處旅行。當毽子棉的棉花孢子掉光時，<br/>牠的旅行和生命也會隨之結束。,毽子草 → 毽子花 → 毽子棉,,B,12.00,Base:5.0|Meta:0.0|Exp:2.0|Func:3.0|Syn:0.0|Eff:0.0|Dmg:2.0|Mod:1.00,"傷害防禦, 效果免疫, 硬幣判定, 連鎖傷害",無
佛烈托斯ex,1階進化,8738,https://asia.pokemon-card.com/hk/card-img/hk00008738.png,寶可夢,270,Grass,爆裂能量,在自己的回合時可使用1次，若使用，則將這隻寶可夢【昏厥】。從自己的牌庫選擇最多5張「基本【草】能量」卡，以任意方式附於自己的寶可夢身上。並且重洗牌庫。,防守壓制,"Grass,Grass",120,在下個對手的回合，這隻寶可夢受到招式的傷害「-30」點。,[ex規則],,,寶可夢【ex】【昏厥】時，對手獲得2張獎賞卡。,,Fire,,,3,5,normal,G,擴充包「碟旋暴擊」,SV2D,5ban Graphics,,榛果球 → 佛烈托斯 → 佛烈托斯ex,"太晶,ex",B+,16.00,Base:5.0|Meta:0.0|Exp:2.0|Func:5.0|Syn:0.0|Eff:0.0|Dmg:4.0|Mod:1.00,"其他效果, 搜索效果, 昏厥條件, 獎賞控制",無
噴火駝,1階進化,8744,https://asia.pokemon-card.com/hk/card-img/hk00008744.png,寶可夢,140,Fire,,,噴火,"Fire,Colorless",50+,將雙方的牌庫上方各1張卡丟棄，增加其中能量卡的張數×100點傷害。,爆熱踩踏,"Fire,Fire,Colorless",120,,,Water,,,3,11,normal,G,擴充包「碟旋暴擊」,SV2D,Shiburingaru,平時生活在火山口。以背上的駝峰每１０年<br/>會大爆發一次而聞名。,呆火駝 → 噴火駝,,B,13.00,Base:5.0|Meta:0.0|Exp:2.0|Func:2.0|Syn:0.0|Eff:0.0|Dmg:4.0|Mod:1.00,棄牌區傷害加成,無
噴火駝,1階進化,9970,https://asia.pokemon-card.com/hk/card-img/hk00009970.png,寶可夢,130,Fire,,,火焰灼燒,Fire,,將對手的戰鬥寶可夢【灼傷】。,火山岩加農炮,"Fire,Fire,Colorless",120+,若希望，選擇1個這隻寶可夢身上附加的【鬥】能量，將其丟棄。這個情況下，增加120點傷害。,,Water,,,3,12,normal,G,擴充包「古代咆哮」,SV4K,satoma,平時生活在火山口。以背上的駝峰每１０年<br/>會大爆發一次而聞名。,呆火駝 → 噴火駝,,A,19.00,Base:5.0|Meta:0.0|Exp:2.0|Func:5.0|Syn:2.0|Eff:0.0|Dmg:5.0|Mod:1.00,"條件傷害, 簡單灼傷, 能量操作",無
火箭雀,1階進化,8745,https://asia.pokemon-card.com/hk/card-img/hk00008745.png,寶可夢,80,Fire,,,高溫奇襲,Fire,50,這隻寶可夢也受到10點傷害。,,,,,,Lightning,,Fighting,1,12,normal,G,擴充包「碟旋暴擊」,SV2D,kurumitsu,會朝著似乎潛伏著蟲寶可夢的草叢灑出火花，<br/>然後趁牠們跳出來時獵捕。,小箭雀 → 火箭雀 → 烈箭鷹,,C,8.00,Base:5.0|Meta:0.0|Exp:2.0|Func:0.0|Syn:0.0|Eff:0.0|Dmg:1.0|Mod:1.00,反噬傷害,無
火箭雀,1階進化,11875,https://asia.pokemon-card.com/hk/card-img/hk00011875.png,寶可夢,90,Colorless,,,高速飛行,"Colorless,Colorless",50,,,,,,,Lightning,,Fighting,1,84,normal,H,擴充包「星晶奇跡」,SV7,Julie Hang,擁有半徑２～３公里的地盤。<br/>絕不會輕饒任何進到<br/>地盤裡的鳥寶可夢。,小箭雀 → 火箭雀 → 烈箭鷹,,C+,9.00,Base:5.0|Meta:0.0|Exp:3.0|Func:0.0|Syn:0.0|Eff:0.0|Dmg:1.0|Mod:1.00,無,無
烈箭鷹,2階進化,8746,https://asia.pokemon-card.com/hk/card-img/hk00008746.png,寶可夢,150,Fire,,,緊抓,Fire,50,在下個對手的回合，受到這個招式的寶可夢無法撤退。,烈火之風,Fire,70+,若這隻寶可夢身上放置有傷害指示物，則增加90點傷害。,,Lightning,,Fighting,1,13,normal,G,擴充包「碟旋暴擊」,SV2D,Nisota Niso,飛行能力數一數二。能夠攫著１００公斤以上的<br/>獵物輕輕鬆鬆地飛來飛去。,小箭雀 → 火箭雀 → 烈箭鷹,,B+,15.00,Base:5.0|Meta:0.0|Exp:2.0|Func:2.0|Syn:2.0|Eff:0.0|Dmg:4.0|Mod:1.00,"傷害指示物, 撤退封鎖, 條件傷害",撤退效果
烈箭鷹,2階進化,11876,https://asia.pokemon-card.com/hk/card-img/hk00011876.png,寶可夢,140,Colorless,,,氣旋競爭,"Colorless,Colorless",110+,若對手的戰鬥寶可夢【撤退】所需的能量為2個以上，則增加110點傷害。,,,,,,Lightning,,Fighting,0,85,normal,H,擴充包「星晶奇跡」,SV7,Nurikabe,一旦興奮就會從羽毛間<br/>噴出火花。不會燒焦的<br/>羽毛會被當成防火材利用。,小箭雀 → 火箭雀 → 烈箭鷹,,A,19.00,Base:5.0|Meta:0.0|Exp:3.0|Func:4.0|Syn:2.0|Eff:0.0|Dmg:5.0|Mod:1.00,"撤退干擾, 條件傷害",撤退效果
古玉魚ex,基礎,8749,https://asia.pokemon-card.com/hk/card-img/hk00008749.png,寶可夢,190,Fire,,,嫉妒灼燒,Fire,,將對手的牌庫上方2張卡丟棄。,火焰巨浪,"Fire,Fire",100,選擇最多3隻自己的備戰寶可夢，從牌庫附給那些寶可夢各1張「基本【火】能量」卡。並且重洗牌庫。,,Water,,,1,16,normal,G,擴充包「碟旋暴擊」,SV2D,5ban Graphics,,古玉魚ex,ex,B+,16.00,Base:5.0|Meta:0.0|Exp:2.0|Func:6.0|Syn:0.0|Eff:0.0|Dmg:3.0|Mod:1.00,搜索效果,丟棄效果
小貓怪,基礎,8752,https://asia.pokemon-card.com/hk/card-img/hk00008752.png,寶可夢,70,Lightning,,,踹,Lightning,30,擲1次硬幣若為反面，則這個招式失敗。,,,,,,Fighting,,,1,19,normal,G,擴充包「碟旋暴擊」,SV2D,Oswaldo KATO,每當活動身體時，肌肉的伸縮會產生電流。<br/>當遇上危機時，身體會發光。,小貓怪 → 勒克貓 → 倫琴貓 → 倫琴貓ex,,C+,10.00,Base:5.0|Meta:0.0|Exp:2.0|Func:0.0|Syn:2.0|Eff:0.0|Dmg:1.0|Mod:1.00,"條件失敗, 硬幣判定",無
小貓怪,基礎,11323,https://asia.pokemon-card.com/hk/card-img/hk00011323.png,寶可夢,60,Lightning,,,好奇心,Colorless,,查看對手的手牌。,劈哩啪啦,"Lightning,Lightning",30,,,Fighting,,,1,39,normal,H,擴充包「變幻假面」,SV6,Yuu Nishida,只要伸縮肌肉就能夠<br/> 產生電流。身陷危機時<br/> 體毛會發出刺眼的亮光。,小貓怪 → 勒克貓 → 倫琴貓 → 倫琴貓ex,,B,12.00,Base:5.0|Meta:0.0|Exp:3.0|Func:3.0|Syn:0.0|Eff:0.0|Dmg:1.0|Mod:1.00,情報收集,無
小貓怪,基礎,8837,https://asia.pokemon-card.com/hk/card-img/hk00008837.png,寶可夢,40,Lightning,大吼叫,若這隻寶可夢在戰鬥場上，則在自己的回合時可使用1次。將對手的戰鬥寶可夢與備戰寶可夢互換。[由對手選擇放置於戰鬥場的寶可夢。],衝撞,Lightning,10,,,,,,,Fighting,,,1,5,normal,G,起始組合ex 皮卡丘特別組合,SVC,kurumitsu,每當活動身體時，肌肉的伸縮會產生電流。當遇上危機時，身體會發光。,小貓怪 → 勒克貓 → 倫琴貓 → 倫琴貓ex,,B,12.00,Base:5.0|Meta:0.0|Exp:2.0|Func:5.0|Syn:0.0|Eff:0.0|Dmg:0.0|Mod:1.00,切換效果,放置效果
勒克貓,1階進化,8753,https://asia.pokemon-card.com/hk/card-img/hk00008753.png,寶可夢,90,Lightning,,,電氣踢,Lightning,30,,伏特頭擊,"Lightning,Colorless,Colorless",60,,,Fighting,,,1,20,normal,G,擴充包「碟旋暴擊」,SV2D,Narumi Sato,在銳利的爪子尖端有強烈的電流流過，只要稍微擦到，<br/>就能讓敵人暈厥。,小貓怪 → 勒克貓 → 倫琴貓 → 倫琴貓ex,,C+,9.00,Base:5.0|Meta:0.0|Exp:2.0|Func:0.0|Syn:0.0|Eff:0.0|Dmg:2.0|Mod:1.00,無,無
勒克貓,1階進化,11324,https://asia.pokemon-card.com/hk/card-img/hk00011324.png,寶可夢,90,Lightning,,,咬緊,"Lightning,Lightning",60,在下個對手的回合，受到這個招式的寶可夢無法撤退。,,,,,,Fighting,,,1,40,normal,H,擴充包「變幻假面」,SV6,Takumi Wada,只要與夥伴的尾巴互相<br/> 串聯，就能將更加強大<br/> 的電擊從爪子釋放出去。,小貓怪 → 勒克貓 → 倫琴貓 → 倫琴貓ex,,B,12.00,Base:5.0|Meta:0.0|Exp:3.0|Func:2.0|Syn:0.0|Eff:0.0|Dmg:2.0|Mod:1.00,撤退封鎖,撤退效果
倫琴貓,2階進化,8754,https://asia.pokemon-card.com/hk/card-img/hk00008754.png,寶可夢,150,Lightning,充溢閃光,在自己的回合，若手牌有這張卡，且自己剩餘獎賞卡的張數，比對手剩餘獎賞卡的張數多，則可使用1次。將這張卡放置於備戰區。,瘋狂伏特,"Lightning,Colorless,Colorless",180,這隻寶可夢也受到20點傷害。,,,,,,Fighting,,,1,21,normal,G,擴充包「碟旋暴擊」,SV2D,aoki,擁有能看見牆壁另一側的力量，除了可以用來追捕逃跑的獵物，<br/>還可以用來尋找迷路的孩子。,小貓怪 → 勒克貓 → 倫琴貓 → 倫琴貓ex,,B+,15.00,Base:5.0|Meta:0.0|Exp:2.0|Func:3.0|Syn:0.0|Eff:0.0|Dmg:5.0|Mod:1.00,"反噬傷害, 獎賞控制",放置效果
啪嚓海膽,基礎,8755,https://asia.pokemon-card.com/hk/card-img/hk00008755.png,寶可夢,90,Lightning,,,麻痺針,Lightning,20,擲1次硬幣若為正面，則將對手的戰鬥寶可夢【麻痺】。,啪啪追擊,Lightning,100,這個招式必須在上個自己的回合這隻寶可夢使用了「麻痺針」才可使用。,,Fighting,,,3,22,normal,G,擴充包「碟旋暴擊」,SV2D,miki kudo,消化食物時會製造出電力。５顆堅硬的牙齒能用來<br/>把海藻連根拔起來吃。,啪嚓海膽,,B+,14.00,Base:5.0|Meta:0.0|Exp:2.0|Func:2.0|Syn:2.0|Eff:0.0|Dmg:3.0|Mod:1.00,"狀態異常, 硬幣判定, 連續技",無
啪嚓海膽,基礎,8838,https://asia.pokemon-card.com/hk/card-img/hk00008838.png,寶可夢,80,Lightning,,,尖刺粉碎,"Lightning,Lightning,Lightning",70,選擇1個對手的戰鬥寶可夢身上附加的能量，將其丟棄。,,,,,,Fighting,,,2,6,normal,G,起始組合ex 皮卡丘特別組合,SVC,Yuka Morii,消化食物時會製造出電力。５顆堅硬的牙齒能用來把海藻連根拔起來吃。,啪嚓海膽,,B+,14.00,Base:5.0|Meta:0.0|Exp:2.0|Func:5.0|Syn:0.0|Eff:0.0|Dmg:2.0|Mod:1.00,能量操作,丟棄效果
光蚪仔,基礎,8756,https://asia.pokemon-card.com/hk/card-img/hk00008756.png,寶可夢,50,Lightning,,,電磁波,Lightning,10,擲1次硬幣若為正面，則將對手的戰鬥寶可夢【麻痺】。,,,,,,Fighting,,,1,23,normal,G,擴充包「碟旋暴擊」,SV2D,Pani Kobayashi,會搖尾巴來發電。感覺到有危險時，<br/>會閃爍頭部通知夥伴。,光蚪仔 → 電肚蛙 → 電肚蛙ex,,B,11.00,Base:5.0|Meta:0.0|Exp:2.0|Func:2.0|Syn:2.0|Eff:0.0|Dmg:0.0|Mod:1.00,"狀態異常, 硬幣判定",無
光蚪仔,基礎,8757,https://asia.pokemon-card.com/hk/card-img/hk00008757.png,寶可夢,60,Lightning,,,踩,Colorless,10,,劈哩啪啦,"Lightning,Lightning",30,,,Fighting,,,1,24,normal,G,擴充包「碟旋暴擊」,SV2D,Tika Matsuno,會搖尾巴來發電。感覺到有危險時，<br/>會閃爍頭部通知夥伴。,光蚪仔 → 電肚蛙 → 電肚蛙ex,,C,8.00,Base:5.0|Meta:0.0|Exp:2.0|Func:0.0|Syn:0.0|Eff:0.0|Dmg:1.0|Mod:1.00,無,無
光蚪仔,基礎,9550,https://asia.pokemon-card.com/hk/card-img/hk00009550.png,寶可夢,50,Lightning,,,帶電,Lightning,,從自己的棄牌區選擇1張「基本【雷】能量」卡，附於這隻寶可夢身上。,光彈,"Lightning,Colorless,Colorless",30,,,Fighting,,,1,39,normal,G,擴充包「黯焰支配者」,SV3,kirisAki,會搖尾巴來發電。感覺到有危險時，會閃爍頭部通知夥伴。,光蚪仔 → 電肚蛙 → 電肚蛙ex,,C+,10.00,Base:5.0|Meta:0.0|Exp:2.0|Func:2.0|Syn:0.0|Eff:0.0|Dmg:1.0|Mod:1.00,搜索效果,無
光蚪仔,基礎,9551,https://asia.pokemon-card.com/hk/card-img/hk00009551.png,寶可夢,60,Lightning,,,輕輕放電,"Lightning,Colorless",20,對手的1隻備戰寶可夢也受到10點傷害。[在備戰區不計算弱點・抵抗力。],,,,,,Fighting,,,2,40,normal,G,擴充包「黯焰支配者」,SV3,Shin Nagasawa,會搖尾巴來發電。感覺到有危險時，會閃爍頭部通知夥伴。,光蚪仔 → 電肚蛙 → 電肚蛙ex,,C+,10.00,Base:5.0|Meta:0.0|Exp:2.0|Func:3.0|Syn:0.0|Eff:0.0|Dmg:0.0|Mod:1.00,連鎖傷害,無
光蚪仔,基礎,9263,https://asia.pokemon-card.com/hk/card-img/hk00009263.png,寶可夢,60,Lightning,,,電流攻擊,"Lightning,Colorless",40,這隻寶可夢也受到10點傷害。,,,,,,Fighting,,,1,41,normal,G,ex初階牌組,SVD,Saya Tsuruta,會搖尾巴來發電。感覺到有危險時，<br/>會閃爍頭部通知夥伴。,光蚪仔 → 電肚蛙 → 電肚蛙ex,,C,8.00,Base:5.0|Meta:0.0|Exp:2.0|Func:0.0|Syn:0.0|Eff:0.0|Dmg:1.0|Mod:1.00,反噬傷害,無
電肚蛙ex,1階進化,8758,https://asia.pokemon-card.com/hk/card-img/hk00008758.png,寶可夢,280,Lightning,,,跳躍壓制,"Colorless,Colorless",,對手的1隻寶可夢受到50點傷害。[在備戰區不計算弱點・抵抗力。],麻痺球,"Lightning,Lightning,Colorless",160,若希望，將2個這隻寶可夢身上附加的【雷】能量丟棄，將對手的戰鬥寶可夢【麻痺】。,,Fighting,,,3,25,normal,G,擴充包「碟旋暴擊」,SV2D,PLANETA Yamashita,,光蚪仔 → 電肚蛙 → 電肚蛙ex,ex,A+,20.00,Base:5.0|Meta:0.0|Exp:2.0|Func:6.0|Syn:2.0|Eff:0.0|Dmg:5.0|Mod:1.00,"狀態異常, 能量操作, 連鎖傷害",丟棄效果
沙丘娃,基礎,8762,https://asia.pokemon-card.com/hk/card-img/hk00008762.png,寶可夢,90,Psychic,,,囈語,"Colorless,Colorless",20,,泥巴射擊,"Psychic,Colorless,Colorless",40,,,Darkness,,Fighting,3,29,normal,G,擴充包「碟旋暴擊」,SV2D,Shin Nagasawa,萬一鏟子弄丟了，就會用樹枝等東西插著代替，好讓牠在<br/>找到新鏟子前能分散注意力。,沙丘娃 → 噬沙堡爺 → 噬沙堡爺GX → 噬沙堡爺ex,,C,8.00,Base:5.0|Meta:0.0|Exp:2.0|Func:0.0|Syn:0.0|Eff:0.0|Dmg:1.0|Mod:1.00,無,無
沙丘娃,基礎,11337,https://asia.pokemon-card.com/hk/card-img/hk00011337.png,寶可夢,90,Psychic,,,潑沙,Psychic,10,在下個對手的回合，受到這個招式的寶可夢使用招式時，對手擲1次硬幣。若為反面，則那個招式失敗。,陰森射擊,"Psychic,Colorless,Colorless",30,,,Darkness,,Fighting,3,53,normal,H,擴充包「變幻假面」,SV6,Asako Ito,會用沙子攻擊獵物的眼睛後<br/> 趁機接近，但卻總是因為<br/> 行動緩慢而讓獵物逃走。,沙丘娃 → 噬沙堡爺 → 噬沙堡爺GX → 噬沙堡爺ex,,B,13.00,Base:5.0|Meta:0.0|Exp:3.0|Func:2.0|Syn:2.0|Eff:0.0|Dmg:1.0|Mod:1.00,"條件失敗, 硬幣判定",無
噬沙堡爺,1階進化,8763,https://asia.pokemon-card.com/hk/card-img/hk00008763.png,寶可夢,150,Psychic,,,陰森射擊,"Psychic,Colorless",40,,大地能量,"Psychic,Colorless,Colorless",80+,若場上有自己的競技場卡，則增加80點傷害。,,Darkness,,Fighting,4,30,normal,G,擴充包「碟旋暴擊」,SV2D,HYOGONOSUKE,會把小型寶可夢吸進沙子構成的身體裡，任憑自己<br/>吸取精氣的恐怖寶可夢。,沙丘娃 → 噬沙堡爺 → 噬沙堡爺GX → 噬沙堡爺ex,,B+,15.00,Base:5.0|Meta:0.0|Exp:2.0|Func:0.0|Syn:4.0|Eff:0.0|Dmg:4.0|Mod:1.00,條件傷害,競技場效果
噬沙堡爺,1階進化,11338,https://asia.pokemon-card.com/hk/card-img/hk00011338.png,寶可夢,150,Psychic,,,潑沙,"Psychic,Colorless,Colorless",60,在下個對手的回合，受到這個招式的寶可夢使用招式時，對手擲1次硬幣。若為反面，則那個招式失敗。,沙之陰森,"Psychic,Colorless,Colorless,Colorless",150,,,Darkness,,Fighting,4,54,normal,H,擴充包「變幻假面」,SV6,Uta,會把對手的生命能量<br/> 吸得精光，然後把骨骸<br/> 從臂上的凹洞發射出去。,沙丘娃 → 噬沙堡爺 → 噬沙堡爺GX → 噬沙堡爺ex,,A,17.00,Base:5.0|Meta:0.0|Exp:3.0|Func:2.0|Syn:2.0|Eff:0.0|Dmg:5.0|Mod:1.00,"條件失敗, 硬幣判定",無
巨鍛匠ex,2階進化,8768,https://asia.pokemon-card.com/hk/card-img/hk00008768.png,寶可夢,300,Psychic,,,大錘,"Colorless,Colorless",30×,造成自己的手牌的張數×30點傷害。,粉碎壓制,"Psychic,Colorless,Colorless",140,這個招式的傷害不計算對手的戰鬥寶可夢身上的附加效果。,,Metal,,,2,35,normal,G,擴充包「碟旋暴擊」,SV2D,takuyoa,,小鍛匠 → 巧鍛匠 → 巨鍛匠 → 巨鍛匠ex,ex,B+,14.00,Base:5.0|Meta:0.0|Exp:2.0|Func:3.0|Syn:0.0|Eff:0.0|Dmg:4.0|Mod:1.00,"傷害效果, 棄牌區傷害加成, 無視弱點/效果",無
幼基拉斯,基礎,8769,https://asia.pokemon-card.com/hk/card-img/hk00008769.png,寶可夢,70,Fighting,,,二連撞,Colorless,10×,擲2次硬幣，造成正面出現的次數×10點傷害。,,,,,,Grass,,,2,36,normal,G,擴充包「碟旋暴擊」,SV2D,Haru Akasaka,誕生在地底深處。當牠吃完滿山的土壤後，<br/>就會為了成長而變成蛹。,幼基拉斯 → 沙基拉斯 → 班基拉斯 → 班基拉斯GX → 班基拉斯ex,,C,8.00,Base:5.0|Meta:0.0|Exp:2.0|Func:0.0|Syn:0.0|Eff:0.0|Dmg:1.0|Mod:1.00,"傷害效果, 硬幣判定",無
幼基拉斯,基礎,9566,https://asia.pokemon-card.com/hk/card-img/hk00009566.png,寶可夢,70,Fighting,,,推擊,Fighting,10,,正面對決,"Fighting,Fighting",30,,,Grass,,,1,55,normal,G,擴充包「黯焰支配者」,SV3,KYUPIYAMA,誕生在地底深處。當牠吃完滿山的土壤後，就會為了成長而變成蛹。,幼基拉斯 → 沙基拉斯 → 班基拉斯 → 班基拉斯GX → 班基拉斯ex,,C,8.00,Base:5.0|Meta:0.0|Exp:2.0|Func:0.0|Syn:0.0|Eff:0.0|Dmg:1.0|Mod:1.00,無,無
幼基拉斯,基礎,13041,https://asia.pokemon-card.com/hk/card-img/hk00013041.png,寶可夢,70,Fighting,,,咬碎,"Colorless,Colorless",20,擲1次硬幣若為正面，則選擇1個對手的戰鬥寶可夢身上附加的能量，將其丟棄。,,,,,,Grass,,,1,47,normal,I,擴充包「對戰搭檔」,SV9,Dsuke,誕生在地底深處。<br/>當牠吃完滿山的土壤後，<br/>就會為了成長而變成蛹。,幼基拉斯 → 沙基拉斯 → 班基拉斯 → 班基拉斯GX → 班基拉斯ex,,B+,15.00,Base:5.0|Meta:0.0|Exp:3.0|Func:5.0|Syn:2.0|Eff:0.0|Dmg:0.0|Mod:1.00,"硬幣判定, 能量操作",丟棄效果
鯰魚王,1階進化,8772,https://asia.pokemon-card.com/hk/card-img/hk00008772.png,寶可夢,140,Fighting,,,暴搖,Fighting,,將對手的牌庫上方與這隻寶可夢身上附加的【鬥】能量相同數量的卡丟棄。,大地粉碎,"Fighting,Fighting,Colorless,Colorless",140,,,Grass,,,3,39,normal,G,擴充包「碟旋暴擊」,SV2D,313,地盤意識非常強烈，如果有外敵靠近，就會<br/>劇烈搖晃地面發動襲擊。,泥泥鰍 → 鯰魚王,,B+,16.00,Base:5.0|Meta:0.0|Exp:2.0|Func:5.0|Syn:0.0|Eff:0.0|Dmg:4.0|Mod:1.00,能量操作,丟棄效果
好勝蟹,基礎,8775,https://asia.pokemon-card.com/hk/card-img/hk00008775.png,寶可夢,90,Fighting,,,拳骨,"Fighting,Colorless",30,,增量拳,"Fighting,Fighting,Colorless",60,,,Psychic,,,3,42,normal,G,擴充包「碟旋暴擊」,SV2D,Nagomi Nijo,會擊落樹上的樹果來吃。訓練和覓食都能同時達成，<br/>簡直可以說是一舉兩得。,好勝蟹 → 好勝毛蟹,,C+,9.00,Base:5.0|Meta:0.0|Exp:2.0|Func:0.0|Syn:0.0|Eff:0.0|Dmg:2.0|Mod:1.00,無,無
好勝毛蟹,1階進化,8776,https://asia.pokemon-card.com/hk/card-img/hk00008776.png,寶可夢,160,Fighting,,,正面對決,"Fighting,Colorless",50,,關節衝擊,"Fighting,Fighting,Colorless",170,在下個自己的回合，這隻寶可夢無法使用招式。,,Psychic,,,4,43,normal,G,擴充包「碟旋暴擊」,SV2D,Misa Tsutsui,脫落的鉗子十分美味。還有些訓練家會特地<br/>帶著愛吃豚到山裡找牠。,好勝蟹 → 好勝毛蟹,,B,12.00,Base:5.0|Meta:0.0|Exp:2.0|Func:0.0|Syn:0.0|Eff:0.0|Dmg:5.0|Mod:1.00,"使用限制, 招式鎖定",無
好勝毛蟹,1階進化,11815,https://asia.pokemon-card.com/hk/card-img/hk00011815.png,寶可夢,160,Water,‌事先準備,這隻寶可夢使用招式所需的【無】能量，減少自己的棄牌區的「海岱」的張數。,揮大拳,"Water,Colorless,Colorless,Colorless,Colorless",250,在下個自己的回合，這隻寶可夢無法使用「揮大拳」。,,,,,,Metal,,,3,24,normal,H,擴充包「星晶奇跡」,SV7,nagimiso,拳擊雖強，動作卻慢。<br/>會從口裡噴出結冰的泡沫<br/>來封住對手的行動。,好勝蟹 → 好勝毛蟹,,B+,16.00,Base:5.0|Meta:0.0|Exp:3.0|Func:2.0|Syn:0.0|Eff:0.0|Dmg:6.0|Mod:1.00,"其他效果, 招式鎖定",無
投擲猴,基礎,8777,https://asia.pokemon-card.com/hk/card-img/hk00008777.png,寶可夢,110,Fighting,,,助攻,"Fighting,Fighting",70,選擇1個這隻寶可夢身上附加的能量，改附於備戰寶可夢身上。,,,,,,Psychic,,,1,44,normal,G,擴充包「碟旋暴擊」,SV2D,Jerky,會投出堅硬的樹果戰鬥。不會聽從投球技術差勁的<br/>訓練家所下的指示。,投擲猴,,B+,15.00,Base:5.0|Meta:0.0|Exp:2.0|Func:6.0|Syn:0.0|Eff:0.0|Dmg:2.0|Mod:1.00,能量操作,無
投擲猴,基礎,11957,https://asia.pokemon-card.com/hk/card-img/hk00011957.png,寶可夢,110,Fighting,,,聯合投擲,"Fighting,Colorless",20×,造成自己的場上的【基礎】寶可夢的數量×20點傷害。,,,,,,Psychic,,,1,31,normal,H,強化擴充包「樂園騰龍」,SV7a,Teeziro,老大會選出１０隻出外狩獵，<br/>並把牠們帶回來的食物<br/>平均分配給群體內的夥伴。,投擲猴,,B,11.00,Base:5.0|Meta:0.0|Exp:3.0|Func:0.0|Syn:2.0|Eff:0.0|Dmg:1.0|Mod:1.00,"備戰傷害加成, 傷害效果",無
古鼎鹿ex,基礎,8782,https://asia.pokemon-card.com/hk/card-img/hk00008782.png,寶可夢,240,Fighting,咒縛大地,只要這隻寶可夢在戰鬥場上，對手場上的身上放置有傷害指示物的寶可夢（寶可夢【ex】除外）的特性全部消除。,大地掬弄,"Fighting,Fighting,Fighting",150,在對手的1隻備戰寶可夢身上放置2個傷害指示物。,[ex規則],,,寶可夢【ex】【昏厥】時，對手獲得2張獎賞卡。,,Grass,,,4,49,normal,G,擴充包「碟旋暴擊」,SV2D,5ban Graphics,,古鼎鹿ex,ex,B+,15.00,Base:5.0|Meta:0.0|Exp:2.0|Func:3.0|Syn:0.0|Eff:0.0|Dmg:5.0|Mod:1.00,"傷害指示物, 獎賞控制","放置效果, 特性效果"
班基拉斯,2階進化,8785,https://asia.pokemon-card.com/hk/card-img/hk00008785.png,寶可夢,180,Darkness,,,踢散,Darkness,30+,增加對手的備戰寶可夢的數量×30點傷害。,忌憚山岳,"Darkness,Darkness",230,將自己的牌庫上方4張卡丟棄。,,Grass,,,3,52,normal,G,擴充包「碟旋暴擊」,SV2D,hncl,即便是改變周圍的地形也是小事一樁的大力士。<br/>個性狂妄，不顧周遭的感受。,幼基拉斯 → 沙基拉斯 → 班基拉斯 → 班基拉斯GX → 班基拉斯ex,,B+,16.00,Base:5.0|Meta:0.0|Exp:2.0|Func:3.0|Syn:0.0|Eff:0.0|Dmg:6.0|Mod:1.00,"備戰傷害加成, 其他效果",無
班基拉斯,2階進化,13052,https://asia.pokemon-card.com/hk/card-img/hk00013052.png,寶可夢,190,Darkness,威迫目光,只要這隻寶可夢在戰鬥場上，對手無法從手牌使出物品卡。,斷裂頓足,"Darkness,Colorless",150,將對手的牌庫上方2張卡丟棄。,,,,,,Grass,,,3,58,normal,I,擴充包「對戰搭檔」,SV9,AKIRA EGAWA,即便是改變周圍的地形<br/>也是小事一樁的大力士。<br/>個性狂妄，不顧周遭的感受。,幼基拉斯 → 沙基拉斯 → 班基拉斯 → 班基拉斯GX → 班基拉斯ex,,B+,15.00,Base:5.0|Meta:0.0|Exp:3.0|Func:2.0|Syn:0.0|Eff:0.0|Dmg:5.0|Mod:1.00,物品卡封鎖,丟棄效果
嗡蝠,基礎,8790,https://asia.pokemon-card.com/hk/card-img/hk00008790.png,寶可夢,70,Dragon,,,起風,"Psychic,Darkness",40,,,,,,,,,,1,57,normal,G,擴充包「碟旋暴擊」,SV2D,chibi,從大大的耳朵發出超音波，尋找水果來填飽肚子。<br/>會把啃果蟲誤認成食物。,嗡蝠 → 音波龍 → 音波龍GX → 音波龍ex,,C,8.00,Base:5.0|Meta:0.0|Exp:2.0|Func:0.0|Syn:0.0|Eff:0.0|Dmg:1.0|Mod:1.00,無,無
嗡蝠,基礎,13074,https://asia.pokemon-card.com/hk/card-img/hk00013074.png,寶可夢,60,Colorless,,,快速抽出,Colorless,10,從自己的牌庫抽出1張卡。,,,,,,Lightning,,Fighting,1,80,normal,I,擴充包「對戰搭檔」,SV9,Tomokazu Komiya,從大大的耳朵發出超音波，<br/>尋找水果來填飽肚子。<br/>會把啃果蟲誤認成食物。,嗡蝠 → 音波龍 → 音波龍GX → 音波龍ex,,B,11.00,Base:5.0|Meta:0.0|Exp:3.0|Func:3.0|Syn:0.0|Eff:0.0|Dmg:0.0|Mod:1.00,"抽卡效果, 搜索效果",無
音波龍ex,1階進化,8791,https://asia.pokemon-card.com/hk/card-img/hk00008791.png,寶可夢,260,Dragon,,,隱密飛行,"Colorless,Colorless",70,在下個對手的回合，這隻寶可夢不會受到【基礎】寶可夢招式的傷害。,制控迴響,"Psychic,Darkness",140,在下個對手的回合，對手無法從手牌附上特殊能量卡，也無法使出競技場卡。,,,,,0,58,normal,G,擴充包「碟旋暴擊」,SV2D,Nisota Niso,,嗡蝠 → 音波龍 → 音波龍GX → 音波龍ex,ex,B+,15.00,Base:5.0|Meta:0.0|Exp:2.0|Func:4.0|Syn:0.0|Eff:0.0|Dmg:4.0|Mod:1.00,"傷害防禦, 效果免疫, 能量操作",競技場效果
音波龍ex,1階進化,12721,https://asia.pokemon-card.com/hk/card-img/hk00012721.png,寶可夢,270,Colorless,,,狡兔三窟,Colorless,50,若希望，將這隻寶可夢與備戰寶可夢互換。,音波爆破,"Colorless,Colorless,Colorless",220,這隻寶可夢也受到30點傷害。,,Lightning,,Fighting,1,113,normal,H,雙ex初階牌組 Generations,SVM,PLANETA Igarashi,,嗡蝠 → 音波龍 → 音波龍GX → 音波龍ex,ex,A,18.00,Base:5.0|Meta:0.0|Exp:2.0|Func:3.0|Syn:2.0|Eff:0.0|Dmg:6.0|Mod:1.00,"切換效果, 反噬傷害",無
麒麟奇,基礎,8792,https://asia.pokemon-card.com/hk/card-img/hk00008792.png,寶可夢,100,Colorless,,,念力,"Colorless,Colorless",30,擲1次硬幣若為正面，則將對手的戰鬥寶可夢【麻痺】。,鐵頭碰,"Colorless,Colorless,Colorless",70,,,Fighting,,,2,59,normal,G,擴充包「碟旋暴擊」,SV2D,kirisAki,尾巴上的腦雖然很小，但卻是可以發揮出<br/>強大超能力的重要器官。,麒麟奇 → 奇麒麟 → 奇麒麟ex,,B,13.00,Base:5.0|Meta:0.0|Exp:2.0|Func:2.0|Syn:2.0|Eff:0.0|Dmg:2.0|Mod:1.00,"狀態異常, 硬幣判定",無
麒麟奇,基礎,11151,https://asia.pokemon-card.com/hk/card-img/hk00011151.png,寶可夢,100,Psychic,,,雙向頭擊,Colorless,30,自己的1隻備戰寶可夢也受到10點傷害。[在備戰區不計算弱點・抵抗力。],,,,,,Darkness,,Fighting,1,34,normal,H,強化擴充包「緋紅薄霧」,SV5a,Shinji Kanda,尾巴上也有小小顆的頭。 如果有敵人從背後靠近，<br/> 就會受本能驅使一咬而上。,麒麟奇 → 奇麒麟 → 奇麒麟ex,,C+,9.00,Base:5.0|Meta:0.0|Exp:2.0|Func:1.0|Syn:0.0|Eff:0.0|Dmg:1.0|Mod:1.00,連鎖傷害,無
麒麟奇,基礎,10900,https://asia.pokemon-card.com/hk/card-img/hk00010900.png,寶可夢,90,Psychic,,,精神傷害,"Psychic,Colorless",20+,增加對手的戰鬥寶可夢身上放置的傷害指示物的數量×10點傷害。,,,,,,Darkness,,Fighting,1,32,normal,H,擴充包「異度審判」,SV5M,matazo,尾巴上也有小小顆的頭。如果有敵人從背後靠近，<br/>就會受本能驅使一咬而上。,麒麟奇 → 奇麒麟 → 奇麒麟ex,,B,11.00,Base:5.0|Meta:0.0|Exp:2.0|Func:2.0|Syn:0.0|Eff:0.0|Dmg:2.0|Mod:1.00,"備戰傷害加成, 傷害指示物",無
奇麒麟,1階進化,8793,https://asia.pokemon-card.com/hk/card-img/hk00008793.png,寶可夢,140,Colorless,,,任一頭,Colorless,,選擇自己或者對手任一方，被選擇的玩家將手牌全部放回牌庫並重洗。然後，被選擇的玩家從牌庫抽出4張卡。,強力光束,"Colorless,Colorless,Colorless",130,,,Fighting,,,2,60,normal,G,擴充包「碟旋暴擊」,SV2D,Kouki Saitou,透過同步頭部和尾巴的腦波，使得牠的超能力提升到了<br/>有麒麟奇的１０倍之高。,麒麟奇 → 奇麒麟 → 奇麒麟ex,,A,19.00,Base:5.0|Meta:0.0|Exp:2.0|Func:6.0|Syn:2.0|Eff:0.0|Dmg:4.0|Mod:1.00,"搜索效果, 牌庫重洗",大量抽卡
奇麒麟,1階進化,11152,https://asia.pokemon-card.com/hk/card-img/hk00011152.png,寶可夢,140,Psychic,,,中級轟鳴,"Colorless,Colorless",40×,造成自己的場上【1階進化】寶可夢的數量×40點傷害。,不祥波動,"Psychic,Colorless,Colorless",80,將對手的戰鬥寶可夢【混亂】。,,Darkness,,Fighting,2,35,normal,H,強化擴充包「緋紅薄霧」,SV5a,Dsuke,會用堅硬的尾巴頭保護著 本體的頭，並揮甩長長的<br/> 脖子讓對手吃牠一記頭錘。,麒麟奇 → 奇麒麟 → 奇麒麟ex,,B+,16.00,Base:5.0|Meta:0.0|Exp:2.0|Func:5.0|Syn:2.0|Eff:0.0|Dmg:2.0|Mod:1.00,"備戰傷害加成, 傷害效果, 狀態異常, 進化支援",無
小箭雀,基礎,8794,https://asia.pokemon-card.com/hk/card-img/hk00008794.png,寶可夢,60,Colorless,,,急降,Colorless,30,這隻寶可夢也受到10點傷害。,,,,,,Lightning,,Fighting,1,61,normal,G,擴充包「碟旋暴擊」,SV2D,sui,平時性情溫和，但在戰鬥開始後，荷爾蒙的平衡會<br/>發生變化而變得具有攻擊性。,小箭雀 → 火箭雀 → 烈箭鷹,,C,8.00,Base:5.0|Meta:0.0|Exp:2.0|Func:0.0|Syn:0.0|Eff:0.0|Dmg:1.0|Mod:1.00,反噬傷害,無
小箭雀,基礎,11874,https://asia.pokemon-card.com/hk/card-img/hk00011874.png,寶可夢,60,Colorless,,,送回,Colorless,10,將對手的戰鬥寶可夢與備戰寶可夢互換。[由對手選擇放置於戰鬥場的寶可夢。],,,,,,Lightning,,Fighting,1,83,normal,H,擴充包「星晶奇跡」,SV7,Teeziro,在山野中和街上生活。<br/>曾為了與怒鸚哥爭地盤，<br/>而在街上展開了大混戰。,小箭雀 → 火箭雀 → 烈箭鷹,,B,13.00,Base:5.0|Meta:0.0|Exp:3.0|Func:5.0|Syn:0.0|Eff:0.0|Dmg:0.0|Mod:1.00,切換效果,無
纏紅鶴,基礎,8798,https://asia.pokemon-card.com/hk/card-img/hk00008798.png,寶可夢,110,Colorless,一氣群聚,在自己的回合，從手牌將這張卡放置於備戰區時，可使用1次。從自己的牌庫選擇最多3張「纏紅鶴」，在給對手看過後加入手牌。並且重洗牌庫。,團結之翼,"Colorless,Colorless",20×,造成自己的棄牌區的，持有「團結之翼」招式的寶可夢卡的張數×20點傷害。,,,,,,Lightning,,Fighting,1,65,normal,G,擴充包「碟旋暴擊」,SV2D,nagimiso,為了避免積蓄在肚子裡的能量外流，似乎會把<br/>自己的脖子繫在頸根部上。,纏紅鶴,,B,13.00,Base:5.0|Meta:0.0|Exp:2.0|Func:5.0|Syn:0.0|Eff:0.0|Dmg:1.0|Mod:1.00,"傷害效果, 抽卡效果, 搜索效果, 棄牌區傷害加成",放置效果
纏紅鶴,基礎,9610,https://asia.pokemon-card.com/hk/card-img/hk00009610.png,寶可夢,120,Colorless,,,啄,Colorless,20,,同步羽毛,"Colorless,Colorless",60,若自己的備戰區有「纏紅鶴」，則對手的1隻備戰寶可夢也受到60點傷害。[在備戰區不計算弱點・抵抗力。],,Lightning,,Fighting,2,99,normal,G,擴充包「黯焰支配者」,SV3,Hiroki Asanuma,為了避免積蓄在肚子裡的能量外流，似乎會把自己的脖子繫在頸根部上。,纏紅鶴,,B+,14.00,Base:5.0|Meta:0.0|Exp:2.0|Func:3.0|Syn:2.0|Eff:0.0|Dmg:2.0|Mod:1.00,"條件傷害, 連鎖傷害",無
能量回收,,4962,https://asia.pokemon-card.com/hk/card-img/hk00004962.png,物品卡,,,,,,,,從自己的棄牌區抽出2張基本能量卡，在給對手看過後加入手牌。,,,,在自己的回合時，物品卡可不限張數使用。,,,,,,131,normal,G,G超起始牌組「眾星雲集組合篇」,AC1D,Toyste Beach,,,,A+,22.00,Base:7.0|Meta:5.0|Exp:-1.0|Func:8.0|Syn:3.0|Eff:0.0|Dmg:0.0|Mod:1.00,"搜索效果, 能量回收",無
勇氣護符,,8800,https://asia.pokemon-card.com/hk/card-img/hk00008800.png,寶可夢道具,,,,,,,,附有這張卡的【基礎】寶可夢的最大HP「+50」。,[寶可夢道具規則],,,在自己的回合時，可將不限張數的寶可夢道具卡附於自己的寶可夢身上。1隻寶可夢只可附上1張寶可夢道具卡，並且保持附加狀態。,,,,,,67,normal,G,擴充包「碟旋暴擊」,SV2D,Toyste Beach,,,,C+,10.00,Base:6.0|Meta:0.0|Exp:2.0|Func:2.0|Syn:0.0|Eff:0.0|Dmg:0.0|Mod:1.00,"HP提升, 其他效果",無
能量回收器,,14370,https://asia.pokemon-card.com/hk/card-img/hk00014370.png,物品卡,,,,,,,,從自己的棄牌區選擇最多5張基本能量卡，在給對手看過後放回牌庫並重洗。,,,,,,,,,,12,normal,I,挑戰牌組 「超級蒂安希ex」,MBD,Toyste Beach,,,,A,19.00,Base:7.0|Meta:5.0|Exp:-1.0|Func:5.0|Syn:3.0|Eff:0.0|Dmg:0.0|Mod:1.00,"搜索效果, 能量回收",無
能量硬幣,,14100,https://asia.pokemon-card.com/hk/card-img/hk00014100.png,物品卡,,,,,,,,擲2次硬幣，若全部為正面，則從自己的牌庫選擇1張基本能量卡，附於自己的寶可夢身上。並且重洗牌庫。,,,,,,,,,,79,normal,I,擴充包「漆黑伏特」,SV11B,Toyste Beach,,,,A,17.00,Base:7.0|Meta:0.0|Exp:3.0|Func:3.0|Syn:4.0|Eff:0.0|Dmg:0.0|Mod:1.00,"搜索效果, 硬幣判定",無
治療能量,,8804,https://asia.pokemon-card.com/hk/card-img/hk00008804.png,特殊能量卡,,,,,,,,只要這張卡附於寶可夢身上，視為提供1個【無】能量。<br/>附有這張卡的寶可夢不會【睡眠】・【麻痺】・【混亂】，受到的【睡眠】・【麻痺】・【混亂】全部恢復。,,,,,,,,,,71,normal,G,擴充包「碟旋暴擊」,SV2D,n/a,,,,B,12.00,Base:5.0|Meta:0.0|Exp:2.0|Func:3.0|Syn:2.0|Eff:0.0|Dmg:0.0|Mod:1.00,"特殊能量, 狀態異常",無
溜溜糖球,基礎,8663,https://asia.pokemon-card.com/hk/card-img/hk00008663.png,寶可夢,60,Grass,,,猛撲,Colorless,20,擲1次硬幣若為反面，則這個招式失敗。,,,,,,Fire,,,1,1,normal,G,擴充包「冰雪險境」,SV2P,Saya Tsuruta,平時住在池塘裡，午後下過雷陣雨時，<br/>會出現在街上的小水窪中。,溜溜糖球 → 雨翅蛾,,B,12.00,Base:5.0|Meta:0.0|Exp:2.0|Func:0.0|Syn:5.0|Eff:0.0|Dmg:0.0|Mod:1.00,"條件失敗, 硬幣判定",無
溜溜糖球,基礎,10025,https://asia.pokemon-card.com/hk/card-img/hk00010025.png,寶可夢,50,Grass,,,三重旋轉,Grass,10×,擲3次硬幣，造成正面出現的次數×10點傷害。,,,,,,Fire,,,1,1,normal,G,擴充包「未來閃光」,SV4M,Yoriyuki Ikegami,從頭頂分泌出的液體有著如同麥芽糖般的甜味。住在有大量水草的池塘裡。,溜溜糖球 → 雨翅蛾,,B,11.00,Base:5.0|Meta:0.0|Exp:2.0|Func:0.0|Syn:3.0|Eff:0.0|Dmg:1.0|Mod:1.00,"傷害效果, 硬幣判定",無
雨翅蛾,1階進化,8664,https://asia.pokemon-card.com/hk/card-img/hk00008664.png,寶可夢,100,Grass,,,恐慌花紋,Colorless,,擲硬幣直到出現反面，在不看手牌正面的情況下，選擇與正面出現的次數相同數量的對手的手牌，將其丟棄。,蟲鳴,"Grass,Colorless",70,,,Fire,,,1,2,normal,G,擴充包「冰雪險境」,SV2P,Haru Akasaka,能用４片翅膀浮在空中，並前後左右自在地飛來飛去。,溜溜糖球 → 雨翅蛾,,B,11.00,Base:5.0|Meta:0.0|Exp:2.0|Func:2.0|Syn:0.0|Eff:0.0|Dmg:2.0|Mod:1.00,"情報收集, 硬幣判定",丟棄效果
雨翅蛾,1階進化,10026,https://asia.pokemon-card.com/hk/card-img/hk00010026.png,寶可夢,100,Grass,,,威迫之瞳,Grass,,擲硬幣直到出現反面，選擇與正面出現的次數相同數量的對手的戰鬥寶可夢身上附加的能量，放回對手的牌庫並重洗。,利刃之風,"Grass,Colorless",70,,,Fire,,,1,2,normal,G,擴充包「未來閃光」,SV4M,kantaro,一旦被雨淋濕，獨特的眼珠花紋觸角就會變重，使牠連飛都飛不起來。,溜溜糖球 → 雨翅蛾,,B+,15.00,Base:5.0|Meta:0.0|Exp:2.0|Func:6.0|Syn:0.0|Eff:0.0|Dmg:2.0|Mod:1.00,"搜索效果, 硬幣判定, 能量操作",無
三蜜蜂,基礎,8665,https://asia.pokemon-card.com/hk/card-img/hk00008665.png,寶可夢,50,Grass,,,雙重旋轉,Colorless,10×,擲2次硬幣，造成正面出現的次數×10點傷害。,,,,,,Fire,,,1,3,normal,G,擴充包「冰雪險境」,SV2P,Yoriyuki Ikegami,到了晚上就會有１００隻左右的三蜜蜂集聚成堆，<br/>依偎著彼此睡覺。,三蜜蜂 → 蜂女王 → 蜂女王ex,,C,8.00,Base:5.0|Meta:0.0|Exp:2.0|Func:0.0|Syn:0.0|Eff:0.0|Dmg:1.0|Mod:1.00,"傷害效果, 硬幣判定",無
三蜜蜂,基礎,9517,https://asia.pokemon-card.com/hk/card-img/hk00009517.png,寶可夢,50,Grass,,,分贈,Grass,,將自己的1隻備戰寶可夢恢復「20」HP。,衝撞,"Grass,Grass",20,,,Fire,,,1,6,normal,G,擴充包「黯焰支配者」,SV3,HYOGONOSUKE,到了晚上就會有１００隻左右的三蜜蜂集聚成堆，依偎著彼此睡覺。,三蜜蜂 → 蜂女王 → 蜂女王ex,,C+,10.00,Base:5.0|Meta:0.0|Exp:2.0|Func:3.0|Syn:0.0|Eff:0.0|Dmg:0.0|Mod:1.00,回復效果,無
蜂女王,1階進化,8666,https://asia.pokemon-card.com/hk/card-img/hk00008666.png,寶可夢,120,Grass,,,二連撞,Colorless,30×,擲2次硬幣，造成正面出現的次數×30點傷害。,襲擊指令,Grass,120,選擇1隻自己的備戰區的「三蜜蜂」，將那隻寶可夢與附加的卡全部放回牌庫並重洗。若無法放回牌庫，則這個招式失敗。,,Fire,,,2,4,normal,G,擴充包「冰雪險境」,SV2P,Megumi Higuchi,身體是孩子們的巢穴。會釋放出各式各樣的費洛蒙，<br/>自由自在地控制孩子們。,三蜜蜂 → 蜂女王 → 蜂女王ex,,A,18.00,Base:5.0|Meta:0.0|Exp:2.0|Func:3.0|Syn:4.0|Eff:0.0|Dmg:4.0|Mod:1.00,"傷害效果, 搜索效果, 條件失敗, 牌庫重洗, 硬幣判定",無
甜舞妮,1階進化,8670,https://asia.pokemon-card.com/hk/card-img/hk00008670.png,寶可夢,90,Grass,,,芳香治療,Grass,,將自己的所有寶可夢各恢復「30」HP。,飛葉快刀,"Grass,Grass",60,,,Fire,,,1,8,normal,G,擴充包「冰雪險境」,SV2P,nagimiso,會散發出能振奮心情的香甜氣味。作為止汗劑<br/>的香味擁有極高的人氣。,甜竹竹 → 甜舞妮 → 甜冷美后GX → 甜冷美后 → 甜冷美后ex,,B,11.00,Base:5.0|Meta:0.0|Exp:2.0|Func:2.0|Syn:0.0|Eff:0.0|Dmg:2.0|Mod:1.00,回復效果,無
甜舞妮,1階進化,9965,https://asia.pokemon-card.com/hk/card-img/hk00009965.png,寶可夢,90,Grass,,,迴轉攻擊,Grass,30,,雙重旋轉,"Grass,Grass",40×,擲2次硬幣，造成正面出現的次數×40點傷害。,,Fire,,,2,7,normal,G,擴充包「古代咆哮」,SV4K,Kariya,會散發出能振奮心情的香甜氣味。作為止汗劑<br/>的香味擁有極高的人氣。,甜竹竹 → 甜舞妮 → 甜冷美后GX → 甜冷美后 → 甜冷美后ex,,B,11.00,Base:5.0|Meta:0.0|Exp:2.0|Func:0.0|Syn:0.0|Eff:0.0|Dmg:4.0|Mod:1.00,"傷害效果, 硬幣判定",無
甜冷美后,2階進化,8671,https://asia.pokemon-card.com/hk/card-img/hk00008671.png,寶可夢,160,Grass,,,女王的腳跟,Grass,60,在下個對手的回合，受到這個招式的寶可夢無法進化成從手牌使出的寶可夢。,旋轉踢,"Grass,Grass",160,這隻寶可夢也受到20點傷害。,,Fire,,,2,9,normal,G,擴充包「冰雪險境」,SV2P,Atsushi Furusawa,雖然性情高傲且攻擊性強，但據說只要摸摸牠果蒂的冠，<br/>牠立刻會變得很溫順。,甜竹竹 → 甜舞妮 → 甜冷美后GX → 甜冷美后 → 甜冷美后ex,,A,17.00,Base:5.0|Meta:0.0|Exp:2.0|Func:5.0|Syn:0.0|Eff:0.0|Dmg:5.0|Mod:1.00,"反噬傷害, 進化支援",無
蟲滾泥,基礎,8675,https://asia.pokemon-card.com/hk/card-img/hk00008675.png,寶可夢,40,Grass,,,蟲咬,Colorless,10,,,,,,,Fire,,,1,13,normal,G,擴充包「冰雪險境」,SV2P,Kouki Saitou,會將超能力混進泥土和沙子裡製作出泥球。<br/>泥球比自己的命還重要。,蟲滾泥 → 蟲甲聖 → 蟲甲聖ex,,C,7.00,Base:5.0|Meta:0.0|Exp:2.0|Func:0.0|Syn:0.0|Eff:0.0|Dmg:0.0|Mod:1.00,無,無
蟲滾泥,基礎,8676,https://asia.pokemon-card.com/hk/card-img/hk00008676.png,寶可夢,50,Grass,,,滾球,"Colorless,Colorless",30×,擲硬幣直到出現反面，造成正面出現的次數×30點傷害。,,,,,,Fire,,,1,14,normal,G,擴充包「冰雪險境」,SV2P,Anesaki Dynamic,會將超能力混進泥土和沙子裡製作出泥球。<br/>泥球比自己的命還重要。,蟲滾泥 → 蟲甲聖 → 蟲甲聖ex,,C+,10.00,Base:5.0|Meta:0.0|Exp:2.0|Func:0.0|Syn:0.0|Eff:0.0|Dmg:3.0|Mod:1.00,"傷害效果, 硬幣判定",無
蟲滾泥,基礎,10882,https://asia.pokemon-card.com/hk/card-img/hk00010882.png,寶可夢,50,Grass,,,撞一下,Colorless,30,這隻寶可夢也受到10點傷害。,,,,,,Fire,,,1,14,normal,H,擴充包「異度審判」,SV5M,Saboteri,會一邊滾著泥巴球，一邊使進化的能量成熟。<br/>最終會迎接進化的時刻。,蟲滾泥 → 蟲甲聖 → 蟲甲聖ex,,C,8.00,Base:5.0|Meta:0.0|Exp:2.0|Func:0.0|Syn:0.0|Eff:0.0|Dmg:1.0|Mod:1.00,反噬傷害,無
蟲滾泥,基礎,12084,https://asia.pokemon-card.com/hk/card-img/hk00012084.png,寶可夢,40,Grass,,,呼喚,Colorless,,從自己的牌庫抽出1張卡。,滾動,Grass,10,,,Fire,,,1,8,normal,H,擴充包「超電突圍」,SV8,Toshinao Aoki,會一邊滾著泥巴球，<br/>一邊使進化的能量成熟。<br/>最終會迎接進化的時刻。,蟲滾泥 → 蟲甲聖 → 蟲甲聖ex,,B,11.00,Base:5.0|Meta:0.0|Exp:3.0|Func:3.0|Syn:0.0|Eff:0.0|Dmg:0.0|Mod:1.00,"抽卡效果, 搜索效果",無
古簡蝸ex,基礎,8677,https://asia.pokemon-card.com/hk/card-img/hk00008677.png,寶可夢,230,Grass,,,追擊蔦,"Grass,Grass,Colorless",,對手的1隻備戰寶可夢受到對手已經獲得的獎賞卡的張數×60點傷害。[在備戰區不計算弱點・抵抗力。],森林灼燒,"Grass,Grass,Grass,Colorless",220,,,Fire,,,4,15,normal,G,擴充包「冰雪險境」,SV2P,5ban Graphics,,古簡蝸ex,ex,B+,16.00,Base:5.0|Meta:0.0|Exp:2.0|Func:3.0|Syn:0.0|Eff:0.0|Dmg:6.0|Mod:1.00,"棄牌區傷害加成, 獎賞控制, 連鎖傷害",無
瑪力露,基礎,8678,https://asia.pokemon-card.com/hk/card-img/hk00008678.png,寶可夢,70,Water,,,泡沫吸取,"Water,Colorless",20,將這隻寶可夢恢復「20」HP。,,,,,,Lightning,,,1,16,normal,G,擴充包「冰雪險境」,SV2P,saino misaki,全身的體毛有著能將水彈開的特性，<br/>所以就算碰到水也不會弄濕。,瑪力露 → 瑪力露麗,,C+,9.00,Base:5.0|Meta:0.0|Exp:2.0|Func:2.0|Syn:0.0|Eff:0.0|Dmg:0.0|Mod:1.00,回復效果,無
瑪力露,基礎,10823,https://asia.pokemon-card.com/hk/card-img/hk00010823.png,寶可夢,70,Psychic,,,滾球,Colorless,10×,擲硬幣直到出現反面，造成正面出現的次數×10點傷害。,魔法射擊,"Psychic,Colorless,Colorless",40,,,Metal,,,2,26,normal,H,擴充包「狂野之力」,SV5K,yuu,全身的體毛有著能將水彈開的特性，<br/>所以就算碰到水也不會弄濕。,瑪力露 → 瑪力露麗,,C,8.00,Base:5.0|Meta:0.0|Exp:2.0|Func:0.0|Syn:0.0|Eff:0.0|Dmg:1.0|Mod:1.00,"傷害效果, 硬幣判定",無
瑪力露,基礎,12198,https://asia.pokemon-card.com/hk/card-img/hk00012198.png,寶可夢,70,Water,,,滾動,Colorless,10,,,,,,,Lightning,,,1,13,normal,H,Trianers Camp,SVI,MARINA Chikazawa,儲滿了油脂的尾巴能用來<br/>代替浮囊，因此即使河川<br/>的流速再急也不成問題。,瑪力露 → 瑪力露麗,,C,7.00,Base:5.0|Meta:0.0|Exp:2.0|Func:0.0|Syn:0.0|Eff:0.0|Dmg:0.0|Mod:1.00,無,無
瑪力露麗,1階進化,8679,https://asia.pokemon-card.com/hk/card-img/hk00008679.png,寶可夢,120,Water,,,泡沫吸取,"Water,Colorless",50,將這隻寶可夢恢復「30」HP。,摔打,"Water,Colorless,Colorless",100×,擲2次硬幣，造成正面出現的次數×100點傷害。,,Lightning,,,1,17,normal,G,擴充包「冰雪險境」,SV2P,En Morikura,長長的耳朵是靈敏的感應器。能夠藉著聆聽水中的聲音<br/>來分辨出是什麼在動。,瑪力露 → 瑪力露麗,,A,17.00,Base:5.0|Meta:0.0|Exp:2.0|Func:2.0|Syn:0.0|Eff:0.0|Dmg:8.0|Mod:1.00,"傷害效果, 回復效果, 硬幣判定",無
瑪力露麗,1階進化,10824,https://asia.pokemon-card.com/hk/card-img/hk00010824.png,寶可夢,130,Psychic,,,嬉鬧,Colorless,30+,擲1次硬幣若為正面，則增加30點傷害。,力量衝撞,"Psychic,Colorless,Colorless",140,在下個自己的回合，這隻寶可夢無法使用招式。,,Metal,,,2,27,normal,H,擴充包「狂野之力」,SV5K,Makura Tami,長長的耳朵是靈敏的感應器。能夠藉著聆聽水中的聲音<br/>來分辨出是什麼在動。,瑪力露 → 瑪力露麗,,B,13.00,Base:5.0|Meta:0.0|Exp:2.0|Func:0.0|Syn:2.0|Eff:0.0|Dmg:4.0|Mod:1.00,"使用限制, 招式鎖定, 條件傷害, 硬幣判定",無
瑪力露麗,1階進化,12199,https://asia.pokemon-card.com/hk/card-img/hk00012199.png,寶可夢,120,Water,,,泡沫光線,"Water,Colorless",60,擲1次硬幣若為正面，則將對手的戰鬥寶可夢【麻痺】。,,,,,,Lightning,,,2,14,normal,H,Trianers Camp,SVI,Jerky,長長的耳朵是靈敏的感應器。<br/>能夠分辨出在河底<br/>移動的生物的聲音。,瑪力露 → 瑪力露麗,,B,13.00,Base:5.0|Meta:0.0|Exp:2.0|Func:2.0|Syn:2.0|Eff:0.0|Dmg:2.0|Mod:1.00,"狀態異常, 硬幣判定",無
瑪力露麗,1階進化,12002,https://asia.pokemon-card.com/hk/card-img/hk00012002.png,寶可夢,120,Psychic,‌亮亮泡,若自己的場上有「太晶」寶可夢，則這隻寶可夢使用「‌‌捨身衝撞」所需的能量，改為1個【超】能量。,捨身衝撞,"Psychic,Psychic,Psychic,Psychic",230,這隻寶可夢也受到50點傷害。,,,,,,Metal,,,2,4,normal,H,ex特別組合 太晶屬性：星晶 仙子伊布ex,SVPN,Orca,只要細細聆聽，就能分辨出在湍急的河川中有些什麼。,瑪力露 → 瑪力露麗,,B+,15.00,Base:5.0|Meta:0.0|Exp:2.0|Func:2.0|Syn:0.0|Eff:0.0|Dmg:6.0|Mod:1.00,"其他效果, 反噬傷害",無
愛心魚,基礎,8680,https://asia.pokemon-card.com/hk/card-img/hk00008680.png,寶可夢,70,Water,,,匹配,Colorless,,從自己的牌庫選擇最多2張支援者卡，在給對手看過後加入手牌。並且重洗牌庫。,水之波動,Water,20,將對手的戰鬥寶可夢【睡眠】。,,Lightning,,,1,18,normal,G,擴充包「冰雪險境」,SV2P,ryoma uratsuka,心形的外型很受歡迎。有些地方仍留有送愛心魚<br/>給心上人的習俗。,愛心魚,,B,11.00,Base:5.0|Meta:0.0|Exp:2.0|Func:4.0|Syn:0.0|Eff:0.0|Dmg:0.0|Mod:1.00,"抽卡效果, 搜索效果, 狀態異常",無
輕身鱈,基礎,8685,https://asia.pokemon-card.com/hk/card-img/hk00008685.png,寶可夢,130,Water,,,衝撞,Water,20,,纖細螺旋,"Water,Colorless,Colorless,Colorless",120,若自己1張手牌都沒有，則這個招式只需要1個【水】能量即可使用。,,Lightning,,,2,23,normal,G,擴充包「冰雪險境」,SV2P,Anesaki Dynamic,捨棄不必要的肉，能使其心靈受到磨練，精神力量得以提升。<br/>贅肉滋味清淡，但卻相當可口。,輕身鱈,,B+,15.00,Base:5.0|Meta:0.0|Exp:2.0|Func:2.0|Syn:2.0|Eff:0.0|Dmg:4.0|Mod:1.00,能量條件,無
輕身鱈,基礎,9984,https://asia.pokemon-card.com/hk/card-img/hk00009984.png,寶可夢,120,Water,捨己救人,這隻寶可夢在戰鬥場上受到對手的寶可夢招式的傷害而【昏厥】時，選擇最多2張這隻寶可夢身上附加的【水】能量卡，改附於1隻備戰寶可夢身上。,水炮,"Colorless,Colorless,Colorless",60+,增加這隻寶可夢身上附加的【水】能量的數量×20點傷害。,,,,,,Lightning,,,2,26,normal,G,擴充包「古代咆哮」,SV4K,Oswaldo KATO,捨棄不必要的肉，能使其心靈受到磨練，精神力量得以提升。<br/>贅肉滋味清淡，但卻相當可口。,輕身鱈,,A,18.00,Base:5.0|Meta:0.0|Exp:2.0|Func:8.0|Syn:0.0|Eff:0.0|Dmg:3.0|Mod:1.00,"備戰傷害加成, 能量操作",無
輕身鱈,基礎,11818,https://asia.pokemon-card.com/hk/card-img/hk00011818.png,寶可夢,130,Water,‌事先準備,這隻寶可夢使用招式所需的【無】能量，減少自己的棄牌區的「海岱」的張數。,音波刀鋒,"Colorless,Colorless,Colorless,Colorless",110,這個招式的傷害不計算對手的戰鬥寶可夢身上的附加效果。,,,,,,Lightning,,,2,27,normal,H,擴充包「星晶奇跡」,SV7,GOTO minori,擁有強大的再生能力。<br/>會丟棄身上的贅肉讓自己<br/>變得輕盈後突擊獵物。,輕身鱈,,B+,16.00,Base:5.0|Meta:0.0|Exp:3.0|Func:5.0|Syn:0.0|Eff:0.0|Dmg:3.0|Mod:1.00,"其他效果, 無視弱點/效果",無
涼脊龍,基礎,8686,https://asia.pokemon-card.com/hk/card-img/hk00008686.png,寶可夢,60,Water,,,撞擊,"Water,Colorless",30,,,,,,,Metal,,,1,24,normal,G,擴充包「冰雪險境」,SV2P,Akira Komayama,會用背鰭吸收熱能以轉換成冰之能量。<br/>溫度越高，累積的能量就越多。,涼脊龍 → 凍脊龍 → 戟脊龍,,C,8.00,Base:5.0|Meta:0.0|Exp:2.0|Func:0.0|Syn:0.0|Eff:0.0|Dmg:1.0|Mod:1.00,無,無
涼脊龍,基礎,10165,https://asia.pokemon-card.com/hk/card-img/hk00010165.png,寶可夢,70,Water,,,呼喚,Water,,從自己的牌庫抽出1張卡。,敲擊,"Water,Colorless",20,,,Metal,,,2,51,normal,G,高級擴充包「閃色寶藏ex」,SV4a,rika,會用背鰭吸收熱能以轉換成冰之能量。<br/>溫度越高，累積的能量就越多。,涼脊龍 → 凍脊龍 → 戟脊龍,,C+,10.00,Base:5.0|Meta:0.0|Exp:2.0|Func:3.0|Syn:0.0|Eff:0.0|Dmg:0.0|Mod:1.00,"抽卡效果, 搜索效果",無
戟脊龍,2階進化,8689,https://asia.pokemon-card.com/hk/card-img/hk00008689.png,寶可夢,160,Water,極低溫,在自己的回合時，可不限次數使用。從自己的手牌選擇1張「基本【水】能量」卡，附於自己的寶可夢身上。,光炮尾,"Water,Water,Colorless",130,,,,,,,Metal,,,2,27,normal,G,擴充包「冰雪險境」,SV2P,Shin Nagasawa,會從嘴裡噴射極低溫的冷氣。即使是灼熱的熔岩也能<br/>使其在一瞬間變成冰塊。,涼脊龍 → 凍脊龍 → 戟脊龍,,B,13.00,Base:5.0|Meta:0.0|Exp:2.0|Func:2.0|Syn:0.0|Eff:0.0|Dmg:4.0|Mod:1.00,能量附著,無
呆呆王ex,1階進化,8692,https://asia.pokemon-card.com/hk/card-img/hk00008692.png,寶可夢,270,Psychic,,,博學,Psychic,30,將對手的戰鬥寶可夢【混亂】。,才智頭擊,"Psychic,Psychic",130,若希望，從自己的牌庫任意選擇最多2張卡加入手牌。並且重洗牌庫。,,Darkness,,Fighting,3,30,normal,G,擴充包「冰雪險境」,SV2P,5ban Graphics,,呆呆獸 → 呆殼獸 → 呆呆王 → 呆呆王ex,"太晶,ex",A,17.00,Base:5.0|Meta:0.0|Exp:2.0|Func:4.0|Syn:2.0|Eff:0.0|Dmg:4.0|Mod:1.00,"抽卡效果, 搜索效果, 狀態異常",無
怖思壺,1階進化,8698,https://asia.pokemon-card.com/hk/card-img/hk00008698.png,寶可夢,70,Psychic,,,集古董,Psychic,,從自己的棄牌區選擇「物品」卡與「寶可夢道具」卡合計最多2張，在給對手看過後加入手牌。,倒茶,Psychic,,在對手的戰鬥寶可夢身上放置5個傷害指示物。,,Darkness,,Fighting,2,36,normal,G,擴充包「冰雪險境」,SV2P,Megumi Mizutani,以紅茶構成的身體風味獨特卻不失美味，<br/>但飲用過量可能致死。,來悲茶 → 怖思壺,,C+,10.00,Base:5.0|Meta:0.0|Exp:2.0|Func:3.0|Syn:0.0|Eff:0.0|Dmg:0.0|Mod:1.00,"傷害指示物, 搜索效果",無
蟲甲聖,1階進化,8699,https://asia.pokemon-card.com/hk/card-img/hk00008699.png,寶可夢,70,Psychic,,,復生祈禱,Colorless,,從自己的棄牌區選擇1張寶可夢卡，放置於備戰區。,幻象光線,"Psychic,Psychic",50,將對手的戰鬥寶可夢【混亂】。,,Darkness,,Fighting,1,37,normal,G,擴充包「冰雪險境」,SV2P,Oswaldo KATO,支撐球的身體幾乎不動，因此人們認為牠的本體<br/>其實是在球裡面。,蟲滾泥 → 蟲甲聖 → 蟲甲聖ex,,B,11.00,Base:5.0|Meta:0.0|Exp:2.0|Func:3.0|Syn:0.0|Eff:0.0|Dmg:1.0|Mod:1.00,"搜索效果, 狀態異常",放置效果
蟲甲聖,1階進化,10883,https://asia.pokemon-card.com/hk/card-img/hk00010883.png,寶可夢,70,Grass,球形盾牌,只要這隻寶可夢在場上，自己的所有備戰寶可夢不會受到對手的寶可夢招式的傷害與效果的影響。,精神強念,Grass,10+,增加對手的戰鬥寶可夢身上附加的能量的數量×30點傷害。,,,,,,Fire,,,1,15,normal,H,擴充包「異度審判」,SV5M,mingo,為了讓在球裡睡覺的寶寶可以睡得更加香甜，會用腳<br/>轉著球，讓寶寶感到安穩。,蟲滾泥 → 蟲甲聖 → 蟲甲聖ex,,B+,15.00,Base:5.0|Meta:0.0|Exp:2.0|Func:6.0|Syn:0.0|Eff:0.0|Dmg:2.0|Mod:1.00,"備戰傷害加成, 傷害防禦, 效果免疫, 能量操作",無
蟲甲聖,1階進化,12085,https://asia.pokemon-card.com/hk/card-img/hk00012085.png,寶可夢,70,Grass,,,三重抽出,Colorless,,從自己的牌庫抽出3張卡。,絕地反攻,Grass,40+,若自己的牌庫的剩餘張數為3張以下，則增加200點傷害。,,Fire,,,1,9,normal,H,擴充包「超電突圍」,SV8,Masako Tomii,為了讓在球裡睡覺的寶寶<br/>可以睡得更加香甜，會用腳<br/>轉著球，讓寶寶感到安穩。,蟲滾泥 → 蟲甲聖 → 蟲甲聖ex,,B+,16.00,Base:5.0|Meta:0.0|Exp:3.0|Func:3.0|Syn:2.0|Eff:0.0|Dmg:3.0|Mod:1.00,"抽卡效果, 搜索效果, 條件傷害",無
棄世猴ex,2階進化,8702,https://asia.pokemon-card.com/hk/card-img/hk00008702.png,寶可夢,320,Fighting,,,憤懣恨怨,Fighting,20×,在這隻寶可夢身上放置最多12個傷害指示物，造成放置的數量×20點傷害。,地球上投,"Fighting,Colorless",150,,,Psychic,,,2,40,normal,G,擴充包「冰雪險境」,SV2P,PLANETA Hiiragi,,猴怪 → 火爆猴 → 棄世猴 → 棄世猴ex,ex,B,12.00,Base:5.0|Meta:0.0|Exp:2.0|Func:0.0|Syn:0.0|Eff:0.0|Dmg:5.0|Mod:1.00,"備戰傷害加成, 傷害指示物, 傷害效果",無
樹才怪,基礎,8703,https://asia.pokemon-card.com/hk/card-img/hk00008703.png,寶可夢,110,Fighting,,,打擊躲藏,Fighting,20,擲1次硬幣若為正面，則在下個對手的回合，這隻寶可夢不會受到招式的傷害與效果的影響。,肘擊,"Fighting,Colorless,Colorless",90,,,Grass,,,1,41,normal,G,擴充包「冰雪險境」,SV2P,Jerky,總是偽裝成樹的樣子。身體構造比起植物來，<br/>好像更接近石頭或岩石之類的東西。,樹才怪,,B+,14.00,Base:5.0|Meta:0.0|Exp:2.0|Func:2.0|Syn:2.0|Eff:0.0|Dmg:3.0|Mod:1.00,"傷害防禦, 效果免疫, 硬幣判定",無
晶光芽,基礎,8704,https://asia.pokemon-card.com/hk/card-img/hk00008704.png,寶可夢,40,Fighting,,,覺醒,Fighting,,從自己的牌庫選擇1張從這隻寶可夢進化而來的卡，放置於這隻寶可夢身上完成進化。並且重洗牌庫。,,,,,,Grass,,,1,42,normal,G,擴充包「冰雪險境」,SV2P,Mizue,會從洞窟的壁上吸取養分。包覆在身上的花瓣<br/>是用毒的結晶做成的。,晶光芽 → 晶光花 → 晶光花ex,,B+,15.00,Base:5.0|Meta:0.0|Exp:2.0|Func:8.0|Syn:0.0|Eff:0.0|Dmg:0.0|Mod:1.00,"搜索效果, 進化支援",無
晶光芽,基礎,8705,https://asia.pokemon-card.com/hk/card-img/hk00008705.png,寶可夢,70,Fighting,,,落石,Fighting,20,,,,,,,Grass,,,2,43,normal,G,擴充包「冰雪險境」,SV2P,Sekio,會從洞窟的壁上吸取養分。包覆在身上的花瓣<br/><br/>是用毒的結晶做成的。,晶光芽 → 晶光花 → 晶光花ex,,C,7.00,Base:5.0|Meta:0.0|Exp:2.0|Func:0.0|Syn:0.0|Eff:0.0|Dmg:0.0|Mod:1.00,無,無
晶光芽,基礎,9574,https://asia.pokemon-card.com/hk/card-img/hk00009574.png,寶可夢,60,Fighting,,,鐵壁,Fighting,,擲1次硬幣若為正面，則在下個對手的回合，這隻寶可夢不會受到招式的傷害。,垂吊,Fighting,10,,,Grass,,,1,63,normal,G,擴充包「黯焰支配者」,SV3,Sanosuke Sakuma,會從洞窟的壁上吸取養分。包覆在身上的花瓣是用毒的結晶做成的。,晶光芽 → 晶光花 → 晶光花ex,,B,11.00,Base:5.0|Meta:0.0|Exp:2.0|Func:2.0|Syn:2.0|Eff:0.0|Dmg:0.0|Mod:1.00,"傷害防禦, 效果免疫, 硬幣判定",無
晶光芽,基礎,9575,https://asia.pokemon-card.com/hk/card-img/hk00009575.png,寶可夢,70,Fighting,,,毒之碎塊,"Fighting,Fighting",20,將對手的戰鬥寶可夢【中毒】。,,,,,,Grass,,,2,64,normal,G,擴充包「黯焰支配者」,SV3,GIDORA,會從洞窟的壁上吸取養分。包覆在身上的花瓣是用毒的結晶做成的。,晶光芽 → 晶光花 → 晶光花ex,,C+,9.00,Base:5.0|Meta:0.0|Exp:2.0|Func:2.0|Syn:0.0|Eff:0.0|Dmg:0.0|Mod:1.00,狀態異常,無
晶光芽,基礎,11346,https://asia.pokemon-card.com/hk/card-img/hk00011346.png,寶可夢,60,Fighting,,,岩石射擊,Fighting,30,選擇1個這隻寶可夢身上附加的能量，將其丟棄。,,,,,,Grass,,,1,62,normal,H,擴充包「變幻假面」,SV6,Miki Tanaka,以毒構成的結晶看似花瓣。<br/> 會如灑花粉般地灑出毒粉<br/> 來保護自身安全。,晶光芽 → 晶光花 → 晶光花ex,,B,12.00,Base:5.0|Meta:0.0|Exp:3.0|Func:3.0|Syn:0.0|Eff:0.0|Dmg:1.0|Mod:1.00,能量操作,無
晶光芽,基礎,12143,https://asia.pokemon-card.com/hk/card-img/hk00012143.png,寶可夢,70,Fighting,,,岩石投擲,Fighting,10,這個招式的傷害不計算抵抗力。,,,,,,Grass,,,2,67,normal,H,擴充包「超電突圍」,SV8,Eri Kamei,以毒構成的結晶看似花瓣。<br/>會如灑花粉般地灑出毒粉<br/>來保護自身安全。,晶光芽 → 晶光花 → 晶光花ex,,C,8.00,Base:5.0|Meta:0.0|Exp:3.0|Func:0.0|Syn:0.0|Eff:0.0|Dmg:0.0|Mod:1.00,無視弱點/效果,無
晶光花,1階進化,8706,https://asia.pokemon-card.com/hk/card-img/hk00008706.png,寶可夢,130,Fighting,碎裂結晶,這隻寶可夢【昏厥】時，自己擲1次硬幣。若為正面，則對手無法獲得獎賞卡。,毒花瓣,Fighting,,將對手的戰鬥寶可夢【中毒】。因這個【中毒】而放置的傷害指示物的數量改為6個。,,,,,,Grass,,,3,44,normal,G,擴充包「冰雪險境」,SV2P,Shin Nagasawa,只要察覺到危險，就會張開結晶的花瓣，<br/>從圓錐形的身體發射光束。,晶光芽 → 晶光花 → 晶光花ex,,C+,9.00,Base:5.0|Meta:0.0|Exp:2.0|Func:2.0|Syn:0.0|Eff:0.0|Dmg:0.0|Mod:1.00,"傷害指示物, 昏厥條件, 狀態異常, 獎賞控制, 硬幣判定",無
晶光花,1階進化,11347,https://asia.pokemon-card.com/hk/card-img/hk00011347.png,寶可夢,130,Fighting,,,神經毒,Colorless,,擲1次硬幣若為正面，則將對手的戰鬥寶可夢【中毒】與【麻痺】。,毒液衝擊,Fighting,30+,若對手的戰鬥寶可夢【中毒】，則增加100點傷害。,,Grass,,,3,63,normal,H,擴充包「變幻假面」,SV6,Kazumasa Yasukuni,最近發現牠的毒能量<br/> 結晶化後所形成的花瓣<br/> 與太晶的寶石類似。,晶光芽 → 晶光花 → 晶光花ex,,B+,14.00,Base:5.0|Meta:0.0|Exp:3.0|Func:2.0|Syn:2.0|Eff:0.0|Dmg:2.0|Mod:1.00,"條件傷害, 狀態施加, 狀態異常, 硬幣判定",無
晶光花,1階進化,12144,https://asia.pokemon-card.com/hk/card-img/hk00012144.png,寶可夢,130,Fighting,,,侵蝕碎塊,Colorless,20,將對手的戰鬥寶可夢【中毒】。在下個對手的回合，受到這個招式的寶可夢，無法附上從手牌使出的能量卡。,落石,"Fighting,Colorless",60,,,Grass,,,2,68,normal,H,擴充包「超電突圍」,SV8,takashi shiraishi,最近發現牠的毒能量<br/>結晶化後所形成的花瓣<br/>與太晶的寶石類似。,晶光芽 → 晶光花 → 晶光花ex,,B+,14.00,Base:5.0|Meta:0.0|Exp:3.0|Func:4.0|Syn:0.0|Eff:0.0|Dmg:2.0|Mod:1.00,"狀態異常, 能量操作",無
鋼鎧鴉,2階進化,8714,https://asia.pokemon-card.com/hk/card-img/hk00008714.png,寶可夢,170,Metal,,,增速,Metal,50,若對手的寶可夢因這個招式的傷害而【昏厥】了，則在下個對手的回合，這隻寶可夢不會受到招式的傷害與效果的影響。,旋轉鳥擊,"Metal,Colorless,Colorless",200,選擇2個這隻寶可夢身上附加的能量，將其丟棄。,,Lightning,,Fighting,2,52,normal,G,擴充包「冰雪險境」,SV2P,Scav,如果在飛行中遭到天敵的襲擊，也會給乘客帶來危險，因此在<br/>帕底亞無法從事計程車的工作。,稚山雀 → 藍鴉 → 鋼鎧鴉,,A+,20.00,Base:5.0|Meta:0.0|Exp:2.0|Func:5.0|Syn:2.0|Eff:0.0|Dmg:6.0|Mod:1.00,"傷害防禦, 效果免疫, 昏厥條件, 能量操作",無
銅象,基礎,8715,https://asia.pokemon-card.com/hk/card-img/hk00008715.png,寶可夢,100,Metal,,,踩,"Metal,Colorless",50,,,,,,,Fire,,Grass,3,53,normal,G,擴充包「冰雪險境」,SV2P,Oswaldo KATO,尖尖的鼻尖能削斷堅硬的岩石來作為糧食。性情溫馴，<br/>會幫助人類做粗重的工作。,銅象 → 大王銅象 → 大王銅象ex,,C,8.00,Base:5.0|Meta:0.0|Exp:2.0|Func:0.0|Syn:0.0|Eff:0.0|Dmg:1.0|Mod:1.00,無,無
大王銅象ex,1階進化,8716,https://asia.pokemon-card.com/hk/card-img/hk00008716.png,寶可夢,300,Metal,青銅之軀,這隻寶可夢受到招式的傷害「-30」點。,鼻震,"Metal,Metal,Colorless",260,自己的所有備戰寶可夢也各受到30點傷害。[在備戰區不計算弱點・抵抗力。],[ex規則],,,寶可夢【ex】【昏厥】時，對手獲得2張獎賞卡。,,Fire,,Grass,4,54,normal,G,擴充包「冰雪險境」,SV2P,Uta,,銅象 → 大王銅象 → 大王銅象ex,ex,B+,16.00,Base:5.0|Meta:0.0|Exp:2.0|Func:3.0|Syn:0.0|Eff:0.0|Dmg:6.0|Mod:1.00,"其他效果, 獎賞控制, 連鎖傷害",無
拖拖蚓,基礎,8717,https://asia.pokemon-card.com/hk/card-img/hk00008717.png,寶可夢,130,Metal,營養鐵質,若這隻寶可夢身上附有3個以上【鋼】能量，則這隻寶可夢的最大HP「+100」。,穿通,"Colorless,Colorless,Colorless,Colorless",100,對手的1隻備戰寶可夢也受到30點傷害。[在備戰區不計算弱點・抵抗力。],,,,,,Fire,,Grass,2,55,normal,G,擴充包「冰雪險境」,SV2P,Hitoshi Ariga,遭到攻擊的時候，會把體毛如拳頭般地使用，<br/>朝著敵人奉上拳擊風暴。,拖拖蚓,,B+,16.00,Base:5.0|Meta:0.0|Exp:2.0|Func:6.0|Syn:0.0|Eff:0.0|Dmg:3.0|Mod:1.00,"HP提升, 連鎖傷害",無
拖拖蚓,基礎,9894,https://asia.pokemon-card.com/hk/card-img/hk00009894.png,寶可夢,140,Metal,,,出拳&抽出,Metal,20,從自己的牌庫抽出2張卡。,絕境衝刺,"Metal,Colorless,Colorless",90+,若自己的牌庫的剩餘張數為3張以下，則增加150點傷害。,,Fire,,Grass,3,49,normal,G,強化擴充包「激狂駭浪」,SV3a,Pani Kobayashi,遭到攻擊的時候，會把體毛如拳頭般地使用，<br/>朝著敵人奉上拳擊風暴。,拖拖蚓,,B+,16.00,Base:5.0|Meta:0.0|Exp:2.0|Func:3.0|Syn:2.0|Eff:0.0|Dmg:4.0|Mod:1.00,"抽卡效果, 搜索效果, 條件傷害",無
土龍弟弟,基礎,8718,https://asia.pokemon-card.com/hk/card-img/hk00008718.png,寶可夢,70,Colorless,,,尋找朋友,Colorless,,從自己的牌庫選擇1張寶可夢卡，在給對手看過後加入手牌。並且重洗牌庫。,咬住,"Colorless,Colorless,Colorless",50,,,Fighting,,,1,56,normal,G,擴充包「冰雪險境」,SV2P,Nagomi Nijo,會在陰暗處做出迷宮。只要被誰看見就會<br/>用尾巴挖掘地面逃走。,土龍弟弟 → 土龍節節ex → 土龍節節,,B,12.00,Base:5.0|Meta:0.0|Exp:2.0|Func:4.0|Syn:0.0|Eff:0.0|Dmg:1.0|Mod:1.00,"抽卡效果, 搜索效果",無
土龍弟弟,基礎,10853,https://asia.pokemon-card.com/hk/card-img/hk00010853.png,寶可夢,60,Colorless,,,咬,Colorless,10,,挖洞,"Colorless,Colorless",30,擲1次硬幣若為正面，則在下個對手的回合，這隻寶可夢不會受到招式的傷害與效果的影響。,,Fighting,,,0,56,normal,H,擴充包「狂野之力」,SV5K,Sanosuke Sakuma,會在陰暗處做出迷宮。只要被誰看見就會<br/>用尾巴挖掘地面逃走。,土龍弟弟 → 土龍節節ex → 土龍節節,,B,12.00,Base:5.0|Meta:0.0|Exp:2.0|Func:2.0|Syn:2.0|Eff:0.0|Dmg:1.0|Mod:1.00,"傷害防禦, 效果免疫, 硬幣判定",無
土龍弟弟,基礎,13072,https://asia.pokemon-card.com/hk/card-img/hk00013072.png,寶可夢,70,Colorless,,,交替,Colorless,,將這隻寶可夢與備戰寶可夢互換。,衝撞,"Colorless,Colorless",20,,,Fighting,,,1,78,normal,I,擴充包「對戰搭檔」,SV9,Asako Ito,會在陰暗處做出迷宮。<br/>只要被誰看見就會<br/>用尾巴挖掘地面逃走。,土龍弟弟 → 土龍節節ex → 土龍節節,,B,11.00,Base:5.0|Meta:0.0|Exp:3.0|Func:3.0|Syn:0.0|Eff:0.0|Dmg:0.0|Mod:1.00,切換效果,無
土龍節節,1階進化,8719,https://asia.pokemon-card.com/hk/card-img/hk00008719.png,寶可夢,140,Colorless,,,擲泥,Colorless,30,,挖逃閃光,"Colorless,Colorless,Colorless,Colorless",100,將對手的戰鬥寶可夢【麻痺】。將這隻寶可夢與附加的卡，全部放回自己的牌庫並重洗。,,Fighting,,,3,57,normal,G,擴充包「冰雪險境」,SV2P,Mina Nakai,會用堅硬的尾巴挖穿地下深處的岩盤來築巢。<br/>巢穴可以長達１０公里。,土龍弟弟 → 土龍節節ex → 土龍節節,,B+,16.00,Base:5.0|Meta:0.0|Exp:2.0|Func:4.0|Syn:2.0|Eff:0.0|Dmg:3.0|Mod:1.00,狀態異常,無
長翅鷗,基礎,8720,https://asia.pokemon-card.com/hk/card-img/hk00008720.png,寶可夢,70,Colorless,,,起風,"Colorless,Colorless",30,,,,,,,Lightning,,Fighting,1,58,normal,G,擴充包「冰雪險境」,SV2P,Kouki Saitou,會乘著上升氣流，如同滑翔機般地飛在空中<br/>輸送鳥嘴銜著的食物。,長翅鷗 → 大嘴鷗,,C,8.00,Base:5.0|Meta:0.0|Exp:2.0|Func:0.0|Syn:0.0|Eff:0.0|Dmg:1.0|Mod:1.00,無,無
大嘴鷗,1階進化,8721,https://asia.pokemon-card.com/hk/card-img/hk00008721.png,寶可夢,120,Colorless,傳言,在自己的回合，從手牌使出這張卡並完成進化時，可使用1次。選擇自己的牌庫或者棄牌區任一方。從其中選擇1張支援者卡，在給對手看過後加入手牌。若看過牌庫，則重洗牌庫。,翅膀攻擊,"Colorless,Colorless,Colorless",90,,,,,,,Lightning,,Fighting,2,59,normal,G,擴充包「冰雪險境」,SV2P,Shinya Komatsu,把小型寶可夢裝在鳥嘴裡飛翔的空中送貨員。<br/>會漂浮在海上讓翅膀休息。,長翅鷗 → 大嘴鷗,,A+,20.00,Base:5.0|Meta:0.0|Exp:2.0|Func:10.0|Syn:0.0|Eff:0.0|Dmg:3.0|Mod:1.00,"抽卡效果, 搜索效果",進化效果
懶人獺,基礎,8722,https://asia.pokemon-card.com/hk/card-img/hk00008722.png,寶可夢,70,Colorless,,,哈欠,"Colorless,Colorless",,將對手的戰鬥寶可夢【睡眠】。,,,,,,Fighting,,,2,60,normal,G,擴充包「冰雪險境」,SV2P,Shigenori Negishi,１天會睡上２０個小時。使看著自己的對手睡意漸濃<br/>也是牠的能力之一。,懶人獺 → 過動猿 → 請假王 → 請假王ex,,C+,9.00,Base:5.0|Meta:0.0|Exp:2.0|Func:2.0|Syn:0.0|Eff:0.0|Dmg:0.0|Mod:1.00,狀態異常,無
懶人獺,基礎,12158,https://asia.pokemon-card.com/hk/card-img/hk00012158.png,寶可夢,60,Colorless,,,悠哉,Colorless,,將這隻寶可夢恢復「60」HP。在下個自己的回合，這隻寶可夢無法撤退。,,,,,,Fighting,,,2,82,normal,H,擴充包「超電突圍」,SV8,Aya Kusube,懶人獺慵懶的樣子<br/>會深深地刺激<br/>看著牠的人的懶惰之心。,懶人獺 → 過動猿 → 請假王 → 請假王ex,,C+,10.00,Base:5.0|Meta:0.0|Exp:3.0|Func:2.0|Syn:0.0|Eff:0.0|Dmg:0.0|Mod:1.00,"回復效果, 撤退封鎖",撤退效果
過動猿,1階進化,8723,https://asia.pokemon-card.com/hk/card-img/hk00008723.png,寶可夢,90,Colorless,,,正面對決,"Colorless,Colorless",40,,銳利之爪,"Colorless,Colorless,Colorless",60+,擲1次硬幣若為正面，則增加60點傷害。,,Fighting,,,2,61,normal,G,擴充包「冰雪險境」,SV2P,GIDORA,如果不活動身體，就會累積過多的壓力，<br/>使身體狀況變糟。,懶人獺 → 過動猿 → 請假王 → 請假王ex,,B,12.00,Base:5.0|Meta:0.0|Exp:2.0|Func:0.0|Syn:2.0|Eff:0.0|Dmg:3.0|Mod:1.00,"條件傷害, 硬幣判定",無
請假王,2階進化,8724,https://asia.pokemon-card.com/hk/card-img/hk00008724.png,寶可夢,180,Colorless,回籠覺,在寶可夢檢查時，因這隻寶可夢的【睡眠】的擲硬幣次數改為2次，若沒有全部為正面則無法恢復。,懶散頭撞,"Colorless,Colorless,Colorless",240,將這隻寶可夢【睡眠】。,,,,,,Fighting,,,4,62,normal,G,擴充包「冰雪險境」,SV2P,Yuya Oka,雖然是世界上最懶散的寶可夢，但能藉由把積蓄的能量一次釋放，<br/>發揮出驚人的力量。,懶人獺 → 過動猿 → 請假王 → 請假王ex,,B+,14.00,Base:5.0|Meta:0.0|Exp:2.0|Func:1.0|Syn:0.0|Eff:0.0|Dmg:6.0|Mod:1.00,"狀態異常, 硬幣判定",無
稚山雀,基礎,8725,https://asia.pokemon-card.com/hk/card-img/hk00008725.png,寶可夢,60,Colorless,,,送回,Colorless,10,將對手的戰鬥寶可夢與備戰寶可夢互換。[由對手選擇放置於戰鬥場的寶可夢。],,,,,,Lightning,,Fighting,1,63,normal,G,擴充包「冰雪險境」,SV2P,Naoki Saito,性情勇敢，魯莽衝動。眼睛周圍的白色花紋<br/>會讓懦弱的寶可夢感到畏懼。,稚山雀 → 藍鴉 → 鋼鎧鴉,,B,12.00,Base:5.0|Meta:0.0|Exp:2.0|Func:5.0|Syn:0.0|Eff:0.0|Dmg:0.0|Mod:1.00,切換效果,無
藍鴉,1階進化,8726,https://asia.pokemon-card.com/hk/card-img/hk00008726.png,寶可夢,90,Colorless,,,滑翔,Colorless,20,,緊抓,"Colorless,Colorless,Colorless",70,在下個對手的回合，受到這個招式的寶可夢無法撤退。,,Lightning,,Fighting,1,64,normal,G,擴充包「冰雪險境」,SV2P,sui,人們認為牠會擁有高度智慧，是因為相較於其他鳥寶可夢，<br/>牠的腦子是比較大的。,稚山雀 → 藍鴉 → 鋼鎧鴉,,B,11.00,Base:5.0|Meta:0.0|Exp:2.0|Func:2.0|Syn:0.0|Eff:0.0|Dmg:2.0|Mod:1.00,撤退封鎖,撤退效果
怒鸚哥ex,基礎,8727,https://asia.pokemon-card.com/hk/card-img/hk00008727.png,寶可夢,160,Colorless,裝酷重抽,只有在自己的最初回合可使用1次。將自己的手牌全部丟棄，從牌庫抽出6張卡。在這個回合，若已經使出了其他的「裝酷重抽」，則這個特性無法使用。,鼓足幹勁,Colorless,20,從自己的棄牌區選擇最多2張基本能量卡，附於1隻備戰寶可夢身上。,[ex規則],,,寶可夢【ex】【昏厥】時，對手獲得2張獎賞卡。,,Lightning,,Fighting,1,65,normal,G,擴充包「冰雪險境」,SV2P,PLANETA Mochizuki,,怒鸚哥ex,ex,B+,15.00,Base:5.0|Meta:0.0|Exp:2.0|Func:8.0|Syn:0.0|Eff:0.0|Dmg:0.0|Mod:1.00,"招式鎖定, 搜索效果, 獎賞控制","大量抽卡, 特性效果"
能量貼紙,,9018,https://asia.pokemon-card.com/hk/card-img/hk00009018.png,物品卡,,,,,,,,擲1次硬幣若為正面，則從自己的棄牌區選擇1張基本能量卡，附於備戰寶可夢身上。,,,,在自己的回合時，物品卡可不限張數使用。,,,,,,152,normal,G,強化擴充包「寶可夢卡牌151」,SV2a,Ayaka Yoshida,,,,B+,14.00,Base:7.0|Meta:0.0|Exp:2.0|Func:3.0|Syn:2.0|Eff:0.0|Dmg:0.0|Mod:1.00,"搜索效果, 硬幣判定",無
能量輸送,,3082,https://asia.pokemon-card.com/hk/card-img/hk00003082.png,物品卡,,,,,,,,從自己的牌庫選擇1張基本能量卡，在給對手看過後加入手牌。並且重洗牌庫。,,,,在自己的回合時，物品卡可不限張數使用。,,,,,,147,normal,G,V起始牌組「劍&盾」,SC1D,Studio Bora Inc.,,,,B,12.00,Base:7.0|Meta:0.0|Exp:-1.0|Func:6.0|Syn:0.0|Eff:0.0|Dmg:0.0|Mod:1.00,"抽卡效果, 搜索效果",無
能量輸送PRO,,11978,https://asia.pokemon-card.com/hk/card-img/hk00011978.png,物品卡,,,,,,,,從自己的牌庫選擇任意數量的各不同屬性的基本能量卡各1張，在給對手看過後加入手牌。並且重洗牌庫。,,,,,,,,,,52,normal,H,強化擴充包「樂園騰龍」,SV7a,Toyste Beach,,,,B+,16.00,Base:7.0|Meta:0.0|Exp:3.0|Func:6.0|Syn:0.0|Eff:0.0|Dmg:0.0|Mod:1.00,"抽卡效果, 搜索效果",無
能量轉移,,7559,https://asia.pokemon-card.com/hk/card-img/hk00007559.png,物品卡,,,,,,,,選擇1個自己的場上寶可夢身上附加的基本能量，改附於自己的其他寶可夢身上。,,,,在自己的回合時，物品卡可不限張數使用。,,,,,,59,normal,G,強化擴充包「白熱奧祕」,S11a,Toyste Beach,,,,A,18.00,Base:7.0|Meta:3.0|Exp:1.0|Func:5.0|Syn:2.0|Eff:0.0|Dmg:0.0|Mod:1.00,能量操作,無
反轉能量,,8733,https://asia.pokemon-card.com/hk/card-img/hk00008733.png,特殊能量卡,,,,,,,,只要這張卡附於寶可夢身上，視為提供1個【無】能量。 <br/>附於進化寶可夢（「擁有規則的寶可夢」除外）身上時，若自己剩餘獎賞卡的張數，比對手剩餘獎賞卡的張數多，則視為提供3個所有屬性的能量。,,,,,,,,,,71,normal,G,擴充包「冰雪險境」,SV2P,n/a,,,,B+,16.00,Base:5.0|Meta:0.0|Exp:2.0|Func:7.0|Syn:2.0|Eff:0.0|Dmg:0.0|Mod:1.00,"特殊能量, 獎賞控制, 進化支援",無
反轉能量,,10303,https://asia.pokemon-card.com/hk/card-img/hk00010303.png,特殊能量卡,,,,,,,,只要這張卡附於寶可夢身上，視為提供1個【無】能量。<br/>若自己剩餘獎賞卡的張數，比對手剩餘獎賞卡的張數多，則只要這張卡附於進化寶可夢（「擁有規則的寶可夢」除外）身上，視為提供3個所有屬性的能量。,,,,,,,,,,189,normal,G,高級擴充包「閃色寶藏ex」,SV4a,,,,,B+,16.00,Base:5.0|Meta:0.0|Exp:2.0|Func:7.0|Syn:2.0|Eff:0.0|Dmg:0.0|Mod:1.00,"特殊能量, 獎賞控制, 進化支援",無
美麗花,2階進化,9514,https://asia.pokemon-card.com/hk/card-img/hk00009514.png,寶可夢,130,Grass,,,催眠粉,Colorless,30,將對手的戰鬥寶可夢【睡眠】。,強力舞,Grass,90×,擲與這隻寶可夢身上附加的能量的數量相同次數的硬幣，造成正面出現的次數×90點傷害。,,Fire,,,1,3,normal,G,擴充包「黯焰支配者」,SV3,sui,有時美麗花們會聚在一起，做出像是跳舞的動作。據說這是呼喚太陽的儀式。,走路草 → 臭臭花 → 美麗花 → 霸王花 → 霸王花GX,,A+,20.00,Base:5.0|Meta:0.0|Exp:2.0|Func:5.0|Syn:0.0|Eff:0.0|Dmg:8.0|Mod:1.00,"傷害效果, 狀態異常, 硬幣判定, 能量操作",無
小木靈,基礎,9518,https://asia.pokemon-card.com/hk/card-img/hk00009518.png,寶可夢,60,Grass,,,木枝突刺,"Colorless,Colorless",20,,,,,,,Fire,,,1,7,normal,G,擴充包「黯焰支配者」,SV3,Narumi Sato,用類似人類小孩的聲音鳴叫，把大人引到森林的深處，讓他們在其中迷失方向。,小木靈 → 朽木妖,,C,7.00,Base:5.0|Meta:0.0|Exp:2.0|Func:0.0|Syn:0.0|Eff:0.0|Dmg:0.0|Mod:1.00,無,無
小木靈,基礎,11290,https://asia.pokemon-card.com/hk/card-img/hk00011290.png,寶可夢,70,Grass,,,寄生種子,"Grass,Colorless",20,將這隻寶可夢恢復「20」HP。,,,,,,Fire,,,2,6,normal,H,擴充包「變幻假面」,SV6,Katsunori Sato,死去的孩子的靈魂附在<br/> 樹樁上，變成了寶可夢。<br/> 會徘徊在森林裡尋找夥伴。,小木靈 → 朽木妖,,C+,10.00,Base:5.0|Meta:0.0|Exp:3.0|Func:2.0|Syn:0.0|Eff:0.0|Dmg:0.0|Mod:1.00,回復效果,無
朽木妖,1階進化,9519,https://asia.pokemon-card.com/hk/card-img/hk00009519.png,寶可夢,140,Grass,森林瘴氣,只要這隻寶可夢在戰鬥場上，每次寶可夢檢查時，在對手的戰鬥寶可夢身上放置1個傷害指示物。,禁錮,"Colorless,Colorless,Colorless",100,在下個對手的回合，受到這個招式的寶可夢無法撤退。,,,,,,Fire,,,3,8,normal,G,擴充包「黯焰支配者」,SV3,Anesaki Dynamic,腳尖伸出來的根鬚能連結森林中的樹木，並且自由自在地加以操縱。,小木靈 → 朽木妖,,B,12.00,Base:5.0|Meta:0.0|Exp:2.0|Func:2.0|Syn:0.0|Eff:0.0|Dmg:3.0|Mod:1.00,"傷害指示物, 撤退封鎖","撤退效果, 放置效果"
朽木妖,1階進化,11291,https://asia.pokemon-card.com/hk/card-img/hk00011291.png,寶可夢,120,Grass,,,終極吸取,"Grass,Colorless",50,將這隻寶可夢恢復對對手的戰鬥寶可夢造成的傷害相同數值的HP。,森林拋擲,"Grass,Grass,Colorless",130,,,Fire,,,3,7,normal,H,擴充包「變幻假面」,SV6,Oswaldo KATO,對住在森林裡的寶可夢<br/> 非常親切，就算被住進了<br/> 頭上那叢葉子裡也毫不在意。,小木靈 → 朽木妖,,B+,16.00,Base:5.0|Meta:0.0|Exp:3.0|Func:4.0|Syn:0.0|Eff:0.0|Dmg:4.0|Mod:1.00,"傷害效果, 回復效果",無
炎帝,基礎,9527,https://asia.pokemon-card.com/hk/card-img/hk00009527.png,寶可夢,130,Fire,壓迫感,只要這隻寶可夢在戰鬥場上，對手的戰鬥寶可夢使用的招式的傷害「-20」點。,火炎球,"Colorless,Colorless,Colorless",60+,增加這隻寶可夢身上附加的【火】能量的數量×20點傷害。,,,,,,Water,,,2,16,normal,G,擴充包「黯焰支配者」,SV3,toriyufu,據說如果炎帝吼叫的話，世界上的某處火山就會爆發。,炎帝,,B+,15.00,Base:5.0|Meta:0.0|Exp:2.0|Func:5.0|Syn:0.0|Eff:0.0|Dmg:3.0|Mod:1.00,"備戰傷害加成, 其他效果, 能量操作",無
冰砌鵝ex,基礎,9531,https://asia.pokemon-card.com/hk/card-img/hk00009531.png,寶可夢,210,Fire,,,熱熱冰塊,"Water,Water,Water",160,選擇1個這隻寶可夢身上附加的能量，將其丟棄。在下個對手的回合，受到這個招式的寶可夢無法使用招式。,[ex規則],,,寶可夢【ex】【昏厥】時，對手獲得2張獎賞卡。,,Water,,,2,20,normal,G,擴充包「黯焰支配者」,SV3,5ban Graphics,,冰砌鵝ex,"太晶,ex",A,17.00,Base:5.0|Meta:0.0|Exp:2.0|Func:5.0|Syn:0.0|Eff:0.0|Dmg:5.0|Mod:1.00,"招式封鎖, 招式鎖定, 獎賞控制, 能量操作",丟棄效果
巨牙鯊,1階進化,9533,https://asia.pokemon-card.com/hk/card-img/hk00009533.png,寶可夢,120,Water,,,水流衝擊,Water,10+,增加對手的戰鬥寶可夢【撤退】所需的能量的數量×30點傷害。,噴射頭擊,"Water,Water",60,,,Lightning,,,1,22,normal,G,擴充包「黯焰支配者」,SV3,Tonji Matsuno,被稱為大海惡霸。船隻要是誤闖了牠的棲息海域，無一倖免地都會被襲擊。,利牙魚 → 巨牙鯊,,B,13.00,Base:5.0|Meta:0.0|Exp:2.0|Func:4.0|Syn:0.0|Eff:0.0|Dmg:2.0|Mod:1.00,"備戰傷害加成, 撤退干擾",撤退效果
巨牙鯊,1階進化,10814,https://asia.pokemon-card.com/hk/card-img/hk00010814.png,寶可夢,120,Water,,,咬棄,"Colorless,Colorless",50,擲3次硬幣，在不看手牌正面的情況下，選擇與正面出現的次數相同數量的對手的手牌，將其丟棄。,噴射頭擊,"Water,Colorless,Colorless",100,,,Lightning,,,1,17,normal,H,擴充包「狂野之力」,SV5K,Shinji Kanda,當牠嗅到獵物的氣味，就會從臀部噴射出海水，<br/>發動時速１２０公里的襲擊。,利牙魚 → 巨牙鯊,,B,12.00,Base:5.0|Meta:0.0|Exp:2.0|Func:2.0|Syn:0.0|Eff:0.0|Dmg:3.0|Mod:1.00,"情報收集, 硬幣判定",丟棄效果
波普海豚,基礎,9540,https://asia.pokemon-card.com/hk/card-img/hk00009540.png,寶可夢,50,Water,,,勇氣進化,Water,,將這隻寶可夢與備戰寶可夢互換。然後，從自己的牌庫選擇1張從這隻寶可夢進化而來的卡，放置於這隻寶可夢身上完成進化。並且重洗牌庫。,鰭快刀,Water,10,,,Lightning,,,2,29,normal,G,擴充包「黯焰支配者」,SV3,kodama,喜歡用尾鰭的水環和夥伴一起玩耍。能透過超音波察覺生物的心情。,波普海豚 → 海豚俠 → 海豚俠ex,,A,17.00,Base:5.0|Meta:0.0|Exp:2.0|Func:10.0|Syn:0.0|Eff:0.0|Dmg:0.0|Mod:1.00,"切換效果, 搜索效果, 進化支援",無
波普海豚,基礎,9541,https://asia.pokemon-card.com/hk/card-img/hk00009541.png,寶可夢,90,Water,,,尾擊,"Water,Water",30,,,,,,,Lightning,,,2,30,normal,G,擴充包「黯焰支配者」,SV3,Kouki Saitou,喜歡用尾鰭的水環和夥伴一起玩耍。能透過超音波察覺生物的心情。,波普海豚 → 海豚俠 → 海豚俠ex,,C,8.00,Base:5.0|Meta:0.0|Exp:2.0|Func:0.0|Syn:0.0|Eff:0.0|Dmg:1.0|Mod:1.00,無,無
波普海豚,基礎,11318,https://asia.pokemon-card.com/hk/card-img/hk00011318.png,寶可夢,70,Water,,,水流斬,Water,30,在下個自己的回合，這隻寶可夢無法使用招式。,,,,,,Lightning,,,1,34,normal,H,擴充包「變幻假面」,SV6,Narumi Sato,牠的水環是頭部的洞<br/> 冒出來的黏膠與海水<br/> 混合後製造出來的。,波普海豚 → 海豚俠 → 海豚俠ex,,C+,9.00,Base:5.0|Meta:0.0|Exp:3.0|Func:0.0|Syn:0.0|Eff:0.0|Dmg:1.0|Mod:1.00,"使用限制, 招式鎖定",無
海豚俠,1階進化,9542,https://asia.pokemon-card.com/hk/card-img/hk00009542.png,寶可夢,150,Water,,,噴射拳,Water,30,對手的1隻備戰寶可夢也受到30點傷害。[在備戰區不計算弱點・抵抗力。],正義踢,"Water,Water",210,在這個回合，若沒有從備戰區將這隻寶可夢放置於戰鬥場，則這個招式失敗。,,Lightning,,,2,31,normal,G,擴充包「黯焰支配者」,SV3,Souichirou Gunjima,太古基因覺醒之後的樣子。力氣很大，只用單邊的鰭也可以輕輕鬆鬆舉起遊輪。,波普海豚 → 海豚俠 → 海豚俠ex,,A,18.00,Base:5.0|Meta:0.0|Exp:2.0|Func:3.0|Syn:2.0|Eff:0.0|Dmg:6.0|Mod:1.00,"條件失敗, 連鎖傷害",放置效果
海豚俠,1階進化,10820,https://asia.pokemon-card.com/hk/card-img/hk00010820.png,寶可夢,150,Water,,,先鋒拳,Water,130,這隻寶可夢也受到這隻寶可夢身上放置的傷害指示物的數量×10點傷害。,二連擊,"Water,Colorless,Colorless",90×,擲2次硬幣，造成正面出現的次數×90點傷害。,,Lightning,,,2,23,normal,H,擴充包「狂野之力」,SV5K,DOM,太古基因覺醒之後的樣子。力氣很大，只用單邊的鰭<br/>也可以輕輕鬆鬆舉起遊輪。,波普海豚 → 海豚俠 → 海豚俠ex,,B,13.00,Base:5.0|Meta:0.0|Exp:2.0|Func:0.0|Syn:0.0|Eff:0.0|Dmg:6.0|Mod:1.00,"備戰傷害加成, 傷害指示物, 傷害效果, 反噬傷害, 硬幣判定",無
海豚俠,1階進化,11319,https://asia.pokemon-card.com/hk/card-img/hk00011319.png,寶可夢,100,Water,全能變身,在自己的回合，這隻寶可夢從戰鬥場回到備戰區時，可使用1次。從自己的牌庫選擇1張「海豚俠【ex】」，與這張卡互換（所附加的卡・傷害指示物・特殊狀態・效果等全部保留）。若互換了，則這張卡放回牌庫。並且重洗牌庫。,飛濺,"Water,Colorless",30,,,,,,,Lightning,,,1,35,normal,H,擴充包「變幻假面」,SV6,Ligton,體能與波普海豚不相上下，<br/> 但一旦夥伴陷入了危機，<br/> 就會變身來提高自己的力量。,波普海豚 → 海豚俠 → 海豚俠ex,,B+,14.00,Base:5.0|Meta:0.0|Exp:3.0|Func:5.0|Syn:0.0|Eff:0.0|Dmg:1.0|Mod:1.00,"切換效果, 搜索效果",無
班基拉斯ex,2階進化,9543,https://asia.pokemon-card.com/hk/card-img/hk00009543.png,寶可夢,340,Lightning,,,飛山,Fighting,120,將自己的牌庫上方2張卡丟棄。,索爾亂暴,"Fighting,Fighting",150+,若自己的備戰寶可夢身上放置有傷害指示物，則增加100點傷害。,,Fighting,,,4,32,normal,G,擴充包「黯焰支配者」,SV3,5ban Graphics,,幼基拉斯 → 沙基拉斯 → 班基拉斯 → 班基拉斯GX → 班基拉斯ex,"太晶,ex",B+,16.00,Base:5.0|Meta:0.0|Exp:2.0|Func:1.0|Syn:2.0|Eff:0.0|Dmg:6.0|Mod:1.00,"傷害指示物, 其他效果, 條件傷害",無
班基拉斯ex,2階進化,12686,https://asia.pokemon-card.com/hk/card-img/hk00012686.png,寶可夢,340,Darkness,,,壓碎,Colorless,50×,造成這隻寶可夢身上附加的能量的數量×50點傷害。,暴君粉碎,"Darkness,Colorless,Colorless",150,在不看正面的情況下，從對手的手牌選擇1張，將其丟棄。,,Grass,,,3,78,normal,H,雙ex初階牌組 Generations,SVM,5ban Graphics,,幼基拉斯 → 沙基拉斯 → 班基拉斯 → 班基拉斯GX → 班基拉斯ex,ex,A+,20.00,Base:5.0|Meta:0.0|Exp:2.0|Func:5.0|Syn:0.0|Eff:0.0|Dmg:8.0|Mod:1.00,"備戰傷害加成, 傷害效果, 情報收集, 能量操作",丟棄效果
波克比,基礎,9554,https://asia.pokemon-card.com/hk/card-img/hk00009554.png,寶可夢,50,Psychic,,,撒嬌聲,Colorless,,在不看正面的情況下，從對手的手牌選擇1張，查看那張卡的正面後放回對手的牌庫並重洗。,滾動衝撞,"Colorless,Colorless",20,,,Metal,,,1,43,normal,G,擴充包「黯焰支配者」,SV3,Natsumi Yoshida,好運的象徵。據說在牠的殼裡裝著滿滿的幸福。,波克比 → 波克基古 → 波克基斯,,B,11.00,Base:5.0|Meta:0.0|Exp:2.0|Func:4.0|Syn:0.0|Eff:0.0|Dmg:0.0|Mod:1.00,搜索效果,無
波克比,基礎,12121,https://asia.pokemon-card.com/hk/card-img/hk00012121.png,寶可夢,50,Psychic,,,拍擊,"Colorless,Colorless",30,,,,,,,Metal,,,1,45,normal,H,擴充包「超電突圍」,SV8,Yoko Hishida,殼內好像塞滿了許多幸福，<br/>據說只要溫柔地對待牠，<br/>牠就會把幸運分給對方。,波克比 → 波克基古 → 波克基斯,,C+,9.00,Base:5.0|Meta:0.0|Exp:3.0|Func:0.0|Syn:0.0|Eff:0.0|Dmg:1.0|Mod:1.00,無,無
波克基古,1階進化,9555,https://asia.pokemon-card.com/hk/card-img/hk00009555.png,寶可夢,90,Psychic,,,平分和平,Colorless,,雙方玩家各從牌庫抽出3張卡。,高速飛行,"Colorless,Colorless",40,,,Metal,,,1,44,normal,G,擴充包「黯焰支配者」,SV3,Kyoko Umemoto,不待在溫柔的人身邊就會變得沒有精神。不揮動翅膀也能浮在空中。,波克比 → 波克基古 → 波克基斯,,B,11.00,Base:5.0|Meta:0.0|Exp:2.0|Func:3.0|Syn:0.0|Eff:0.0|Dmg:1.0|Mod:1.00,"抽卡效果, 搜索效果",無
波克基古,1階進化,12122,https://asia.pokemon-card.com/hk/card-img/hk00012122.png,寶可夢,90,Psychic,,,吸取之吻,"Colorless,Colorless",30,將這隻寶可夢恢復「30」HP。,,,,,,Metal,,,1,46,normal,H,擴充包「超電突圍」,SV8,Teeziro,據說牠會為了將<br/>幸福帶給心地善良<br/>的人而現身。,波克比 → 波克基古 → 波克基斯,,B,11.00,Base:5.0|Meta:0.0|Exp:3.0|Func:2.0|Syn:0.0|Eff:0.0|Dmg:1.0|Mod:1.00,回復效果,無
波克基斯,2階進化,9556,https://asia.pokemon-card.com/hk/card-img/hk00009556.png,寶可夢,150,Psychic,貴重之禮,在自己的回合結束時可使用1次。從牌庫抽卡直到自己的手牌滿8張為止。,能量旋風,"Colorless,Colorless",110,選擇1個這隻寶可夢身上附加的能量，改附於備戰寶可夢身上。,,,,,,Metal,,,0,45,normal,G,擴充包「黯焰支配者」,SV3,Cona Nitanda,被稱為帶來恩惠的寶可夢，從很久很久以前開始，人們就視牠為吉祥之物。,波克比 → 波克基古 → 波克基斯,,A,19.00,Base:5.0|Meta:0.0|Exp:2.0|Func:9.0|Syn:0.0|Eff:0.0|Dmg:3.0|Mod:1.00,"抽卡效果, 能量操作",無
波克基斯,2階進化,12123,https://asia.pokemon-card.com/hk/card-img/hk00012123.png,寶可夢,140,Psychic,奇跡之吻,只要這隻寶可夢在場上，每次當對手的戰鬥寶可夢【昏厥】時，自己擲1次硬幣。若為正面，則多獲得1張獎賞卡。無論有多少隻擁有這個特性的寶可夢，這個效果也不會重複。,高速之翼,"Colorless,Colorless,Colorless",140,,,,,,,Metal,,,1,47,normal,H,擴充包「超電突圍」,SV8,Narano,不會出現在發生<br/>爭端和紛亂的地方。<br/>近來幾乎見不到牠的身影。,波克比 → 波克基古 → 波克基斯,,B+,14.00,Base:5.0|Meta:0.0|Exp:3.0|Func:2.0|Syn:0.0|Eff:0.0|Dmg:4.0|Mod:1.00,"昏厥條件, 獎賞控制, 硬幣判定",特性效果
太陽伊布,1階進化,9557,https://asia.pokemon-card.com/hk/card-img/hk00009557.png,寶可夢,110,Psychic,,,精神傷害,Psychic,30+,增加對手的戰鬥寶可夢身上放置的傷害指示物的數量×10點傷害。,念力,"Psychic,Colorless",60,擲1次硬幣若為正面，則將對手的戰鬥寶可夢【麻痺】。,,Darkness,,Fighting,1,46,normal,G,擴充包「黯焰支配者」,SV3,Cona Nitanda,預知對手的行動時，分叉的尾巴前端就會微妙地擺動。,伊布 → 仙子伊布 → 冰伊布 → 葉伊布 → 太陽伊布 → 月亮伊布 → 雷伊布 → 水伊布 → 火伊布 → 冰伊布GX → 葉伊布GX → 仙子伊布GX → 月亮伊布GX → 太陽伊布GX → 雷伊布GX → 水伊布GX → 火伊布GX → 月亮伊布ex → 仙子伊布ex → 太陽伊布ex → 雷伊布ex → 冰伊布ex → 水伊布ex → 火伊布ex → 葉伊布ex,,B,13.00,Base:5.0|Meta:0.0|Exp:2.0|Func:2.0|Syn:2.0|Eff:0.0|Dmg:2.0|Mod:1.00,"備戰傷害加成, 傷害指示物, 狀態異常, 硬幣判定",無
天秤偶,基礎,9560,https://asia.pokemon-card.com/hk/card-img/hk00009560.png,寶可夢,70,Psychic,,,高速旋轉,Psychic,10,將這隻寶可夢與備戰寶可夢互換。然後，對手將對手自己的戰鬥寶可夢與備戰寶可夢互換。,,,,,,Darkness,,Fighting,2,49,normal,G,擴充包「黯焰支配者」,SV3,Scav,在古代遺跡被發現。會一邊旋轉一邊移動。晚上睡覺的時候也是單腳站著。,天秤偶 → 念力土偶,,B,12.00,Base:5.0|Meta:0.0|Exp:2.0|Func:5.0|Syn:0.0|Eff:0.0|Dmg:0.0|Mod:1.00,切換效果,無
念力土偶,1階進化,9561,https://asia.pokemon-card.com/hk/card-img/hk00009561.png,寶可夢,120,Psychic,,,轟爆土偶,Psychic,,在對手的戰鬥寶可夢身上放置傷害指示物直到剩餘HP變為「10」為止。然後，這隻寶可夢受到120點傷害。,精神歪曲,Psychic,30,將對手的戰鬥寶可夢【混亂】。,,Darkness,,Fighting,2,50,normal,G,擴充包「黯焰支配者」,SV3,Shigenori Negishi,似乎是從古代人做的泥偶誕生而來的寶可夢。能靠念力飄浮在空中移動。,天秤偶 → 念力土偶,,B,11.00,Base:5.0|Meta:0.0|Exp:2.0|Func:3.0|Syn:0.0|Eff:0.0|Dmg:1.0|Mod:1.00,"傷害指示物, 狀態異常",無
蜂女王ex,1階進化,9562,https://asia.pokemon-card.com/hk/card-img/hk00009562.png,寶可夢,270,Psychic,,,回復費洛蒙,Grass,,將自己的1隻寶可夢恢復「60」HP。,幻影皇后,"Grass,Grass,Grass",200,在對手的身上放置有傷害指示物的所有備戰寶可夢身上，各放置3個傷害指示物。,,Darkness,,Fighting,2,51,normal,G,擴充包「黯焰支配者」,SV3,5ban Graphics,,三蜜蜂 → 蜂女王 → 蜂女王ex,"太晶,ex",A,18.00,Base:5.0|Meta:0.0|Exp:2.0|Func:5.0|Syn:0.0|Eff:0.0|Dmg:6.0|Mod:1.00,"傷害指示物, 回復效果",無
盆才怪,基礎,9569,https://asia.pokemon-card.com/hk/card-img/hk00009569.png,寶可夢,30,Fighting,,,嚶嚶鳴叫,,10,將對手的戰鬥寶可夢【混亂】。,,,,,,Grass,,,0,58,normal,G,擴充包「黯焰支配者」,SV3,Mizue,雖然看似在哭泣，但那不過是牠在把多餘的水從眼睛排出，以調節體內的水分罷了。,盆才怪,,C+,9.00,Base:5.0|Meta:0.0|Exp:2.0|Func:2.0|Syn:0.0|Eff:0.0|Dmg:0.0|Mod:1.00,狀態異常,無
掘地兔,1階進化,9571,https://asia.pokemon-card.com/hk/card-img/hk00009571.png,寶可夢,140,Fighting,,,擲泥,"Colorless,Colorless",50,,敲擊之錘,"Fighting,Fighting,Colorless",120,將對手的牌庫上方1張卡丟棄。,,Grass,,,4,60,normal,G,擴充包「黯焰支配者」,SV3,SATOSHI NAKAI,肚子上的體毛保溫性能優秀。在過去，人們會用牠掉落的毛來製作保暖服裝。,掘掘兔 → 掘地兔,,B,13.00,Base:5.0|Meta:0.0|Exp:2.0|Func:2.0|Syn:0.0|Eff:0.0|Dmg:4.0|Mod:1.00,無,丟棄效果
鬃岩狼人,1階進化,9573,https://asia.pokemon-card.com/hk/card-img/hk00009573.png,寶可夢,130,Fighting,,,致命之牙,Fighting,90,若對手的戰鬥寶可夢身上沒有放置傷害指示物，則這個招式失敗。,利爪揮砍,"Fighting,Colorless,Colorless",100,,,Grass,,,2,62,normal,G,擴充包「黯焰支配者」,SV3,Mitsuhiro Arita,會用岩石鬃毛斬斷接近者。只要不合自己的意，即使是訓練家下的指示也不會順從。,岩狗狗 → 鬃岩狼人 → 鬃岩狼人GX → 鬃岩狼人ex,,B+,14.00,Base:5.0|Meta:0.0|Exp:2.0|Func:2.0|Syn:2.0|Eff:0.0|Dmg:3.0|Mod:1.00,"傷害指示物, 條件失敗",無
鬃岩狼人,1階進化,13046,https://asia.pokemon-card.com/hk/card-img/hk00013046.png,寶可夢,120,Fighting,尖刺纏身,在自己的回合，從手牌使出這張卡並完成進化時，可使用1次。從自己的棄牌區選擇最多2張「扣殺能量」，附於這隻寶可夢身上。,抓擊獠牙,"Colorless,Colorless,Colorless",40+,增加對手的戰鬥寶可夢身上放置的傷害指示物的數量×40點傷害。,,,,,,Grass,,,2,52,normal,I,擴充包「對戰搭檔」,SV9,Shiburingaru,會用尖牙和利爪襲擊獵物。<br/>只要是信賴的訓練家下的<br/>指令，牠都會忠實地聽從。,岩狗狗 → 鬃岩狼人 → 鬃岩狼人GX → 鬃岩狼人ex,,A+,21.00,Base:5.0|Meta:0.0|Exp:3.0|Func:10.0|Syn:0.0|Eff:0.0|Dmg:3.0|Mod:1.00,"備戰傷害加成, 傷害指示物, 搜索效果",進化效果
鬃岩狼人,1階進化,10946,https://asia.pokemon-card.com/hk/card-img/hk00010946.png,寶可夢,120,Fighting,,,渦輪刀鋒,Colorless,50,從自己的棄牌區選擇最多2張「基本【鬥】能量」卡，以任意方式附於備戰寶可夢身上。,,,,,,Grass,,,1,7,normal,H,起始組合「古代故勒頓ex」,SVHK,Yoshioka,會用尖牙和利爪襲擊獵物。只要是信賴的訓練家下的<br/>指令，牠都會忠實地聽從。,岩狗狗 → 鬃岩狼人 → 鬃岩狼人GX → 鬃岩狼人ex,,B,11.00,Base:5.0|Meta:0.0|Exp:2.0|Func:3.0|Syn:0.0|Eff:0.0|Dmg:1.0|Mod:1.00,搜索效果,無
晶光花ex,1階進化,9576,https://asia.pokemon-card.com/hk/card-img/hk00009576.png,寶可夢,270,Fighting,星塵場地,只要這隻寶可夢在戰鬥場上，對手的可放置於備戰區的寶可夢數量改為3隻。若對手的備戰區有4隻以上，則對手將寶可夢丟棄直到備戰寶可夢變為3隻為止。[變更備戰寶可夢數量的效果，以變少者為優先。],猛毒寶石,"Fighting,Fighting",140,將對手的戰鬥寶可夢【中毒】。,[ex規則],,,寶可夢【ex】【昏厥】時，對手獲得2張獎賞卡。,,Grass,,,3,65,normal,G,擴充包「黯焰支配者」,SV3,5ban Graphics,,晶光芽 → 晶光花 → 晶光花ex,ex,B+,14.00,Base:5.0|Meta:0.0|Exp:2.0|Func:3.0|Syn:0.0|Eff:0.0|Dmg:4.0|Mod:1.00,"狀態異常, 獎賞控制","丟棄效果, 放置效果"
帕底亞 土王,1階進化,9580,https://asia.pokemon-card.com/hk/card-img/hk00009580.png,寶可夢,140,Darkness,,,噴濺毒,Darkness,,將雙方的戰鬥寶可夢【中毒】。,毒液衝擊,"Darkness,Colorless,Colorless",80+,若對手的戰鬥寶可夢【中毒】，則增加120點傷害。,,Fighting,,,3,69,normal,G,擴充包「黯焰支配者」,SV3,Shin Nagasawa,一旦遭到敵人襲擊，就會從胴體伸出粗壯的刺來反擊。是需有覺悟承受劇痛的危險招式。,帕底亞 烏波 → 帕底亞 土王ex → 帕底亞 土王,,B+,15.00,Base:5.0|Meta:0.0|Exp:2.0|Func:2.0|Syn:2.0|Eff:0.0|Dmg:4.0|Mod:1.00,"條件傷害, 狀態異常",無
帕底亞 土王,1階進化,9292,https://asia.pokemon-card.com/hk/card-img/hk00009292.png,寶可夢,140,Darkness,,,毒陣,Darkness,20,將對手的戰鬥寶可夢【中毒】。在下個對手的回合，受到這個招式的寶可夢無法撤退。,泥水之錘,"Darkness,Colorless,Colorless",100,將對手的牌庫上方1張卡丟棄。,,Fighting,,,3,70,normal,G,ex初階牌組,SVD,Kouki Saitou,一旦遭到敵人襲擊，就會從胴體伸出粗壯的刺來反擊。<br/>是需有覺悟承受劇痛的危險招式。,帕底亞 烏波 → 帕底亞 土王ex → 帕底亞 土王,,B,12.00,Base:5.0|Meta:0.0|Exp:2.0|Func:2.0|Syn:0.0|Eff:0.0|Dmg:3.0|Mod:1.00,"撤退封鎖, 狀態異常","丟棄效果, 撤退效果"
月亮伊布,1階進化,9581,https://asia.pokemon-card.com/hk/card-img/hk00009581.png,寶可夢,110,Darkness,,,出奇一擊,Darkness,,對手的1隻寶可夢受到50點傷害。這個招式的傷害不計算弱點・抵抗力與受到傷害的寶可夢身上的附加效果。,漆黑利刃,"Darkness,Colorless,Colorless",140,在下個自己的回合，這隻寶可夢無法使用招式。,,Grass,,,1,70,normal,G,擴充包「黯焰支配者」,SV3,rika,當身體沐浴了月亮波動後，圓形花紋就會微微發光，使神秘的力量因而覺醒。,伊布 → 仙子伊布 → 冰伊布 → 葉伊布 → 太陽伊布 → 月亮伊布 → 雷伊布 → 水伊布 → 火伊布 → 冰伊布GX → 葉伊布GX → 仙子伊布GX → 月亮伊布GX → 太陽伊布GX → 雷伊布GX → 水伊布GX → 火伊布GX → 月亮伊布ex → 仙子伊布ex → 太陽伊布ex → 雷伊布ex → 冰伊布ex → 水伊布ex → 火伊布ex → 葉伊布ex,,B+,14.00,Base:5.0|Meta:0.0|Exp:2.0|Func:3.0|Syn:0.0|Eff:0.0|Dmg:4.0|Mod:1.00,"使用限制, 招式鎖定, 無視弱點/效果",無
阿勃梭魯ex,基礎,9584,https://asia.pokemon-card.com/hk/card-img/hk00009584.png,寶可夢,210,Darkness,,,預知未來,Darkness,,查看自己或者對手的牌庫上方3張卡，以任意順序排列，放回牌庫上方。,咒詛猛擊,"Darkness,Darkness,Colorless",100+,若對手的手牌為3張以下，則增加120點傷害。,,Grass,,,1,73,normal,G,擴充包「黯焰支配者」,SV3,Nisota Niso,,阿勃梭魯ex,ex,A,17.00,Base:5.0|Meta:0.0|Exp:2.0|Func:3.0|Syn:2.0|Eff:0.0|Dmg:5.0|Mod:1.00,"情報收集, 條件傷害",無
達克萊伊,基礎,9585,https://asia.pokemon-card.com/hk/card-img/hk00009585.png,寶可夢,130,Darkness,,,黑色微寐,Darkness,20,將對手的戰鬥寶可夢【睡眠】。,暗黑旋風,"Darkness,Darkness,Colorless",120,將這隻寶可夢身上附加的所有能量卡，以任意方式改附於備戰寶可夢身上。,,Grass,,,2,74,normal,G,擴充包「黯焰支配者」,SV3,Bun Toujo,有著引誘人們進入深層睡眠，並使其作夢的能力。會在新月之夜活動。,達克萊伊,,A,19.00,Base:5.0|Meta:0.0|Exp:2.0|Func:8.0|Syn:0.0|Eff:0.0|Dmg:4.0|Mod:1.00,"狀態異常, 能量操作",無
好啦魷,基礎,9586,https://asia.pokemon-card.com/hk/card-img/hk00009586.png,寶可夢,60,Darkness,,,緊抱,"Darkness,Colorless",30,在下個對手的回合，受到這個招式的寶可夢無法撤退。,,,,,,Grass,,,1,75,normal,G,擴充包「黯焰支配者」,SV3,Kedamahadaitai Yawarakai,會讓敵人看到自己閃爍的發光體來讓對方喪失戰意，然後趁機逃之夭夭。,好啦魷 → 烏賊王,,C+,10.00,Base:5.0|Meta:0.0|Exp:2.0|Func:2.0|Syn:0.0|Eff:0.0|Dmg:1.0|Mod:1.00,撤退封鎖,撤退效果
好啦魷,基礎,11484,https://asia.pokemon-card.com/hk/card-img/hk00011484.png,寶可夢,60,Darkness,,,惡作劇觸手,Colorless,,查看對手的牌庫上方1張卡，回復原樣。若希望，重洗那個牌庫。,啄,Darkness,10,,,Grass,,,1,33,normal,H,強化擴充包「黑夜漫遊者」,SV6a,Mori Yuu,旋轉著閃爍自己的發光體。<br/>透過改變閃爍的方式<br/>來和其他夥伴交流。,好啦魷 → 烏賊王,,B+,14.00,Base:5.0|Meta:0.0|Exp:3.0|Func:4.0|Syn:2.0|Eff:0.0|Dmg:0.0|Mod:1.00,情報收集,無
烏賊王,1階進化,9587,https://asia.pokemon-card.com/hk/card-img/hk00009587.png,寶可夢,120,Darkness,精神視角,在自己的回合時可使用1次。查看對手的牌庫上方1張卡，回復原樣。然後，查看自己的牌庫上方1張卡，回復原樣。,催眠光線,"Darkness,Colorless,Colorless",90,將對手的戰鬥寶可夢【睡眠】。,,,,,,Grass,,,2,76,normal,G,擴充包「黯焰支配者」,SV3,Nelnal,據說那些能夠改變歷史的重大事件其實都和烏賊王的催眠能力有關。,好啦魷 → 烏賊王,,B,13.00,Base:5.0|Meta:0.0|Exp:2.0|Func:3.0|Syn:0.0|Eff:0.0|Dmg:3.0|Mod:1.00,"情報收集, 狀態異常",無
烏賊王,1階進化,11485,https://asia.pokemon-card.com/hk/card-img/hk00011485.png,寶可夢,120,Darkness,,,勾結觸手,Darkness,,選擇1隻對手的備戰寶可夢，與戰鬥寶可夢互換。然後，新上場的寶可夢受到120點傷害。在這個回合，若沒有從手牌使出「‌‌庫瑟洛斯奇的企圖」，則這個招式失敗。,迴轉攻擊,"Darkness,Colorless,Colorless",90,,,Grass,,,3,34,normal,H,強化擴充包「黑夜漫遊者」,SV6a,akagi,要是盯著牠的發光體看，<br/>就會馬上陷入催眠狀態，<br/>並且受到牠的控制。,好啦魷 → 烏賊王,,A,18.00,Base:5.0|Meta:0.0|Exp:3.0|Func:5.0|Syn:2.0|Eff:0.0|Dmg:3.0|Mod:1.00,"切換效果, 條件傷害, 條件失敗",無
巨鉗螳螂,1階進化,9588,https://asia.pokemon-card.com/hk/card-img/hk00009588.png,寶可夢,140,Metal,,,懲罰之剪,Metal,10+,增加對手的場上擁有特性的寶可夢的數量×50點傷害。,居合斬,"Metal,Metal",70,,,Fire,,Grass,2,77,normal,G,擴充包「黯焰支配者」,SV3,otumami,不管抓到多麼堅硬的東西，都能用含有鋼鐵成分的鉗子夾得粉碎。,飛天螳螂 → 巨鉗螳螂 → 劈斧螳螂 → 巨鉗螳螂GX → 巨鉗螳螂ex,,B,13.00,Base:5.0|Meta:0.0|Exp:2.0|Func:2.0|Syn:2.0|Eff:0.0|Dmg:2.0|Mod:1.00,備戰傷害加成,特性效果
普隆隆姆ex,1階進化,9596,https://asia.pokemon-card.com/hk/card-img/hk00009596.png,寶可夢,280,Metal,調節,這隻寶可夢身上最多可附有4張「寶可夢道具」卡。（這個特性消除時，自己將「寶可夢道具」卡丟棄直到變為1張為止。）,瘋狂甩尾,"Metal,Metal,Colorless",170,在下個對手的回合，這隻寶可夢受到招式的傷害「-30」點。,[ex規則],,,寶可夢【ex】【昏厥】時，對手獲得2張獎賞卡。,,Fire,,Grass,1,85,normal,G,擴充包「黯焰支配者」,SV3,takuyoa,,噗隆隆 → 普隆隆姆 → 普隆隆姆ex,ex,B+,14.00,Base:5.0|Meta:0.0|Exp:2.0|Func:2.0|Syn:0.0|Eff:0.0|Dmg:5.0|Mod:1.00,"其他效果, 獎賞控制, 道具消除",特性效果
普隆隆姆ex,1階進化,11466,https://asia.pokemon-card.com/hk/card-img/hk00011466.png,寶可夢,280,Lightning,,,暴衝閃光,Metal,20+,在這個回合，若從備戰區將這隻寶可夢放置於戰鬥場，則增加120點傷害。,高速破壞,"Metal,Metal,Metal",250,將這隻寶可夢與附加的卡全部丟棄。,,Fighting,,,1,15,normal,H,強化擴充包「黑夜漫遊者」,SV6a,PLANETA Mochizuki,,噗隆隆 → 普隆隆姆 → 普隆隆姆ex,"太晶,ex",A+,20.00,Base:5.0|Meta:0.0|Exp:3.0|Func:2.0|Syn:4.0|Eff:0.0|Dmg:6.0|Mod:1.00,"其他效果, 條件傷害",放置效果
七夕青鳥,1階進化,9597,https://asia.pokemon-card.com/hk/card-img/hk00009597.png,寶可夢,120,Dragon,,,滑翔,Colorless,30,,熟睡歌曲,"Water,Metal",110,將對手的戰鬥寶可夢【睡眠】。因這個【睡眠】的擲硬幣次數改為2次，若沒有全部為正面則無法恢復。,,,,,1,86,normal,G,擴充包「黯焰支配者」,SV3,kurumitsu,只要與牠心意相通的人在場，牠就會用柔軟的美麗翅膀輕輕包住對方，哼唱起旋律。,青綿鳥 → 七夕青鳥 → 七夕青鳥GX → 七夕青鳥ex,,A,17.00,Base:5.0|Meta:0.0|Exp:2.0|Func:3.0|Syn:4.0|Eff:0.0|Dmg:3.0|Mod:1.00,"狀態異常, 硬幣判定",無
七夕青鳥,1階進化,11967,https://asia.pokemon-card.com/hk/card-img/hk00011967.png,寶可夢,120,Dragon,,,哼唱充能,Water,,從自己的牌庫選擇最多2張基本能量卡，以任意方式附於自己的寶可夢身上。並且重洗牌庫。,棉花之翼,"Water,Metal",100,擲1次硬幣若為正面，則在下個對手的回合，這隻寶可夢不會受到招式的傷害。,,,,,1,41,normal,H,強化擴充包「樂園騰龍」,SV7a,rika,在晴朗的日子會混在雲朵中，<br/>自在地在空中來回飛行。<br/>會用美妙的高音歌唱。,青綿鳥 → 七夕青鳥 → 七夕青鳥GX → 七夕青鳥ex,,A,18.00,Base:5.0|Meta:0.0|Exp:3.0|Func:5.0|Syn:2.0|Eff:0.0|Dmg:3.0|Mod:1.00,"傷害防禦, 搜索效果, 效果免疫, 硬幣判定",無
青綿鳥,基礎,9605,https://asia.pokemon-card.com/hk/card-img/hk00009605.png,寶可夢,50,Colorless,,,蓬蓬防守,Colorless,,在下個對手的回合，這隻寶可夢受到招式的傷害「-20」點。,羽擊,"Colorless,Colorless",20,,,Lightning,,Fighting,1,94,normal,G,擴充包「黯焰支配者」,SV3,Oswaldo KATO,從不疏於打理絲綿般的翅膀。一弄髒就會到水裡洗乾淨。,青綿鳥 → 七夕青鳥 → 七夕青鳥GX → 七夕青鳥ex,,C+,9.00,Base:5.0|Meta:0.0|Exp:2.0|Func:2.0|Syn:0.0|Eff:0.0|Dmg:0.0|Mod:1.00,其他效果,無
青綿鳥,基礎,10078,https://asia.pokemon-card.com/hk/card-img/hk00010078.png,寶可夢,50,Colorless,,,啄,Colorless,10,,療傷,"Colorless,Colorless",,將自己的1隻寶可夢恢復「30」HP。,,Lightning,,Fighting,1,54,normal,G,擴充包「未來閃光」,SV4M,HYOGONOSUKE,如果自己和周圍不乾淨，就靜不下心來的性格。見到髒污會用羽毛擦掉。,青綿鳥 → 七夕青鳥 → 七夕青鳥GX → 七夕青鳥ex,,C+,9.00,Base:5.0|Meta:0.0|Exp:2.0|Func:2.0|Syn:0.0|Eff:0.0|Dmg:0.0|Mod:1.00,回復效果,無
青綿鳥,基礎,11974,https://asia.pokemon-card.com/hk/card-img/hk00011974.png,寶可夢,50,Colorless,,,魅惑之聲,Colorless,10,將對手的戰鬥寶可夢【混亂】。,,,,,,Lightning,,Fighting,1,48,normal,H,強化擴充包「樂園騰龍」,SV7a,sowsow,如果自己和周圍不乾淨，<br/>就靜不下心來的性格。<br/>見到髒污會用羽毛擦掉。,青綿鳥 → 七夕青鳥 → 七夕青鳥GX → 七夕青鳥ex,,C+,10.00,Base:5.0|Meta:0.0|Exp:3.0|Func:2.0|Syn:0.0|Eff:0.0|Dmg:0.0|Mod:1.00,狀態異常,無
掘掘兔,基礎,9606,https://asia.pokemon-card.com/hk/card-img/hk00009606.png,寶可夢,70,Colorless,,,踏踏,Colorless,10×,擲2次硬幣，造成正面出現的次數×10點傷害。,,,,,,Fighting,,,1,95,normal,G,擴充包「黯焰支配者」,SV3,Lee HyunJung,對危險很敏感。只要聽到鋼鎧鴉拍打翅膀的聲音，就會馬上挖洞鑽進地下藏身。,掘掘兔 → 掘地兔,,C,8.00,Base:5.0|Meta:0.0|Exp:2.0|Func:0.0|Syn:0.0|Eff:0.0|Dmg:1.0|Mod:1.00,"傷害效果, 硬幣判定",無
配樂之笛,,11375,https://asia.pokemon-card.com/hk/card-img/hk00011375.png,物品卡,,,,,,,,將對手的牌庫上方5張卡翻到正面，從其中選擇任意數量的【基礎】寶可夢卡，放置於對手的備戰區。將剩餘卡放回牌庫並重洗。,,,,,,,,,,91,normal,H,擴充包「變幻假面」,SV6,AYUMI ODASHIMA,,,,B+,14.00,Base:7.0|Meta:0.0|Exp:3.0|Func:4.0|Syn:0.0|Eff:0.0|Dmg:0.0|Mod:1.00,搜索效果,放置效果
巡邏帽子,,9612,https://asia.pokemon-card.com/hk/card-img/hk00009612.png,寶可夢道具,,,,,,,,只要附有這張卡的寶可夢在戰鬥場上，自己的牌庫不會受到對手的招式・特性・物品卡・寶可夢道具卡・支援者卡的卡牌效果影響而丟棄牌庫。,[寶可夢道具規則],,,在自己的回合時，寶可夢道具卡可不限張數附於自己的寶可夢身上。1隻寶可夢只可附上1張寶可夢道具卡，並且保持附加狀態。,,,,,,101,normal,G,擴充包「黯焰支配者」,SV3,Toyste Beach,,,,B,13.00,Base:6.0|Meta:0.0|Exp:2.0|Func:3.0|Syn:2.0|Eff:0.0|Dmg:0.0|Mod:1.00,"其他效果, 效果免疫","丟棄效果, 特性效果"
復仇拳箱,,9613,https://asia.pokemon-card.com/hk/card-img/hk00009613.png,寶可夢道具,,,,,,,,附有這張卡的寶可夢受到對手的寶可夢招式的傷害而【昏厥】時，在使用招式的寶可夢身上放置4個傷害指示物。,[寶可夢道具規則],,,在自己的回合時，寶可夢道具卡可不限張數附於自己的寶可夢身上。1隻寶可夢只可附上1張寶可夢道具卡，並且保持附加狀態。,,,,,,102,normal,G,擴充包「黯焰支配者」,SV3,Ayaka Yoshida,,,,B,11.00,Base:6.0|Meta:0.0|Exp:2.0|Func:3.0|Syn:0.0|Eff:0.0|Dmg:0.0|Mod:1.00,"傷害指示物, 其他效果",無
除蟲噴霧,,14263,https://asia.pokemon-card.com/hk/card-img/hk00014263.png,物品卡,,,,,,,,將對手的戰鬥寶可夢與備戰寶可夢互換。[由對手選擇放置於戰鬥場的寶可夢。],,,,,,,,,,60,normal,I,擴充包「超級勇氣」,M1L,Studio Bora Inc.,,,,B,11.00,Base:7.0|Meta:0.0|Exp:-1.0|Func:5.0|Syn:0.0|Eff:0.0|Dmg:0.0|Mod:1.00,切換效果,無
馬志士的交易,,14264,https://asia.pokemon-card.com/hk/card-img/hk00014264.png,支援者卡,,,,,,,,詢問對手是否希望「雙方玩家各自獲得1張獎賞卡。」。若對手希望，則雙方玩家各自獲得1張獎賞卡。若不希望，則自己從牌庫抽出4張卡。,,,,,,,,,,61,normal,I,擴充包「超級勇氣」,M1L,Hideki Ishikawa,,,,B+,14.00,Base:8.0|Meta:0.0|Exp:-1.0|Func:5.0|Syn:2.0|Eff:0.0|Dmg:0.0|Mod:1.00,"搜索效果, 獎賞控制",大量抽卡
高科技雷達,,11019,https://asia.pokemon-card.com/hk/card-img/hk00011019.png,物品卡,,,,,,,,這張卡必須將自己的1張手牌丟棄才可使用。 <br/><br/> 從自己的牌庫選擇最多2張「未來」寶可夢卡，在給對手看過後加入手牌。並且重洗牌庫。,,,,,,,,,,85,promo,G,特典卡 朱&紫,SV,inose yukie,,,,B,13.00,Base:7.0|Meta:0.0|Exp:2.0|Func:4.0|Syn:0.0|Eff:0.0|Dmg:0.0|Mod:1.00,"抽卡效果, 搜索效果",丟棄效果
高級香氛,,11172,https://asia.pokemon-card.com/hk/card-img/hk00011172.png,物品卡,,,,,,,,從自己的牌庫選擇最多3張【1階進化】寶可夢卡，在給對手看過後加入手牌。並且重洗牌庫。,,,,,,,,,,55,normal,H,強化擴充包「緋紅薄霧」,SV5a,Toyste Beach,,,,B+,16.00,Base:7.0|Meta:0.0|Exp:2.0|Func:7.0|Syn:0.0|Eff:0.0|Dmg:0.0|Mod:1.00,"抽卡效果, 搜索效果, 進化支援",無
高級球,,14372,https://asia.pokemon-card.com/hk/card-img/hk00014372.png,物品卡,,,,,,,,這張卡必須將自己的2張手牌丟棄才可使用。<br/> <br/>從自己的牌庫選擇1張寶可夢卡，在給對手看過後加入手牌。並且重洗牌庫。,,,,,,,,,,14,normal,I,挑戰牌組 「超級蒂安希ex」,MBD,Ayaka Yoshida,,,,A,18.00,Base:7.0|Meta:5.0|Exp:-1.0|Func:4.0|Syn:3.0|Eff:0.0|Dmg:0.0|Mod:1.00,"抽卡效果, 搜索效果",丟棄效果
高溫燃燒器,,14538,https://asia.pokemon-card.com/hk/card-img/hk00014538.png,物品卡,,,,,,,,這張卡必須從自己的手牌將1張「基本【火】能量」卡丟棄才可使用。<br/><br/>從對手的場上寶可夢身上附加的「寶可夢道具」卡「特殊能量」卡與場上的「競技場」卡中選擇1張，將其丟棄。,,,,,,,,,,74,normal,I,擴充包「烈獄狂火X」,M2,Toyste Beach,,,,B,13.00,Base:7.0|Meta:0.0|Exp:-1.0|Func:5.0|Syn:2.0|Eff:0.0|Dmg:0.0|Mod:1.00,能量操作,"丟棄效果, 競技場效果"
噗隆隆[進化前分岐α],基礎,9741,https://asia.pokemon-card.com/hk/card-img/hk00009741.png,寶可夢,60,Metal,,,迴轉抽出,Metal,10,從自己的牌庫抽出1張卡。,,,,,,Fire,,Grass,1,117,high,G,擴充包「黯焰支配者」,SV3,Souichirou Gunjima,據說牠是神秘的毒寶可夢<br/>鑽進了被放置在廢鐵工廠<br/>的引擎裡而誕生的。,噗隆隆[進化前分岐α],,C+,10.00,Base:5.0|Meta:0.0|Exp:2.0|Func:3.0|Syn:0.0|Eff:0.0|Dmg:0.0|Mod:1.00,"抽卡效果, 搜索效果",無
愛吃豚[進化前分岐α],基礎,9744,https://asia.pokemon-card.com/hk/card-img/hk00009744.png,寶可夢,60,Colorless,,,撞擊,Colorless,20,,,,,,,Fighting,,,1,120,high,G,擴充包「黯焰支配者」,SV3,Narumi Sato,一整天都在覓食。<br/>雖然擁有優秀的嗅覺，<br/>但卻只被用在覓食上。,愛吃豚[進化前分岐α],,C,7.00,Base:5.0|Meta:0.0|Exp:2.0|Func:0.0|Syn:0.0|Eff:0.0|Dmg:0.0|Mod:1.00,無,無
雪妖女ex,1階進化,9846,https://asia.pokemon-card.com/hk/card-img/hk00009846.png,寶可夢,250,Grass,鏡花水月,這隻寶可夢在戰鬥場【昏厥】時，自己擲1次硬幣。若為正面，則被獲得的獎賞卡減少1張。,冰霜子彈,"Water,Water",140,對手的1隻備戰寶可夢也受到20點傷害。[在備戰區不計算弱點・抵抗力。],,,,,,Fire,,,1,1,normal,G,強化擴充包「激狂駭浪」,SV3a,5ban Graphics,,雪童子 → 雪妖女 → 冰鬼護 → 雪妖女ex,"太晶,ex",B+,14.00,Base:5.0|Meta:0.0|Exp:2.0|Func:3.0|Syn:0.0|Eff:0.0|Dmg:4.0|Mod:1.00,"昏厥條件, 獎賞控制, 硬幣判定, 連鎖傷害",無
鐵炮魚,基礎,9848,https://asia.pokemon-card.com/hk/card-img/hk00009848.png,寶可夢,70,Water,,,潑灑清水,Colorless,10,,,,,,,Lightning,,,1,3,normal,G,強化擴充包「激狂駭浪」,SV3a,Midori Harada,會用變成吸盤狀的背鰭吸附在巨翅飛魚身上，<br/>吃牠平常吃剩下的東西。,鐵炮魚 → 章魚桶,,C,7.00,Base:5.0|Meta:0.0|Exp:2.0|Func:0.0|Syn:0.0|Eff:0.0|Dmg:0.0|Mod:1.00,無,無
鐵炮魚,基礎,13013,https://asia.pokemon-card.com/hk/card-img/hk00013013.png,寶可夢,60,Water,,,抓狂,Water,10×,造成這隻寶可夢身上放置的傷害指示物的數量×10點傷害。,潑水,"Colorless,Colorless",20,,,Lightning,,,1,19,normal,I,擴充包「對戰搭檔」,SV9,Minahamu,會用變成吸盤狀的背鰭<br/>吸附在巨翅飛魚身上，<br/>吃牠平常吃剩下的東西。,鐵炮魚 → 章魚桶,,C,8.00,Base:5.0|Meta:0.0|Exp:3.0|Func:0.0|Syn:0.0|Eff:0.0|Dmg:0.0|Mod:1.00,"備戰傷害加成, 傷害指示物, 傷害效果",無
章魚桶,1階進化,9849,https://asia.pokemon-card.com/hk/card-img/hk00009849.png,寶可夢,110,Water,吸盤抽出,在自己的回合，從手牌使出這張卡並完成進化時，可使用1次。從自己的牌庫抽出3張卡。,煙幕彈,"Water,Colorless",60,在下個對手的回合，受到這個招式的寶可夢使用招式時，對手擲1次硬幣。若為反面，則那個招式失敗。,,,,,,Lightning,,,2,4,normal,G,強化擴充包「激狂駭浪」,SV3a,Yuka Morii,有著堅硬結實的腦袋。會用帶有吸盤的腳纏住對手，<br/>然後不停地用頭猛撞。,鐵炮魚 → 章魚桶,,A+,21.00,Base:5.0|Meta:0.0|Exp:2.0|Func:10.0|Syn:2.0|Eff:0.0|Dmg:2.0|Mod:1.00,"抽卡效果, 搜索效果, 條件失敗, 硬幣判定",進化效果
章魚桶,1階進化,13014,https://asia.pokemon-card.com/hk/card-img/hk00013014.png,寶可夢,110,Water,,,水流清洗,Water,20,若希望，選擇1個對手的戰鬥寶可夢身上附加的能量，放回對手的手牌。,狂擊,"Water,Colorless,Colorless",90×,擲硬幣直到出現反面，造成正面出現的次數×90點傷害。,,Lightning,,,2,20,normal,I,擴充包「對戰搭檔」,SV9,Toshinao Aoki,有著堅硬結實的腦袋。<br/>會用帶有吸盤的腳纏住對手，<br/>然後不停地用頭猛撞。,鐵炮魚 → 章魚桶,,A+,21.00,Base:5.0|Meta:0.0|Exp:3.0|Func:5.0|Syn:2.0|Eff:0.0|Dmg:6.0|Mod:1.00,"傷害效果, 硬幣判定, 能量操作",無
雪童子,基礎,9850,https://asia.pokemon-card.com/hk/card-img/hk00009850.png,寶可夢,60,Water,,,冰礫,Water,10+,若對手的戰鬥寶可夢為【鬥】寶可夢，則增加30點傷害。,,,,,,Metal,,,1,5,normal,G,強化擴充包「激狂駭浪」,SV3a,satoma,據說，好幾隻雪童子會聚集在大大的樹葉底下，<br/>融洽地生活在一起。,雪童子 → 雪妖女 → 冰鬼護 → 雪妖女ex,,B,13.00,Base:5.0|Meta:0.0|Exp:2.0|Func:2.0|Syn:2.0|Eff:0.0|Dmg:2.0|Mod:1.00,條件傷害,無
雪童子,基礎,11315,https://asia.pokemon-card.com/hk/card-img/hk00011315.png,寶可夢,60,Water,,,驚嚇,"Water,Colorless",20,在不看正面的情況下，從對手的手牌選擇1張，查看那張卡的正面後放回對手的牌庫並重洗。,,,,,,Metal,,,1,31,normal,H,擴充包「變幻假面」,SV6,Mékayu,據說雪童子到訪過的家<br/> 將會變得富有。對牠來說<br/> 零下１００度根本不算什麼。,雪童子 → 雪妖女 → 冰鬼護 → 雪妖女ex,,B,12.00,Base:5.0|Meta:0.0|Exp:3.0|Func:4.0|Syn:0.0|Eff:0.0|Dmg:0.0|Mod:1.00,搜索效果,無
烈咬陸鯊ex,2階進化,9851,https://asia.pokemon-card.com/hk/card-img/hk00009851.png,寶可夢,320,Water,,,水炮著陸,Fighting,160,從自己的棄牌區選擇最多3張「基本【鬥】能量」卡，以任意方式附於備戰寶可夢身上。,音波奇襲,"Colorless,Colorless",,將2個這隻寶可夢身上附加的能量丟棄，對手的1隻寶可夢受到120點傷害。[在備戰區不計算弱點・抵抗力。],,Lightning,,,0,6,normal,G,強化擴充包「激狂駭浪」,SV3a,5ban Graphics,,圓陸鯊 → 尖牙陸鯊 → 烈咬陸鯊 → 烈咬陸鯊ex,"太晶,ex",A,18.00,Base:5.0|Meta:0.0|Exp:2.0|Func:6.0|Syn:0.0|Eff:0.0|Dmg:5.0|Mod:1.00,"搜索效果, 能量操作, 連鎖傷害",丟棄效果
小球飛魚,基礎,9852,https://asia.pokemon-card.com/hk/card-img/hk00009852.png,寶可夢,30,Water,,,吐泡泡治療,,,將自己的1隻備戰寶可夢恢復「120」HP。,,,,,,Lightning,,,0,7,normal,G,強化擴充包「激狂駭浪」,SV3a,miki kudo,混在鐵炮魚的大群裡游泳。受到敵人襲擊的時候，<br/>會和鐵炮魚們並肩作戰。,小球飛魚,,B,13.00,Base:5.0|Meta:0.0|Exp:2.0|Func:3.0|Syn:3.0|Eff:0.0|Dmg:0.0|Mod:1.00,回復效果,無
帕路奇亞,基礎,9853,https://asia.pokemon-card.com/hk/card-img/hk00009853.png,寶可夢,130,Water,,,瞬間移動突擊,"Colorless,Colorless",30,若希望，將這隻寶可夢與備戰寶可夢互換。,獎賞反擊,"Water,Colorless,Colorless",80+,若自己剩餘獎賞卡的張數，比對手剩餘獎賞卡的張數多，則增加80點傷害。,,Lightning,,,2,8,normal,G,強化擴充包「激狂駭浪」,SV3a,Ryuta Fuse,擁有扭曲空間的能力。在神奧地區的神話裡<br/>被描述為神。,帕路奇亞,,A,18.00,Base:5.0|Meta:0.0|Exp:2.0|Func:5.0|Syn:2.0|Eff:0.0|Dmg:4.0|Mod:1.00,"切換效果, 條件傷害, 獎賞控制",無
帕路奇亞,基礎,11969,https://asia.pokemon-card.com/hk/card-img/hk00011969.png,寶可夢,130,Dragon,,,空間粉碎,"Grass,Water",40×,造成這隻寶可夢身上附加的基本能量的數量×40點傷害。,,,,,,,,,2,43,normal,H,強化擴充包「樂園騰龍」,SV7a,danciao,據說住在互相平行的<br/>空間之間的狹縫。<br/>是在神話中登場的寶可夢。,帕路奇亞,,A,19.00,Base:5.0|Meta:0.0|Exp:3.0|Func:3.0|Syn:0.0|Eff:0.0|Dmg:8.0|Mod:1.00,"備戰傷害加成, 傷害效果, 能量操作",無
膽小蟲,基礎,9854,https://asia.pokemon-card.com/hk/card-img/hk00009854.png,寶可夢,70,Water,,,躲藏,Water,,擲1次硬幣若為正面，則在下個對手的回合，這隻寶可夢不會受到招式的傷害與效果的影響。,咬,"Water,Colorless",20,,,Lightning,,,2,9,normal,G,強化擴充包「激狂駭浪」,SV3a,Shigenori Negishi,成群聚集，隨時保持警惕。只要察覺到有敵人，<br/>就會分散開來四處逃竄。,膽小蟲 → 具甲武者 → 具甲武者GX → 具甲武者ex,,B,11.00,Base:5.0|Meta:0.0|Exp:2.0|Func:2.0|Syn:2.0|Eff:0.0|Dmg:0.0|Mod:1.00,"傷害防禦, 效果免疫, 硬幣判定",無
膽小蟲,基礎,9979,https://asia.pokemon-card.com/hk/card-img/hk00009979.png,寶可夢,70,Water,,,暗中偷吃,Colorless,,擲1次硬幣若為正面，則在不看正面的情況下，從對手的手牌選擇1張，將其丟棄。,衝撞,"Water,Colorless,Colorless",30,,,Lightning,,,2,21,normal,G,擴充包「古代咆哮」,SV4K,sowsow,成群聚集，隨時保持警惕。只要察覺到有敵人，<br/>就會分散開來四處逃竄。,膽小蟲 → 具甲武者 → 具甲武者GX → 具甲武者ex,,B,12.00,Base:5.0|Meta:0.0|Exp:2.0|Func:2.0|Syn:2.0|Eff:0.0|Dmg:1.0|Mod:1.00,"情報收集, 硬幣判定",丟棄效果
具甲武者,1階進化,9855,https://asia.pokemon-card.com/hk/card-img/hk00009855.png,寶可夢,140,Water,,,力量交錯,Water,20×,造成對手的手牌的張數×20點傷害。,攀瀑,"Water,Water,Colorless",130,,,Lightning,,,2,10,normal,G,強化擴充包「激狂駭浪」,SV3a,nagimiso,生活在海底的洞窟或沉船裡。會去和八爪武師決戰，<br/>輸掉的一方便會成為對方的食物。,膽小蟲 → 具甲武者 → 具甲武者GX → 具甲武者ex,,B,13.00,Base:5.0|Meta:0.0|Exp:2.0|Func:2.0|Syn:0.0|Eff:0.0|Dmg:4.0|Mod:1.00,"傷害效果, 棄牌區傷害加成",無
燈籠魚,基礎,9857,https://asia.pokemon-card.com/hk/card-img/hk00009857.png,寶可夢,60,Lightning,,,光照,Colorless,,查看自己的牌庫上方1張卡，回復原樣。若希望，將那張卡放回牌庫下方。,小電氣,"Lightning,Colorless",20,,,Fighting,,,1,12,normal,G,強化擴充包「激狂駭浪」,SV3a,yuu,在黑暗的海底，觸手上不斷閃爍的亮光<br/>是牠唯一的通訊手段。,燈籠魚 → 電燈怪,,C+,10.00,Base:5.0|Meta:0.0|Exp:2.0|Func:1.0|Syn:2.0|Eff:0.0|Dmg:0.0|Mod:1.00,情報收集,無
燈籠魚,基礎,11821,https://asia.pokemon-card.com/hk/card-img/hk00011821.png,寶可夢,70,Lightning,,,雙重伏特,"Colorless,Colorless",20×,擲2次硬幣，造成正面出現的次數×20點傷害。,,,,,,Fighting,,,2,30,normal,H,擴充包「星晶奇跡」,SV7,Souichirou Gunjima,會從２根觸手的前端<br/> 釋放正負電流來麻痺對手。,燈籠魚 → 電燈怪,,C+,10.00,Base:5.0|Meta:0.0|Exp:3.0|Func:0.0|Syn:0.0|Eff:0.0|Dmg:2.0|Mod:1.00,"傷害效果, 硬幣判定",無
電燈怪,1階進化,9858,https://asia.pokemon-card.com/hk/card-img/hk00009858.png,寶可夢,120,Lightning,,,光彈,"Colorless,Colorless",50,,水流電光,"Lightning,Lightning,Colorless",80+,若這隻寶可夢身上附有【水】能量，則增加120點傷害。,,Fighting,,,2,13,normal,G,強化擴充包「激狂駭浪」,SV3a,aspara,發出強光讓獵物暫時失明。趁獵物露出破綻時，<br/>用電擊招呼對手。,燈籠魚 → 電燈怪,,B+,15.00,Base:5.0|Meta:0.0|Exp:2.0|Func:2.0|Syn:2.0|Eff:0.0|Dmg:4.0|Mod:1.00,條件傷害,無
電燈怪,1階進化,11822,https://asia.pokemon-card.com/hk/card-img/hk00011822.png,寶可夢,120,Lightning,,,錯亂閃光,"Colorless,Colorless",,將對手的戰鬥寶可夢【混亂】。因這個【混亂】而放置的傷害指示物的數量改為8個。,閃電伏特,"Lightning,Colorless,Colorless",140,在下個自己的回合，這隻寶可夢無法使用招式。,,Fighting,,,2,31,normal,H,擴充包「星晶奇跡」,SV7,Akira Komayama,會放出刺眼的亮光<br/> 讓對手看不見東西。<br/> 然後趁對手無法動彈時一口吞下。,燈籠魚 → 電燈怪,,B+,14.00,Base:5.0|Meta:0.0|Exp:3.0|Func:2.0|Syn:0.0|Eff:0.0|Dmg:4.0|Mod:1.00,"使用限制, 傷害指示物, 招式鎖定, 狀態異常",無
正電拍拍,基礎,9859,https://asia.pokemon-card.com/hk/card-img/hk00009859.png,寶可夢,70,Lightning,,,傷害正電,"Colorless,Colorless",10+,增加對手的戰鬥寶可夢身上放置的傷害指示物的數量×10點傷害。,,,,,,Fighting,,,1,14,normal,G,強化擴充包「激狂駭浪」,SV3a,Sekio,能從電線桿上吸取電力。 會透過讓體內儲存的 <br/>電流短路來發出聲音。,正電拍拍,,B,11.00,Base:5.0|Meta:0.0|Exp:2.0|Func:2.0|Syn:0.0|Eff:0.0|Dmg:2.0|Mod:1.00,"備戰傷害加成, 傷害指示物",無
負電拍拍,基礎,9860,https://asia.pokemon-card.com/hk/card-img/hk00009860.png,寶可夢,70,Lightning,拍檔脈衝,若自己的場上有「正電拍拍」則生效。只要這隻寶可夢在場上，每次對手從手牌將能量附於寶可夢身上時，在那隻寶可夢身上放置2個傷害指示物。無論有多少隻擁有這個特性的寶可夢，這個效果也不會重複。,高速球,Lightning,20,,,,,,,Fighting,,,1,15,normal,G,強化擴充包「激狂駭浪」,SV3a,Narumi Sato,有著為夥伴加油的習性。 當夥伴快要輸掉的時候， <br/>體內迸發出的火花數量會不斷增多。,負電拍拍,,B,11.00,Base:5.0|Meta:0.0|Exp:2.0|Func:4.0|Syn:0.0|Eff:0.0|Dmg:0.0|Mod:1.00,傷害指示物,"放置效果, 特性效果"
捷克羅姆,基礎,9863,https://asia.pokemon-card.com/hk/card-img/hk00009863.png,寶可夢,130,Lightning,,,粉碎短路,Colorless,20,在造成傷害前，將對手的戰鬥寶可夢身上附加的「寶可夢道具」卡丟棄。,落雷,"Lightning,Lightning,Colorless",130,自己的1隻備戰寶可夢也受到40點傷害。[在備戰區不計算弱點・抵抗力。],,Fighting,,,2,18,normal,G,強化擴充包「激狂駭浪」,SV3a,Shiburingaru,用尾巴製造電能。 將全身藏在雷雲裡， <br/>在合眾地區的上空飛行。,捷克羅姆,,B+,15.00,Base:5.0|Meta:0.0|Exp:2.0|Func:4.0|Syn:0.0|Eff:0.0|Dmg:4.0|Mod:1.00,"傷害效果, 連鎖傷害",丟棄效果
卡璞・鳴鳴ex,基礎,9864,https://asia.pokemon-card.com/hk/card-img/hk00009864.png,寶可夢,210,Lightning,,,復仇衝擊,"Lightning,Colorless",30+,在上個對手的回合，若自己的寶可夢因招式的傷害而【昏厥】了，則增加90點傷害，並將對手的戰鬥寶可夢【麻痺】。,激電流,"Lightning,Lightning,Colorless",180,選擇1個這隻寶可夢身上附加的能量，將其丟棄。,,Fighting,,,1,19,normal,G,強化擴充包「激狂駭浪」,SV3a,hncl,,卡璞・鳴鳴ex,ex,A,19.00,Base:5.0|Meta:0.0|Exp:2.0|Func:5.0|Syn:2.0|Eff:0.0|Dmg:5.0|Mod:1.00,"昏厥條件, 條件傷害, 狀態異常, 能量操作",無
卡璞・鳴鳴ex,基礎,12654,https://asia.pokemon-card.com/hk/card-img/hk00012654.png,寶可夢,200,Lightning,,,閃電結連,"Lightning,Colorless",60+,增加自己的備戰寶可夢的數量×20點傷害。,,,,,,Fighting,,,0,46,normal,H,雙ex初階牌組 Generations,SVM,PLANETA Igarashi,,卡璞・鳴鳴ex,ex,B,11.00,Base:5.0|Meta:0.0|Exp:2.0|Func:1.0|Syn:0.0|Eff:0.0|Dmg:3.0|Mod:1.00,備戰傷害加成,無
小小象,基礎,9869,https://asia.pokemon-card.com/hk/card-img/hk00009869.png,寶可夢,80,Fighting,,,怪力,"Colorless,Colorless",30,,滾動衝撞,"Fighting,Fighting,Colorless",60,,,Grass,,,2,24,normal,G,強化擴充包「激狂駭浪」,SV3a,Atsuko Nishida,會在河邊做出巢穴棲息。玩完泥巴後如果不把身體<br/>洗乾淨，就會渾身不自在。,小小象 → 頓甲,,C+,9.00,Base:5.0|Meta:0.0|Exp:2.0|Func:0.0|Syn:0.0|Eff:0.0|Dmg:2.0|Mod:1.00,無,無
頓甲,1階進化,9870,https://asia.pokemon-card.com/hk/card-img/hk00009870.png,寶可夢,150,Fighting,,,山崩,"Colorless,Colorless",30,將對手的牌庫上方2張卡丟棄。,大迴轉,"Fighting,Fighting,Colorless",160,在下個自己的回合，這隻寶可夢無法使用招式。,,Grass,,,3,25,normal,G,強化擴充包「激狂駭浪」,SV3a,Shin Nagasawa,全身包裹著堅硬的皮膚，被車撞到也是毫髮無傷。<br/>但是對雨水卻毫無招架之力。,小小象 → 頓甲,,B+,14.00,Base:5.0|Meta:0.0|Exp:2.0|Func:2.0|Syn:0.0|Eff:0.0|Dmg:5.0|Mod:1.00,"使用限制, 招式鎖定",丟棄效果
頓甲,1階進化,12141,https://asia.pokemon-card.com/hk/card-img/hk00012141.png,寶可夢,150,Fighting,,,打垮,Fighting,40,這個招式的傷害不計算對手的戰鬥寶可夢身上的附加效果。,防守回轉,"Fighting,Colorless,Colorless",120,選擇2個這隻寶可夢身上附加的能量，將其丟棄。在下個對手的回合，這隻寶可夢受到招式的傷害「-100」點。,,Grass,,,4,65,normal,H,擴充包「超電突圍」,SV8,GOSSAN,雖然平時性情穩重，<br/>但一旦被激怒就會滾著<br/>蜷起的身體猛衝過來。,小小象 → 頓甲,,A,17.00,Base:5.0|Meta:0.0|Exp:3.0|Func:5.0|Syn:0.0|Eff:0.0|Dmg:4.0|Mod:1.00,"無視弱點/效果, 能量操作, 高額傷害減免",丟棄效果
固拉多,基礎,9871,https://asia.pokemon-card.com/hk/card-img/hk00009871.png,寶可夢,130,Fighting,,,充溢之力,Colorless,,從自己的手牌選擇1張「基本【鬥】能量」卡，附於自己的寶可夢身上。,熔岩光芒,"Fighting,Fighting,Colorless",60×,將最多4張自己的場上寶可夢身上附加的能量卡丟棄，造成其張數×60點傷害。,,Grass,,,3,26,normal,G,強化擴充包「激狂駭浪」,SV3a,Uta,與蓋歐卡殊死戰鬥後， 便一直沉睡著。 <br/>被稱為大地化身的傳說的寶可夢。,固拉多,,A+,20.00,Base:5.0|Meta:0.0|Exp:2.0|Func:3.0|Syn:2.0|Eff:0.0|Dmg:8.0|Mod:1.00,"傷害效果, 棄牌區傷害加成, 能量操作, 能量附著",無
圓陸鯊,基礎,9872,https://asia.pokemon-card.com/hk/card-img/hk00009872.png,寶可夢,70,Fighting,,,咬住,Fighting,20,,,,,,,Grass,,,1,27,normal,G,強化擴充包「激狂駭浪」,SV3a,saino misaki,潛伏在地洞內，如果有獵物或敵人經過，就會撲出來咬住。<br/>有時會用力過猛而咬壞牙齒。,圓陸鯊 → 尖牙陸鯊 → 烈咬陸鯊 → 烈咬陸鯊ex,,C,7.00,Base:5.0|Meta:0.0|Exp:2.0|Func:0.0|Syn:0.0|Eff:0.0|Dmg:0.0|Mod:1.00,無,無
尖牙陸鯊,1階進化,9873,https://asia.pokemon-card.com/hk/card-img/hk00009873.png,寶可夢,100,Fighting,,,力量爆破,Fighting,50,選擇1個這隻寶可夢身上附加的能量，將其丟棄。,,,,,,Grass,,,1,28,normal,G,強化擴充包「激狂駭浪」,SV3a,Nisota Niso,偶爾脫皮，鱗片會脫落。含有其成分的藥可以<br/>讓疲勞的身體活力四射。,圓陸鯊 → 尖牙陸鯊 → 烈咬陸鯊 → 烈咬陸鯊ex,,B,11.00,Base:5.0|Meta:0.0|Exp:2.0|Func:3.0|Syn:0.0|Eff:0.0|Dmg:1.0|Mod:1.00,能量操作,無
胡帕ex,基礎,9874,https://asia.pokemon-card.com/hk/card-img/hk00009874.png,寶可夢,220,Fighting,,,能量粉碎,"Darkness,Darkness",50×,造成對手的所有寶可夢身上附加的能量的數量×50點傷害。,狂徒拳,"Darkness,Darkness,Darkness",200,在下個自己的回合，這隻寶可夢無法使用「狂徒拳」。,,Psychic,,,2,29,normal,G,強化擴充包「激狂駭浪」,SV3a,5ban Graphics,,胡帕ex,"太晶,ex",A+,20.00,Base:5.0|Meta:0.0|Exp:2.0|Func:5.0|Syn:0.0|Eff:0.0|Dmg:8.0|Mod:1.00,"備戰傷害加成, 傷害效果, 招式鎖定, 能量操作",無
小隕星,基礎,9875,https://asia.pokemon-card.com/hk/card-img/hk00009875.png,寶可夢,70,Fighting,飛散流星,在自己的回合，若這隻寶可夢在備戰區，則每次從自己的手牌將能量附於這隻寶可夢身上時，可使用1次。將這隻寶可夢與戰鬥寶可夢互換。,重力衝撞,Colorless,20×,造成對手的戰鬥寶可夢【撤退】所需的能量的數量×20點傷害。,,,,,,Grass,,,2,30,normal,G,強化擴充包「激狂駭浪」,SV3a,OKUBO,外殼脫落後的樣子。核心顏色的差異是根據<br/>所吃食物的成分而決定。,小隕星,,A+,22.00,Base:5.0|Meta:0.0|Exp:2.0|Func:7.0|Syn:0.0|Eff:0.0|Dmg:8.0|Mod:1.00,"備戰傷害加成, 傷害效果, 切換效果, 撤退干擾",撤退效果
基拉祈,基礎,9887,https://asia.pokemon-card.com/hk/card-img/hk00009887.png,寶可夢,70,Metal,恆星之幕,只要這隻寶可夢在場上，自己的所有備戰寶可夢，不會因對手的【基礎】寶可夢使用招式的效果而被放置傷害指示物。,蓄能量,Colorless,,從自己的牌庫選擇最多2張基本能量卡，在給對手看過後加入手牌。並且重洗牌庫。,,,,,,Fire,,Grass,1,42,normal,G,強化擴充包「激狂駭浪」,SV3a,Naoyo Kimura,據說牠在１０００年之中 只有７天時間會醒過來， <br/>使用能實現任何願望的力量。,基拉祈,,B+,14.00,Base:5.0|Meta:0.0|Exp:2.0|Func:7.0|Syn:0.0|Eff:0.0|Dmg:0.0|Mod:1.00,"傷害指示物, 抽卡效果, 搜索效果",放置效果
基拉祈,基礎,12226,https://asia.pokemon-card.com/hk/card-img/hk00012226.png,寶可夢,80,Metal,,,充溢祈願,Colorless,,從自己的棄牌區選擇1張基本能量卡，附於備戰寶可夢身上。,巴掌,"Metal,Colorless",30,,,Fire,,Grass,1,39,normal,H,Trianers Camp,SVI,Kuroimori,據說牠在１０００年之中<br/>只有７天時間會醒過來，<br/>使用能實現任何願望的力量。,基拉祈,,B,11.00,Base:5.0|Meta:0.0|Exp:2.0|Func:3.0|Syn:0.0|Eff:0.0|Dmg:1.0|Mod:1.00,搜索效果,無
獨劍鞘,基礎,9890,https://asia.pokemon-card.com/hk/card-img/hk00009890.png,寶可夢,60,Metal,,,切,Metal,20,,,,,,,Fire,,Grass,1,45,normal,G,強化擴充包「激狂駭浪」,SV3a,aoki,獨劍鞘護手上的藍色眼珠是牠的本體。<br/>會用陳舊的布吸取人類的精氣。,獨劍鞘 → 雙劍鞘 → 堅盾劍怪 → 堅盾劍怪ex,,C,7.00,Base:5.0|Meta:0.0|Exp:2.0|Func:0.0|Syn:0.0|Eff:0.0|Dmg:0.0|Mod:1.00,無,無
獨劍鞘,基礎,10067,https://asia.pokemon-card.com/hk/card-img/hk00010067.png,寶可夢,60,Metal,,,突擊,Metal,30,這隻寶可夢也受到10點傷害。,,,,,,Fire,,Grass,1,43,normal,G,擴充包「未來閃光」,SV4M,Nagomi Nijo,獨劍鞘護手上的藍色眼珠是牠的本體。會用陳舊的布吸取人類的精氣。,獨劍鞘 → 雙劍鞘 → 堅盾劍怪 → 堅盾劍怪ex,,C,8.00,Base:5.0|Meta:0.0|Exp:2.0|Func:0.0|Syn:0.0|Eff:0.0|Dmg:1.0|Mod:1.00,反噬傷害,無
雙劍鞘,1階進化,9891,https://asia.pokemon-card.com/hk/card-img/hk00009891.png,寶可夢,90,Metal,,,劈開,Colorless,20,,猛擊在地,"Metal,Colorless",80,在下個自己的回合，這隻寶可夢無法使用「猛擊在地」。,,Fire,,Grass,2,46,normal,G,強化擴充包「激狂駭浪」,SV3a,Bun Toujo,２把劍會用令人眼花繚亂的速度不斷交替攻擊和防禦，<br/>藉以制服獵物。,獨劍鞘 → 雙劍鞘 → 堅盾劍怪 → 堅盾劍怪ex,,C+,9.00,Base:5.0|Meta:0.0|Exp:2.0|Func:0.0|Syn:0.0|Eff:0.0|Dmg:2.0|Mod:1.00,招式鎖定,無
雙劍鞘,1階進化,10068,https://asia.pokemon-card.com/hk/card-img/hk00010068.png,寶可夢,90,Metal,,,劍舞,Metal,,在下個自己的回合，這隻寶可夢「利刃切割」的傷害「+80」點。,利刃切割,"Metal,Metal",40,,,Fire,,Grass,2,44,normal,G,擴充包「未來閃光」,SV4M,Shigenori Negishi,２把劍會用令人眼花繚亂的速度不斷交替攻擊和防禦，藉以制服獵物。,獨劍鞘 → 雙劍鞘 → 堅盾劍怪 → 堅盾劍怪ex,,C,8.00,Base:5.0|Meta:0.0|Exp:2.0|Func:0.0|Syn:0.0|Eff:0.0|Dmg:1.0|Mod:1.00,其他效果,無
堅盾劍怪,2階進化,9892,https://asia.pokemon-card.com/hk/card-img/hk00009892.png,寶可夢,150,Metal,神秘之盾,這隻寶可夢不會受到對手的「寶可夢【ex】・【V】」招式的傷害。,堅硬猛擊,"Metal,Colorless",120,這個招式的傷害不計算對手的戰鬥寶可夢身上的附加效果。,,,,,,Fire,,Grass,3,47,normal,G,強化擴充包「激狂駭浪」,SV3a,Jiro Sasumo,堅盾劍怪曾經用強大的靈力控制人和寶可夢，建立了<br/>適合自己生活的國家。,獨劍鞘 → 雙劍鞘 → 堅盾劍怪 → 堅盾劍怪ex,,B+,14.00,Base:5.0|Meta:0.0|Exp:2.0|Func:3.0|Syn:0.0|Eff:0.0|Dmg:4.0|Mod:1.00,"傷害防禦, 效果免疫, 無視弱點/效果",無
賽富豪ex,1階進化,9895,https://asia.pokemon-card.com/hk/card-img/hk00009895.png,寶可夢,260,Metal,紅利硬幣,在自己的回合時可使用1次。從自己的牌庫抽出1張卡。若這隻寶可夢在戰鬥場上，則再抽出1張卡。,淘金潮,Metal,50×,從自己的手牌將任意數量的基本能量卡丟棄，造成其張數×50點傷害。,,,,,,Fire,,Grass,2,50,normal,G,強化擴充包「激狂駭浪」,SV3a,takuyoa,,索財靈 → 賽富豪ex → 賽富豪,ex,A+,20.00,Base:5.0|Meta:0.0|Exp:2.0|Func:5.0|Syn:0.0|Eff:0.0|Dmg:8.0|Mod:1.00,"傷害效果, 抽卡效果, 搜索效果, 棄牌區傷害加成",無
下石鳥ex,基礎,9896,https://asia.pokemon-card.com/hk/card-img/hk00009896.png,寶可夢,200,Colorless,,,急速輸送,Colorless,,這個招式可在先攻玩家的最初回合使用。從自己的牌庫選擇最多3張【基礎】寶可夢卡，放置於備戰區。並且重洗牌庫。,暗影之風,"Colorless,Colorless,Colorless",130,若希望，將這隻寶可夢與附加的卡，全部放回手牌。,,Lightning,,Fighting,1,51,normal,G,強化擴充包「激狂駭浪」,SV3a,PLANETA Mochizuki,,下石鳥ex,ex,A,18.00,Base:5.0|Meta:0.0|Exp:2.0|Func:3.0|Syn:4.0|Eff:0.0|Dmg:4.0|Mod:1.00,"其他效果, 搜索效果",放置效果
豪華斗篷,,9900,https://asia.pokemon-card.com/hk/card-img/hk00009900.png,寶可夢道具,,,,,,,,附有這張卡的寶可夢（「擁有規則的寶可夢」除外）的最大HP「+100」，那隻寶可夢受到對手的寶可夢招式的傷害而【昏厥】時，被獲得的獎賞卡的張數增加1張。,,,,,,,,,,55,normal,G,強化擴充包「激狂駭浪」,SV3a,Toyste Beach,,,,B,11.00,Base:6.0|Meta:0.0|Exp:2.0|Func:3.0|Syn:0.0|Eff:0.0|Dmg:0.0|Mod:1.00,"HP提升, 獎賞控制",無
招式學習器 能量渦輪,,9901,https://asia.pokemon-card.com/hk/card-img/hk00009901.png,寶可夢道具,,,,,,,,附有這張卡的寶可夢，可使用這張卡上寫的招式。[需要有足夠使用招式的能量。]將附於寶可夢身上的這張卡，在自己的回合結束時丟棄。,能量渦輪,Colorless,,從自己的牌庫選擇最多2張基本能量卡，以任意方式附於備戰寶可夢身上。並且重洗牌庫。,,,,,,56,normal,G,強化擴充包「激狂駭浪」,SV3a,Studio Bora Inc.,,,,B,12.00,Base:6.0|Meta:0.0|Exp:2.0|Func:4.0|Syn:0.0|Eff:0.0|Dmg:0.0|Mod:1.00,搜索效果,無
招式學習器 暗中奇襲,,9902,https://asia.pokemon-card.com/hk/card-img/hk00009902.png,寶可夢道具,,,,,,,,附有這張卡的寶可夢，可使用這張卡上寫的招式。[需要有足夠使用招式的能量。]將附於寶可夢身上的這張卡，在自己的回合結束時丟棄。,暗中奇襲,"Colorless,Colorless,Colorless",,對手的身上放置有傷害指示物的1隻寶可夢受到100點傷害。[在備戰區不計算弱點・抵抗力。],,,,,,57,normal,G,強化擴充包「激狂駭浪」,SV3a,Studio Bora Inc.,,,,B,13.00,Base:6.0|Meta:0.0|Exp:2.0|Func:5.0|Syn:0.0|Eff:0.0|Dmg:0.0|Mod:1.00,"傷害指示物, 連鎖傷害",放置效果
鬥子,,14192,https://asia.pokemon-card.com/hk/card-img/hk00014192.png,支援者卡,,,,,,,,從自己的牌庫選擇進化寶可夢卡與能量卡各1張，在給對手看過後加入手牌。並且重洗牌庫。,,,,,,,,,,85,normal,I,擴充包「純白閃焰」,SV11W,yuu,,,,A+,20.00,Base:8.0|Meta:0.0|Exp:3.0|Func:9.0|Syn:0.0|Eff:0.0|Dmg:0.0|Mod:1.00,"抽卡效果, 搜索效果, 進化支援",無
鬼之假面,,11374,https://asia.pokemon-card.com/hk/card-img/hk00011374.png,物品卡,,,,,,,,從自己的棄牌區選擇1張名稱中有「厄鬼椪」的「寶可夢【ex】」卡，與自己的場上的1隻名稱中有「厄鬼椪」的「寶可夢【ex】」互換（所附加的卡・傷害指示物・特殊狀態・效果等全部保留）。將換下的寶可夢丟棄。,,,,,,,,,,90,normal,H,擴充包「變幻假面」,SV6,5ban Graphics,,,,B+,15.00,Base:7.0|Meta:0.0|Exp:3.0|Func:3.0|Syn:2.0|Eff:0.0|Dmg:0.0|Mod:1.00,"切換效果, 搜索效果, 棄牌區傷害加成",無
凰檗,,8655,https://asia.pokemon-card.com/hk/card-img/hk00008655.png,支援者卡,,,,,,,,選擇1張自己的手牌，放回牌庫下方。然後，從牌庫抽卡直到自己的手牌滿5張為止。（若自己的手牌只有這1張，則無法使用這張卡。）,,,,在自己的回合時，支援者卡只可使用1張。,,,,,,66,normal,G,強化擴充包「三連音爆」,SV1a,yuu,,,,B+,15.00,Base:8.0|Meta:0.0|Exp:2.0|Func:3.0|Syn:2.0|Eff:0.0|Dmg:0.0|Mod:1.00,"抽卡效果, 招式鎖定",無
婉龍,,9904,https://asia.pokemon-card.com/hk/card-img/hk00009904.png,支援者卡,,,,,,,,擲1次硬幣若為正面，則選擇1隻對手的備戰寶可夢，與戰鬥寶可夢互換。若為反面，則將自己的戰鬥寶可夢與備戰寶可夢互換。,,,,,,,,,,59,normal,G,強化擴充包「激狂駭浪」,SV3a,yuu,,,,A,17.00,Base:8.0|Meta:0.0|Exp:2.0|Func:5.0|Syn:2.0|Eff:0.0|Dmg:0.0|Mod:1.00,"切換效果, 硬幣判定",無
醫療能量,,9907,https://asia.pokemon-card.com/hk/card-img/hk00009907.png,特殊能量卡,,,,,,,,只要這張卡附於寶可夢身上，視為提供1個【無】能量。<br/><br/>從手牌將這張卡附於寶可夢身上時，將那隻寶可夢恢復「30」HP。,,,,,,,,,,62,normal,G,強化擴充包「激狂駭浪」,SV3a,,,,,B,11.00,Base:5.0|Meta:0.0|Exp:2.0|Func:4.0|Syn:0.0|Eff:0.0|Dmg:0.0|Mod:1.00,"回復效果, 特殊能量",無
陸地水母ex,1階進化,10133,https://asia.pokemon-card.com/hk/card-img/hk00010133.png,寶可夢,270,Grass,守護菌絲,只要這隻寶可夢在場上，自己的所有身上附有能量卡的寶可夢，不會受到對手的寶可夢使用招式的效果的影響。（已經受到的效果不會消除。）,菌落猛攻,"Grass,Grass",80+,增加自己的備戰區身上附有【草】能量卡的寶可夢的數量×40點傷害。,,,,,,Fire,,,2,19,normal,G,高級擴充包「閃色寶藏ex」,SV4a,5ban Graphics,,原野水母 → 陸地水母 → 陸地水母ex,ex,B+,16.00,Base:5.0|Meta:0.0|Exp:2.0|Func:5.0|Syn:0.0|Eff:0.0|Dmg:4.0|Mod:1.00,"備戰傷害加成, 效果免疫",無
超能豔鴕ex,1階進化,10137,https://asia.pokemon-card.com/hk/card-img/hk00010137.png,寶可夢,260,Grass,奪目視線,只要這隻寶可夢在戰鬥場上，對手的戰鬥寶可夢使用招式所需的能量增加1個【無】能量。,精神球,Psychic,30+,增加雙方的戰鬥寶可夢身上附加的能量的數量×30點傷害。,,,,,,Fire,,,1,23,normal,G,高級擴充包「閃色寶藏ex」,SV4a,takuyoa,,飄飄雛 → 超能豔鴕 → 超能豔鴕ex,"太晶,ex",B+,14.00,Base:5.0|Meta:0.0|Exp:2.0|Func:5.0|Syn:0.0|Eff:0.0|Dmg:2.0|Mod:1.00,"備戰傷害加成, 能量操作, 能量需求增加",無
天然雀,基礎,10192,https://asia.pokemon-card.com/hk/card-img/hk00010192.png,寶可夢,50,Psychic,,,三連撞,Psychic,10×,擲3次硬幣，造成正面出現的次數×10點傷害。,,,,,,Darkness,,Fighting,1,78,normal,G,高級擴充包「閃色寶藏ex」,SV4a,Teeziro,翅膀還沒有完全長好，所以只能一跳一跳地移動。<br/>一直在注視著什麼。,天然雀 → 天然鳥,,C,8.00,Base:5.0|Meta:0.0|Exp:2.0|Func:0.0|Syn:0.0|Eff:0.0|Dmg:1.0|Mod:1.00,"傷害效果, 硬幣判定",無
魔尼尼,基礎,10199,https://asia.pokemon-card.com/hk/card-img/hk00010199.png,寶可夢,30,Psychic,,,扮家家酒,,,對手選擇對手自己的場上寶可夢持有的1個招式。被選擇的招式作為這個招式使用。,,,,,,Darkness,,Fighting,0,85,normal,G,高級擴充包「閃色寶藏ex」,SV4a,HYOGONOSUKE,可以分毫不差地模仿對手的動作，趁對手迷惑的時候迅速逃走。,魔尼尼,,B,11.00,Base:5.0|Meta:0.0|Exp:2.0|Func:2.0|Syn:2.0|Eff:0.0|Dmg:0.0|Mod:1.00,招式複製對手,無
寇沙,,8553,https://asia.pokemon-card.com/hk/card-img/hk00008553.png,支援者卡,,,,,,,,將自己的所有手牌放回牌庫並重洗。然後，從牌庫抽出比放回張數多1張的卡。,,,,在自己的回合時，支援者卡只可使用1張。,,,,,,23,promo,G,特典卡 朱&紫,SV,GIDORA,,,,B+,14.00,Base:8.0|Meta:0.0|Exp:2.0|Func:4.0|Syn:0.0|Eff:0.0|Dmg:0.0|Mod:1.00,"抽卡效果, 搜索效果",無
招式學習器 火場一爆,,10284,https://asia.pokemon-card.com/hk/card-img/hk00010284.png,寶可夢道具,,,,,,,,附有這張卡的寶可夢，可使用這張卡上寫的招式。[需要有足夠使用招式的能量。]將附於寶可夢身上的這張卡，在自己的回合結束時丟棄。,火場一爆,"Colorless,Colorless,Colorless",280,這個招式只有在對手剩餘獎賞卡的張數為1張時才可使用。,,,,,,170,normal,G,高級擴充包「閃色寶藏ex」,SV4a,Studio Bora Inc.,,,,A+,20.00,Base:6.0|Meta:0.0|Exp:2.0|Func:4.0|Syn:2.0|Eff:0.0|Dmg:6.0|Mod:1.00,獎賞控制,無
巢穴球,,11025,https://asia.pokemon-card.com/hk/card-img/hk00011025.png,物品卡,,,,,,,,從自己的牌庫選擇1張【基礎】寶可夢卡，放置於備戰區。並且重洗牌庫。,,,,在自己的回合時，物品卡可不限張數使用。,,,,,,91,promo,G,特典卡 朱&紫,SV,Toyste Beach,,,,A,19.00,Base:7.0|Meta:5.0|Exp:2.0|Func:2.0|Syn:3.0|Eff:0.0|Dmg:0.0|Mod:1.00,搜索效果,放置效果
悠哉尾草棒,,12172,https://asia.pokemon-card.com/hk/card-img/hk00012172.png,物品卡,,,,,,,,這張卡只可在後攻玩家的最初回合使用。<br/><br/>選擇1個對手的場上寶可夢身上附加的能量，放回對手的手牌。,,,,,,,,,,96,normal,H,擴充包「超電突圍」,SV8,AYUMI ODASHIMA,,,,A,17.00,Base:7.0|Meta:0.0|Exp:3.0|Func:5.0|Syn:2.0|Eff:0.0|Dmg:0.0|Mod:1.00,能量操作,無
鴨嘴寶寶,基礎,9968,https://asia.pokemon-card.com/hk/card-img/hk00009968.png,寶可夢,30,Fire,,,滋滋點火,,,在下個對手的回合，這隻寶可夢受到招式的傷害時，在使用招式的寶可夢身上放置6個傷害指示物。,,,,,,Water,,,0,10,normal,G,擴充包「古代咆哮」,SV4K,Naoyo Kimura,棲息在火山的周圍。在一天結束時，會泡進<br/>熔岩中讓身體舒緩疲勞。,鴨嘴寶寶,,C+,9.00,Base:5.0|Meta:0.0|Exp:2.0|Func:2.0|Syn:0.0|Eff:0.0|Dmg:0.0|Mod:1.00,傷害指示物,無
紅蓮鎧騎ex,1階進化,9973,https://asia.pokemon-card.com/hk/card-img/hk00009973.png,寶可夢,260,Fire,紅蓮盔甲,若這隻寶可夢的HP是全滿的狀態，則這隻寶可夢受到對手的寶可夢招式的傷害「-80」點。,灼熱火箭炮,"Colorless,Colorless",40+,增加這隻寶可夢身上附加的【火】能量的數量×40點傷害。,,,,,,Water,,,2,15,normal,G,擴充包「古代咆哮」,SV4K,takuyoa,,炭小侍 → 紅蓮鎧騎 → 蒼炎刃鬼 → 蒼炎刃鬼ex → 紅蓮鎧騎ex,ex,B+,16.00,Base:5.0|Meta:0.0|Exp:2.0|Func:6.0|Syn:0.0|Eff:0.0|Dmg:3.0|Mod:1.00,"備戰傷害加成, 能量操作, 高額傷害減免",無
紅蓮鎧騎ex,1階進化,12196,https://asia.pokemon-card.com/hk/card-img/hk00012196.png,寶可夢,260,Fire,,,鎧農炮,"Fire,Fire,Colorless",200,選擇1個這隻寶可夢身上附加的【火】能量，將其丟棄。,,,,,,Water,,,2,11,normal,H,Trianers Camp,SVI,PLANETA Tsuji,,炭小侍 → 紅蓮鎧騎 → 蒼炎刃鬼 → 蒼炎刃鬼ex → 紅蓮鎧騎ex,ex,B+,16.00,Base:5.0|Meta:0.0|Exp:2.0|Func:3.0|Syn:0.0|Eff:0.0|Dmg:6.0|Mod:1.00,能量操作,無
刺龍王,2階進化,9977,https://asia.pokemon-card.com/hk/card-img/hk00009977.png,寶可夢,150,Water,,,旋潮,Water,,將自己的牌庫上方6張卡翻到正面，對對手的1隻寶可夢，造成其中能量卡的張數×60點傷害。將翻到正面的能量卡丟棄，將剩餘卡放回牌庫並重洗。[在備戰區不計算弱點・抵抗力。],水炮濺射,"Water,Colorless",120,,,Lightning,,,1,19,normal,G,擴充包「古代咆哮」,SV4K,Tonji Matsuno,脫落的鱗片光澤高雅有深度，甚至被拿去<br/>獻給王族作為貢品。,墨海馬 → 海刺龍 → 刺龍王 → 刺龍王GX → 刺龍王ex,,A,17.00,Base:5.0|Meta:0.0|Exp:2.0|Func:6.0|Syn:0.0|Eff:0.0|Dmg:4.0|Mod:1.00,"傷害效果, 棄牌區傷害加成, 能量回收, 連鎖傷害",丟棄效果
甜冷美后ex,2階進化,9978,https://asia.pokemon-card.com/hk/card-img/hk00009978.png,寶可夢,310,Water,,,冰柱之踢,Grass,,在對手的1隻寶可夢身上放置傷害指示物直到那隻寶可夢的剩餘HP變為「30」為止。,熱帶踢,"Grass,Grass",180,將這隻寶可夢恢復「30」HP，特殊狀態也全部恢復。,,Metal,,,2,20,normal,G,擴充包「古代咆哮」,SV4K,5ban Graphics,,甜竹竹 → 甜舞妮 → 甜冷美后GX → 甜冷美后 → 甜冷美后ex,"太晶,ex",A,18.00,Base:5.0|Meta:0.0|Exp:2.0|Func:4.0|Syn:2.0|Eff:0.0|Dmg:5.0|Mod:1.00,"傷害指示物, 回復效果, 狀態恢復",無
具甲武者ex,1階進化,9980,https://asia.pokemon-card.com/hk/card-img/hk00009980.png,寶可夢,270,Water,,,水之利刃,"Colorless,Colorless",70,,一刀立斷,"Water,Colorless,Colorless",170,選擇1個這隻寶可夢身上附加的能量，將其丟棄。然後，將這隻寶可夢與備戰寶可夢互換。,,Lightning,,,3,22,normal,G,擴充包「古代咆哮」,SV4K,N-DESIGN Inc.,,膽小蟲 → 具甲武者 → 具甲武者GX → 具甲武者ex,ex,A,18.00,Base:5.0|Meta:0.0|Exp:2.0|Func:6.0|Syn:0.0|Eff:0.0|Dmg:5.0|Mod:1.00,"切換效果, 能量操作",無
死神棺ex,1階進化,9989,https://asia.pokemon-card.com/hk/card-img/hk00009989.png,寶可夢,260,Psychic,金色棺木,這隻寶可夢受到對手的寶可夢招式的傷害而【昏厥】時，從自己的牌庫任意選擇1張卡加入手牌。並且重洗牌庫。,陰森之手,"Psychic,Psychic",110,將5個傷害指示物以任意方式放置於對手的備戰寶可夢身上。,,,,,,Darkness,,Fighting,2,31,normal,G,擴充包「古代咆哮」,SV4K,kawayoo,,哭哭面具 → 死神棺 → 死神棺ex,ex,B+,15.00,Base:5.0|Meta:0.0|Exp:2.0|Func:5.0|Syn:0.0|Eff:0.0|Dmg:3.0|Mod:1.00,"傷害指示物, 抽卡效果, 搜索效果",無
吼叫尾,基礎,9990,https://asia.pokemon-card.com/hk/card-img/hk00009990.png,寶可夢,90,Psychic,,,巴掌,Psychic,30,,大吼大叫,"Psychic,Colorless",,對手的1隻寶可夢受到這隻寶可夢身上放置的傷害指示物的數量×20點傷害。[在備戰區不計算弱點・抵抗力。],,Darkness,,Fighting,1,32,normal,G,擴充包「古代咆哮」,SV4K,Ryota Murayama,過去只有過１次目擊紀錄。是與古老的探險記裡記載的<br/><br/>神秘生物長得很像的寶可夢。,吼叫尾,,B,11.00,Base:5.0|Meta:0.0|Exp:2.0|Func:3.0|Syn:0.0|Eff:0.0|Dmg:1.0|Mod:1.00,"備戰傷害加成, 傷害指示物, 連鎖傷害",放置效果
吼叫尾,基礎,10944,https://asia.pokemon-card.com/hk/card-img/hk00010944.png,寶可夢,90,Psychic,,,唱歌鼓勵,Colorless,,將自己的備戰區的1隻「古代」寶可夢恢復「100」HP。,巨聲,"Colorless,Colorless",40,,,Darkness,,Fighting,1,5,normal,H,起始組合「古代故勒頓ex」,SVHK,kawayoo,過去只有過１次目擊紀錄。是與古老的探險記裡記載的<br/><br/>神秘生物長得很像的寶可夢。,吼叫尾,,B,11.00,Base:5.0|Meta:0.0|Exp:2.0|Func:3.0|Syn:0.0|Eff:0.0|Dmg:1.0|Mod:1.00,回復效果,無
拳拳蛸,基礎,9993,https://asia.pokemon-card.com/hk/card-img/hk00009993.png,寶可夢,70,Fighting,,,佯攻,Fighting,20,這個招式的傷害不計算抵抗力。,,,,,,Psychic,,,2,35,normal,G,擴充包「古代咆哮」,SV4K,Kedamahadaitai Yawarakai,智商大致相當於３歲的兒童。雖然觸手經常斷掉，但因為<br/>能再生，所以牠並不在意。,拳拳蛸 → 八爪武師,,C,7.00,Base:5.0|Meta:0.0|Exp:2.0|Func:0.0|Syn:0.0|Eff:0.0|Dmg:0.0|Mod:1.00,無視弱點/效果,無
拳拳蛸,基礎,11958,https://asia.pokemon-card.com/hk/card-img/hk00011958.png,寶可夢,70,Fighting,,,撞一下,Fighting,30,這隻寶可夢也受到10點傷害。,,,,,,Psychic,,,2,32,normal,H,強化擴充包「樂園騰龍」,SV7a,Shimaris Yukichi,會為了尋找食物而登上陸地。<br/>擁有旺盛的好奇心，不管看到什麼，<br/>都會先用觸手打一打再說。,拳拳蛸 → 八爪武師,,C+,9.00,Base:5.0|Meta:0.0|Exp:3.0|Func:0.0|Syn:0.0|Eff:0.0|Dmg:1.0|Mod:1.00,反噬傷害,無
八爪武師,1階進化,9994,https://asia.pokemon-card.com/hk/card-img/hk00009994.png,寶可夢,120,Fighting,,,緩緩殞落,Fighting,30,在下個對手的回合結束時，受到這個招式的寶可夢會【昏厥】。,音速直擊,"Fighting,Fighting,Colorless",120,,,Psychic,,,2,36,normal,G,擴充包「古代咆哮」,SV4K,Sanosuke Sakuma,會為了試自己的身手而登上陸地尋找對手。<br/>戰鬥結束後就會回到海裡。,拳拳蛸 → 八爪武師,,B,13.00,Base:5.0|Meta:0.0|Exp:2.0|Func:2.0|Syn:0.0|Eff:0.0|Dmg:4.0|Mod:1.00,其他效果,無
八爪武師,1階進化,11959,https://asia.pokemon-card.com/hk/card-img/hk00011959.png,寶可夢,140,Fighting,,,劈打,Fighting,40,,觸手激怒,"Fighting,Fighting,Colorless",130,若這隻寶可夢身上放置有傷害指示物，則這個招式只需要1個【鬥】能量即可使用。,,Psychic,,,3,33,normal,H,強化擴充包「樂園騰龍」,SV7a,KEIICHIRO ITO,全身都是肌肉。<br/>會用觸手施展絞技，<br/>威力無與倫比。,拳拳蛸 → 八爪武師,,B+,16.00,Base:5.0|Meta:0.0|Exp:3.0|Func:2.0|Syn:2.0|Eff:0.0|Dmg:4.0|Mod:1.00,"傷害指示物, 能量條件",無
爬地翅,基礎,9999,https://asia.pokemon-card.com/hk/card-img/hk00009999.png,寶可夢,140,Fighting,,,踩落,Fighting,,將對手的牌庫上方1張卡丟棄。,燙傷怒濤,"Fighting,Fighting",120,這隻寶可夢也受到90點傷害。將對手的戰鬥寶可夢【灼傷】。,,Psychic,,,3,41,normal,G,擴充包「古代咆哮」,SV4K,Anesaki Dynamic,與古老書籍裡介紹的一種叫做爬地翅的生物有著<br/><br/>相似點的神秘寶可夢。,爬地翅,,B,13.00,Base:5.0|Meta:0.0|Exp:2.0|Func:2.0|Syn:0.0|Eff:0.0|Dmg:4.0|Mod:1.00,"反噬傷害, 簡單灼傷",丟棄效果
爬地翅,基礎,11477,https://asia.pokemon-card.com/hk/card-img/hk00011477.png,寶可夢,140,Fighting,,,鐵碎,"Fighting,Colorless",20+,若對手的場上有「未來」寶可夢，則增加120點傷害。,粉碎之翼,"Fighting,Fighting,Colorless",130,選擇2個這隻寶可夢身上附加的能量，將其丟棄。,,Psychic,,,3,26,normal,H,強化擴充包「黑夜漫遊者」,SV6a,Shinji Kanda,與古老書籍裡介紹的一種<br/><br/>叫做爬地翅的生物有著<br/><br/>相似點的神秘寶可夢。,爬地翅,,A+,21.00,Base:5.0|Meta:0.0|Exp:3.0|Func:5.0|Syn:4.0|Eff:0.0|Dmg:4.0|Mod:1.00,"條件傷害, 能量操作",無
沙鐵皮ex,基礎,10000,https://asia.pokemon-card.com/hk/card-img/hk00010000.png,寶可夢,220,Fighting,磁力吸收,若對手剩餘獎賞卡的張數為4張以下，則在自己的回合時可使用1次。從自己的棄牌區選擇1張「基本【鬥】能量」卡，附於這隻寶可夢身上。,大地扣殺,"Fighting,Fighting,Colorless",200,在下個自己的回合，這隻寶可夢無法使用招式。,,,,,,Grass,,,2,42,normal,G,擴充包「古代咆哮」,SV4K,PLANETA Mochizuki,,沙鐵皮ex,ex,A,17.00,Base:5.0|Meta:0.0|Exp:2.0|Func:4.0|Syn:0.0|Eff:0.0|Dmg:6.0|Mod:1.00,"使用限制, 招式鎖定, 搜索效果, 獎賞控制",無
古鼎鹿,基礎,10001,https://asia.pokemon-card.com/hk/card-img/hk00010001.png,寶可夢,140,Fighting,,,沙之到來,Fighting,,從自己的棄牌區選擇最多2張「基本【鬥】能量」卡，附於自己的1隻寶可夢身上。,傲慢衝擊,"Fighting,Fighting,Fighting",220,若這隻寶可夢身上放置有4個以上的傷害指示物，則這個招式失敗。,,Grass,,,4,43,normal,G,擴充包「古代咆哮」,SV4K,AKIRA EGAWA,古老儀式用的容器中注入的恐懼把土石裹在自己身上，<br/>變成了寶可夢。,古鼎鹿,,A,17.00,Base:5.0|Meta:0.0|Exp:2.0|Func:2.0|Syn:2.0|Eff:0.0|Dmg:6.0|Mod:1.00,"傷害指示物, 搜索效果, 條件失敗",無
古鼎鹿,基礎,11164,https://asia.pokemon-card.com/hk/card-img/hk00011164.png,寶可夢,140,Fighting,,,大地斷裂,Fighting,30,若場上有競技場卡，則對手的所有備戰寶可夢也各受到30點傷害，並將那張競技場卡丟棄。[在備戰區不計算弱點・抵抗力。],頭突,"Fighting,Fighting,Colorless",110,,,Grass,,,3,47,normal,H,強化擴充包「緋紅薄霧」,SV5a,Anesaki Dynamic,當牠緩緩揮下自己笨重的 頭部時，會造成地面出現<br/> 深度達５０公尺的巨大裂縫。,古鼎鹿,,A,17.00,Base:5.0|Meta:0.0|Exp:2.0|Func:3.0|Syn:4.0|Eff:0.0|Dmg:3.0|Mod:1.00,"條件傷害, 連鎖傷害","丟棄效果, 競技場效果"
叉字蝠,2階進化,10004,https://asia.pokemon-card.com/hk/card-img/hk00010004.png,寶可夢,130,Darkness,,,泥巴迴響,"Colorless,Colorless",50,自己選擇物品卡或者支援者卡任一方。在下個對手的回合，對手無法從手牌使出被選擇的訓練家卡。,利刃之風,"Darkness,Colorless,Colorless",130,,,Lightning,,Fighting,0,46,normal,G,擴充包「古代咆哮」,SV4K,Uta,能夠自在地控制４隻翅膀振翅飛翔。即使是在狹窄的<br/>洞窟裡也能毫不減速地飛舞。,超音蝠 → 大嘴蝠 → 叉字蝠,,B,13.00,Base:5.0|Meta:0.0|Exp:2.0|Func:2.0|Syn:0.0|Eff:0.0|Dmg:4.0|Mod:1.00,其他效果,無
叉字蝠,2階進化,11480,https://asia.pokemon-card.com/hk/card-img/hk00011480.png,寶可夢,130,Darkness,怨影使者,在這個回合，若從手牌使出了「‌阿杏的秘招」，則在自己的回合時可使用1次。從牌庫抽卡直到自己的手牌滿8張為止。,劇毒牙,"Darkness,Colorless",120,將對手的戰鬥寶可夢【中毒】。因這個【中毒】而放置的傷害指示物的數量改為2個。,,,,,,Lightning,,Fighting,0,29,normal,H,強化擴充包「黑夜漫遊者」,SV6a,Nisota Niso,雙腳變成了翅膀。<br/>能夠無聲無息地高速飛行，<br/>用獠牙咬住獵物的後頸。,超音蝠 → 大嘴蝠 → 叉字蝠,,A,17.00,Base:5.0|Meta:0.0|Exp:3.0|Func:5.0|Syn:0.0|Eff:0.0|Dmg:4.0|Mod:1.00,"傷害指示物, 抽卡效果, 狀態異常",無
莫魯貝可,基礎,10009,https://asia.pokemon-card.com/hk/card-img/hk00010009.png,寶可夢,70,Darkness,飢餓衝刺,若這隻寶可夢身上沒有附加能量卡，則這隻寶可夢【撤退】所需的能量全部消除。,能量車輪,"Darkness,Darkness",70,選擇2個這隻寶可夢身上附加的【惡】能量，改附於1隻備戰寶可夢身上。,,,,,,Grass,,,1,51,normal,G,擴充包「古代咆哮」,SV4K,Cona Nitanda,饑餓荷爾蒙改變了牠的性情。牠會做盡一切的壞事，<br/>直到把肚子填飽為止。,莫魯貝可,,B+,15.00,Base:5.0|Meta:0.0|Exp:2.0|Func:6.0|Syn:0.0|Eff:0.0|Dmg:2.0|Mod:1.00,"撤退干擾, 能量操作",撤退效果
莫魯貝可,基礎,11147,https://asia.pokemon-card.com/hk/card-img/hk00011147.png,寶可夢,70,Lightning,搜尋點心,在自己的回合時可使用1次。查看自己的牌庫上方1張卡，回復原樣。若希望，將那張卡丟棄。,撿拾附上,Lightning,,從自己的棄牌區選擇最多2張基本能量卡，以任意方式附於自己的寶可夢身上。,,,,,,Fighting,,,1,30,normal,H,強化擴充包「緋紅薄霧」,SV5a,kodama,胃很小，所以如果不一直 拿口袋裡的種子來吃的話，<br/> 馬上就會因空腹而感到餓。,莫魯貝可,,C+,10.00,Base:5.0|Meta:0.0|Exp:2.0|Func:3.0|Syn:0.0|Eff:0.0|Dmg:0.0|Mod:1.00,"情報收集, 搜索效果",無
猛惡菇,基礎,10011,https://asia.pokemon-card.com/hk/card-img/hk00010011.png,寶可夢,120,Darkness,劇毒粉塵,若這隻寶可夢身上附有「驅勁能量 古代」，則在自己的回合時可使用1次。將雙方的戰鬥寶可夢【中毒】。,暴亂之錘,"Darkness,Darkness,Colorless",120,在下個自己的回合，這隻寶可夢無法使用招式。,,,,,,Grass,,,3,53,normal,G,擴充包「古代咆哮」,SV4K,Anesaki Dynamic,某本書裡記載的一種叫做猛惡菇的生物，<br/><br/>有可能就是這隻寶可夢。,猛惡菇,,B,13.00,Base:5.0|Meta:0.0|Exp:2.0|Func:2.0|Syn:0.0|Eff:0.0|Dmg:4.0|Mod:1.00,"使用限制, 招式鎖定, 狀態異常",無
猛惡菇,基礎,11355,https://asia.pokemon-card.com/hk/card-img/hk00011355.png,寶可夢,120,Darkness,,,噴毒,Darkness,,將對手的戰鬥寶可夢【中毒】。,爆毆,"Darkness,Darkness,Darkness",50+,增加對手的戰鬥寶可夢身上放置的傷害指示物的數量×50點傷害。,,Grass,,,3,71,normal,H,擴充包「變幻假面」,SV6,danciao,某本書裡記載的一種<br/><br/>叫做猛惡菇的生物，<br/><br/>有可能就是這隻寶可夢。,猛惡菇,,B,13.00,Base:5.0|Meta:0.0|Exp:3.0|Func:2.0|Syn:0.0|Eff:0.0|Dmg:3.0|Mod:1.00,"備戰傷害加成, 傷害指示物, 狀態異常",無
咕妞妞,基礎,10013,https://asia.pokemon-card.com/hk/card-img/hk00010013.png,寶可夢,70,Colorless,,,推倒,Colorless,10,將對手的戰鬥寶可夢與備戰寶可夢互換。[由對手選擇放置於戰鬥場的寶可夢。],,,,,,Fighting,,,2,55,normal,G,擴充包「古代咆哮」,SV4K,sui,一旦叫了起來，就會被自己的聲音嚇到，然後用更大的聲音<br/>大吼大叫。叫到累了就會睡著。,咕妞妞 → 吼爆彈 → 爆音怪,,B,12.00,Base:5.0|Meta:0.0|Exp:2.0|Func:5.0|Syn:0.0|Eff:0.0|Dmg:0.0|Mod:1.00,切換效果,無
吼爆彈,1階進化,10014,https://asia.pokemon-card.com/hk/card-img/hk00010014.png,寶可夢,100,Colorless,,,泰山壓頂,Colorless,10,擲1次硬幣若為正面，則將對手的戰鬥寶可夢【麻痺】。,超級衝擊,"Colorless,Colorless",40,,,Fighting,,,2,56,normal,G,擴充包「古代咆哮」,SV4K,Yukiko Baba,巨大的叫聲不只會傷害聽覺，還會壓縮空氣造成衝擊波<br/>將對手震飛造成傷害。,咕妞妞 → 吼爆彈 → 爆音怪,,B,12.00,Base:5.0|Meta:0.0|Exp:2.0|Func:2.0|Syn:2.0|Eff:0.0|Dmg:1.0|Mod:1.00,"狀態異常, 硬幣判定",無
爆音怪,2階進化,10015,https://asia.pokemon-card.com/hk/card-img/hk00010015.png,寶可夢,160,Colorless,,,乍然嚎叫,Colorless,,將對手的戰鬥寶可夢與附加的卡全部丟棄。在這個回合，若這隻寶可夢沒有從「吼爆彈」進化而來，則這個招式失敗。,鐵頭碰,"Colorless,Colorless,Colorless",140,,,Fighting,,,3,57,normal,G,擴充包「古代咆哮」,SV4K,LINNE,不只會大吼，還會從身上的洞發出各種音色<br/>與夥伴們彼此溝通。,咕妞妞 → 吼爆彈 → 爆音怪,,A+,21.00,Base:5.0|Meta:0.0|Exp:2.0|Func:6.0|Syn:4.0|Eff:0.0|Dmg:4.0|Mod:1.00,"條件失敗, 進化支援",丟棄效果
晃晃斑,基礎,10016,https://asia.pokemon-card.com/hk/card-img/hk00010016.png,寶可夢,80,Colorless,蹣跚,若這隻寶可夢【混亂】，則這隻寶可夢受到招式的傷害時，自己擲1次硬幣。若為正面，則這隻寶可夢不會受到那個傷害。,搖晃舞步,"Colorless,Colorless,Colorless",100,將這隻寶可夢【混亂】。,,,,,,Fighting,,,1,58,normal,G,擴充包「古代咆哮」,SV4K,Masakazu Fukuda,每一隻身上的斑點都不一樣。會用搖搖晃晃的動作<br/>巧妙地避開對手的攻擊。,晃晃斑,,C+,10.00,Base:5.0|Meta:0.0|Exp:2.0|Func:0.0|Syn:0.0|Eff:0.0|Dmg:3.0|Mod:1.00,"傷害防禦, 效果免疫, 狀態異常, 硬幣判定",無
探險家的嚮導,,10864,https://asia.pokemon-card.com/hk/card-img/hk00010864.png,支援者卡,,,,,,,,查看自己的牌庫上方6張卡，從其中選擇2張卡加入手牌。將剩餘卡丟棄。,,,,,,,,,,67,normal,H,擴充包「狂野之力」,SV5K,Hideki Ishikawa,,,,B,12.00,Base:8.0|Meta:0.0|Exp:2.0|Func:2.0|Syn:0.0|Eff:0.0|Dmg:0.0|Mod:1.00,"抽卡效果, 搜索效果",無
驅勁能量 古代,,10019,https://asia.pokemon-card.com/hk/card-img/hk00010019.png,寶可夢道具,,,,,,,,附有這張卡的「古代」寶可夢的最大HP「+60」，那隻寶可夢不會陷入特殊狀態，並將受到的特殊狀態全部恢復。,,,,,,,,,,61,normal,G,擴充包「古代咆哮」,SV4K,5ban Graphics,,,,B,12.00,Base:6.0|Meta:0.0|Exp:2.0|Func:2.0|Syn:2.0|Eff:0.0|Dmg:0.0|Mod:1.00,"HP提升, 回復效果, 狀態恢復",狀態免疫
不服輸背心,,10020,https://asia.pokemon-card.com/hk/card-img/hk00010020.png,寶可夢道具,,,,,,,,若自己剩餘獎賞卡的張數，比對手剩餘獎賞卡的張數多，則附有這張卡的寶可夢，受到對手的寶可夢招式的傷害「-40」點。,,,,,,,,,,62,normal,G,擴充包「古代咆哮」,SV4K,Ayaka Yoshida,,,,B,12.00,Base:6.0|Meta:0.0|Exp:2.0|Func:2.0|Syn:2.0|Eff:0.0|Dmg:0.0|Mod:1.00,獎賞控制,無
招式學習器 衰退,,10021,https://asia.pokemon-card.com/hk/card-img/hk00010021.png,寶可夢道具,,,,,,,,附有這張卡的寶可夢，可使用這張卡上寫的招式。[需要有足夠使用招式的能量。]將附於寶可夢身上的這張卡，在自己的回合結束時丟棄。,衰退,Colorless,,從對手的所有進化的寶可夢身上，各移除1張「進化卡」使其退化。將移除的卡放回對手的手牌。,,,,,,63,normal,G,擴充包「古代咆哮」,SV4K,Studio Bora Inc.,,,,B+,15.00,Base:6.0|Meta:0.0|Exp:2.0|Func:7.0|Syn:0.0|Eff:0.0|Dmg:0.0|Mod:1.00,進化支援,無
招式學習器 衰退,,12052,https://asia.pokemon-card.com/hk/card-img/hk00012052.png,寶可夢道具,,,,,,,,附有這張卡的寶可夢，可使用這張卡上寫的招式。[需要有足夠使用招式的能量。]將寶可夢身上附加的這張卡，在自己的回合結束時丟棄。,衰退,Colorless,,從對手的所有進化的寶可夢身上，各移除1張「進化卡」使其退化。將移除的卡放回對手的手牌。,,,,,,26,normal,G,牌組構築BOX 樂園騰龍,SVK,Studio Bora Inc.,,,,B+,16.00,Base:6.0|Meta:0.0|Exp:2.0|Func:8.0|Syn:0.0|Eff:0.0|Dmg:0.0|Mod:1.00,"能量操作, 進化支援",無
推理組合,,12170,https://asia.pokemon-card.com/hk/card-img/hk00012170.png,物品卡,,,,,,,,查看自己的牌庫上方3張卡，以任意順序排列，放回牌庫上方。或者將那些卡全部翻回反面並重洗，放回牌庫下方。,,,,,,,,,,94,normal,H,擴充包「超電突圍」,SV8,AYUMI ODASHIMA,,,,B+,14.00,Base:7.0|Meta:0.0|Exp:3.0|Func:2.0|Syn:2.0|Eff:0.0|Dmg:0.0|Mod:1.00,情報收集,無
梅洛可,,10024,https://asia.pokemon-card.com/hk/card-img/hk00010024.png,支援者卡,,,,,,,,這張卡必須在上個對手的回合自己的寶可夢【昏厥】了才可使用。<br/>從自己的棄牌區選擇1張「基本【火】能量」卡，附於自己的寶可夢身上。然後，從牌庫抽卡直到自己的手牌滿6張為止。,,,,,,,,,,66,normal,G,擴充包「古代咆哮」,SV4K,kirisAki,,,,A,17.00,Base:8.0|Meta:0.0|Exp:2.0|Func:7.0|Syn:0.0|Eff:0.0|Dmg:0.0|Mod:1.00,"抽卡效果, 連續技",無
索偵蟲,基礎,10027,https://asia.pokemon-card.com/hk/card-img/hk00010027.png,寶可夢,50,Grass,,,偷襲,Grass,30,擲1次硬幣若為反面，則這個招式失敗。,,,,,,Fire,,,1,3,normal,G,擴充包「未來閃光」,SV4M,OKUBO,經常出現在田地裡的寶可夢。會透過長在身體上的毛來感應周圍發生的事。,索偵蟲 → 天罩蟲 → 以歐路普,,C+,10.00,Base:5.0|Meta:0.0|Exp:2.0|Func:0.0|Syn:2.0|Eff:0.0|Dmg:1.0|Mod:1.00,"條件失敗, 硬幣判定",無
天罩蟲,1階進化,10028,https://asia.pokemon-card.com/hk/card-img/hk00010028.png,寶可夢,80,Grass,,,守住,Grass,,擲1次硬幣若為正面，則在下個對手的回合，這隻寶可夢不會受到招式的傷害與效果的影響。,意念頭錘,"Colorless,Colorless",20,,,Fire,,,2,4,normal,G,擴充包「未來閃光」,SV4M,Haru Akasaka,正在殼裡成長著。用精神力量掌握外界的狀況，做好進化的準備。,索偵蟲 → 天罩蟲 → 以歐路普,,B,11.00,Base:5.0|Meta:0.0|Exp:2.0|Func:2.0|Syn:2.0|Eff:0.0|Dmg:0.0|Mod:1.00,"傷害防禦, 效果免疫, 硬幣判定",無
以歐路普,2階進化,10029,https://asia.pokemon-card.com/hk/card-img/hk00010029.png,寶可夢,130,Grass,,,衛星光束,Grass,30×,造成對手的棄牌區的能量卡的張數×30點傷害。,腦力震動,"Colorless,Colorless",100,將對手的戰鬥寶可夢【混亂】。,,Fire,,,1,5,normal,G,擴充包「未來閃光」,SV4M,Oku,釋放出精神力量來調查周圍的情況。牠的偵測範圍甚至可以達到方圓１０公里。,索偵蟲 → 天罩蟲 → 以歐路普,,A,19.00,Base:5.0|Meta:0.0|Exp:2.0|Func:4.0|Syn:0.0|Eff:0.0|Dmg:8.0|Mod:1.00,"傷害效果, 棄牌區傷害加成, 狀態異常",無
古簡蝸,基礎,10033,https://asia.pokemon-card.com/hk/card-img/hk00010033.png,寶可夢,130,Grass,,,綠葉到來,Grass,,從自己的棄牌區選擇最多2張「基本【草】能量」卡，附於自己的1隻寶可夢身上。,貪欲制約,"Grass,Grass,Grass,Colorless",140,在下個對手的回合，受到這個招式的寶可夢使用招式所需的能量增加2個【無】能量。,,Fire,,,3,9,normal,G,擴充包「未來閃光」,SV4M,Kouki Saitou,會吸取草木的能量，使周圍的森林霎時乾枯，田地的農作物歉收。,古簡蝸,,B+,15.00,Base:5.0|Meta:0.0|Exp:2.0|Func:4.0|Syn:0.0|Eff:0.0|Dmg:4.0|Mod:1.00,"搜索效果, 條件傷害, 能量需求增加",無
古簡蝸,基礎,12086,https://asia.pokemon-card.com/hk/card-img/hk00012086.png,寶可夢,130,Grass,,,貪婪危害,"Grass,Colorless",20,若自己的牌庫的剩餘張數為3張以下，則對手的2隻備戰寶可夢也各受到120點傷害。[在備戰區不計算弱點・抵抗力。],捲入鞭打,"Grass,Grass,Colorless",130,將自己的牌庫上方3張卡丟棄。,,Fire,,,3,10,normal,H,擴充包「超電突圍」,SV8,danciao,會吸取草木的能量，<br/>使周圍的森林霎時乾枯，<br/>田地的農作物歉收。,古簡蝸,,A,17.00,Base:5.0|Meta:0.0|Exp:3.0|Func:3.0|Syn:2.0|Eff:0.0|Dmg:4.0|Mod:1.00,"其他效果, 條件傷害, 連鎖傷害",無
鐵毒蛾,基礎,10036,https://asia.pokemon-card.com/hk/card-img/hk00010036.png,寶可夢,130,Fire,熱流反應者,在自己的回合，從備戰區將這隻寶可夢放置於戰鬥場時，可使用1次。選擇自己的場上寶可夢身上附加的任意數量的【火】能量卡，改附於這隻寶可夢身上。,高熱光線,"Fire,Fire,Colorless",120,在下個自己的回合，這隻寶可夢無法使用「高熱光線」。,,,,,,Water,,,2,12,normal,G,擴充包「未來閃光」,SV4M,Kouki Saitou,無捕獲記錄。資料不足。其特徵與老舊的書籍裡所記載的物體一致。,鐵毒蛾,,A,17.00,Base:5.0|Meta:0.0|Exp:2.0|Func:6.0|Syn:0.0|Eff:0.0|Dmg:4.0|Mod:1.00,"招式鎖定, 能量操作",放置效果
鐵毒蛾,基礎,11460,https://asia.pokemon-card.com/hk/card-img/hk00011460.png,寶可夢,120,Fire,,,吸納,"Colorless,Colorless",30,將這隻寶可夢恢復對對手的戰鬥寶可夢造成的傷害相同數值的HP。,瘋狂拒絕,"Fire,Fire,Colorless",120,在下個對手的回合，這隻寶可夢不會受到「古代」寶可夢招式的傷害。,,Water,,,2,9,normal,H,強化擴充包「黑夜漫遊者」,SV6a,Shinji Kanda,無捕獲紀錄。資料不足。<br/><br/>其特徵與古書裡<br/><br/>所記載的物體一致。,鐵毒蛾,,B+,16.00,Base:5.0|Meta:0.0|Exp:3.0|Func:4.0|Syn:0.0|Eff:0.0|Dmg:4.0|Mod:1.00,"傷害效果, 傷害防禦, 回復效果, 效果免疫",無
醜醜魚,基礎,10037,https://asia.pokemon-card.com/hk/card-img/hk00010037.png,寶可夢,30,Water,,,抽上,Water,,從自己的牌庫選擇1張能量卡，在給對手看過後加入手牌。並且重洗牌庫。,,,,,,Lightning,,,1,13,normal,G,擴充包「未來閃光」,SV4M,Tetsu Kayama,雖然看起來弱小又醜陋，但擁有頑強的生命力，只要少量的水就能存活。,醜醜魚 → 美納斯 → 美納斯ex,,B,13.00,Base:5.0|Meta:0.0|Exp:2.0|Func:6.0|Syn:0.0|Eff:0.0|Dmg:0.0|Mod:1.00,"抽卡效果, 搜索效果",無
醜醜魚,基礎,11313,https://asia.pokemon-card.com/hk/card-img/hk00011313.png,寶可夢,30,Water,,,抓狂,Water,10×,造成這隻寶可夢身上放置的傷害指示物的數量×10點傷害。,,,,,,Lightning,,,1,29,normal,H,擴充包「變幻假面」,SV6,Scav,最寒酸的寶可夢。<br/> 在有許多水草的河底<br/> 群聚而居。,醜醜魚 → 美納斯 → 美納斯ex,,C,8.00,Base:5.0|Meta:0.0|Exp:3.0|Func:0.0|Syn:0.0|Eff:0.0|Dmg:0.0|Mod:1.00,"備戰傷害加成, 傷害指示物, 傷害效果",無
醜醜魚,基礎,12101,https://asia.pokemon-card.com/hk/card-img/hk00012101.png,寶可夢,30,Water,,,躍起逃走,Colorless,,將這隻寶可夢與備戰寶可夢互換。,,,,,,Lightning,,,1,25,normal,H,擴充包「超電突圍」,SV8,Kedamahadaitai Yawarakai,最寒酸的寶可夢。<br/>在有許多水草的河底<br/>群聚而居。,醜醜魚 → 美納斯 → 美納斯ex,,B,11.00,Base:5.0|Meta:0.0|Exp:3.0|Func:3.0|Syn:0.0|Eff:0.0|Dmg:0.0|Mod:1.00,切換效果,無
美納斯,1階進化,10038,https://asia.pokemon-card.com/hk/card-img/hk00010038.png,寶可夢,120,Water,慷慨解囊,在自己的回合，從手牌使出這張卡並完成進化時，可使用1次。雙方玩家各從自己的棄牌區選擇1張【基礎】寶可夢卡，放置於自己的備戰區。（由對手先進行放置。）,昏睡飛濺,"Water,Colorless",60,將對手的戰鬥寶可夢【睡眠】。,,,,,,Lightning,,,2,14,normal,G,擴充包「未來閃光」,SV4M,Atsuya Uki,據說目睹了美納斯美麗身姿的人，心中一切的憤恨都能得到撫慰。,醜醜魚 → 美納斯 → 美納斯ex,,A,19.00,Base:5.0|Meta:0.0|Exp:2.0|Func:10.0|Syn:0.0|Eff:0.0|Dmg:2.0|Mod:1.00,"搜索效果, 狀態異常","放置效果, 進化效果"
美納斯,1階進化,11314,https://asia.pokemon-card.com/hk/card-img/hk00011314.png,寶可夢,120,Water,平穩境地,只要這隻寶可夢在場上，對手的場上寶可夢與那隻寶可夢身上附加的卡，全部無法放回手牌。,水炮濺射,"Water,Colorless,Colorless",100,,,,,,,Lightning,,,1,30,normal,H,擴充包「變幻假面」,SV6,Taira Akitsu,棲息在清澈的湖底。<br/> 在發生戰爭時出現，<br/> 治癒人們的心。,醜醜魚 → 美納斯 → 美納斯ex,,B+,14.00,Base:5.0|Meta:0.0|Exp:3.0|Func:3.0|Syn:0.0|Eff:0.0|Dmg:3.0|Mod:1.00,其他效果,無
電擊怪,基礎,10046,https://asia.pokemon-card.com/hk/card-img/hk00010046.png,寶可夢,30,Lightning,,,啪啪射擊,,,對手的1隻寶可夢受到30點傷害。[在備戰區不計算弱點・抵抗力。],,,,,,Fighting,,,0,22,normal,G,擴充包「未來閃光」,SV4M,aoki,還不擅長儲存電力。為了吸食電力，會偷偷潛入民宅尋找插座。,電擊怪,,C+,10.00,Base:5.0|Meta:0.0|Exp:2.0|Func:3.0|Syn:0.0|Eff:0.0|Dmg:0.0|Mod:1.00,連鎖傷害,無
鐵臂膀ex,基礎,10051,https://asia.pokemon-card.com/hk/card-img/hk00010051.png,寶可夢,230,Lightning,,,臂壓制,"Lightning,Lightning,Colorless",160,,感激放大,"Lightning,Colorless,Colorless,Colorless",120,若對手的寶可夢因這個招式的傷害而【昏厥】了，則多獲得1張獎賞卡。,,Fighting,,,4,27,normal,G,擴充包「未來閃光」,SV4M,PLANETA Mochizuki,,鐵臂膀ex,ex,B+,16.00,Base:5.0|Meta:0.0|Exp:2.0|Func:2.0|Syn:2.0|Eff:0.0|Dmg:5.0|Mod:1.00,"昏厥條件, 獎賞控制",無
風鈴鈴,基礎,10052,https://asia.pokemon-card.com/hk/card-img/hk00010052.png,寶可夢,70,Psychic,,,誘導睡眠,"Colorless,Colorless",,選擇1隻對手的備戰寶可夢，與戰鬥寶可夢互換。然後，將新上場的寶可夢【睡眠】。,精神射擊,"Psychic,Colorless,Colorless",70,,,Darkness,,Fighting,1,28,normal,G,擴充包「未來閃光」,SV4M,sui,擁有超音波的叫聲。輕飄飄地浮起來，乘著風旅行到遠方。,風鈴鈴,,B+,14.00,Base:5.0|Meta:0.0|Exp:2.0|Func:5.0|Syn:0.0|Eff:0.0|Dmg:2.0|Mod:1.00,"切換效果, 狀態異常",無
風鈴鈴,基礎,11334,https://asia.pokemon-card.com/hk/card-img/hk00011334.png,寶可夢,70,Psychic,,,巨聲,Psychic,20,,回家鐘聲,"Colorless,Colorless",,選擇1隻自己的備戰寶可夢，將那隻寶可夢與附加的卡全部放回牌庫並重洗。,,Darkness,,Fighting,1,50,normal,H,擴充包「變幻假面」,SV6,Mousho,叫聲會在身體的空洞裡<br/> 迴盪出美麗的音色，<br/> 趕走被嚇到的敵人。,風鈴鈴,,B,13.00,Base:5.0|Meta:0.0|Exp:3.0|Func:3.0|Syn:2.0|Eff:0.0|Dmg:0.0|Mod:1.00,"搜索效果, 牌庫重洗",無
南瓜精,基礎,10053,https://asia.pokemon-card.com/hk/card-img/hk00010053.png,寶可夢,60,Psychic,,,種子炸彈,Psychic,10,,突擊,"Colorless,Colorless",40,這隻寶可夢也受到20點傷害。,,Darkness,,Fighting,2,29,normal,G,擴充包「未來閃光」,SV4M,saino misaki,南瓜的洞裡發出的光會催眠並控制看到牠的人和寶可夢。,南瓜精 → 南瓜怪人,,C,8.00,Base:5.0|Meta:0.0|Exp:2.0|Func:0.0|Syn:0.0|Eff:0.0|Dmg:1.0|Mod:1.00,反噬傷害,無
南瓜怪人,1階進化,10054,https://asia.pokemon-card.com/hk/card-img/hk00010054.png,寶可夢,110,Psychic,整人南瓜,這隻寶可夢受到對手的寶可夢招式的傷害而【昏厥】時，在不看正面的情況下，從對手的手牌選擇2張，將其丟棄。,影子束縛,"Psychic,Colorless,Colorless",100,在下個對手的回合，受到這個招式的寶可夢無法撤退。,,,,,,Darkness,,Fighting,2,30,normal,G,擴充包「未來閃光」,SV4M,nisimono,南瓜怪人會在朔月的夜裡去別人家門口敲門。開了門的人會被牠帶往另一個世界。,南瓜精 → 南瓜怪人,,B,12.00,Base:5.0|Meta:0.0|Exp:2.0|Func:2.0|Syn:0.0|Eff:0.0|Dmg:3.0|Mod:1.00,"情報收集, 撤退封鎖","丟棄效果, 撤退效果"
堅盾劍怪ex,2階進化,10069,https://asia.pokemon-card.com/hk/card-img/hk00010069.png,寶可夢,330,Metal,,,絕世刀鋒,Metal,70×,造成自己已經獲得的獎賞卡的張數×70點傷害。,雙刃斬,"Metal,Metal",220,這隻寶可夢也受到30點傷害。,,Fire,,Grass,3,45,normal,G,擴充包「未來閃光」,SV4M,toriyufu,,獨劍鞘 → 雙劍鞘 → 堅盾劍怪 → 堅盾劍怪ex,ex,B,13.00,Base:5.0|Meta:0.0|Exp:2.0|Func:0.0|Syn:0.0|Eff:0.0|Dmg:6.0|Mod:1.00,"傷害效果, 反噬傷害, 棄牌區傷害加成, 獎賞控制",無
七夕青鳥ex,1階進化,10070,https://asia.pokemon-card.com/hk/card-img/hk00010070.png,寶可夢,260,Dragon,哼唱治癒,在自己的回合時可使用1次。將自己的所有寶可夢各恢復「20」HP。,光之波動,"Water,Metal",140,在下個對手的回合，這隻寶可夢不會受到對手的寶可夢使用招式的效果的影響。,,,,,,,,,1,46,normal,G,擴充包「未來閃光」,SV4M,Saki Hayashiro,,青綿鳥 → 七夕青鳥 → 七夕青鳥GX → 七夕青鳥ex,ex,B+,15.00,Base:5.0|Meta:0.0|Exp:2.0|Func:4.0|Syn:0.0|Eff:0.0|Dmg:4.0|Mod:1.00,"回復效果, 效果免疫",無
多邊獸Ｚ,2階進化,10074,https://asia.pokemon-card.com/hk/card-img/hk00010074.png,寶可夢,150,Colorless,漏洞渦輪,在自己的回合時可使用1次。擲1次硬幣若為正面，則從自己的棄牌區選擇最多4張基本能量卡，附於這隻寶可夢身上。若為反面，則選擇1個這隻寶可夢身上附加的能量，將其丟棄。,能量攻擊,Colorless,40×,造成這隻寶可夢身上附加的能量的數量×40點傷害。,,,,,,Fighting,,,2,50,normal,G,擴充包「未來閃光」,SV4M,hatachu,據說是在追加程式後進化了，但牠的改變是否真的是進化，在學術界也是意見分歧。,多邊獸 → 多邊獸Ⅱ → 多邊獸Ｚ → 多邊獸ＺGX,,A,18.00,Base:5.0|Meta:0.0|Exp:2.0|Func:3.0|Syn:0.0|Eff:0.0|Dmg:8.0|Mod:1.00,"備戰傷害加成, 傷害效果, 搜索效果, 硬幣判定, 能量操作, 道具移除",無
一家鼠ex,1階進化,10081,https://asia.pokemon-card.com/hk/card-img/hk00010081.png,寶可夢,230,Colorless,一致團結,這隻寶可夢在戰鬥場受到對手的寶可夢招式的傷害時，將與自己場上「一對鼠」與「一家鼠（包含『寶可夢【ex】』）」的數量×3個的相同數量的傷害指示物，放置於使用招式的寶可夢身上。,貪心門牙,"Colorless,Colorless",120,從自己的牌庫抽出2張卡。,,,,,,Fighting,,,0,57,normal,G,擴充包「未來閃光」,SV4M,5ban Graphics,,一對鼠 → 一家鼠 → 一家鼠ex,ex,B+,16.00,Base:5.0|Meta:0.0|Exp:2.0|Func:5.0|Syn:0.0|Eff:0.0|Dmg:4.0|Mod:1.00,"備戰傷害加成, 傷害指示物, 抽卡效果, 搜索效果",放置效果
鐵脖頸,基礎,10082,https://asia.pokemon-card.com/hk/card-img/hk00010082.png,寶可夢,130,Colorless,,,自動導向頭擊,"Colorless,Colorless,Colorless",,對手的身上放置有傷害指示物的3隻寶可夢各受到50點傷害。[在備戰區不計算弱點・抵抗力。],重子光束,"Colorless,Colorless,Colorless,Colorless,Colorless",150,若這隻寶可夢身上附有「驅勁能量 未來」，則這個招式只需要3個【無】能量即可使用。,,Lightning,,Fighting,2,58,normal,G,擴充包「未來閃光」,SV4M,Souichirou Gunjima,老舊書籍所記載的叫做鐵脖頸的物體，說不定就是這隻寶可夢。,鐵脖頸,,A,19.00,Base:5.0|Meta:0.0|Exp:2.0|Func:5.0|Syn:2.0|Eff:0.0|Dmg:5.0|Mod:1.00,"傷害指示物, 能量條件, 連鎖傷害",放置效果
鐵脖頸,基礎,10997,https://asia.pokemon-card.com/hk/card-img/hk00010997.png,寶可夢,130,Colorless,自動用武,這隻寶可夢在戰鬥場受到對手的寶可夢招式的傷害時，在使用招式的寶可夢身上放置3個傷害指示物。,爆破之風,"Colorless,Colorless,Colorless",110,,,,,,,Lightning,,Fighting,2,10,normal,H,起始組合「未來密勒頓ex」,SVHM,KEIICHIRO ITO,古書裡所記載的叫做鐵脖頸的物體，<br/><br/>說不定就是這隻寶可夢。,鐵脖頸,,B,12.00,Base:5.0|Meta:0.0|Exp:2.0|Func:2.0|Syn:0.0|Eff:0.0|Dmg:3.0|Mod:1.00,傷害指示物,無
詛咒撢子,,10085,https://asia.pokemon-card.com/hk/card-img/hk00010085.png,寶可夢道具,,,,,,,,附有這張卡的寶可夢受到對手的寶可夢招式的傷害而【昏厥】時，在不看正面的情況下，從對手的手牌選擇1張，將其丟棄。,,,,,,,,,,61,normal,G,擴充包「未來閃光」,SV4M,AYUMI ODASHIMA,,,,C+,10.00,Base:6.0|Meta:0.0|Exp:2.0|Func:2.0|Syn:0.0|Eff:0.0|Dmg:0.0|Mod:1.00,情報收集,丟棄效果
驅勁能量 未來,,10086,https://asia.pokemon-card.com/hk/card-img/hk00010086.png,寶可夢道具,,,,,,,,附有這張卡的「未來」寶可夢【撤退】所需的能量全部消除，那隻寶可夢使用的招式，對對手的戰鬥寶可夢造成的傷害「+20」點。,,,,,,,,,,62,normal,G,擴充包「未來閃光」,SV4M,5ban Graphics,,,,B+,14.00,Base:6.0|Meta:0.0|Exp:2.0|Func:4.0|Syn:2.0|Eff:0.0|Dmg:0.0|Mod:1.00,"傷害效果, 撤退干擾",撤退效果
招式學習器 演進,,10087,https://asia.pokemon-card.com/hk/card-img/hk00010087.png,寶可夢道具,,,,,,,,附有這張卡的寶可夢，可使用這張卡上寫的招式。[需要有足夠使用招式的能量。]將附於寶可夢身上的這張卡，在自己的回合結束時丟棄。,演進,Colorless,,選擇最多2隻自己的備戰寶可夢，從自己的牌庫選擇從那些寶可夢進化而來的卡各1張，放置於各自身上完成進化。並且重洗牌庫。,,,,,,63,normal,G,擴充包「未來閃光」,SV4M,Studio Bora Inc.,,,,A,18.00,Base:6.0|Meta:0.0|Exp:2.0|Func:10.0|Syn:0.0|Eff:0.0|Dmg:0.0|Mod:1.00,"搜索效果, 進化支援",無
招式學習器 演進,,12051,https://asia.pokemon-card.com/hk/card-img/hk00012051.png,寶可夢道具,,,,,,,,附有這張卡的寶可夢，可使用這張卡上寫的招式。[需要有足夠使用招式的能量。]將寶可夢身上附加的這張卡，在自己的回合結束時丟棄。,演進,Colorless,,選擇最多2隻自己的備戰寶可夢，從自己的牌庫選擇從那些寶可夢進化而來的卡各1張，放置於各自身上完成進化。並且重洗牌庫。,,,,,,25,normal,G,牌組構築BOX 樂園騰龍,SVK,Studio Bora Inc.,,,,A,18.00,Base:6.0|Meta:0.0|Exp:2.0|Func:10.0|Syn:0.0|Eff:0.0|Dmg:0.0|Mod:1.00,"搜索效果, 能量操作, 進化支援",無
深缽鎮,,8659,https://asia.pokemon-card.com/hk/card-img/hk00008659.png,競技場卡,,,,,,,,雙方玩家在每個自己的回合時，可使用1次，可從自己的牌庫選擇1張【基礎】寶可夢卡（「擁有規則的寶可夢」除外），放置於備戰區。並且重洗牌庫。,,,,在自己的回合時，可將1張競技場卡放置於戰鬥場旁邊。若其他競技場卡被放置，則將這張卡丟棄。名稱相同的競技場卡無法放置於場上。,,,,,,70,normal,G,強化擴充包「三連音爆」,SV1a,Oswaldo KATO,,,,B+,14.00,Base:6.0|Meta:0.0|Exp:2.0|Func:2.0|Syn:4.0|Eff:0.0|Dmg:0.0|Mod:1.00,搜索效果,"放置效果, 競技場效果"
甜蜜球,,11175,https://asia.pokemon-card.com/hk/card-img/hk00011175.png,物品卡,,,,,,,,從自己的牌庫選擇1張與對手的場上寶可夢名稱相同的寶可夢卡，在給對手看過後加入手牌。並且重洗牌庫。,,,,,,,,,,58,normal,H,強化擴充包「緋紅薄霧」,SV5a,Studio Bora Inc.,,,,A,18.00,Base:7.0|Meta:0.0|Exp:2.0|Func:4.0|Syn:5.0|Eff:0.0|Dmg:0.0|Mod:1.00,"抽卡效果, 搜索效果",無
祭典會場,,11383,https://asia.pokemon-card.com/hk/card-img/hk00011383.png,競技場卡,,,,,,,,雙方的所有身上附有能量卡的寶可夢不會陷入特殊狀態，並將受到的特殊狀態全部恢復。,,,,,,,,,,99,normal,H,擴充包「變幻假面」,SV6,MARINA Chikazawa,,,,B+,14.00,Base:6.0|Meta:0.0|Exp:3.0|Func:3.0|Syn:2.0|Eff:0.0|Dmg:0.0|Mod:1.00,狀態恢復,狀態免疫
多邊獸Z,2階進化,11580,https://asia.pokemon-card.com/hk/card-img/hk00011580.png,寶可夢,150,Colorless,漏洞渦輪,在自己的回合時可使用1次。擲1次硬幣若為正面，則從自己的棄牌區選擇最多4張基本能量卡，附於這隻寶可夢身上。若為反面，則選擇1個這隻寶可夢身上附加的能量，將其丟棄。,能量攻擊,Colorless,40×,造成這隻寶可夢身上附加的能量的數量×40點傷害。,,,,,,Fighting,,,2,77,high,G,擴充包「未來閃光」,SV4M,GOSSAN,據說是在追加程式後進化了，<br/>但牠的改變是否真的是進化，<br/>在學術界也是意見分歧。,多邊獸 → 多邊獸Ⅱ → 多邊獸Ｚ → 多邊獸ＺGX,,A,18.00,Base:5.0|Meta:0.0|Exp:2.0|Func:3.0|Syn:0.0|Eff:0.0|Dmg:8.0|Mod:1.00,"備戰傷害加成, 傷害效果, 搜索效果, 硬幣判定, 能量操作, 道具移除",無
圓絲蛛,基礎,11121,https://asia.pokemon-card.com/hk/card-img/hk00011121.png,寶可夢,60,Grass,,,蟲咬,Grass,20,,,,,,,Fire,,,1,4,normal,H,強化擴充包「緋紅薄霧」,SV5a,Saya Tsuruta,也有漁夫會將堅韌的絲編織起來，製作成可以<br/>捕捉魚寶可夢的網。,圓絲蛛 → 阿利多斯,,C,7.00,Base:5.0|Meta:0.0|Exp:2.0|Func:0.0|Syn:0.0|Eff:0.0|Dmg:0.0|Mod:1.00,無,無
阿利多斯,1階進化,11122,https://asia.pokemon-card.com/hk/card-img/hk00011122.png,寶可夢,90,Grass,大網,只要這隻寶可夢在場上，對手的戰鬥場的進化寶可夢【撤退】所需的能量增加1個。,線帶纏繞,Grass,10+,增加對手的戰鬥寶可夢【撤退】所需的能量的數量×30點傷害。,,,,,,Fire,,,1,5,normal,H,強化擴充包「緋紅薄霧」,SV5a,Anesaki Dynamic,不會在固定的地方築巢，會在周圍都暗下來之後，<br/>才開始四處尋找食物。,圓絲蛛 → 阿利多斯,,B+,16.00,Base:5.0|Meta:0.0|Exp:2.0|Func:7.0|Syn:0.0|Eff:0.0|Dmg:2.0|Mod:1.00,"備戰傷害加成, 撤退干擾, 進化支援",撤退效果
葉伊布,1階進化,11123,https://asia.pokemon-card.com/hk/card-img/hk00011123.png,寶可夢,120,Grass,,,嫩葉之恩,Colorless,,從自己的手牌選擇1張「基本【草】能量」卡，附於備戰寶可夢身上。然後，將附上那張卡的寶可夢的HP全部恢復。,日光束,"Grass,Colorless",70,,,Fire,,,1,6,normal,H,強化擴充包「緋紅薄霧」,SV5a,Kuroimori,越是年幼的葉伊布， 越是有刺鼻的青草味。<br/> 年老後就會變成好像落葉的味道。,伊布 → 仙子伊布 → 冰伊布 → 葉伊布 → 太陽伊布 → 月亮伊布 → 雷伊布 → 水伊布 → 火伊布 → 冰伊布GX → 葉伊布GX → 仙子伊布GX → 月亮伊布GX → 太陽伊布GX → 雷伊布GX → 水伊布GX → 火伊布GX → 月亮伊布ex → 仙子伊布ex → 太陽伊布ex → 雷伊布ex → 冰伊布ex → 水伊布ex → 火伊布ex → 葉伊布ex,,B+,16.00,Base:5.0|Meta:0.0|Exp:2.0|Func:5.0|Syn:2.0|Eff:0.0|Dmg:2.0|Mod:1.00,"回復效果, 能量操作, 能量附著",無
葉伊布,1階進化,12423,https://asia.pokemon-card.com/hk/card-img/hk00012423.png,寶可夢,120,Grass,,,嫩葉之恩,Colorless,,從自己的手牌選擇1張「基本【草】能量」卡，附於備戰寶可夢身上。然後，將附上這些卡的寶可夢的HP全部恢復。,日光束,"Grass,Colorless",70,,,Fire,,,1,2,normal,H,高級擴充包「太晶慶典ex」,SV8a,Iori Suzuki,越是年幼的葉伊布，<br/>越是有刺鼻的青草味。<br/>年老後就會變成好像落葉的味道。,伊布 → 仙子伊布 → 冰伊布 → 葉伊布 → 太陽伊布 → 月亮伊布 → 雷伊布 → 水伊布 → 火伊布 → 冰伊布GX → 葉伊布GX → 仙子伊布GX → 月亮伊布GX → 太陽伊布GX → 雷伊布GX → 水伊布GX → 火伊布GX → 月亮伊布ex → 仙子伊布ex → 太陽伊布ex → 雷伊布ex → 冰伊布ex → 水伊布ex → 火伊布ex → 葉伊布ex,,A,17.00,Base:5.0|Meta:0.0|Exp:3.0|Func:5.0|Syn:2.0|Eff:0.0|Dmg:2.0|Mod:1.00,"回復效果, 能量操作, 能量附著",無
鐵斑葉,基礎,11124,https://asia.pokemon-card.com/hk/card-img/hk00011124.png,寶可夢,120,Grass,,,補全之網,Grass,,從自己的棄牌區選擇最多2張寶可夢卡，在給對手看過後加入手牌。,復仇刀鋒,"Grass,Colorless,Colorless",100+,在上個對手的回合，若自己的寶可夢因招式的傷害而【昏厥】了，則增加60點傷害。,,Fire,,,1,7,normal,H,強化擴充包「緋紅薄霧」,SV5a,Mitsuhiro Arita,根據極少數的目擊紀錄， 牠似乎用光輝燦爛的劍<br/><br/> 將大樹與巨岩切成了絲。,鐵斑葉,,A,17.00,Base:5.0|Meta:0.0|Exp:2.0|Func:3.0|Syn:2.0|Eff:0.0|Dmg:5.0|Mod:1.00,"搜索效果, 昏厥條件, 條件傷害",無
斯魔茶,基礎,11125,https://asia.pokemon-card.com/hk/card-img/hk00011125.png,寶可夢,30,Grass,藏隱,只要這隻寶可夢在備戰區，不會受到對手的寶可夢招式的傷害與效果的影響。,鉤住,Grass,10,,,,,,,Fire,,,1,8,normal,H,強化擴充包「緋紅薄霧」,SV5a,MINAMINAMI Take,雖然這種寶可夢看起來像是 來悲茶的地區型態，但最近<br/> 被發現其實兩者毫無關係。,斯魔茶 → 來悲粗茶 → 來悲粗茶ex,,C+,10.00,Base:5.0|Meta:0.0|Exp:2.0|Func:3.0|Syn:0.0|Eff:0.0|Dmg:0.0|Mod:1.00,"傷害防禦, 效果免疫",無
斯魔茶,基礎,11297,https://asia.pokemon-card.com/hk/card-img/hk00011297.png,寶可夢,40,Grass,,,上茶,Grass,,從自己的棄牌區選擇1張「基本【草】能量」卡，在給對手看過後加入手牌。,偷襲,Grass,30,擲1次硬幣若為反面，則這個招式失敗。,,Fire,,,1,13,normal,H,擴充包「變幻假面」,SV6,Souichirou Gunjima,雖然這種寶可夢看起來像是<br/> 來悲茶的地區型態，但最近<br/> 被發現其實兩者毫無關係。,斯魔茶 → 來悲粗茶 → 來悲粗茶ex,,B+,16.00,Base:5.0|Meta:0.0|Exp:3.0|Func:5.0|Syn:2.0|Eff:0.0|Dmg:1.0|Mod:1.00,"搜索效果, 條件失敗, 硬幣判定",無
來悲粗茶ex,1階進化,11126,https://asia.pokemon-card.com/hk/card-img/hk00011126.png,寶可夢,240,Grass,,,熬返,Colorless,,在給對手看過自己的棄牌區的所有「基本【草】能量」卡後，將與其張數×2個的相同數量的傷害指示物，放置於對手的1隻寶可夢身上。然後，將給對手看過的能量卡放回牌庫並重洗。,抹茶飛濺,"Grass,Colorless",120,將自己的所有寶可夢各恢復「30」HP。,,Fire,,,1,9,normal,H,強化擴充包「緋紅薄霧」,SV5a,aky CG Works,,斯魔茶 → 來悲粗茶 → 來悲粗茶ex,ex,A,18.00,Base:5.0|Meta:0.0|Exp:2.0|Func:7.0|Syn:0.0|Eff:0.0|Dmg:4.0|Mod:1.00,"傷害指示物, 回復效果, 情報收集, 棄牌區傷害加成, 能量回收",無
熔岩蟲,基礎,11129,https://asia.pokemon-card.com/hk/card-img/hk00011129.png,寶可夢,80,Fire,,,熾熱熔岩,"Fire,Colorless",20,將對手的戰鬥寶可夢【灼傷】。,,,,,,Water,,,3,12,normal,H,強化擴充包「緋紅薄霧」,SV5a,Gapao,聽說在火山活動頻繁的 太古時代，世界上生活著<br/> 比現在更多的熔岩蟲。,熔岩蟲 → 熔岩蝸牛 → 熔岩蝸牛GX → 熔岩蝸牛ex,,C+,9.00,Base:5.0|Meta:0.0|Exp:2.0|Func:2.0|Syn:0.0|Eff:0.0|Dmg:0.0|Mod:1.00,簡單灼傷,無
熔岩蟲,基礎,10885,https://asia.pokemon-card.com/hk/card-img/hk00010885.png,寶可夢,80,Fire,,,炙燒,Fire,10+,若對手的戰鬥寶可夢【灼傷】，則增加40點傷害。,,,,,,Water,,,2,17,normal,H,擴充包「異度審判」,SV5M,Haru Akasaka,大量出現在火山地帶。為了尋找溫暖的地方，<br/>會慢吞吞地爬來爬去。,熔岩蟲 → 熔岩蝸牛 → 熔岩蝸牛GX → 熔岩蝸牛ex,,B,13.00,Base:5.0|Meta:0.0|Exp:2.0|Func:2.0|Syn:2.0|Eff:0.0|Dmg:2.0|Mod:1.00,"條件傷害, 狀態施加",無
熔岩蝸牛ex,1階進化,11130,https://asia.pokemon-card.com/hk/card-img/hk00011130.png,寶可夢,270,Fire,,,熾熱熔岩,"Fire,Colorless",70,將對手的戰鬥寶可夢【灼傷】。,大地灼燒,"Fire,Fire,Colorless",140+,將雙方的牌庫上方各1張卡丟棄，增加其中能量卡的張數×140點傷害。,,Water,,,3,13,normal,H,強化擴充包「緋紅薄霧」,SV5a,PLANETA Mochizuki,,熔岩蟲 → 熔岩蝸牛 → 熔岩蝸牛GX → 熔岩蝸牛ex,"太晶,ex",B+,16.00,Base:5.0|Meta:0.0|Exp:2.0|Func:4.0|Syn:0.0|Eff:0.0|Dmg:5.0|Mod:1.00,"棄牌區傷害加成, 簡單灼傷",無
小火焰猴,基礎,11132,https://asia.pokemon-card.com/hk/card-img/hk00011132.png,寶可夢,60,Fire,,,吹火,"Fire,Colorless",20+,擲1次硬幣若為正面，則增加20點傷害。,,,,,,Water,,,1,15,normal,H,強化擴充包「緋紅薄霧」,SV5a,Jerky,屁股上的火焰是以 肚子裡產生的瓦斯為燃料。<br/> 即使被雨淋到也不會熄滅。,小火焰猴 → 猛火猴 → 烈焰猴,,B,11.00,Base:5.0|Meta:0.0|Exp:2.0|Func:0.0|Syn:2.0|Eff:0.0|Dmg:2.0|Mod:1.00,"條件傷害, 硬幣判定",無
猛火猴,1階進化,11133,https://asia.pokemon-card.com/hk/card-img/hk00011133.png,寶可夢,90,Fire,,,劈打,"Fire,Colorless",40,,高溫打擊,"Fire,Fire,Colorless",80,選擇1個這隻寶可夢身上附加的能量，將其丟棄。,,Water,,,1,16,normal,H,強化擴充包「緋紅薄霧」,SV5a,Scav,能熟練地控制尾部火焰的火勢， 以自己擅長的距離進行戰鬥。,小火焰猴 → 猛火猴 → 烈焰猴,,B,12.00,Base:5.0|Meta:0.0|Exp:2.0|Func:3.0|Syn:0.0|Eff:0.0|Dmg:2.0|Mod:1.00,能量操作,無
烈焰猴,2階進化,11134,https://asia.pokemon-card.com/hk/card-img/hk00011134.png,寶可夢,140,Fire,火焰蹈舞,在自己的回合時可使用1次。從自己的手牌選擇「基本【火】能量」卡與「基本【鬥】能量」卡最多各1張，以任意方式附於自己的寶可夢身上。,燃燒殆盡,"Fire,Fire,Colorless",200,選擇1個這隻寶可夢身上附加的能量，將其丟棄。,,,,,,Water,,,1,17,normal,H,強化擴充包「緋紅薄霧」,SV5a,Takumi Wada,性格像頭上燃燒的火焰般激烈。 在速度方面沒有任何<br/> 寶可夢可以匹敵。,小火焰猴 → 猛火猴 → 烈焰猴,,B+,16.00,Base:5.0|Meta:0.0|Exp:2.0|Func:3.0|Syn:0.0|Eff:0.0|Dmg:6.0|Mod:1.00,"能量操作, 能量附著",無
冰伊布,1階進化,11138,https://asia.pokemon-card.com/hk/card-img/hk00011138.png,寶可夢,120,Water,,,滲透寒氣,Water,30,在下個對手的回合結束時，在受到這個招式的寶可夢身上放置9個傷害指示物。,冰柱飛彈,"Water,Colorless",70,,,Metal,,,1,21,normal,H,強化擴充包「緋紅薄霧」,SV5a,rika,透過使體溫下降， 讓全身的體毛結凍，<br/> 並像尖銳的針一般發射。,伊布 → 仙子伊布 → 冰伊布 → 葉伊布 → 太陽伊布 → 月亮伊布 → 雷伊布 → 水伊布 → 火伊布 → 冰伊布GX → 葉伊布GX → 仙子伊布GX → 月亮伊布GX → 太陽伊布GX → 雷伊布GX → 水伊布GX → 火伊布GX → 月亮伊布ex → 仙子伊布ex → 太陽伊布ex → 雷伊布ex → 冰伊布ex → 水伊布ex → 火伊布ex → 葉伊布ex,,B,11.00,Base:5.0|Meta:0.0|Exp:2.0|Func:2.0|Syn:0.0|Eff:0.0|Dmg:2.0|Mod:1.00,傷害指示物,無
霏歐納,基礎,11139,https://asia.pokemon-card.com/hk/card-img/hk00011139.png,寶可夢,70,Water,,,招喚,Colorless,,從自己的棄牌區選擇1張支援者卡，在給對手看過後加入手牌。,能量壓制,Water,20×,造成對手的戰鬥寶可夢身上附加的能量的數量×20點傷害。,,Lightning,,,1,22,normal,H,強化擴充包「緋紅薄霧」,SV5a,aspara,當海水溫度上升時， 會讓頭部的浮囊膨脹，<br/> 集體在海面上漂流。,霏歐納,,A+,21.00,Base:5.0|Meta:0.0|Exp:2.0|Func:6.0|Syn:0.0|Eff:0.0|Dmg:8.0|Mod:1.00,"備戰傷害加成, 傷害效果, 搜索效果, 能量操作",無
呱呱泡蛙,基礎,11140,https://asia.pokemon-card.com/hk/card-img/hk00011140.png,寶可夢,60,Water,,,群聚,Water,,從自己的牌庫選擇最多2張「呱呱泡蛙」，放置於備戰區。並且重洗牌庫。,活蹦亂跳,Water,10,,,Lightning,,,1,23,normal,H,強化擴充包「緋紅薄霧」,SV5a,Yuka Morii,從胸口和背上做出泡泡。 以富有彈力的泡泡抵擋攻擊，<br/> 減少所受的傷害。,呱呱泡蛙 → 呱頭蛙 → 甲賀忍蛙GX → 甲賀忍蛙 → 甲賀忍蛙ex,,C+,9.00,Base:5.0|Meta:0.0|Exp:2.0|Func:2.0|Syn:0.0|Eff:0.0|Dmg:0.0|Mod:1.00,搜索效果,放置效果
呱呱泡蛙,基礎,9249,https://asia.pokemon-card.com/hk/card-img/hk00009249.png,寶可夢,70,Water,,,躍起探看,Water,30,擲1次硬幣若為反面，則這個招式失敗。,,,,,,Lightning,,,1,27,normal,G,ex初階牌組,SVD,Atsuya Uki,以細膩的泡泡包住身體，保護皮膚。裝出一副悠閒的樣子，<br/>但其實精明地打量著四周。,呱呱泡蛙 → 呱頭蛙 → 甲賀忍蛙GX → 甲賀忍蛙 → 甲賀忍蛙ex,,C+,10.00,Base:5.0|Meta:0.0|Exp:2.0|Func:0.0|Syn:2.0|Eff:0.0|Dmg:1.0|Mod:1.00,"條件失敗, 硬幣判定",無
呱呱泡蛙,基礎,12200,https://asia.pokemon-card.com/hk/card-img/hk00012200.png,寶可夢,60,Water,,,潑水,"Water,Colorless",20,,,,,,,Lightning,,,1,15,normal,H,Trianers Camp,SVI,MINAMINAMI Take,從胸口和背上做出泡泡。<br/>以富有彈力的泡泡抵擋攻擊，<br/>減少所受的傷害。,呱呱泡蛙 → 呱頭蛙 → 甲賀忍蛙GX → 甲賀忍蛙 → 甲賀忍蛙ex,,C,7.00,Base:5.0|Meta:0.0|Exp:2.0|Func:0.0|Syn:0.0|Eff:0.0|Dmg:0.0|Mod:1.00,無,無
呱頭蛙,1階進化,11141,https://asia.pokemon-card.com/hk/card-img/hk00011141.png,寶可夢,90,Water,,,麻麻水,Water,20,擲1次硬幣若為正面，則將對手的戰鬥寶可夢【麻痺】。,,,,,,Lightning,,,1,24,normal,H,強化擴充包「緋紅薄霧」,SV5a,Hitoshi Ariga,會使出用泡泡包著小石頭 擲出的招式。有著能擊中<br/> ３０公尺外空罐子的精準度。,呱呱泡蛙 → 呱頭蛙 → 甲賀忍蛙GX → 甲賀忍蛙 → 甲賀忍蛙ex,,B,11.00,Base:5.0|Meta:0.0|Exp:2.0|Func:2.0|Syn:2.0|Eff:0.0|Dmg:0.0|Mod:1.00,"狀態異常, 硬幣判定",無
呱頭蛙,1階進化,9250,https://asia.pokemon-card.com/hk/card-img/hk00009250.png,寶可夢,90,Water,,,狡兔三窟,"Water,Water",40,若希望，將這隻寶可夢與備戰寶可夢互換。,,,,,,Lightning,,,1,28,normal,G,ex初階牌組,SVD,Tonji Matsuno,靈巧的動作不會輸給任何人。只需１分鐘就能登上<br/>超過６００公尺高的塔頂。,呱呱泡蛙 → 呱頭蛙 → 甲賀忍蛙GX → 甲賀忍蛙 → 甲賀忍蛙ex,,B,13.00,Base:5.0|Meta:0.0|Exp:2.0|Func:3.0|Syn:2.0|Eff:0.0|Dmg:1.0|Mod:1.00,切換效果,無
呱頭蛙,1階進化,12201,https://asia.pokemon-card.com/hk/card-img/hk00012201.png,寶可夢,90,Water,,,飛濺,"Water,Colorless",40,,,,,,,Lightning,,,1,16,normal,H,Trianers Camp,SVI,Ryuta Fuse,會使出用泡泡包著小石頭<br/>擲出的招式。有著能擊中<br/>３０公尺外空罐子的精準度。,呱呱泡蛙 → 呱頭蛙 → 甲賀忍蛙GX → 甲賀忍蛙 → 甲賀忍蛙ex,,C,8.00,Base:5.0|Meta:0.0|Exp:2.0|Func:0.0|Syn:0.0|Eff:0.0|Dmg:1.0|Mod:1.00,無,無
古月鳥,基礎,11142,https://asia.pokemon-card.com/hk/card-img/hk00011142.png,寶可夢,110,Water,,,水槍,Water,20,,噴吐射擊,"Colorless,Colorless,Colorless",,將這隻寶可夢身上附加的能量卡全部丟棄，對手的1隻寶可夢受到120點傷害。[在備戰區不計算弱點・抵抗力。],,Lightning,,,1,25,normal,H,強化擴充包「緋紅薄霧」,SV5a,OKACHEKE,記性差到不行，但其實是只 留了最低限度的能量給大腦，<br/> 把大部分能量都用在戰鬥上。,古月鳥,,B+,15.00,Base:5.0|Meta:0.0|Exp:2.0|Func:6.0|Syn:2.0|Eff:0.0|Dmg:0.0|Mod:1.00,"能量操作, 連鎖傷害",丟棄效果
古月鳥,基礎,12727,https://asia.pokemon-card.com/hk/card-img/hk00012727.png,寶可夢,110,Colorless,,,連續噴吐,"Colorless,Colorless",50×,擲硬幣直到出現反面，造成正面出現的次數×50點傷害。,,,,,,Lightning,,Fighting,1,119,normal,H,雙ex初階牌組 Generations,SVM,Tomomi Ozaki,記性差到不行，但其實是只<br/>留了最低限度的能量給大腦，<br/>把大部分能量都用在戰鬥上。,古月鳥,,B,12.00,Base:5.0|Meta:0.0|Exp:2.0|Func:0.0|Syn:0.0|Eff:0.0|Dmg:5.0|Mod:1.00,"傷害效果, 硬幣判定",無
波盪水,基礎,11143,https://asia.pokemon-card.com/hk/card-img/hk00011143.png,寶可夢,130,Water,,,極光增輝,Water,20,將這隻寶可夢恢復「20」HP。,蜿蜒割裂,"Water,Water,Colorless",20×,在這隻寶可夢身上放置最多9個傷害指示物，造成放置的數量×20點傷害。,,Lightning,,,1,26,normal,H,強化擴充包「緋紅薄霧」,SV5a,kawayoo,充滿謎團的凶暴生物。名字來自古老的探險記裡<br/><br/>記載的水之怪物。,波盪水,,C+,10.00,Base:5.0|Meta:0.0|Exp:2.0|Func:2.0|Syn:0.0|Eff:0.0|Dmg:1.0|Mod:1.00,"備戰傷害加成, 傷害指示物, 傷害效果, 回復效果",無
閃電鳥,基礎,11144,https://asia.pokemon-card.com/hk/card-img/hk00011144.png,寶可夢,120,Lightning,,,電磁波,Lightning,,擲1次硬幣若為正面，則將對手的戰鬥寶可夢【麻痺】。,十萬伏特,"Lightning,Lightning,Colorless",190,將這隻寶可夢身上附加的能量卡全部丟棄。,,Lightning,,Fighting,2,27,normal,H,強化擴充包「緋紅薄霧」,SV5a,GOSSAN,能夠自在地操縱雷電。相傳牠的巢穴就在<br/>烏黑的雷雲之中。,閃電鳥,,A+,21.00,Base:5.0|Meta:0.0|Exp:2.0|Func:5.0|Syn:4.0|Eff:0.0|Dmg:5.0|Mod:1.00,"狀態異常, 硬幣判定, 能量操作",無
閃電鳥,基礎,12000,https://asia.pokemon-card.com/hk/card-img/hk00012000.png,寶可夢,110,Lightning,,,追擊伏特,"Lightning,Colorless",20+,增加對手的戰鬥寶可夢身上放置的傷害指示物的數量×10點傷害。,啄鑽,"Lightning,Colorless,Colorless",80,,,Lightning,,Fighting,1,2,normal,H,ex特別組合 太晶屬性：星晶 仙子伊布ex,SVPN,Nisota Niso,能夠自在地操縱雷電。<br/>相傳牠的巢穴就在<br/>烏黑的雷雲之中。,閃電鳥,,B,11.00,Base:5.0|Meta:0.0|Exp:2.0|Func:2.0|Syn:0.0|Eff:0.0|Dmg:2.0|Mod:1.00,"備戰傷害加成, 傷害指示物",無
鐵荊棘ex,基礎,11150,https://asia.pokemon-card.com/hk/card-img/hk00011150.png,寶可夢,230,Lightning,初始化,只要這隻寶可夢在戰鬥場上，雙方場上「擁有規則的寶可夢」（「未來」寶可夢除外）的特性全部消除。,伏特旋風,"Lightning,Colorless,Colorless",140,選擇1個這隻寶可夢身上附加的能量，改附於備戰寶可夢身上。,,,,,,Fighting,,,4,33,normal,H,強化擴充包「緋紅薄霧」,SV5a,PLANETA Mochizuki,,鐵荊棘ex,ex,A,17.00,Base:5.0|Meta:0.0|Exp:2.0|Func:6.0|Syn:0.0|Eff:0.0|Dmg:4.0|Mod:1.00,能量操作,特性效果
眷戀雲,基礎,11156,https://asia.pokemon-card.com/hk/card-img/hk00011156.png,寶可夢,120,Psychic,,,愛心標誌,Colorless,30,,愛之同感,"Psychic,Colorless,Colorless",80+,若自己的場上有與對手的場上寶可夢相同屬性的寶可夢，則增加120點傷害。,,Metal,,,1,39,normal,H,強化擴充包「緋紅薄霧」,SV5a,DOM,當牠越過大海飛來，便代表嚴寒的冬季即將終結。傳說中其慈愛將使<br/>新的生命在洗翠大地上萌芽。,眷戀雲,,A,17.00,Base:5.0|Meta:0.0|Exp:2.0|Func:2.0|Syn:4.0|Eff:0.0|Dmg:4.0|Mod:1.00,條件傷害,無
吼叫尾ex,基礎,11157,https://asia.pokemon-card.com/hk/card-img/hk00011157.png,寶可夢,190,Psychic,,,絕叫,Colorless,,這個招式只可在後攻玩家的最初回合使用。在下個對手的回合，對手無法從手牌使出支援者卡。,咬碎,"Psychic,Colorless,Colorless",120,選擇1個對手的戰鬥寶可夢身上附加的能量，將其丟棄。,,Darkness,,Fighting,1,40,normal,H,強化擴充包「緋紅薄霧」,SV5a,akagi,,吼叫尾ex,ex,B+,16.00,Base:5.0|Meta:0.0|Exp:2.0|Func:5.0|Syn:0.0|Eff:0.0|Dmg:4.0|Mod:1.00,"其他效果, 能量操作",丟棄效果
洗翠 卡蒂狗,基礎,11158,https://asia.pokemon-card.com/hk/card-img/hk00011158.png,寶可夢,80,Fighting,,,全部燒光,,,將場上的競技場卡丟棄。,猛撞,"Fighting,Colorless",40,這隻寶可夢也受到10點傷害。,,Grass,,,2,41,normal,H,強化擴充包「緋紅薄霧」,SV5a,Whisker,兩隻一組共同負責地盤的警戒工作。體毛中混有火成岩的成分，可以<br/>推想這是受到火山活動的影響。,洗翠 卡蒂狗 → 洗翠 風速狗,,C+,10.00,Base:5.0|Meta:0.0|Exp:2.0|Func:0.0|Syn:2.0|Eff:0.0|Dmg:1.0|Mod:1.00,反噬傷害,競技場效果
洗翠 風速狗,1階進化,11159,https://asia.pokemon-card.com/hk/card-img/hk00011159.png,寶可夢,130,Fighting,,,驕傲獠牙,,30+,若自己的備戰寶可夢身上放置有傷害指示物，則增加90點傷害。,灼燒,"Fighting,Fighting,Colorless",90,將對手的戰鬥寶可夢【灼傷】。,,Grass,,,2,42,normal,H,強化擴充包「緋紅薄霧」,SV5a,SIE NANAHARA,將猛烈燃燒的火焰纏繞在牙齒上撲向獵物。雖然體型很大，卻能以靈巧的假動作戲弄敵手，<br/>那姿態就像是舞蹈一般。,洗翠 卡蒂狗 → 洗翠 風速狗,,B+,15.00,Base:5.0|Meta:0.0|Exp:2.0|Func:3.0|Syn:2.0|Eff:0.0|Dmg:3.0|Mod:1.00,"傷害指示物, 條件傷害, 簡單灼傷",無
啃果蟲,基礎,11165,https://asia.pokemon-card.com/hk/card-img/hk00011165.png,寶可夢,40,Dragon,,,尋找朋友,Colorless,,從自己的牌庫選擇1張寶可夢卡，在給對手看過後加入手牌。並且重洗牌庫。,滾動衝撞,"Grass,Fire",30,,,,,,1,48,normal,H,強化擴充包「緋紅薄霧」,SV5a,Teeziro,平時都在蘋果中生活。 如果失去了蘋果，身體的<br/> 水分就會流失而變得虛弱。,啃果蟲 → 蘋裹龍 → 豐蜜龍 → 裹蜜蟲 → 蜜集大蛇 → 蜜集大蛇ex,,B,12.00,Base:5.0|Meta:0.0|Exp:2.0|Func:4.0|Syn:0.0|Eff:0.0|Dmg:1.0|Mod:1.00,"抽卡效果, 搜索效果",無
啃果蟲,基礎,11295,https://asia.pokemon-card.com/hk/card-img/hk00011295.png,寶可夢,40,Grass,,,回轉攻擊,Grass,10+,擲1次硬幣若為正面，則增加20點傷害。,,,,,,Fire,,,1,11,normal,H,擴充包「變幻假面」,SV6,OKUBO,平時都在蘋果中生活。<br/> 如果失去了蘋果，身體的<br/> 水分就會流失而變得虛弱。,啃果蟲 → 蘋裹龍 → 豐蜜龍 → 裹蜜蟲 → 蜜集大蛇 → 蜜集大蛇ex,,B,12.00,Base:5.0|Meta:0.0|Exp:3.0|Func:0.0|Syn:2.0|Eff:0.0|Dmg:2.0|Mod:1.00,"條件傷害, 硬幣判定",無
啃果蟲,基礎,11801,https://asia.pokemon-card.com/hk/card-img/hk00011801.png,寶可夢,40,Grass,,,噴汁,Grass,20,,,,,,,Fire,,,1,10,normal,H,擴充包「星晶奇跡」,SV7,Yoriyuki Ikegami,平時都在蘋果中生活。<br/>如果失去了蘋果，身體的<br/>水分就會流失而變得虛弱。,啃果蟲 → 蘋裹龍 → 豐蜜龍 → 裹蜜蟲 → 蜜集大蛇 → 蜜集大蛇ex,,C,8.00,Base:5.0|Meta:0.0|Exp:3.0|Func:0.0|Syn:0.0|Eff:0.0|Dmg:0.0|Mod:1.00,無,無
啃果蟲,基礎,11971,https://asia.pokemon-card.com/hk/card-img/hk00011971.png,寶可夢,40,Dragon,,,營養素,Colorless,,將自己的1隻寶可夢恢復「30」HP。,打滾,"Grass,Fire",20+,擲1次硬幣若為正面，則增加30點傷害。,,,,,1,45,normal,H,強化擴充包「樂園騰龍」,SV7a,Yuka Morii,平時都在蘋果中生活。<br/>如果失去了蘋果，身體的<br/>水分就會流失而變得虛弱。,啃果蟲 → 蘋裹龍 → 豐蜜龍 → 裹蜜蟲 → 蜜集大蛇 → 蜜集大蛇ex,,B+,14.00,Base:5.0|Meta:0.0|Exp:3.0|Func:2.0|Syn:2.0|Eff:0.0|Dmg:2.0|Mod:1.00,"回復效果, 條件傷害, 硬幣判定",無
啃果蟲,基礎,13210,https://asia.pokemon-card.com/hk/card-img/hk00013210.png,寶可夢,40,Grass,,,小吸取,Grass,10,將這隻寶可夢恢復「10」HP。,,,,,,Fire,,,1,9,normal,I,強化擴充包「熱風競技場」,SV9a,Tetsu Kayama,吃蘋果的果肉長大。<br/>會用體液增加蘋果外皮的<br/>強度，同時避免蘋果腐爛。,啃果蟲 → 蘋裹龍 → 豐蜜龍 → 裹蜜蟲 → 蜜集大蛇 → 蜜集大蛇ex,,C+,10.00,Base:5.0|Meta:0.0|Exp:3.0|Func:2.0|Syn:0.0|Eff:0.0|Dmg:0.0|Mod:1.00,回復效果,無
裹蜜蟲,1階進化,11166,https://asia.pokemon-card.com/hk/card-img/hk00011166.png,寶可夢,80,Dragon,,,蜜糖捕捉器,"Grass,Fire",,選擇1隻對手的備戰寶可夢，與戰鬥寶可夢互換。然後，新上場的寶可夢受到70點傷害。,,,,,,,,,2,49,normal,H,強化擴充包「緋紅薄霧」,SV5a,OKACHEKE,由露出了頭部的外頭蟲與 露出了尾巴的裡頭蟲相扶相持，<br/> 一起在蘋果裡面生活。,啃果蟲 → 蘋裹龍 → 豐蜜龍 → 裹蜜蟲 → 蜜集大蛇 → 蜜集大蛇ex,,B,12.00,Base:5.0|Meta:0.0|Exp:2.0|Func:5.0|Syn:0.0|Eff:0.0|Dmg:0.0|Mod:1.00,切換效果,無
裹蜜蟲,1階進化,11296,https://asia.pokemon-card.com/hk/card-img/hk00011296.png,寶可夢,80,Grass,祭典樂舞,若場上有「祭典會場」，則這隻寶可夢可使用持有的招式2次。（若對手的戰鬥寶可夢因第1次的招式而【昏厥】了，則在下一隻寶可夢放置後，使用第2次的招式。）,朋友之環,Grass,20×,造成自己的備戰寶可夢的數量×20點傷害。,,,,,,Fire,,,2,12,normal,H,擴充包「變幻假面」,SV6,Saboteri,由露出了頭部的外頭蟲與<br/> 露出了尾巴的裡頭蟲相扶相持，<br/> 一起在蘋果裡面生活。,啃果蟲 → 蘋裹龍 → 豐蜜龍 → 裹蜜蟲 → 蜜集大蛇 → 蜜集大蛇ex,,B,12.00,Base:5.0|Meta:0.0|Exp:3.0|Func:3.0|Syn:0.0|Eff:0.0|Dmg:1.0|Mod:1.00,"備戰傷害加成, 傷害效果, 昏厥條件",放置效果
裹蜜蟲,1階進化,11802,https://asia.pokemon-card.com/hk/card-img/hk00011802.png,寶可夢,90,Grass,,,塗層攻擊,Grass,20,在下個對手的回合，這隻寶可夢不會受到【基礎】寶可夢招式的傷害。,,,,,,Fire,,,3,11,normal,H,擴充包「星晶奇跡」,SV7,Souichirou Gunjima,由露出了頭部的外頭蟲與<br/> 露出了尾巴的裡頭蟲相扶相持，<br/> 一起在蘋果裡面生活。,啃果蟲 → 蘋裹龍 → 豐蜜龍 → 裹蜜蟲 → 蜜集大蛇 → 蜜集大蛇ex,,C+,10.00,Base:5.0|Meta:0.0|Exp:3.0|Func:2.0|Syn:0.0|Eff:0.0|Dmg:0.0|Mod:1.00,"傷害防禦, 效果免疫",無
裹蜜蟲,1階進化,13211,https://asia.pokemon-card.com/hk/card-img/hk00013211.png,寶可夢,90,Grass,,,能量閉環,Grass,50,選擇1個這隻寶可夢身上附加的能量，放回手牌。,,,,,,Fire,,,3,10,normal,I,強化擴充包「熱風競技場」,SV9a,Shigenori Negishi,用只會在某個地區栽培的<br/>特別的蘋果進化而來。<br/>是２隻等於１隻的寶可夢。,啃果蟲 → 蘋裹龍 → 豐蜜龍 → 裹蜜蟲 → 蜜集大蛇 → 蜜集大蛇ex,,B,12.00,Base:5.0|Meta:0.0|Exp:3.0|Func:3.0|Syn:0.0|Eff:0.0|Dmg:1.0|Mod:1.00,能量操作,無
月月熊 赫月 ex,基礎,11169,https://asia.pokemon-card.com/hk/card-img/hk00011169.png,寶可夢,260,Colorless,老練招式,這隻寶可夢使用「血月」所需的【無】能量，減少對手已經獲得的獎賞卡的張數數量。,血月,"Colorless,Colorless,Colorless,Colorless,Colorless",240,在下個自己的回合，這隻寶可夢無法使用招式。,,,,,,Fighting,,,3,52,normal,H,強化擴充包「緋紅薄霧」,SV5a,aky CG Works,,月月熊 赫月 ex,ex,A,17.00,Base:5.0|Meta:0.0|Exp:2.0|Func:4.0|Syn:0.0|Eff:0.0|Dmg:6.0|Mod:1.00,"使用限制, 招式鎖定, 獎賞控制",無
莉佳的招待,,9027,https://asia.pokemon-card.com/hk/card-img/hk00009027.png,支援者卡,,,,,,,,查看對手的手牌，從其中選擇1張【基礎】寶可夢卡，放置於對手的備戰區。然後，將那隻寶可夢與戰鬥寶可夢互換。,[寶可夢道具的規則],,,在自己的回合時，支援者卡只可使用1張。,,,,,,161,normal,G,強化擴充包「寶可夢卡牌151」,SV2a,saino misaki,,,,B+,16.00,Base:8.0|Meta:0.0|Exp:2.0|Func:6.0|Syn:0.0|Eff:0.0|Dmg:0.0|Mod:1.00,"切換效果, 情報收集",放置效果
莉佳的招待[支援者],,9062,https://asia.pokemon-card.com/hk/card-img/hk00009062.png,支援者卡,,,,,,,,查看對手的手牌，從其中選擇1張【基礎】寶可夢卡，放置於對手的備戰區。然後，將那隻寶可夢與戰鬥寶可夢互換。,,,,在自己的回合時，支援者卡只可使用1張。,,,,,,196,high,G,強化擴充包「寶可夢卡牌151」,SV2a,saino misaki,,,,B+,16.00,Base:8.0|Meta:0.0|Exp:2.0|Func:6.0|Syn:0.0|Eff:0.0|Dmg:0.0|Mod:1.00,"切換效果, 情報收集",放置效果
倖存鍛鍊器,,11176,https://asia.pokemon-card.com/hk/card-img/hk00011176.png,寶可夢道具,,,,,,,,附有這張卡的寶可夢的HP是全滿的狀態下，受到對手的寶可夢招式的傷害而【昏厥】時，那隻寶可夢不會【昏厥】，而是以剩餘HP為「10」的狀態留在場上。然後，將這張卡丟棄。,,,,,,,,,,59,normal,H,強化擴充包「緋紅薄霧」,SV5a,inose yukie,,,,B,13.00,Base:6.0|Meta:0.0|Exp:2.0|Func:3.0|Syn:2.0|Eff:0.0|Dmg:0.0|Mod:1.00,無,"丟棄效果, 狀態免疫"
幸運頭盔,,11177,https://asia.pokemon-card.com/hk/card-img/hk00011177.png,寶可夢道具,,,,,,,,附有這張卡的寶可夢在戰鬥場受到對手的寶可夢招式的傷害時，從自己的牌庫抽出2張卡。,,,,,,,,,,60,normal,H,強化擴充包「緋紅薄霧」,SV5a,Studio Bora Inc.,,,,B,13.00,Base:6.0|Meta:0.0|Exp:2.0|Func:5.0|Syn:0.0|Eff:0.0|Dmg:0.0|Mod:1.00,"抽卡效果, 搜索效果",無
莉莉艾的決意,,14355,https://asia.pokemon-card.com/hk/card-img/hk00014355.png,支援者卡,,,,,,,,將自己的手牌全部放回牌庫並重洗。然後，從牌庫抽出6張卡。若自己剩餘獎賞卡的張數為6張，則改為抽出8張卡。,,,,,,,,,,11,promo,I,特典卡 超級進化,M,Atsushi Furusawa,,,,A+,20.00,Base:8.0|Meta:5.0|Exp:-1.0|Func:4.0|Syn:4.0|Eff:0.0|Dmg:0.0|Mod:1.00,"搜索效果, 牌庫重洗, 獎賞控制",大量抽卡
莉普,,10090,https://asia.pokemon-card.com/hk/card-img/hk00010090.png,支援者卡,,,,,,,,從自己的棄牌區選擇【超】寶可夢卡與「基本【超】能量」卡合計最多4張，在給對手看過後加入手牌。,,,,,,,,,,66,normal,G,擴充包「未來閃光」,SV4M,Naoki Saito,,,,B+,15.00,Base:8.0|Meta:0.0|Exp:2.0|Func:5.0|Syn:0.0|Eff:0.0|Dmg:0.0|Mod:1.00,搜索效果,無
野餐女孩,,12277,https://asia.pokemon-card.com/hk/card-img/hk00012277.png,支援者卡,,,,,,,,擲1次硬幣。若為正面，則從自己的牌庫抽出4張卡，若為反面，則從自己的牌庫抽出2張卡。,,,,,,,,,,65,normal,H,Trianers Camp,SVI,Susumu Maeya,,,,B+,15.00,Base:8.0|Meta:0.0|Exp:2.0|Func:3.0|Syn:2.0|Eff:0.0|Dmg:0.0|Mod:1.00,"搜索效果, 硬幣判定",大量抽卡
野餐籃,,8441,https://asia.pokemon-card.com/hk/card-img/hk00008441.png,物品卡,,,,,,,,將雙方的所有寶可夢各恢復「30」HP。,,,,在自己的回合時，物品卡可不限張數使用。,,,,,,71,normal,G,擴充包「紫ex」,SV1V,OKACHEKE,,,,B,11.00,Base:7.0|Meta:0.0|Exp:2.0|Func:2.0|Syn:0.0|Eff:0.0|Dmg:0.0|Mod:1.00,回復效果,無
釣竿MAX,,12563,https://asia.pokemon-card.com/hk/card-img/hk00012563.png,物品卡,,,,,,,,從自己的棄牌區選擇寶可夢卡與基本能量卡合計最多5張，在給對手看過後加入手牌。,,,,,,,,,,142,normal,H,高級擴充包「太晶慶典ex」,SV8a,Toyste Beach,,,,B+,15.00,Base:7.0|Meta:0.0|Exp:3.0|Func:5.0|Syn:0.0|Eff:0.0|Dmg:0.0|Mod:1.00,搜索效果,無
回力鏢能量,,11183,https://asia.pokemon-card.com/hk/card-img/hk00011183.png,特殊能量卡,,,,,,,,只要這張卡附於寶可夢身上，視為提供1個【無】能量。 <br/><br/>若因附有這張卡的寶可夢使用的招式的效果使這張卡被丟棄，則在招式的傷害與效果的影響之後，重新附於原本的寶可夢身上。,,,,,,,,,,66,normal,H,強化擴充包「緋紅薄霧」,SV5a,,,,,B,11.00,Base:5.0|Meta:0.0|Exp:2.0|Func:2.0|Syn:2.0|Eff:0.0|Dmg:0.0|Mod:1.00,"效果免疫, 特殊能量",無
毒薔薇,基礎,10798,https://asia.pokemon-card.com/hk/card-img/hk00010798.png,寶可夢,60,Grass,毒刺,這隻寶可夢在戰鬥場上受到對手的寶可夢招式的傷害時，將使用招式的寶可夢【中毒】。,綠葉舞步,Colorless,10,,,,,,,Fire,,,1,1,normal,H,擴充包「狂野之力」,SV5K,Tomomi Ozaki,只要聞到牠的花香，就能放鬆心情。濃郁的香味<br/>是毒薔薇有活力的證明。,毒薔薇 → 羅絲雷朵,,C+,9.00,Base:5.0|Meta:0.0|Exp:2.0|Func:2.0|Syn:0.0|Eff:0.0|Dmg:0.0|Mod:1.00,狀態異常,無
羅絲雷朵,1階進化,10799,https://asia.pokemon-card.com/hk/card-img/hk00010799.png,寶可夢,130,Grass,毒刺,這隻寶可夢在戰鬥場上受到對手的寶可夢招式的傷害時，將使用招式的寶可夢【中毒】。,束縛,"Colorless,Colorless",70,在下個對手的回合，受到這個招式的寶可夢無法撤退。,,,,,,Fire,,,2,2,normal,H,擴充包「狂野之力」,SV5K,Gapao,會用馥郁芬芳的花香迷惑敵人，並用荊棘上<br/>的鞭子猛力抽打對方。,毒薔薇 → 羅絲雷朵,,B,11.00,Base:5.0|Meta:0.0|Exp:2.0|Func:2.0|Syn:0.0|Eff:0.0|Dmg:2.0|Mod:1.00,"撤退封鎖, 狀態異常",撤退效果
草苗龜,基礎,10800,https://asia.pokemon-card.com/hk/card-img/hk00010800.png,寶可夢,80,Grass,堅硬甲殼,這隻寶可夢受到招式的傷害「-20」點。,樹葉,"Grass,Colorless,Colorless",30,,,,,,,Fire,,,3,3,normal,H,擴充包「狂野之力」,SV5K,OKACHEKE,沐浴著陽光，用全身進行光合作用。<br/>甲殼是泥土變硬後形成的。,草苗龜 → 樹林龜 → 土台龜 → 土台龜ex,,C,8.00,Base:5.0|Meta:0.0|Exp:2.0|Func:0.0|Syn:0.0|Eff:0.0|Dmg:1.0|Mod:1.00,其他效果,無
樹林龜,1階進化,10801,https://asia.pokemon-card.com/hk/card-img/hk00010801.png,寶可夢,120,Grass,,,居合斬,Grass,20,,甲殼衝撞,"Grass,Colorless,Colorless",50,在下個對手的回合，這隻寶可夢受到招式的傷害「-20」點。,,Fire,,,4,4,normal,H,擴充包「狂野之力」,SV5K,Uninori,生活在森林中的水邊。白天會去森林的外面，<br/>讓甲殼上的樹木曬曬太陽。,草苗龜 → 樹林龜 → 土台龜 → 土台龜ex,,C+,10.00,Base:5.0|Meta:0.0|Exp:2.0|Func:2.0|Syn:0.0|Eff:0.0|Dmg:1.0|Mod:1.00,其他效果,無
土台龜ex,2階進化,10802,https://asia.pokemon-card.com/hk/card-img/hk00010802.png,寶可夢,340,Grass,,,森林行進,Grass,30×,造成自己的場上【草】寶可夢的數量×30點傷害。,叢林之錘,"Grass,Colorless,Colorless",150,將這隻寶可夢恢復「50」HP。,,Fire,,,4,5,normal,H,擴充包「狂野之力」,SV5K,PLANETA Tsuji,,草苗龜 → 樹林龜 → 土台龜 → 土台龜ex,ex,B+,16.00,Base:5.0|Meta:0.0|Exp:2.0|Func:2.0|Syn:2.0|Eff:0.0|Dmg:5.0|Mod:1.00,"備戰傷害加成, 傷害效果, 回復效果",無
謝米,基礎,10803,https://asia.pokemon-card.com/hk/card-img/hk00010803.png,寶可夢,70,Grass,,,精刺奇襲,Grass,,對手的備戰區的1隻「寶可夢【ex】・【V】」受到60點傷害。[在備戰區不計算弱點・抵抗力。],後踢,"Colorless,Colorless",50,,,Fire,,,0,6,normal,H,擴充包「狂野之力」,SV5K,Atsushi Furusawa,有著能分解大氣中的毒素，並將荒蕪的大地瞬間<br/>變成一片花圃的力量。,謝米,,B,11.00,Base:5.0|Meta:0.0|Exp:2.0|Func:3.0|Syn:0.0|Eff:0.0|Dmg:1.0|Mod:1.00,連鎖傷害,無
謝米,基礎,13207,https://asia.pokemon-card.com/hk/card-img/hk00013207.png,寶可夢,80,Grass,花之帷幔,只要這隻寶可夢在場上，自己的所有備戰寶可夢（「擁有規則的寶可夢」除外）不會受到對手的招式的傷害。,踢飛,"Colorless,Colorless",30,,,,,,,Fire,,,1,6,normal,I,強化擴充包「熱風競技場」,SV9a,tono,葛拉西蒂亞花盛開的季節裡，<br/>據說牠會為了傳遞感謝之情<br/>而飛向天空。,謝米,,B,12.00,Base:5.0|Meta:0.0|Exp:3.0|Func:3.0|Syn:0.0|Eff:0.0|Dmg:1.0|Mod:1.00,"傷害防禦, 效果免疫",無
謝米,基礎,12713,https://asia.pokemon-card.com/hk/card-img/hk00012713.png,寶可夢,70,Colorless,,,能量反射,"Colorless,Colorless",60,選擇1個這隻寶可夢身上附加的能量，改附於備戰寶可夢身上。,,,,,,Lightning,,Fighting,1,105,normal,H,雙ex初階牌組 Generations,SVM,Amelicart,有著能分解大氣中的毒素，並將荒蕪的大地瞬間變成一片花圃的力量。,謝米,,B+,15.00,Base:5.0|Meta:0.0|Exp:2.0|Func:6.0|Syn:0.0|Eff:0.0|Dmg:2.0|Mod:1.00,能量操作,無
謝米,基礎,11645,https://asia.pokemon-card.com/hk/card-img/hk00011645.png,寶可夢,70,Grass,,,精刺奇襲,Grass,,對手的備戰區的1隻「寶可夢【ex】・【V】」也受到60點傷害。[在備戰區不計算弱點・抵抗力。],後踢,"Colorless,Colorless",50,,,Fire,,,0,1,normal,H,戰術牌組「魔幻假面喵ex」,SVTM,Atsushi Furusawa,有著能分解大氣中的毒素，並將荒蕪的大地瞬間 變成一片花圃的力量。,謝米,,B,11.00,Base:5.0|Meta:0.0|Exp:2.0|Func:3.0|Syn:0.0|Eff:0.0|Dmg:1.0|Mod:1.00,連鎖傷害,無
破空焰ex,基礎,10809,https://asia.pokemon-card.com/hk/card-img/hk00010809.png,寶可夢,230,Fire,,,高溫爆破,"Fire,Colorless",60,,烈火爆進,"Fire,Fire,Colorless",260,若使用了這個招式，則這隻寶可夢離開戰鬥場前無法使用「烈火爆進」。,,Water,,,2,12,normal,H,擴充包「狂野之力」,SV5K,5ban Graphics,,破空焰ex,ex,B+,15.00,Base:5.0|Meta:0.0|Exp:2.0|Func:0.0|Syn:2.0|Eff:0.0|Dmg:6.0|Mod:1.00,招式鎖定,無
小鋸鱷,基礎,10810,https://asia.pokemon-card.com/hk/card-img/hk00010810.png,寶可夢,70,Water,,,咬緊,Water,10,在下個對手的回合，受到這個招式的寶可夢無法撤退。,,,,,,Lightning,,,1,13,normal,H,擴充包「狂野之力」,SV5K,MINAMINAMI Take,個子雖小但是個性粗暴。只要眼前有東西在動，<br/>就會先上去咬一口再說。,小鋸鱷 → 藍鱷 → 大力鱷,,C+,9.00,Base:5.0|Meta:0.0|Exp:2.0|Func:2.0|Syn:0.0|Eff:0.0|Dmg:0.0|Mod:1.00,撤退封鎖,撤退效果
藍鱷,1階進化,10811,https://asia.pokemon-card.com/hk/card-img/hk00010811.png,寶可夢,90,Water,,,逆向噴射,Water,30,將這隻寶可夢與備戰寶可夢互換。,,,,,,Lightning,,,2,14,normal,H,擴充包「狂野之力」,SV5K,Jerky,即使牙齒掉了也會不斷重新長出來。<br/>嘴裡總是長滿著４８顆牙齒。,小鋸鱷 → 藍鱷 → 大力鱷,,B,11.00,Base:5.0|Meta:0.0|Exp:2.0|Func:3.0|Syn:0.0|Eff:0.0|Dmg:1.0|Mod:1.00,切換效果,無
凱路迪歐,基礎,10815,https://asia.pokemon-card.com/hk/card-img/hk00010815.png,寶可夢,110,Water,,,快速抽出,Water,20,從自己的牌庫抽出2張卡。,水之利刃,"Water,Water,Colorless",110,,,Lightning,,,1,18,normal,H,擴充包「狂野之力」,SV5K,satoma,透過下定戰鬥的決心讓自己全身充滿力量，<br/>並改變了自己的樣子。,凱路迪歐,,B,13.00,Base:5.0|Meta:0.0|Exp:2.0|Func:3.0|Syn:0.0|Eff:0.0|Dmg:3.0|Mod:1.00,"抽卡效果, 搜索效果",無
波盪水ex,基礎,10821,https://asia.pokemon-card.com/hk/card-img/hk00010821.png,寶可夢,220,Water,藏青浪濤,這隻寶可夢使用招式的傷害，不計算對手的戰鬥寶可夢身上的附加效果。,宣洩吼嘯,"Water,Colorless,Colorless",120+,若對手的戰鬥寶可夢處於特殊狀態，則增加120點傷害。,,,,,,Lightning,,,1,24,normal,H,擴充包「狂野之力」,SV5K,takuyoa,,波盪水ex,ex,A,17.00,Base:5.0|Meta:0.0|Exp:2.0|Func:3.0|Syn:2.0|Eff:0.0|Dmg:5.0|Mod:1.00,"其他效果, 條件傷害",無
三海地鼠ex,1階進化,10822,https://asia.pokemon-card.com/hk/card-img/hk00010822.png,寶可夢,250,Lightning,,,三色炮,Water,,從自己的手牌將最多3張能量卡丟棄，對對手的1隻寶可夢，造成其張數×60點傷害。[在備戰區不計算弱點・抵抗力。],麻痺控制,"Water,Water",120,在下個對手的回合，受到這個招式的寶可夢無法撤退。,,Fighting,,,1,25,normal,H,擴充包「狂野之力」,SV5K,5ban Graphics,,海地鼠 → 三海地鼠 → 三海地鼠ex,"太晶,ex",B+,16.00,Base:5.0|Meta:0.0|Exp:2.0|Func:5.0|Syn:0.0|Eff:0.0|Dmg:4.0|Mod:1.00,"傷害效果, 撤退封鎖, 棄牌區傷害加成, 連鎖傷害","丟棄效果, 撤退效果"
古空棘魚,基礎,10831,https://asia.pokemon-card.com/hk/card-img/hk00010831.png,寶可夢,100,Fighting,潛入記憶,只要這隻寶可夢在場上，自己的所有進化寶可夢，可使用進化前持有的所有招式。[需要有足夠使用招式的能量。],鰭快刀,"Fighting,Colorless",30,,,,,,,Grass,,,1,34,normal,H,擴充包「狂野之力」,SV5K,Mina Nakai,如岩石般堅硬的鱗片以及裝滿了油脂的鰾囊，<br/>讓牠能承受深海的水壓。,古空棘魚,,B,13.00,Base:5.0|Meta:0.0|Exp:2.0|Func:5.0|Syn:0.0|Eff:0.0|Dmg:1.0|Mod:1.00,進化支援,無
泥驢仔,基礎,10834,https://asia.pokemon-card.com/hk/card-img/hk00010834.png,寶可夢,80,Fighting,,,踢飛,Fighting,10,,擲泥,"Fighting,Colorless,Colorless",50,,,Grass,,,2,37,normal,H,擴充包「狂野之力」,SV5K,Narumi Sato,裹在身上的泥巴是吃下的土反芻而成的。就算長時間<br/>曝曬在陽光下也不會乾掉。,泥驢仔 → 重泥挽馬,,C,8.00,Base:5.0|Meta:0.0|Exp:2.0|Func:0.0|Syn:0.0|Eff:0.0|Dmg:1.0|Mod:1.00,無,無
泥驢仔,基礎,13246,https://asia.pokemon-card.com/hk/card-img/hk00013246.png,寶可夢,90,Fighting,,,奔進,"Fighting,Colorless",40×,擲硬幣直到出現反面，造成正面出現的次數×40點傷害。,,,,,,Grass,,,3,45,normal,I,強化擴充包「熱風競技場」,SV9a,Aliya Chen,裹在身上的泥巴是吃下的土<br/>反芻而成的。就算長時間<br/>曝曬在陽光下也不會乾掉。,泥驢仔 → 重泥挽馬,,B,12.00,Base:5.0|Meta:0.0|Exp:3.0|Func:0.0|Syn:0.0|Eff:0.0|Dmg:4.0|Mod:1.00,"傷害效果, 硬幣判定",無
重泥挽馬,1階進化,10835,https://asia.pokemon-card.com/hk/card-img/hk00010835.png,寶可夢,150,Fighting,,,泥巴庫存,Fighting,,從棄牌區附給自己的所有備戰寶可夢各1張「基本【鬥】能量」卡。,十萬馬力,"Fighting,Colorless,Colorless",140,這隻寶可夢也受到40點傷害。,,Grass,,,3,38,normal,H,擴充包「狂野之力」,SV5K,Naoyo Kimura,除了能勝任粗重的工作，還能製造出陶器材料的優質泥土，<br/>所以一直以來都很受到珍視。,泥驢仔 → 重泥挽馬,,B+,14.00,Base:5.0|Meta:0.0|Exp:2.0|Func:3.0|Syn:0.0|Eff:0.0|Dmg:4.0|Mod:1.00,"反噬傷害, 搜索效果",無
重泥挽馬,1階進化,13247,https://asia.pokemon-card.com/hk/card-img/hk00013247.png,寶可夢,150,Fighting,泥巴膜,這隻寶可夢受到招式的傷害「-30」點。,重磅衝擊,"Fighting,Fighting,Colorless",130,,,,,,,Grass,,,3,46,normal,I,強化擴充包「熱風競技場」,SV9a,Uta,除了能勝任粗重的工作，還能<br/>製造出陶器材料的優質泥土，<br/>所以一直以來都很受到珍視。,泥驢仔 → 重泥挽馬,,B,12.00,Base:5.0|Meta:0.0|Exp:3.0|Func:0.0|Syn:0.0|Eff:0.0|Dmg:4.0|Mod:1.00,其他效果,無
小炭仔,基礎,10836,https://asia.pokemon-card.com/hk/card-img/hk00010836.png,寶可夢,80,Fighting,,,滾動衝撞,Fighting,10,,力量寶石,"Fighting,Colorless",30,,,Grass,,,3,39,normal,H,擴充包「狂野之力」,SV5K,Aya Kusube,晴天時會到草原東奔西跑，然後吃掉被牠那長得像是<br/>車輪的腳捲進去的草。,小炭仔 → 大炭車 → 巨炭山,,C,8.00,Base:5.0|Meta:0.0|Exp:2.0|Func:0.0|Syn:0.0|Eff:0.0|Dmg:1.0|Mod:1.00,無,無
大炭車,1階進化,10837,https://asia.pokemon-card.com/hk/card-img/hk00010837.png,寶可夢,110,Fighting,,,擊飛,Fighting,20+,擲1次硬幣若為正面，則增加40點傷害。,岩石粉碎,"Fighting,Colorless,Colorless,Colorless",80,,,Grass,,,4,40,normal,H,擴充包「狂野之力」,SV5K,Anesaki Dynamic,情緒只要激昂起來，體內的溫度就會上升。<br/>會噴著火焰忙碌地奔跑。,小炭仔 → 大炭車 → 巨炭山,,B,11.00,Base:5.0|Meta:0.0|Exp:2.0|Func:0.0|Syn:2.0|Eff:0.0|Dmg:2.0|Mod:1.00,"條件傷害, 硬幣判定",無
巨炭山,2階進化,10838,https://asia.pokemon-card.com/hk/card-img/hk00010838.png,寶可夢,180,Fighting,,,機槍瀝青,Fighting,40+,增加這隻寶可夢身上附加的【火】能量的數量×80點傷害。,山崩,"Fighting,Colorless,Colorless,Colorless",150,將對手的牌庫上方2張卡丟棄。,,Grass,,,4,41,normal,H,擴充包「狂野之力」,SV5K,Shiburingaru,會大幅晃動身體，好讓自己可以從熊熊燃燒的背部<br/>往四處噴灑煤炭來威嚇對手。,小炭仔 → 大炭車 → 巨炭山,,A,17.00,Base:5.0|Meta:0.0|Exp:2.0|Func:5.0|Syn:0.0|Eff:0.0|Dmg:5.0|Mod:1.00,"備戰傷害加成, 能量操作",丟棄效果
雄偉牙,基礎,10839,https://asia.pokemon-card.com/hk/card-img/hk00010839.png,寶可夢,140,Fighting,,,地盤崩壞,"Colorless,Colorless",,將對手的牌庫上方1張卡丟棄。在這個回合，若從手牌使出了「古代」支援者卡，則再丟棄3張。,巨大之牙,"Fighting,Fighting,Colorless,Colorless",160,,,Psychic,,,3,42,normal,H,擴充包「狂野之力」,SV5K,GIDORA,近年曾經有人目擊到牠。雄偉牙這個名字來自於<br/><br/>某本書裡記載的生物。,雄偉牙,,B+,16.00,Base:5.0|Meta:0.0|Exp:2.0|Func:2.0|Syn:2.0|Eff:0.0|Dmg:5.0|Mod:1.00,搜索效果,丟棄效果
雄偉牙,基礎,10947,https://asia.pokemon-card.com/hk/card-img/hk00010947.png,寶可夢,140,Fighting,,,撞倒,"Fighting,Colorless",30,,憤怒突擊,"Fighting,Colorless,Colorless",80+,若自己的備戰寶可夢身上放置有傷害指示物，則增加80點傷害。,,Psychic,,,4,8,normal,H,起始組合「古代故勒頓ex」,SVHK,Mitsuhiro Arita,近年曾經有人目擊到牠。雄偉牙這個名字來自於<br/><br/>某本書裡記載的生物。,雄偉牙,,B+,14.00,Base:5.0|Meta:0.0|Exp:2.0|Func:1.0|Syn:2.0|Eff:0.0|Dmg:4.0|Mod:1.00,"傷害指示物, 條件傷害",無
阿柏怪,1階進化,10841,https://asia.pokemon-card.com/hk/card-img/hk00010841.png,寶可夢,130,Darkness,,,恐慌毒,Darkness,,將對手的戰鬥寶可夢【中毒】與【灼傷】與【混亂】。,暗之牙,"Darkness,Darkness",70,,,Fighting,,,2,44,normal,H,擴充包「狂野之力」,SV5K,Minato,腹部的花紋看起來像一張可怕的臉。弱小的敵人只要看到<br/>這個花紋就會被嚇跑。,阿柏蛇 → 阿柏怪 → 阿柏怪ex,,B,11.00,Base:5.0|Meta:0.0|Exp:2.0|Func:2.0|Syn:0.0|Eff:0.0|Dmg:2.0|Mod:1.00,狀態異常,無
耿鬼ex,2階進化,10844,https://asia.pokemon-card.com/hk/card-img/hk00010844.png,寶可夢,310,Darkness,侵蝕詛咒,只要這隻寶可夢在場上，每次對手從手牌將能量卡附於寶可夢身上時，在那隻寶可夢身上放置2個傷害指示物。,戲法舞步,"Darkness,Darkness",160,若希望，選擇1個對手的戰鬥寶可夢身上附加的能量，改附於對手的備戰寶可夢身上。,,,,,,Fighting,,,2,47,normal,H,擴充包「狂野之力」,SV5K,Nisota Niso,,鬼斯 → 鬼斯通 → 耿鬼 → 耿鬼ex,ex,A+,22.00,Base:5.0|Meta:0.0|Exp:2.0|Func:8.0|Syn:2.0|Eff:0.0|Dmg:5.0|Mod:1.00,"傷害指示物, 能量操作",放置效果
土狼犬,基礎,10845,https://asia.pokemon-card.com/hk/card-img/hk00010845.png,寶可夢,70,Darkness,,,咬盡,"Darkness,Colorless",30+,擲1次硬幣若為正面，則增加20點傷害。,,,,,,Grass,,,1,48,normal,H,擴充包「狂野之力」,SV5K,Miki Tanaka,個性執著的寶可夢。一旦盯上某個獵物，<br/>就會不停追逐直到對方精疲力盡。,土狼犬 → 大狼犬,,B,11.00,Base:5.0|Meta:0.0|Exp:2.0|Func:0.0|Syn:2.0|Eff:0.0|Dmg:2.0|Mod:1.00,"條件傷害, 硬幣判定",無
土狼犬,基礎,11350,https://asia.pokemon-card.com/hk/card-img/hk00011350.png,寶可夢,70,Darkness,,,連續舞步,Darkness,10×,擲硬幣直到出現反面，造成正面出現的次數×10點傷害。,暗之牙,"Darkness,Colorless",20,,,Grass,,,1,66,normal,H,擴充包「變幻假面」,SV6,Shibuzoh.,會成群追擊獵物，並在其<br/> 筋疲力盡時給予致命一擊，<br/> 但有時會因遭到反擊而逃走。,土狼犬 → 大狼犬,,C+,9.00,Base:5.0|Meta:0.0|Exp:3.0|Func:0.0|Syn:0.0|Eff:0.0|Dmg:1.0|Mod:1.00,"傷害效果, 硬幣判定",無
大狼犬,1階進化,10846,https://asia.pokemon-card.com/hk/card-img/hk00010846.png,寶可夢,120,Darkness,,,踹開,"Darkness,Colorless",50,將對手的戰鬥寶可夢與備戰寶可夢互換。[由對手選擇放置於戰鬥場的寶可夢。],銳利之牙,"Darkness,Darkness,Colorless",130,,,Grass,,,2,49,normal,H,擴充包「狂野之力」,SV5K,akagi,絕對服從優秀訓練家的命令。這是因為牠還殘留著<br/>很久以前群體活動時的習性。,土狼犬 → 大狼犬,,B+,16.00,Base:5.0|Meta:0.0|Exp:2.0|Func:5.0|Syn:0.0|Eff:0.0|Dmg:4.0|Mod:1.00,切換效果,無
大狼犬,1階進化,11351,https://asia.pokemon-card.com/hk/card-img/hk00011351.png,寶可夢,120,Darkness,,,群起打獵,Darkness,30+,若自己的備戰區有「大狼犬」，則增加90點傷害。,窮追不捨,"Darkness,Colorless",60,在下個對手的回合，受到這個招式的寶可夢無法撤退。,,Grass,,,1,67,normal,H,擴充包「變幻假面」,SV6,kawayoo,當嗅到遠處有獵物的氣味，<br/> 群體就會遵從首領的指示，<br/> 一起展開行動。,土狼犬 → 大狼犬,,B+,15.00,Base:5.0|Meta:0.0|Exp:3.0|Func:3.0|Syn:2.0|Eff:0.0|Dmg:2.0|Mod:1.00,"撤退封鎖, 條件傷害",撤退效果
轟鳴月,基礎,10848,https://asia.pokemon-card.com/hk/card-img/hk00010848.png,寶可夢,140,Darkness,,,雪恨箭羽,"Darkness,Darkness",70+,增加自己的棄牌區的「古代」卡的張數×10點傷害。,高速之翼,"Darkness,Colorless,Colorless,Colorless",120,,,Grass,,,2,51,normal,H,擴充包「狂野之力」,SV5K,hncl,牠有可能就是在謎團重重的探險記裡，以轟鳴月這個<br/><br/>名字被記載下來的生物。,轟鳴月,,B,11.00,Base:5.0|Meta:0.0|Exp:2.0|Func:0.0|Syn:0.0|Eff:0.0|Dmg:4.0|Mod:1.00,棄牌區傷害加成,無
咕咕,基礎,10851,https://asia.pokemon-card.com/hk/card-img/hk00010851.png,寶可夢,70,Colorless,,,靜默之翼,"Colorless,Colorless",20,查看對手的手牌。,,,,,,Lightning,,Fighting,1,54,normal,H,擴充包「狂野之力」,SV5K,ryoma uratsuka,總是用單腳站立。由於換腳的速度太快，<br/>很難用肉眼看清換腳的瞬間。,咕咕 → 貓頭夜鷹,,C+,10.00,Base:5.0|Meta:0.0|Exp:2.0|Func:3.0|Syn:0.0|Eff:0.0|Dmg:0.0|Mod:1.00,情報收集,無
咕咕,基礎,11867,https://asia.pokemon-card.com/hk/card-img/hk00011867.png,寶可夢,70,Colorless,,,三次撞,Colorless,10×,擲3次硬幣，造成正面出現的次數×10點傷害。,,,,,,Lightning,,Fighting,1,76,normal,H,擴充包「星晶奇跡」,SV7,Yukihiro Tada,由於能準確地報時，<br/> 因此在某些國家被視為是<br/> 明白世間一切事理的智慧之神。,咕咕 → 貓頭夜鷹,,C+,9.00,Base:5.0|Meta:0.0|Exp:3.0|Func:0.0|Syn:0.0|Eff:0.0|Dmg:1.0|Mod:1.00,"傷害效果, 硬幣判定",無
咕咕,基礎,12944,https://asia.pokemon-card.com/hk/card-img/hk00012944.png,寶可夢,80,Colorless,不眠,這隻寶可夢不會【睡眠】。,撞擊,"Colorless,Colorless",20,,,,,,,Lightning,,Fighting,2,127,normal,H,高級擴充包「太晶慶典ex」,SV8a,Nakamura Ippan,由於能準確地報時，<br/>因此在某些國家被視為是<br/>明白世間一切事理的智慧之神。,咕咕 → 貓頭夜鷹,,C,8.00,Base:5.0|Meta:0.0|Exp:3.0|Func:0.0|Syn:0.0|Eff:0.0|Dmg:0.0|Mod:1.00,狀態異常,無
聒噪鳥,基礎,10855,https://asia.pokemon-card.com/hk/card-img/hk00010855.png,寶可夢,70,Colorless,,,無伴奏合唱,Colorless,,從自己的牌庫選擇最多3張【基礎】寶可夢卡，放置於備戰區。並且重洗牌庫。,起風,Colorless,20,,,Lightning,,Fighting,1,58,normal,H,擴充包「狂野之力」,SV5K,GOTO minori,會發出與對手相同的叫聲，讓對方相信自己是同伴，<br/>藉此避免遭到襲擊。,聒噪鳥,,C+,9.00,Base:5.0|Meta:0.0|Exp:2.0|Func:2.0|Syn:0.0|Eff:0.0|Dmg:0.0|Mod:1.00,搜索效果,放置效果
陳舊的甲殼化石,,9021,https://asia.pokemon-card.com/hk/card-img/hk00009021.png,物品卡,,,,,,,,這張卡可作為HP60的【無】屬性的【基礎】寶可夢放置於場上。這張卡不會陷入特殊狀態，無法撤退。若在自己的回合中，則可將場上的這張卡丟棄。<br/><br/>[特性]甲殼鎧甲<br/>這隻寶可夢受到招式的傷害「-30」點。,,,,在自己的回合時，物品卡可不限張數使用。,,,,,,155,normal,G,強化擴充包「寶可夢卡牌151」,SV2a,AYUMI ODASHIMA,,,,B+,14.00,Base:7.0|Meta:0.0|Exp:2.0|Func:1.0|Syn:4.0|Eff:0.0|Dmg:0.0|Mod:1.00,撤退封鎖,"撤退效果, 放置效果, 特性效果, 狀態免疫"
陳舊的羽毛化石,,14188,https://asia.pokemon-card.com/hk/card-img/hk00014188.png,物品卡,,,羽毛守護,只要這隻寶可夢在備戰區，不會受到對手的寶可夢招式的傷害。,,,,這張卡可作為HP60的【無】屬性的【基礎】寶可夢放置於場上。這張卡不會陷入特殊狀態，無法撤退。若在自己的回合中，則可將場上的這張卡丟棄。,,,,,,,,,,81,normal,I,擴充包「純白閃焰」,SV11W,AYUMI ODASHIMA,,,,A,18.00,Base:7.0|Meta:0.0|Exp:3.0|Func:4.0|Syn:4.0|Eff:0.0|Dmg:0.0|Mod:1.00,"傷害防禦, 撤退封鎖, 效果免疫","撤退效果, 放置效果, 狀態免疫"
極限腰帶,,10863,https://asia.pokemon-card.com/hk/card-img/hk00010863.png,寶可夢道具,,,,,,,,附有這張卡的寶可夢使用的招式，對對手的戰鬥場的「寶可夢【ex】」造成的傷害「+50」點。,,,,,,,,,,66,normal,H,擴充包「狂野之力」,SV5K,inose yukie,,,,C+,10.00,Base:6.0|Meta:0.0|Exp:2.0|Func:2.0|Syn:0.0|Eff:0.0|Dmg:0.0|Mod:1.00,"HP提升, 傷害效果",無
陳舊的貝殼化石,,9020,https://asia.pokemon-card.com/hk/card-img/hk00009020.png,物品卡,,,,,,,,這張卡可作為HP60的【無】屬性的【基礎】寶可夢放置於場上。這張卡不會陷入特殊狀態，無法撤退。若在自己的回合中，則可將場上的這張卡丟棄。<br/><br/>[特性]貝殼潮漩<br/>只要這隻寶可夢在戰鬥場上，對手無法從手牌使出競技場卡。,,,,在自己的回合時，物品卡可不限張數使用。,,,,,,154,normal,G,強化擴充包「寶可夢卡牌151」,SV2a,AYUMI ODASHIMA,,,,B+,16.00,Base:7.0|Meta:0.0|Exp:2.0|Func:3.0|Syn:4.0|Eff:0.0|Dmg:0.0|Mod:1.00,撤退封鎖,"丟棄效果, 撤退效果, 放置效果, 特性效果, 狀態免疫, 競技場效果"
陳舊的背蓋化石,,14101,https://asia.pokemon-card.com/hk/card-img/hk00014101.png,物品卡,,,背蓋守護,這隻寶可夢不會受到對手的寶可夢使用招式的效果的影響。,,,,這張卡可作為HP60的【無】屬性的【基礎】寶可夢放置於場上。這張卡不會陷入特殊狀態，無法撤退。若在自己的回合中，則可將場上的這張卡丟棄。,,,,,,,,,,80,normal,H,擴充包「漆黑伏特」,SV11B,AYUMI ODASHIMA,,,,A,17.00,Base:7.0|Meta:0.0|Exp:3.0|Func:3.0|Syn:4.0|Eff:0.0|Dmg:0.0|Mod:1.00,"撤退封鎖, 效果免疫","撤退效果, 放置效果, 狀態免疫"
陳舊的根狀化石,,11881,https://asia.pokemon-card.com/hk/card-img/hk00011881.png,物品卡,,,‌原始根,只要這隻寶可夢在戰鬥場上，對手的【基礎】寶可夢使用招式所需的能量增加1個【無】能量。,,,,這張卡可作為HP60的【無】屬性的【基礎】寶可夢放置於場上。這張卡不會陷入特殊狀態，無法撤退。<br/>若在自己的回合中，則可將場上的這張卡丟棄。,,,,,,,,,,90,normal,H,擴充包「星晶奇跡」,SV7,AYUMI ODASHIMA,,,,A,19.00,Base:7.0|Meta:0.0|Exp:3.0|Func:5.0|Syn:4.0|Eff:0.0|Dmg:0.0|Mod:1.00,"撤退封鎖, 能量需求增加","撤退效果, 放置效果, 狀態免疫"
陳舊的秘密琥珀,,9022,https://asia.pokemon-card.com/hk/card-img/hk00009022.png,物品卡,,,,,,,,這張卡可作為HP60的【無】屬性的【基礎】寶可夢放置於場上。這張卡不會陷入特殊狀態，無法撤退。若在自己的回合中，則可將場上的這張卡丟棄。<br/><br/>[特性]琥珀守護<br/>這隻寶可夢不會受到對手的寶可夢特性效果的影響。,,,,在自己的回合時，物品卡可不限張數使用。,,,,,,156,normal,G,強化擴充包「寶可夢卡牌151」,SV2a,AYUMI ODASHIMA,,,,B+,16.00,Base:7.0|Meta:0.0|Exp:2.0|Func:3.0|Syn:4.0|Eff:0.0|Dmg:0.0|Mod:1.00,"撤退封鎖, 效果免疫","丟棄效果, 撤退效果, 放置效果, 特性效果, 狀態免疫"
新衝天能量,,10868,https://asia.pokemon-card.com/hk/card-img/hk00010868.png,特殊能量卡,,,,,,,,只要這張卡附於寶可夢身上，視為提供1個【無】能量。<br/><br/>若附於【2階進化】寶可夢身上，則視為提供2個所有屬性的能量。,,,,,,,,,,71,normal,H,擴充包「狂野之力」,SV5K,,,,,B+,14.00,Base:5.0|Meta:0.0|Exp:2.0|Func:5.0|Syn:2.0|Eff:0.0|Dmg:0.0|Mod:1.00,"特殊能量, 進化支援",無
強顎雞母蟲,基礎,10878,https://asia.pokemon-card.com/hk/card-img/hk00010878.png,寶可夢,70,Grass,,,群聚,Colorless,,從自己的牌庫選擇最多2張「強顎雞母蟲」，放置於備戰區。並且重洗牌庫。,夾住,"Colorless,Colorless",10,,,Fire,,,1,10,normal,H,擴充包「異度審判」,SV5M,Kagemaru Himeno,強顎雞母蟲大大的顎部擁有能夠折斷粗壯樹枝的威力。<br/>連天敵稚山雀都會因此逃跑。,強顎雞母蟲 → 蟲電寶 → 鍬農炮蟲GX → 鍬農炮蟲,,C+,9.00,Base:5.0|Meta:0.0|Exp:2.0|Func:2.0|Syn:0.0|Eff:0.0|Dmg:0.0|Mod:1.00,搜索效果,放置效果
強顎雞母蟲,基礎,11798,https://asia.pokemon-card.com/hk/card-img/hk00011798.png,寶可夢,70,Grass,,,伏擊,"Colorless,Colorless",10+,擲1次硬幣若為正面，則增加30點傷害。,,,,,,Fire,,,2,7,normal,H,擴充包「星晶奇跡」,SV7,Jerky,會吐出黏糊糊的絲纏住樹枝<br/>並猶如擺錘般地晃動身體，<br/>藉此在樹木之間輕巧地移動。,強顎雞母蟲 → 蟲電寶 → 鍬農炮蟲GX → 鍬農炮蟲,,B,12.00,Base:5.0|Meta:0.0|Exp:3.0|Func:0.0|Syn:2.0|Eff:0.0|Dmg:2.0|Mod:1.00,"條件傷害, 硬幣判定",無
鐵斑葉ex,基礎,10884,https://asia.pokemon-card.com/hk/card-img/hk00010884.png,寶可夢,220,Grass,迅速游標,在自己的回合，從手牌將這張卡放置於備戰區時，可使用1次。將這隻寶可夢與戰鬥寶可夢互換。互換的情況下，選擇自己的場上寶可夢身上附加的任意數量的能量卡，改附於這隻寶可夢身上。,稜鏡刀鋒,"Grass,Grass,Colorless",180,在下個自己的回合，這隻寶可夢無法使用招式。,,,,,,Fire,,,1,16,normal,H,擴充包「異度審判」,SV5M,5ban Graphics,,鐵斑葉ex,ex,A+,20.00,Base:5.0|Meta:0.0|Exp:2.0|Func:8.0|Syn:0.0|Eff:0.0|Dmg:5.0|Mod:1.00,"使用限制, 切換效果, 招式鎖定, 能量操作",放置效果
熔岩蝸牛,1階進化,10886,https://asia.pokemon-card.com/hk/card-img/hk00010886.png,寶可夢,120,Fire,熔岩地域,只要這隻寶可夢在場上，在對手的回合，每次對手的戰鬥寶可夢回到備戰區時，將新上場的寶可夢【灼傷】。,高溫爆破,"Fire,Colorless,Colorless",100,,,,,,,Water,,,4,18,normal,H,擴充包「異度審判」,SV5M,Mitsuhiro Arita,背上的殼很容易崩裂，循環在體內的高熱火焰<br/>會不時噴發出來。,熔岩蟲 → 熔岩蝸牛 → 熔岩蝸牛GX → 熔岩蝸牛ex,,B,13.00,Base:5.0|Meta:0.0|Exp:2.0|Func:3.0|Syn:0.0|Eff:0.0|Dmg:3.0|Mod:1.00,其他效果,無
火斑喵,基礎,10888,https://asia.pokemon-card.com/hk/card-img/hk00010888.png,寶可夢,70,Fire,,,擊掌奇襲,Fire,10,擲1次硬幣若為正面，則將對手的戰鬥寶可夢【麻痺】。,,,,,,Water,,,2,20,normal,H,擴充包「異度審判」,SV5M,REND,一有時間就會去舔身體整理毛髮。會燃燒積在腹中<br/>的落毛來使出火屬性招式。,火斑喵 → 炎熱喵 → 熾焰咆哮虎 → 熾焰咆哮虎GX → 熾焰咆哮虎ex,,B,11.00,Base:5.0|Meta:0.0|Exp:2.0|Func:2.0|Syn:2.0|Eff:0.0|Dmg:0.0|Mod:1.00,"狀態異常, 硬幣判定",無
炎熱喵,1階進化,10889,https://asia.pokemon-card.com/hk/card-img/hk00010889.png,寶可夢,100,Fire,,,咬住,Fire,30,,閃焰強襲,"Fire,Colorless,Colorless",80,在下個自己的回合，這隻寶可夢無法使用「閃焰強襲」。,,Water,,,2,21,normal,H,擴充包「異度審判」,SV5M,Saya Tsuruta,脖子根部的火囊在進入戰鬥狀態後火力就會上升，<br/>並發出像鈴鐺般的聲音。,火斑喵 → 炎熱喵 → 熾焰咆哮虎 → 熾焰咆哮虎GX → 熾焰咆哮虎ex,,C+,9.00,Base:5.0|Meta:0.0|Exp:2.0|Func:0.0|Syn:0.0|Eff:0.0|Dmg:2.0|Mod:1.00,招式鎖定,無
熾焰咆哮虎ex,2階進化,10890,https://asia.pokemon-card.com/hk/card-img/hk00010890.png,寶可夢,320,Fire,喧鬧競技,這隻寶可夢使用招式所需的【無】能量，減少對手的備戰寶可夢的數量。,火焰炸彈,"Fire,Colorless,Colorless,Colorless,Colorless",240,將對手的戰鬥寶可夢【灼傷】。,,,,,,Water,,,2,22,normal,H,擴充包「異度審判」,SV5M,N-DESIGN Inc.,,火斑喵 → 炎熱喵 → 熾焰咆哮虎 → 熾焰咆哮虎GX → 熾焰咆哮虎ex,ex,A,18.00,Base:5.0|Meta:0.0|Exp:2.0|Func:5.0|Syn:0.0|Eff:0.0|Dmg:6.0|Mod:1.00,"其他效果, 簡單灼傷",無
電擊魔獸,1階進化,10894,https://asia.pokemon-card.com/hk/card-img/hk00010894.png,寶可夢,140,Lightning,,,漏電關節,"Colorless,Colorless",40+,若對手的場上有【水】寶可夢，則增加120點傷害。,電氣猛擊,"Lightning,Lightning,Colorless,Colorless",140,,,Fighting,,,3,26,normal,H,擴充包「異度審判」,SV5M,Yuya Oka,發電量與心跳數成正比。當牠面臨戰鬥的時候，<br/>電壓就會急速飆升。,電擊獸 → 電擊魔獸 → 電擊魔獸ex,,A,17.00,Base:5.0|Meta:0.0|Exp:2.0|Func:2.0|Syn:4.0|Eff:0.0|Dmg:4.0|Mod:1.00,條件傷害,無
電擊魔獸,1階進化,11820,https://asia.pokemon-card.com/hk/card-img/hk00011820.png,寶可夢,150,Lightning,,,電氣猛擊,Lightning,40,,雷電在地,"Lightning,Lightning",220,在下個自己的回合，自己的所有寶可夢無法使用招式。（包含新上場的寶可夢。）,,Fighting,,,3,29,normal,H,擴充包「星晶奇跡」,SV7,chibi,會用尾巴前端抵住對手，<br/> 然後在一瞬間注入<br/> 超過２萬伏特的電流。,電擊獸 → 電擊魔獸 → 電擊魔獸ex,,B+,14.00,Base:5.0|Meta:0.0|Exp:3.0|Func:0.0|Syn:0.0|Eff:0.0|Dmg:6.0|Mod:1.00,"使用限制, 全體防禦, 招式鎖定",無
蟲電寶,1階進化,10895,https://asia.pokemon-card.com/hk/card-img/hk00010895.png,寶可夢,100,Lightning,,,劈哩啪啦,"Lightning,Lightning",60,,,,,,,Fighting,,,2,27,normal,H,擴充包「異度審判」,SV5M,Misa Tsutsui,用結實的外殼保護自己。會從顎部的尖端<br/>放出電流反擊對手。,強顎雞母蟲 → 蟲電寶 → 鍬農炮蟲GX → 鍬農炮蟲,,C+,9.00,Base:5.0|Meta:0.0|Exp:2.0|Func:0.0|Syn:0.0|Eff:0.0|Dmg:2.0|Mod:1.00,無,無
蟲電寶,1階進化,11825,https://asia.pokemon-card.com/hk/card-img/hk00011825.png,寶可夢,80,Lightning,,,並排,Lightning,,從自己的牌庫選擇最多3張「蟲電寶」，放置於備戰區。並且重洗牌庫。,,,,,,Fighting,,,2,34,normal,H,擴充包「星晶奇跡」,SV7,Makura Tami,蟲電寶消化吃掉的落葉時<br/> 會產生電能，並將其存下。<br/> 會從顎部尖端放出電流。,強顎雞母蟲 → 蟲電寶 → 鍬農炮蟲GX → 鍬農炮蟲,,C+,10.00,Base:5.0|Meta:0.0|Exp:3.0|Func:2.0|Syn:0.0|Eff:0.0|Dmg:0.0|Mod:1.00,搜索效果,放置效果
鍬農炮蟲,2階進化,10896,https://asia.pokemon-card.com/hk/card-img/hk00010896.png,寶可夢,160,Lightning,,,音速伏特,Lightning,50,,串聯加農炮,"Lightning,Lightning",120+,增加自己的備戰區的「蟲電寶」的數量×80點傷害。,,Fighting,,,2,28,normal,H,擴充包「異度審判」,SV5M,Hitoshi Ariga,用腹部發電，並把電力集中在大大的顎部，<br/>釋放出能量驚人的光束。,強顎雞母蟲 → 蟲電寶 → 鍬農炮蟲GX → 鍬農炮蟲,,B,13.00,Base:5.0|Meta:0.0|Exp:2.0|Func:1.0|Syn:0.0|Eff:0.0|Dmg:5.0|Mod:1.00,備戰傷害加成,無
鍬農炮蟲,2階進化,11826,https://asia.pokemon-card.com/hk/card-img/hk00011826.png,寶可夢,160,Lightning,,,伏特替換,Lightning,90,將這隻寶可夢與備戰區的【雷】寶可夢互換。,閃雷攻擊,"Lightning,Lightning,Colorless,Colorless",240,,,Fighting,,,1,35,normal,H,擴充包「星晶奇跡」,SV7,Shiburingaru,會抱住蟲電寶獲取電能，<br/> 然後從自己的大顎<br/> 連續發射強力的電磁光束。,強顎雞母蟲 → 蟲電寶 → 鍬農炮蟲GX → 鍬農炮蟲,,A,17.00,Base:5.0|Meta:0.0|Exp:3.0|Func:3.0|Syn:0.0|Eff:0.0|Dmg:6.0|Mod:1.00,切換效果,無
鐵荊棘,基礎,10898,https://asia.pokemon-card.com/hk/card-img/hk00010898.png,寶可夢,140,Lightning,,,壞死壓榨,"Lightning,Colorless",70×,將自己的牌庫上方5張卡翻到正面，造成其中的「未來」卡的張數×70點傷害。將翻到正面的「未來」卡丟棄，將剩餘卡放回牌庫並重洗。,百萬噸金勾臂,"Lightning,Lightning,Lightning,Colorless",140,,,Fighting,,,3,30,normal,H,擴充包「異度審判」,SV5M,Takeshi Nakamura,有一部分的特徵與某本探險記裡以鐵荊棘<br/><br/>來介紹的物體一致。,鐵荊棘,,B,12.00,Base:5.0|Meta:0.0|Exp:2.0|Func:1.0|Syn:0.0|Eff:0.0|Dmg:4.0|Mod:1.00,"傷害效果, 棄牌區傷害加成",無
萌虻,基礎,10901,https://asia.pokemon-card.com/hk/card-img/hk00010901.png,寶可夢,30,Psychic,,,小吸取,Colorless,10,將這隻寶可夢恢復「10」HP。,,,,,,Metal,,,1,33,normal,H,擴充包「異度審判」,SV5M,Sekio,花粉和花蜜是萌虻的最愛。為了採集幼棉棉的花粉，<br/>萌虻會在牠們附近飛來飛去。,萌虻 → 蝶結萌虻,,C+,9.00,Base:5.0|Meta:0.0|Exp:2.0|Func:2.0|Syn:0.0|Eff:0.0|Dmg:0.0|Mod:1.00,回復效果,無
蝶結萌虻,1階進化,10902,https://asia.pokemon-card.com/hk/card-img/hk00010902.png,寶可夢,70,Psychic,,,多餘花粉,Colorless,30,在下個自己的回合，受到這個招式的寶可夢【昏厥】時，多獲得2張獎賞卡。,,,,,,Metal,,,0,34,normal,H,擴充包「異度審判」,SV5M,Tika Matsuno,用花粉和花蜜製作團子。依調配的種類和劑量不同，<br/>團子的效果也不一樣。,萌虻 → 蝶結萌虻,,C,8.00,Base:5.0|Meta:0.0|Exp:2.0|Func:0.0|Syn:0.0|Eff:0.0|Dmg:1.0|Mod:1.00,獎賞控制,無
鐵武者,基礎,10903,https://asia.pokemon-card.com/hk/card-img/hk00010903.png,寶可夢,130,Psychic,,,演算,Psychic,,查看自己的牌庫上方4張卡，以任意順序排列，放回牌庫上方。,莊嚴之劍,"Psychic,Psychic,Colorless",100+,在這個回合，若從手牌使出了「未來」支援者卡，則增加100點傷害。,,Metal,,,2,35,normal,H,擴充包「異度審判」,SV5M,chibi,牠有可能就是在某本探險記裡，以鐵武者這個<br/><br/>名字被記載下來的物體。,鐵武者,,B+,15.00,Base:5.0|Meta:0.0|Exp:2.0|Func:1.0|Syn:2.0|Eff:0.0|Dmg:5.0|Mod:1.00,"情報收集, 條件傷害",無
鐵武者,基礎,10995,https://asia.pokemon-card.com/hk/card-img/hk00010995.png,寶可夢,130,Psychic,,,雙生鐳射,Colorless,20,對手的1隻備戰寶可夢也受到20點傷害。[在備戰區不計算弱點・抵抗力。],意念之刃,"Psychic,Psychic,Colorless",120,在下個自己的回合，這隻寶可夢無法使用「意念之刃」。,,Metal,,,2,8,normal,H,起始組合「未來密勒頓ex」,SVHM,takuyoa,牠有可能就是在某本探險記裡，以鐵武者這個<br/><br/>名字被記載下來的物體。,鐵武者,,B+,14.00,Base:5.0|Meta:0.0|Exp:2.0|Func:3.0|Syn:0.0|Eff:0.0|Dmg:4.0|Mod:1.00,"招式鎖定, 連鎖傷害",無
龍頭地鼠,1階進化,10908,https://asia.pokemon-card.com/hk/card-img/hk00010908.png,寶可夢,130,Fighting,,,泥巴射擊,Colorless,20,,狂野衝撞,"Fighting,Fighting,Colorless",180,這隻寶可夢也受到50點傷害。,,Grass,,,2,40,normal,H,擴充包「異度審判」,SV5M,Bun Toujo,有許多看似自然形成的洞窟其實都是龍頭地鼠<br/>一陣亂鑽之後留下來的。,螺釘地鼠 → 龍頭地鼠 → 龍頭地鼠ex,,B,12.00,Base:5.0|Meta:0.0|Exp:2.0|Func:0.0|Syn:0.0|Eff:0.0|Dmg:5.0|Mod:1.00,反噬傷害,無
龍頭地鼠,1階進化,11955,https://asia.pokemon-card.com/hk/card-img/hk00011955.png,寶可夢,120,Fighting,,,挖洞爪,Colorless,20,將對手的牌庫上方1張卡丟棄。,鑽粉碎,"Fighting,Colorless",60+,若自己的備戰區有【鋼】寶可夢，則增加80點傷害。,,Grass,,,2,29,normal,H,強化擴充包「樂園騰龍」,SV7a,Yuya Oka,進化為鋼的鑽頭有著<br/>能穿透鐵板的破壞力。<br/>在隧道工程裡可幫上大忙。,螺釘地鼠 → 龍頭地鼠 → 龍頭地鼠ex,,B+,16.00,Base:5.0|Meta:0.0|Exp:3.0|Func:3.0|Syn:2.0|Eff:0.0|Dmg:3.0|Mod:1.00,條件傷害,丟棄效果
鐵磐岩ex,基礎,10909,https://asia.pokemon-card.com/hk/card-img/hk00010909.png,寶可夢,240,Fighting,,,還擊斧,"Fighting,Colorless",60,在下個對手的回合，這隻寶可夢受到招式的傷害時，在使用招式的寶可夢身上放置8個傷害指示物。,力量踩踏,"Fighting,Fighting,Colorless",200,選擇2個這隻寶可夢身上附加的能量，將其丟棄。,,Grass,,,3,41,normal,H,擴充包「異度審判」,SV5M,5ban Graphics,,鐵磐岩ex,ex,A,18.00,Base:5.0|Meta:0.0|Exp:2.0|Func:5.0|Syn:0.0|Eff:0.0|Dmg:6.0|Mod:1.00,"傷害指示物, 能量操作",無
奇麒麟ex,1階進化,10910,https://asia.pokemon-card.com/hk/card-img/hk00010910.png,寶可夢,260,Darkness,尾甲,這隻寶可夢不會受到對手的【基礎】寶可夢的「寶可夢【ex】」招式的傷害。,惡劣光束,"Psychic,Colorless,Colorless",160,對手的1隻備戰寶可夢也受到30點傷害。[在備戰區不計算弱點・抵抗力。],,,,,,Grass,,,2,42,normal,H,擴充包「異度審判」,SV5M,5ban Graphics,,麒麟奇 → 奇麒麟 → 奇麒麟ex,"太晶,ex",B+,15.00,Base:5.0|Meta:0.0|Exp:2.0|Func:3.0|Syn:0.0|Eff:0.0|Dmg:5.0|Mod:1.00,"傷害防禦, 效果免疫, 連鎖傷害",無
巨鉗螳螂ex,1階進化,10912,https://asia.pokemon-card.com/hk/card-img/hk00010912.png,寶可夢,270,Metal,,,鋼翼,"Colorless,Colorless",70,在下個對手的回合，這隻寶可夢受到招式的傷害「-50」點。,十字破壞,"Metal,Metal",120×,將最多2張這隻寶可夢身上附加的【鋼】能量卡丟棄，造成其張數×120點傷害。,,Fire,,Grass,2,44,normal,H,擴充包「異度審判」,SV5M,toriyufu,,飛天螳螂 → 巨鉗螳螂 → 劈斧螳螂 → 巨鉗螳螂GX → 巨鉗螳螂ex,ex,A+,20.00,Base:5.0|Meta:0.0|Exp:2.0|Func:5.0|Syn:0.0|Eff:0.0|Dmg:8.0|Mod:1.00,"傷害效果, 其他效果, 棄牌區傷害加成, 能量操作",無
鐵啞鈴,基礎,10914,https://asia.pokemon-card.com/hk/card-img/hk00010914.png,寶可夢,70,Metal,,,豎爪,Metal,10,,鐵之衝撞,"Metal,Colorless,Colorless",50,這隻寶可夢也受到10點傷害。,,Fire,,Grass,1,46,normal,H,擴充包「異度審判」,SV5M,hatachu,會從臀部放出磁力將敵人迅猛地吸到身邊，<br/>再以銳利的爪子刺穿對方。,鐵啞鈴 → 金屬怪 → 巨金怪 → 巨金怪GX,,C,8.00,Base:5.0|Meta:0.0|Exp:2.0|Func:0.0|Syn:0.0|Eff:0.0|Dmg:1.0|Mod:1.00,反噬傷害,無
金屬怪,1階進化,10915,https://asia.pokemon-card.com/hk/card-img/hk00010915.png,寶可夢,100,Metal,金屬製造者,在自己的回合時可使用1次。查看自己的牌庫上方4張卡，從其中選擇任意數量的「基本【鋼】能量」卡，以任意方式附於自己的寶可夢身上。將剩餘卡全部翻回反面並重洗，放回牌庫下方。,光束,"Metal,Colorless,Colorless",60,,,,,,,Fire,,Grass,2,47,normal,H,擴充包「異度審判」,SV5M,Nobuhiro Imagawa,由２隻鐵啞鈴以磁力結合而成。因為有２個大腦，<br/>精神力量也強化成２倍了。,鐵啞鈴 → 金屬怪 → 巨金怪 → 巨金怪GX,,B,13.00,Base:5.0|Meta:0.0|Exp:2.0|Func:4.0|Syn:0.0|Eff:0.0|Dmg:2.0|Mod:1.00,搜索效果,無
巨金怪,2階進化,10916,https://asia.pokemon-card.com/hk/card-img/hk00010916.png,寶可夢,180,Metal,,,彗星拳,Metal,60,在下個自己的回合，這隻寶可夢「彗星拳」的傷害「+60」點。,潔淨爆破,"Metal,Colorless,Colorless,Colorless",200,選擇2個這隻寶可夢身上附加的能量，將其丟棄。,,Fire,,Grass,3,48,normal,H,擴充包「異度審判」,SV5M,Nurikabe,當氣溫下降到低於冰點時，磁力就會變強。因此棲息在<br/>雪山裡的巨金怪非常有活力。,鐵啞鈴 → 金屬怪 → 巨金怪 → 巨金怪GX,,B+,16.00,Base:5.0|Meta:0.0|Exp:2.0|Func:3.0|Syn:0.0|Eff:0.0|Dmg:6.0|Mod:1.00,"其他效果, 能量操作",無
巨金怪,2階進化,13033,https://asia.pokemon-card.com/hk/card-img/hk00013033.png,寶可夢,170,Psychic,,,砸碎,Psychic,60,,結合光束,"Psychic,Psychic",130+,若自己的備戰區有「鐵啞鈴」「金屬怪」，則增加150點傷害。,,Darkness,,Fighting,3,39,normal,I,擴充包「對戰搭檔」,SV9,Mitsuhiro Arita,會收起４隻腳飛行。<br/>據說４個大腦比<br/>超級電腦更優秀。,鐵啞鈴 → 金屬怪 → 巨金怪 → 巨金怪GX,,B+,16.00,Base:5.0|Meta:0.0|Exp:3.0|Func:1.0|Syn:2.0|Eff:0.0|Dmg:5.0|Mod:1.00,條件傷害,無
美錄坦,基礎,10917,https://asia.pokemon-card.com/hk/card-img/hk00010917.png,寶可夢,80,Metal,,,頭錘,"Metal,Metal",50,,,,,,,Fire,,Grass,3,49,normal,H,擴充包「異度審判」,SV5M,Taiga Kayama,會溶解金屬然後吃掉。透過讓液體金屬在體內<br/>循環來製造能量。,美錄坦 → 美錄梅塔 → 美錄梅塔GX → 美錄梅塔ex,,C,8.00,Base:5.0|Meta:0.0|Exp:2.0|Func:0.0|Syn:0.0|Eff:0.0|Dmg:1.0|Mod:1.00,無,無
美錄坦,基礎,11861,https://asia.pokemon-card.com/hk/card-img/hk00011861.png,寶可夢,70,Metal,,,搬運破爛,Metal,,從自己的牌庫選擇1張「寶可夢道具」卡，在給對手看過後加入手牌。並且重洗牌庫。,衝撞,"Metal,Colorless",30,,,Fire,,Grass,1,70,normal,H,擴充包「星晶奇跡」,SV7,Apios,會溶解金屬然後吃掉。<br/>透過讓液體金屬在體內<br/>循環來製造能量。,美錄坦 → 美錄梅塔 → 美錄梅塔GX → 美錄梅塔ex,,B,13.00,Base:5.0|Meta:0.0|Exp:3.0|Func:4.0|Syn:0.0|Eff:0.0|Dmg:1.0|Mod:1.00,"抽卡效果, 搜索效果",無
美錄梅塔,1階進化,10918,https://asia.pokemon-card.com/hk/card-img/hk00010918.png,寶可夢,160,Metal,,,頭突,"Metal,Metal,Colorless",120,,鐵之猛擊,"Metal,Metal,Metal,Metal,Colorless",230,,,Fire,,Grass,4,50,normal,H,擴充包「異度審判」,SV5M,Oswaldo KATO,壽命快到盡頭的時候，身體就會生鏽解體。到最後<br/>細小的碎片會復活為美錄坦。,美錄坦 → 美錄梅塔 → 美錄梅塔GX → 美錄梅塔ex,,B,13.00,Base:5.0|Meta:0.0|Exp:2.0|Func:0.0|Syn:0.0|Eff:0.0|Dmg:6.0|Mod:1.00,無,無
鐵轍跡,基礎,10919,https://asia.pokemon-card.com/hk/card-img/hk00010919.png,寶可夢,130,Metal,二重核心,只要這隻寶可夢身上附有「驅勁能量 未來」，這隻寶可夢改為【鬥】與【鋼】2種屬性。,路徑輪,"Metal,Colorless",60,選擇1個這隻寶可夢身上附加的能量，改附於備戰寶可夢身上。,,,,,,Fire,,Grass,2,51,normal,H,擴充包「異度審判」,SV5M,Tonji Matsuno,近年曾經有人目擊到牠。是與古老的探險記裡記載的<br/><br/>不明物體長得很像的寶可夢。,鐵轍跡,,B+,15.00,Base:5.0|Meta:0.0|Exp:2.0|Func:6.0|Syn:0.0|Eff:0.0|Dmg:2.0|Mod:1.00,"其他效果, 能量操作",無
大舌舔,1階進化,10922,https://asia.pokemon-card.com/hk/card-img/hk00010922.png,寶可夢,150,Colorless,,,泰山壓頂,"Colorless,Colorless",50,擲1次硬幣若為正面，則將對手的戰鬥寶可夢【麻痺】。,舔舔颶風,"Colorless,Colorless,Colorless,Colorless",70×,擲4次硬幣，造成正面出現的次數×70點傷害。,,Fighting,,,4,54,normal,H,擴充包「異度審判」,SV5M,kirisAki,神奇的舌頭能夠伸到身高的好幾倍遠。至今沒人能解開<br/>為什麼它會這麼神奇。,大舌頭 → 大舌舔,,A,17.00,Base:5.0|Meta:0.0|Exp:2.0|Func:2.0|Syn:2.0|Eff:0.0|Dmg:6.0|Mod:1.00,"傷害效果, 狀態異常, 硬幣判定",無
向尾喵,基礎,10923,https://asia.pokemon-card.com/hk/card-img/hk00010923.png,寶可夢,60,Colorless,,,呼朋引伴,Colorless,,從自己的牌庫選擇1張【基礎】寶可夢卡，放置於備戰區。並且重洗牌庫。,撞擊,"Colorless,Colorless",20,,,Fighting,,,1,55,normal,H,擴充包「異度審判」,SV5M,Atsuko Nishida,看見在動的東西會不由自主地追上去。會追著自己的尾巴，<br/>一圈圈地原地打轉。,向尾喵 → 優雅貓,,C+,9.00,Base:5.0|Meta:0.0|Exp:2.0|Func:2.0|Syn:0.0|Eff:0.0|Dmg:0.0|Mod:1.00,搜索效果,放置效果
優雅貓,1階進化,10924,https://asia.pokemon-card.com/hk/card-img/hk00010924.png,寶可夢,110,Colorless,,,擺尾蠱惑,Colorless,30,將對手的戰鬥寶可夢【混亂】。,能量攪拌,"Colorless,Colorless,Colorless",110,選擇自己的場上寶可夢身上附加的任意數量的能量卡，以任意方式改附於自己的寶可夢身上。,,Fighting,,,1,56,normal,H,擴充包「異度審判」,SV5M,Keisin,最討厭骯髒的地方。總是待在舒適的地方<br/>打理自己的毛髮。,向尾喵 → 優雅貓,,A,19.00,Base:5.0|Meta:0.0|Exp:2.0|Func:7.0|Syn:2.0|Eff:0.0|Dmg:3.0|Mod:1.00,"狀態異常, 能量操作",無
老翁龍,基礎,10928,https://asia.pokemon-card.com/hk/card-img/hk00010928.png,寶可夢,120,Colorless,,,重摑,Colorless,20,,盛怒炮,"Colorless,Colorless,Colorless",100+,若自己的所有備戰寶可夢身上都放置有傷害指示物，則增加120點傷害。,,Fighting,,,2,60,normal,H,擴充包「異度審判」,SV5M,Toshinao Aoki,住在海拔超過３０００公尺的山上。偶爾也會來到城鎮，<br/>與住在那裡的孩子們一起玩耍。,老翁龍,,B+,15.00,Base:5.0|Meta:0.0|Exp:2.0|Func:1.0|Syn:2.0|Eff:0.0|Dmg:5.0|Mod:1.00,"傷害指示物, 條件傷害",無
老翁龍,基礎,9313,https://asia.pokemon-card.com/hk/card-img/hk00009313.png,寶可夢,120,Dragon,,,逆鱗,"Colorless,Colorless",60+,增加這隻寶可夢身上放置的傷害指示物的數量×10點傷害。,,,,,,,,,2,91,normal,G,ex初階牌組,SVD,hatachu,心地善良愛親近人，但只要生氣就會<br/>颳起強風吹倒一切。,老翁龍,,C+,10.00,Base:5.0|Meta:0.0|Exp:2.0|Func:0.0|Syn:0.0|Eff:0.0|Dmg:3.0|Mod:1.00,"備戰傷害加成, 傷害指示物",無
頂尖捕捉器,,14396,https://asia.pokemon-card.com/hk/card-img/hk00014396.png,物品卡,,,,,,,,選擇1隻對手的備戰寶可夢，與戰鬥寶可夢互換。然後，將自己的戰鬥寶可夢與備戰寶可夢互換。,,,,,,,,,,14,normal,I,挑戰牌組「超級耿鬼ex」,MBG,Toyste Beach,,,,B,11.00,Base:7.0|Meta:0.0|Exp:-1.0|Func:5.0|Syn:0.0|Eff:0.0|Dmg:0.0|Mod:1.00,切換效果,無
勝利之證(亞軍),,13103,https://asia.pokemon-card.com/hk/card-img/hk00013103.png,物品卡,,,,,,,,擲1次硬幣若為正面，則從自己的牌庫選擇1張寶可夢卡，在給對手看過後加入手牌。並且重洗牌庫。,,,,在自己的回合時，物品卡可不限張數使用。,,,,,,SV-P,n/a,G,特典卡 朱&紫,SV,5ban Graphics,,,,B+,15.00,Base:7.0|Meta:0.0|Exp:2.0|Func:4.0|Syn:2.0|Eff:0.0|Dmg:0.0|Mod:1.00,"抽卡效果, 搜索效果, 硬幣判定",無
英雄斗篷,,10932,https://asia.pokemon-card.com/hk/card-img/hk00010932.png,寶可夢道具,,,,,,,,附有這張卡的寶可夢的最大HP「+100」。,,,,,,,,,,64,normal,H,擴充包「異度審判」,SV5M,Toyste Beach,,,,C+,9.00,Base:6.0|Meta:0.0|Exp:2.0|Func:1.0|Syn:0.0|Eff:0.0|Dmg:0.0|Mod:1.00,HP提升,無
沉重接力棒,,10934,https://asia.pokemon-card.com/hk/card-img/hk00010934.png,寶可夢道具,,,,,,,,附有這張卡的【撤退】所需的能量為4個的寶可夢，在戰鬥場上受到對手的寶可夢招式的傷害而【昏厥】時，選擇最多3張那隻寶可夢身上附加的基本能量卡，以任意方式改附於自己的備戰寶可夢身上。,,,,,,,,,,66,normal,H,擴充包「異度審判」,SV5M,Ayaka Yoshida,,,,A,18.00,Base:6.0|Meta:0.0|Exp:2.0|Func:8.0|Syn:2.0|Eff:0.0|Dmg:0.0|Mod:1.00,"撤退干擾, 能量操作",撤退效果
勝利之證(季軍),,13610,https://asia.pokemon-card.com/hk/card-img/hk00013610.png,物品卡,,,,,,,,擲1次硬幣若為正面，則從自己的牌庫選擇1張寶可夢卡，在給對手看過後加入手牌。並且重洗牌庫。,,,,在自己的回合時，物品卡可不限張數使用。,,,,,,SV-P,n/a,G,特典卡 朱&紫,SV,5ban Graphics,,,,B+,15.00,Base:7.0|Meta:0.0|Exp:2.0|Func:4.0|Syn:2.0|Eff:0.0|Dmg:0.0|Mod:1.00,"抽卡效果, 搜索效果, 硬幣判定",無
勝利之證(冠軍),,13608,https://asia.pokemon-card.com/hk/card-img/hk00013608.png,物品卡,,,,,,,,擲1次硬幣若為正面，則從自己的牌庫選擇1張寶可夢卡，在給對手看過後加入手牌。並且重洗牌庫。,,,,在自己的回合時，物品卡可不限張數使用。,,,,,,SV-P,n/a,G,特典卡 朱&紫,SV,5ban Graphics,,,,B+,15.00,Base:7.0|Meta:0.0|Exp:2.0|Func:4.0|Syn:2.0|Eff:0.0|Dmg:0.0|Mod:1.00,"抽卡效果, 搜索效果, 硬幣判定",無
博士的研究,,12012,https://asia.pokemon-card.com/hk/card-img/hk00012012.png,支援者卡,,,,,,,,將自己的手牌全部丟棄，從牌庫抽出7張卡。,,,,,,,,,,113,promo,G,特典卡 朱&紫,SV,kirisAki,,,,A+,20.00,Base:8.0|Meta:5.0|Exp:2.0|Func:3.0|Syn:2.0|Eff:0.0|Dmg:0.0|Mod:1.00,"抽卡效果, 搜索效果",無
薄霧能量,,10939,https://asia.pokemon-card.com/hk/card-img/hk00010939.png,特殊能量卡,,,,,,,,只要這張卡附於寶可夢身上，視為提供1個【無】能量。<br/><br/>附有這張卡的寶可夢不會受到對手的寶可夢使用招式的效果的影響。（已經受到的效果不會消除。）,,,,,,,,,,71,normal,H,擴充包「異度審判」,SV5M,,,,,B,11.00,Base:5.0|Meta:0.0|Exp:2.0|Func:4.0|Syn:0.0|Eff:0.0|Dmg:0.0|Mod:1.00,"效果免疫, 特殊能量",無
向日種子,基礎,11285,https://asia.pokemon-card.com/hk/card-img/hk00011285.png,寶可夢,40,Grass,,,種子機關槍,Grass,10×,擲4次硬幣，造成正面出現的次數×10點傷害。,,,,,,Fire,,,1,1,normal,H,擴充包「變幻假面」,SV6,Naoyo Kimura,十分弱小。即使遭到攻擊，<br/> 也只能勉勉強強地靠著<br/> 拼命揮舞葉子來趕走敵人。,向日種子 → 向日花怪,,C+,9.00,Base:5.0|Meta:0.0|Exp:3.0|Func:0.0|Syn:0.0|Eff:0.0|Dmg:1.0|Mod:1.00,"傷害效果, 硬幣判定",無
向日花怪,1階進化,11286,https://asia.pokemon-card.com/hk/card-img/hk00011286.png,寶可夢,100,Grass,,,光返,Grass,60×,造成對手的所有寶可夢身上附加的【火】能量的數量×60點傷害。,超級吸取,"Grass,Colorless",50,將這隻寶可夢恢復「30」HP。,,Fire,,,1,2,normal,H,擴充包「變幻假面」,SV6,Ounishi,由於會將沐浴到的陽光<br/> 轉換成能量，因此白天<br/> 總是一直面向著太陽。,向日種子 → 向日花怪,,S,23.00,Base:5.0|Meta:0.0|Exp:3.0|Func:7.0|Syn:0.0|Eff:0.0|Dmg:8.0|Mod:1.00,"備戰傷害加成, 傷害效果, 回復效果, 能量操作",無
電螢蟲,基礎,11288,https://asia.pokemon-card.com/hk/card-img/hk00011288.png,寶可夢,70,Grass,,,急速信號,Colorless,,這個招式可在先攻玩家的最初回合使用。從自己的牌庫選擇最多2張【基礎】寶可夢卡，放置於備戰區。並且重洗牌庫。,聯合攻擊,"Colorless,Colorless",20+,若自己的備戰區有「甜甜螢」，則增加60點傷害。,,Fire,,,1,4,normal,H,擴充包「變幻假面」,SV6,Orca,會閃爍臀部的光芒<br/> 來與夥伴交流。最喜歡<br/> 甜甜螢放出的甜甜香氣。,電螢蟲,,B+,14.00,Base:5.0|Meta:0.0|Exp:3.0|Func:2.0|Syn:2.0|Eff:0.0|Dmg:2.0|Mod:1.00,"搜索效果, 條件傷害",放置效果
甜甜螢,基礎,11289,https://asia.pokemon-card.com/hk/card-img/hk00011289.png,寶可夢,70,Grass,,,慢芬香,Colorless,,這個招式只可在後攻玩家的最初回合使用。選擇1隻對手的備戰寶可夢，將那隻寶可夢與附加的卡全部放回對手的牌庫並重洗。,滑翔,"Grass,Colorless",30,,,Fire,,,1,5,normal,H,擴充包「變幻假面」,SV6,Orca,會誘導電螢蟲在夜空中<br/> 描繪記號。也有些學者<br/> 在研究記號的含意。,甜甜螢,,B+,16.00,Base:5.0|Meta:0.0|Exp:3.0|Func:5.0|Syn:2.0|Eff:0.0|Dmg:1.0|Mod:1.00,搜索效果,無
敲音猴,基礎,11292,https://asia.pokemon-card.com/hk/card-img/hk00011292.png,寶可夢,70,Grass,,,踢飛,Grass,10,,木枝突刺,"Grass,Grass",30,,,Fire,,,1,8,normal,H,擴充包「變幻假面」,SV6,Tomomi Ozaki,當牠用特別的木棒敲奏時，<br/> 能夠給予花草活力的力量<br/> 就會變成音波擴散開來。,敲音猴 → 啪咚猴 → 轟擂金剛猩,,C+,9.00,Base:5.0|Meta:0.0|Exp:3.0|Func:0.0|Syn:0.0|Eff:0.0|Dmg:1.0|Mod:1.00,無,無
啪咚猴,1階進化,11293,https://asia.pokemon-card.com/hk/card-img/hk00011293.png,寶可夢,100,Grass,衝衝鼓,若自己的戰鬥寶可夢為擁有特性「祭典樂舞」的寶可夢，則在自己的回合時可使用1次。從自己的牌庫任意選擇1張卡加入手牌。並且重洗牌庫。,敲擊,"Grass,Grass",50,,,,,,,Fire,,,2,9,normal,H,擴充包「變幻假面」,SV6,GOSSAN,越是能用２根木棒敲奏出<br/> 激烈節拍的啪咚猴，越是<br/> 能獲得夥伴們的尊敬。,敲音猴 → 啪咚猴 → 轟擂金剛猩,,B,11.00,Base:5.0|Meta:0.0|Exp:3.0|Func:2.0|Syn:0.0|Eff:0.0|Dmg:1.0|Mod:1.00,"抽卡效果, 搜索效果",特性效果
轟擂金剛猩,2階進化,11294,https://asia.pokemon-card.com/hk/card-img/hk00011294.png,寶可夢,180,Grass,,,鼓擊,Grass,60,在下個對手的回合，受到這個招式的寶可夢使用招式所需的能量與【撤退】所需的能量，各增加1個【無】能量。,木槌,"Grass,Grass",180,這隻寶可夢也受到50點傷害。,,Fire,,,4,10,normal,H,擴充包「變幻假面」,SV6,toriyufu,能夠透過打鼓來控制<br/> 特別的樹樁中的力量，<br/> 操縱樹根進行戰鬥。,敲音猴 → 啪咚猴 → 轟擂金剛猩,,A,17.00,Base:5.0|Meta:0.0|Exp:3.0|Func:4.0|Syn:0.0|Eff:0.0|Dmg:5.0|Mod:1.00,"反噬傷害, 撤退干擾, 條件傷害, 能量需求增加",撤退效果
來悲粗茶,1階進化,11298,https://asia.pokemon-card.com/hk/card-img/hk00011298.png,寶可夢,70,Grass,,,詛咒水滴,Grass,,將4個傷害指示物以任意方式放置於對手的寶可夢身上。,傾瀉茶,Grass,70×,將最多3張自己的場上寶可夢身上附加的【草】能量卡丟棄，造成其張數×70點傷害。,,Fire,,,1,14,normal,H,擴充包「變幻假面」,SV6,Kouki Saitou,喜歡待在民宅的地板下或<br/> 架子深處等陰涼的地方。<br/> 日落後會四處徘徊尋找獵物。,斯魔茶 → 來悲粗茶 → 來悲粗茶ex,,S,23.00,Base:5.0|Meta:0.0|Exp:3.0|Func:5.0|Syn:2.0|Eff:0.0|Dmg:8.0|Mod:1.00,"傷害指示物, 傷害效果, 棄牌區傷害加成, 能量操作",無
厄鬼椪 碧草面具,基礎,11299,https://asia.pokemon-card.com/hk/card-img/hk00011299.png,寶可夢,110,Grass,,,步山,Colorless,,從自己的牌庫選擇最多2張基本能量卡，在給對手看過後加入手牌。並且重洗牌庫。,鬼返,"Grass,Colorless",20+,增加對手的備戰寶可夢的數量×20點傷害。,,Fire,,,1,15,normal,H,擴充包「變幻假面」,SV6,Sanosuke Sakuma,喜歡惡作劇，好奇心旺盛。<br/> 能激發出面具蘊藏的<br/> 屬性的能量來戰鬥。,厄鬼椪 碧草面具,,A,17.00,Base:5.0|Meta:0.0|Exp:3.0|Func:7.0|Syn:0.0|Eff:0.0|Dmg:2.0|Mod:1.00,"備戰傷害加成, 抽卡效果, 搜索效果",無
厄鬼椪 碧草面具,基礎,13213,https://asia.pokemon-card.com/hk/card-img/hk00013213.png,寶可夢,110,Grass,,,草之神樂,Colorless,,從自己的牌庫選擇1張「基本【草】能量」卡，附於自己的寶可夢身上。並且重洗牌庫。,鬼之錘,"Grass,Grass,Colorless",120,在下個自己的回合，這隻寶可夢無法使用「鬼之錘」。,,Fire,,,1,12,normal,I,強化擴充包「熱風競技場」,SV9a,Tomomi Ozaki,屬性會根據戴上的面具而改變。<br/>會用矯捷的身手和踢技<br/>將敵人玩弄於股掌之上。,厄鬼椪 碧草面具,,B+,15.00,Base:5.0|Meta:0.0|Exp:3.0|Func:3.0|Syn:0.0|Eff:0.0|Dmg:4.0|Mod:1.00,"招式鎖定, 搜索效果",無
厄鬼椪 碧草面具ex,基礎,11300,https://asia.pokemon-card.com/hk/card-img/hk00011300.png,寶可夢,210,Grass,碧綠之舞,在自己的回合時可使用1次。從自己的手牌選擇1張「基本【草】能量」卡，附於這隻寶可夢身上。然後，從自己的牌庫抽出1張卡。,萬葉陣雨,"Grass,Grass,Grass",30+,增加雙方的戰鬥寶可夢身上附加的能量的數量×30點傷害。,,,,,,Fire,,,1,16,normal,H,擴充包「變幻假面」,SV6,5ban Graphics,,厄鬼椪 碧草面具ex,"太晶,ex",B+,16.00,Base:5.0|Meta:0.0|Exp:3.0|Func:6.0|Syn:0.0|Eff:0.0|Dmg:2.0|Mod:1.00,"備戰傷害加成, 抽卡效果, 搜索效果, 能量操作, 能量附著",無
厄鬼椪 火灶面具ex,基礎,11306,https://asia.pokemon-card.com/hk/card-img/hk00011306.png,寶可夢,210,Fire,,,憤怒之窯,"Fire,Colorless,Colorless",20×,造成這隻寶可夢身上放置的傷害指示物的數量×20點傷害。,極限火焰,"Fire,Fire,Fire",140+,若對手的戰鬥寶可夢為進化寶可夢，則增加140點傷害。這個情況下，將這隻寶可夢身上附加的能量卡全部丟棄。,,Water,,,1,22,normal,H,擴充包「變幻假面」,SV6,5ban Graphics,,厄鬼椪 火灶面具ex,"太晶,ex",S,25.00,Base:5.0|Meta:0.0|Exp:3.0|Func:8.0|Syn:4.0|Eff:0.0|Dmg:5.0|Mod:1.00,"備戰傷害加成, 傷害指示物, 傷害效果, 條件傷害, 能量操作, 進化支援",丟棄效果
冰鬼護,1階進化,11316,https://asia.pokemon-card.com/hk/card-img/hk00011316.png,寶可夢,120,Water,,,傷害律動,Water,20×,造成對手的戰鬥寶可夢身上放置的傷害指示物的數量×20點傷害。,瘋狂頭,"Water,Colorless,Colorless",140,選擇1個這隻寶可夢身上附加的能量，將其丟棄。,,Metal,,,2,32,normal,H,擴充包「變幻假面」,SV6,Oku,會透過瞬間凍結<br/> 空氣中的水分，<br/> 使獵物無法逃脫。,雪童子 → 雪妖女 → 冰鬼護 → 雪妖女ex,,A,17.00,Base:5.0|Meta:0.0|Exp:3.0|Func:5.0|Syn:0.0|Eff:0.0|Dmg:4.0|Mod:1.00,"備戰傷害加成, 傷害指示物, 傷害效果, 能量操作",無
雪妖女,1階進化,11317,https://asia.pokemon-card.com/hk/card-img/hk00011317.png,寶可夢,90,Water,冰冷之帳,只要這隻寶可夢在場上，每次寶可夢檢查時，在雙方的擁有特性的所有寶可夢（「雪妖女」除外）身上各放置1個傷害指示物。,冰霜粉碎,"Water,Colorless",60,,,,,,,Metal,,,1,33,normal,H,擴充包「變幻假面」,SV6,Makura Tami,據說會吐出零下５０度的<br/> 氣息凍結獵物，然後帶到<br/> 秘密的地方裝飾起來。,雪童子 → 雪妖女 → 冰鬼護 → 雪妖女ex,,C+,10.00,Base:5.0|Meta:0.0|Exp:3.0|Func:0.0|Syn:0.0|Eff:0.0|Dmg:2.0|Mod:1.00,傷害指示物,"放置效果, 特性效果"
海豚俠ex,1階進化,11320,https://asia.pokemon-card.com/hk/card-img/hk00011320.png,寶可夢,340,Water,全能靈魂,這張卡只可依據「海豚俠」的特性「全能變身」的效果放置於場上。,終極衝擊,Water,250,在下個自己的回合，這隻寶可夢無法使用招式。,,,,,,Lightning,,,2,36,normal,H,擴充包「變幻假面」,SV6,PLANETA Mochizuki,,波普海豚 → 海豚俠 → 海豚俠ex,ex,B+,14.00,Base:5.0|Meta:0.0|Exp:3.0|Func:0.0|Syn:0.0|Eff:0.0|Dmg:6.0|Mod:1.00,"使用限制, 招式鎖定","放置效果, 特性效果"
厄鬼椪 水井面具ex,基礎,11322,https://asia.pokemon-card.com/hk/card-img/hk00011322.png,寶可夢,210,Water,,,啜泣,Colorless,20,在下個對手的回合，受到這個招式的寶可夢無法撤退。,激流水泵,"Water,Colorless,Colorless",100,若希望，選擇3個這隻寶可夢身上附加的能量，放回牌庫並重洗。這個情況下，對手的1隻備戰寶可夢也受到120點傷害。[在備戰區不計算弱點・抵抗力。],,Lightning,,,1,38,normal,H,擴充包「變幻假面」,SV6,5ban Graphics,,厄鬼椪 水井面具ex,"太晶,ex",A+,20.00,Base:5.0|Meta:0.0|Exp:3.0|Func:7.0|Syn:2.0|Eff:0.0|Dmg:3.0|Mod:1.00,"搜索效果, 撤退封鎖, 條件傷害, 能量操作, 連鎖傷害",撤退效果
倫琴貓ex,2階進化,11325,https://asia.pokemon-card.com/hk/card-img/hk00011325.png,寶可夢,310,Lightning,,,突刺目光,"Colorless,Colorless",120,查看對手的手牌，從其中選擇1張卡，將其丟棄。,伏特強襲,"Lightning,Lightning",250,將這隻寶可夢身上附加的能量卡全部丟棄。,,Fighting,,,1,41,normal,H,擴充包「變幻假面」,SV6,PLANETA Yamashita,,小貓怪 → 勒克貓 → 倫琴貓 → 倫琴貓ex,ex,A+,22.00,Base:5.0|Meta:0.0|Exp:3.0|Func:6.0|Syn:2.0|Eff:0.0|Dmg:6.0|Mod:1.00,"情報收集, 能量操作",丟棄效果
綿綿泡芙,基礎,11335,https://asia.pokemon-card.com/hk/card-img/hk00011335.png,寶可夢,50,Psychic,祭典樂舞,若場上有「祭典會場」，則這隻寶可夢可使用持有的招式2次。（若對手的戰鬥寶可夢因第1次的招式而【昏厥】了，則在下一隻寶可夢放置後，使用第2次的招式。）,悄聲加害,Psychic,,在對手的1隻寶可夢身上放置2個傷害指示物。,,,,,,Metal,,,1,51,normal,H,擴充包「變幻假面」,SV6,Akira Komayama,每天要吃掉與自己體重<br/> 相同重量的砂糖，<br/> 糖分不夠就會鬧脾氣。,綿綿泡芙 → 胖甜妮,,C+,10.00,Base:5.0|Meta:0.0|Exp:3.0|Func:2.0|Syn:0.0|Eff:0.0|Dmg:0.0|Mod:1.00,"傷害指示物, 昏厥條件",放置效果
胖甜妮,1階進化,11336,https://asia.pokemon-card.com/hk/card-img/hk00011336.png,寶可夢,120,Psychic,,,甜甜你,"Psychic,Colorless",90×,擲2次硬幣，造成正面出現的次數×90點傷害。若全部為反面，則將對手的戰鬥寶可夢【混亂】。,,,,,,Metal,,,2,52,normal,H,擴充包「變幻假面」,SV6,mingo,能從人們身上的氣味裡<br/> 嗅出他們的身心狀態。<br/> 在醫療領域的實際應用備受矚目。,綿綿泡芙 → 胖甜妮,,A+,20.00,Base:5.0|Meta:0.0|Exp:3.0|Func:2.0|Syn:4.0|Eff:0.0|Dmg:6.0|Mod:1.00,"傷害效果, 條件傷害, 狀態異常, 硬幣判定",無
吉雉雞,基礎,11340,https://asia.pokemon-card.com/hk/card-img/hk00011340.png,寶可夢,120,Psychic,腎上腺費洛蒙,若這隻寶可夢身上附有【惡】能量卡，則這隻寶可夢受到招式的傷害時，自己擲1次硬幣。若為正面，則這隻寶可夢不會受到那個傷害。,能量羽毛,Psychic,30×,造成這隻寶可夢身上附加的能量的數量×30點傷害。,,,,,,Metal,,,1,56,normal,H,擴充包「變幻假面」,SV6,Kouki Saitou,會拍動豔麗的翅膀散佈<br/> 費洛蒙，使人類和寶可夢<br/> 神魂顛倒，為牠著迷。,吉雉雞,,A,19.00,Base:5.0|Meta:0.0|Exp:3.0|Func:3.0|Syn:0.0|Eff:0.0|Dmg:8.0|Mod:1.00,"備戰傷害加成, 傷害效果, 傷害防禦, 效果免疫, 硬幣判定, 能量操作",無
夠讚狗,基礎,11348,https://asia.pokemon-card.com/hk/card-img/hk00011348.png,寶可夢,130,Fighting,腎上腺力量,若這隻寶可夢身上附有【惡】能量卡，則這隻寶可夢的最大HP「+100」，這隻寶可夢使用的招式，對對手的戰鬥寶可夢造成的傷害「+100」點。,好拳,"Fighting,Fighting",70,,,,,,,Psychic,,,2,64,normal,H,擴充包「變幻假面」,SV6,Souichirou Gunjima,動不動就會怒火沖天的<br/> 粗暴傢伙。會揮甩脖子的鎖鏈<br/> 一股腦兒地擊碎東西。,夠讚狗,,B+,15.00,Base:5.0|Meta:0.0|Exp:3.0|Func:5.0|Syn:0.0|Eff:0.0|Dmg:2.0|Mod:1.00,"HP提升, 傷害效果",無
厄鬼椪 礎石面具ex,基礎,11349,https://asia.pokemon-card.com/hk/card-img/hk00011349.png,寶可夢,210,Fighting,礎石之勢,這隻寶可夢不會受到對手的擁有特性的寶可夢招式的傷害。,打爆,"Fighting,Colorless,Colorless",140,這個招式的傷害不計算弱點・抵抗力與對手的戰鬥寶可夢身上的附加效果。,,,,,,Grass,,,1,65,normal,H,擴充包「變幻假面」,SV6,5ban Graphics,,厄鬼椪 礎石面具ex,"太晶,ex",B+,15.00,Base:5.0|Meta:0.0|Exp:3.0|Func:3.0|Syn:0.0|Eff:0.0|Dmg:4.0|Mod:1.00,"傷害防禦, 效果免疫, 無視弱點/效果",特性效果
可可多拉,基礎,11357,https://asia.pokemon-card.com/hk/card-img/hk00011357.png,寶可夢,70,Metal,,,捨身衝撞,Metal,20,這隻寶可夢也受到10點傷害。,,,,,,Fire,,Grass,2,73,normal,H,擴充包「變幻假面」,SV6,Gapao,保護牠身體的鋼鐵盔甲，<br/> 是由牠吃下的鐵礦石以及<br/> 偶爾吃下的鐵軌所製成的。,可可多拉 → 可多拉 → 波士可多拉,,C,8.00,Base:5.0|Meta:0.0|Exp:3.0|Func:0.0|Syn:0.0|Eff:0.0|Dmg:0.0|Mod:1.00,反噬傷害,無
可多拉,1階進化,11358,https://asia.pokemon-card.com/hk/card-img/hk00011358.png,寶可夢,110,Metal,,,鋼鐵衝撞,Metal,40,這隻寶可夢也受到20點傷害。,金屬爪,"Metal,Colorless,Colorless",60,,,Fire,,Grass,3,74,normal,H,擴充包「變幻假面」,SV6,takashi shiraishi,可多拉棲息的山區有<br/> 豐富的泉水和鐵礦石，<br/> 因此常會與人類起紛爭。,可可多拉 → 可多拉 → 波士可多拉,,C+,10.00,Base:5.0|Meta:0.0|Exp:3.0|Func:0.0|Syn:0.0|Eff:0.0|Dmg:2.0|Mod:1.00,反噬傷害,無
波士可多拉,2階進化,11359,https://asia.pokemon-card.com/hk/card-img/hk00011359.png,寶可夢,180,Metal,,,發怒猛進,Metal,50×,造成自己場上的身上放置有傷害指示物的寶可夢的數量×50點傷害。,防守利爪,"Metal,Colorless,Colorless",120,在下個對手的回合，這隻寶可夢受到招式的傷害「-50」點。,,Fire,,Grass,3,75,normal,H,擴充包「變幻假面」,SV6,Dsuke,在撞擊敵人的同時，會用<br/> 能刺穿厚鐵板的銳利尖角<br/> 給予對方致命的一擊。,可可多拉 → 可多拉 → 波士可多拉,,B+,16.00,Base:5.0|Meta:0.0|Exp:3.0|Func:2.0|Syn:2.0|Eff:0.0|Dmg:4.0|Mod:1.00,"備戰傷害加成, 傷害指示物, 傷害效果, 其他效果",放置效果
席多藍恩,基礎,11360,https://asia.pokemon-card.com/hk/card-img/hk00011360.png,寶可夢,140,Metal,灼熱之軀,這隻寶可夢在戰鬥場上受到對手的寶可夢招式的傷害時，將使用招式的寶可夢【灼傷】。,鋼鐵爆炸,"Metal,Colorless,Colorless",50×,將這隻寶可夢身上附加的【鋼】能量卡全部丟棄，造成其張數×50點傷害。,,,,,,Fire,,Grass,4,76,normal,H,擴充包「變幻假面」,SV6,AKIRA EGAWA,棲息在火山的洞穴裡。<br/>以十字形的爪子勾住<br/>牆壁或洞頂爬行。,席多藍恩,,S,23.00,Base:5.0|Meta:0.0|Exp:3.0|Func:5.0|Syn:2.0|Eff:0.0|Dmg:8.0|Mod:1.00,"傷害效果, 其他效果, 棄牌區傷害加成, 能量操作",無
席多藍恩,基礎,12692,https://asia.pokemon-card.com/hk/card-img/hk00012692.png,寶可夢,130,Metal,,,砸碎,"Metal,Colorless",40,,鐵之光炮,"Metal,Metal,Colorless",130,在下個自己的回合，這隻寶可夢無法使用招式。,,Fire,,Grass,3,84,normal,H,雙ex初階牌組 Generations,SVM,Tonji Matsuno,棲息在火山的洞穴裡。<br/>以十字形的爪子勾住<br/>牆壁或洞頂爬行。,席多藍恩,,B,11.00,Base:5.0|Meta:0.0|Exp:2.0|Func:0.0|Syn:0.0|Eff:0.0|Dmg:4.0|Mod:1.00,"使用限制, 招式鎖定",無
多龍梅西亞,基礎,11363,https://asia.pokemon-card.com/hk/card-img/hk00011363.png,寶可夢,70,Dragon,,,咒怨一下,Psychic,10,,咬住,"Fire,Psychic",40,,,,,,1,79,normal,H,擴充包「變幻假面」,SV6,Scav,明明不吃卻又愛死咬著<br/> 鐵臂槍蝦不放，聽說是牠<br/> 生前殘留下來的活動習性。,多龍梅西亞 → 多龍奇 → 多龍巴魯托 → 多龍巴魯托ex,,C+,9.00,Base:5.0|Meta:0.0|Exp:3.0|Func:0.0|Syn:0.0|Eff:0.0|Dmg:1.0|Mod:1.00,無,無
多龍奇,1階進化,11364,https://asia.pokemon-card.com/hk/card-img/hk00011364.png,寶可夢,90,Dragon,偵查指令,在自己的回合時可使用1次。查看自己的牌庫上方2張卡，選擇其中1張，加入手牌。將剩餘卡放回牌庫下方。,龍之頭擊,"Fire,Psychic",70,,,,,,,,,,1,80,normal,H,擴充包「變幻假面」,SV6,cochi8i,會用儲存在肺部的能量進行攻擊。<br/> 在多龍梅西亞能獨當一面前，<br/> 都會一起戰鬥並照顧起居。,多龍梅西亞 → 多龍奇 → 多龍巴魯托 → 多龍巴魯托ex,,B,12.00,Base:5.0|Meta:0.0|Exp:3.0|Func:2.0|Syn:0.0|Eff:0.0|Dmg:2.0|Mod:1.00,"抽卡效果, 搜索效果",無
多龍巴魯托ex,2階進化,11365,https://asia.pokemon-card.com/hk/card-img/hk00011365.png,寶可夢,320,Dragon,,,噴射頭擊,Colorless,70,,幻影奇襲,"Fire,Psychic",200,將6個傷害指示物以任意方式放置於對手的備戰寶可夢身上。,,,,,1,81,normal,H,擴充包「變幻假面」,SV6,5ban Graphics,,多龍梅西亞 → 多龍奇 → 多龍巴魯托 → 多龍巴魯托ex,"太晶,ex",A,17.00,Base:5.0|Meta:0.0|Exp:3.0|Func:3.0|Syn:0.0|Eff:0.0|Dmg:6.0|Mod:1.00,傷害指示物,無
幸福蛋ex,1階進化,11369,https://asia.pokemon-card.com/hk/card-img/hk00011369.png,寶可夢,300,Colorless,幸福切換,在自己的回合時可使用1次。選擇1個自己的場上寶可夢身上附加的基本能量，改附於自己的其他寶可夢身上。,報恩,"Colorless,Colorless,Colorless",180,若希望，從牌庫抽卡直到自己的手牌滿6張為止。,,,,,,Fighting,,,4,85,normal,H,擴充包「變幻假面」,SV6,Iwamoto05,,吉利蛋 → 幸福蛋 → 幸福蛋ex,ex,S,23.00,Base:5.0|Meta:0.0|Exp:3.0|Func:8.0|Syn:2.0|Eff:0.0|Dmg:5.0|Mod:1.00,"抽卡效果, 能量操作",無
手持循環扇,,11379,https://asia.pokemon-card.com/hk/card-img/hk00011379.png,寶可夢道具,,,,,,,,附有這張卡的寶可夢在戰鬥場受到對手的寶可夢招式的傷害時，選擇1個使用招式的寶可夢身上附加的能量，改附於對手的備戰寶可夢身上。,,,,,,,,,,95,normal,H,擴充包「變幻假面」,SV6,Toyste Beach,,,,A,17.00,Base:6.0|Meta:0.0|Exp:3.0|Func:8.0|Syn:0.0|Eff:0.0|Dmg:0.0|Mod:1.00,能量操作,無
短褲小子,,8467,https://asia.pokemon-card.com/hk/card-img/hk00008467.png,支援者卡,,,,,,,,將自己的手牌全部放回牌庫並重洗。然後，從牌庫抽出5張卡。,,,,在自己的回合時，支援者卡只可使用1張。,,,,,,19,normal,G,起始組合ex 呆火鱷&電龍 ex,SVAL,Hitoshi Ariga,,,,B+,16.00,Base:8.0|Meta:0.0|Exp:2.0|Func:4.0|Syn:2.0|Eff:0.0|Dmg:0.0|Mod:1.00,"搜索效果, 牌庫重洗",大量抽卡
古舊能量,,11385,https://asia.pokemon-card.com/hk/card-img/hk00011385.png,特殊能量卡,,,,,,,,只要這張卡附於寶可夢身上，視為提供1個所有屬性的能量。<br/><br/> <br/><br/>附有這張卡的寶可夢受到對手的寶可夢招式的傷害而【昏厥】時，被獲得的獎賞卡減少1張。對戰中，自己的「古舊能量」的這個效果只生效1次。,,,,,,,,,,101,normal,H,擴充包「變幻假面」,SV6,,,,,B,12.00,Base:5.0|Meta:0.0|Exp:3.0|Func:4.0|Syn:0.0|Eff:0.0|Dmg:0.0|Mod:1.00,"特殊能量, 獎賞控制",無
木木梟,基礎,11454,https://asia.pokemon-card.com/hk/card-img/hk00011454.png,寶可夢,70,Grass,,,叼,Colorless,,從自己的牌庫抽出1張卡。,樹葉,Grass,10,,,Fire,,,1,3,normal,H,強化擴充包「黑夜漫遊者」,SV6a,Yoshimi Miyoshi,一邊飛行一邊射出<br/>刀刃般銳利的羽毛，<br/>距離近時會使出猛烈的踢擊。,木木梟 → 投羽梟 → 洗翠 狙射樹梟 → 狙射樹梟GX → 狙射樹梟 → 狙射樹梟ex,,B,11.00,Base:5.0|Meta:0.0|Exp:3.0|Func:3.0|Syn:0.0|Eff:0.0|Dmg:0.0|Mod:1.00,"抽卡效果, 搜索效果",無
木木梟,基礎,9228,https://asia.pokemon-card.com/hk/card-img/hk00009228.png,寶可夢,70,Grass,,,銳利羽,Grass,20,,,,,,,Fire,,,1,6,normal,G,ex初階牌組,SVD,Tomokazu Komiya,在狹窄陰暗的地方才會感到安穩。有時也會用訓練家的懷抱<br/>或是包包代替巢穴。,木木梟 → 投羽梟 → 洗翠 狙射樹梟 → 狙射樹梟GX → 狙射樹梟 → 狙射樹梟ex,,C,7.00,Base:5.0|Meta:0.0|Exp:2.0|Func:0.0|Syn:0.0|Eff:0.0|Dmg:0.0|Mod:1.00,無,無
投羽梟,1階進化,11455,https://asia.pokemon-card.com/hk/card-img/hk00011455.png,寶可夢,90,Grass,,,團結之翼,Colorless,20×,造成自己的棄牌區的，持有「團結之翼」招式的寶可夢卡的張數×20點傷害。,利刃之風,Grass,30,,,Fire,,,1,4,normal,H,強化擴充包「黑夜漫遊者」,SV6a,Tetsu Kayama,連續投出被稱為是<br/>刃羽的刀般銳利羽毛，<br/>能精準地貫穿敵人要害。,木木梟 → 投羽梟 → 洗翠 狙射樹梟 → 狙射樹梟GX → 狙射樹梟 → 狙射樹梟ex,,C+,9.00,Base:5.0|Meta:0.0|Exp:3.0|Func:0.0|Syn:0.0|Eff:0.0|Dmg:1.0|Mod:1.00,"傷害效果, 棄牌區傷害加成",無
投羽梟,1階進化,9229,https://asia.pokemon-card.com/hk/card-img/hk00009229.png,寶可夢,90,Grass,,,穿通,"Grass,Colorless",40,對手的1隻備戰寶可夢也受到20點傷害。[在備戰區不計算弱點・抵抗力。],,,,,,Fire,,,1,7,normal,G,ex初階牌組,SVD,sui,對周圍的動靜非常敏感，能夠察覺到站在身後的對手，<br/>投擲鋒利的羽毛給予致命一擊。,木木梟 → 投羽梟 → 洗翠 狙射樹梟 → 狙射樹梟GX → 狙射樹梟 → 狙射樹梟ex,,B,11.00,Base:5.0|Meta:0.0|Exp:2.0|Func:3.0|Syn:0.0|Eff:0.0|Dmg:1.0|Mod:1.00,連鎖傷害,無
狙射樹梟,2階進化,11456,https://asia.pokemon-card.com/hk/card-img/hk00011456.png,寶可夢,150,Grass,,,羽毛庫存,Colorless,,從牌庫抽卡直到自己的手牌滿7張為止。,強力射擊,Grass,170,從自己的手牌將1張「基本【草】能量」卡丟棄。若無法丟棄，則這個招式失敗。,,Fire,,,2,5,normal,H,強化擴充包「黑夜漫遊者」,SV6a,DOM,會像射箭那樣射出<br/>藏在自己翅膀裡的箭羽。<br/>只要瞄準目標就絕不會射偏。,木木梟 → 投羽梟 → 洗翠 狙射樹梟 → 狙射樹梟GX → 狙射樹梟 → 狙射樹梟ex,,A+,20.00,Base:5.0|Meta:0.0|Exp:3.0|Func:5.0|Syn:2.0|Eff:0.0|Dmg:5.0|Mod:1.00,"抽卡效果, 條件失敗",無
卡璞・哞哞,基礎,11457,https://asia.pokemon-card.com/hk/card-img/hk00011457.png,寶可夢,140,Grass,,,木槌,"Grass,Grass,Colorless,Colorless",220,這隻寶可夢也受到30點傷害。,,,,,,Fire,,,3,6,normal,H,強化擴充包「黑夜漫遊者」,SV6a,GOSSAN,拔出巨大的樹木，轟轟地來回揮舞。<br/>會讓草木茂盛生長，再吸收其中的能量。,卡璞・哞哞,,B+,14.00,Base:5.0|Meta:0.0|Exp:3.0|Func:0.0|Syn:0.0|Eff:0.0|Dmg:6.0|Mod:1.00,反噬傷害,無
夜巡靈,基礎,11469,https://asia.pokemon-card.com/hk/card-img/hk00011469.png,寶可夢,60,Psychic,,,前往渡魂,Psychic,,從自己的棄牌區選擇最多3張「夜巡靈」，放置於備戰區。,囈語,"Psychic,Psychic",30,,,Darkness,,Fighting,1,18,normal,H,強化擴充包「黑夜漫遊者」,SV6a,IKEDA Saki,遭到牠鮮紅的獨眼瞪視<br/>並且被吸取生物能量時，<br/>會受到嚴重的寒氣侵襲。,夜巡靈 → 彷徨夜靈 → 黑夜魔靈,,C+,10.00,Base:5.0|Meta:0.0|Exp:3.0|Func:1.0|Syn:0.0|Eff:0.0|Dmg:1.0|Mod:1.00,搜索效果,放置效果
彷徨夜靈,1階進化,11470,https://asia.pokemon-card.com/hk/card-img/hk00011470.png,寶可夢,90,Psychic,‌咒詛炸彈,在自己的回合時可使用1次，若使用，則將這隻寶可夢【昏厥】。在對手的1隻寶可夢身上放置5個傷害指示物。,鬼火,"Psychic,Psychic",50,,,,,,,Darkness,,Fighting,2,19,normal,H,強化擴充包「黑夜漫遊者」,SV6a,Aya Kusube,據說在體內燃燒著的鮮紅獨眼<br/>是彷徨夜靈的本體，<br/>但沒有人親眼見過。,夜巡靈 → 彷徨夜靈 → 黑夜魔靈,,B,11.00,Base:5.0|Meta:0.0|Exp:3.0|Func:2.0|Syn:0.0|Eff:0.0|Dmg:1.0|Mod:1.00,"傷害指示物, 昏厥條件",無
黑夜魔靈,2階進化,11471,https://asia.pokemon-card.com/hk/card-img/hk00011471.png,寶可夢,160,Psychic,‌咒詛炸彈,在自己的回合時可使用1次，若使用，則將這隻寶可夢【昏厥】。在對手的1隻寶可夢身上放置13個傷害指示物。,影子束縛,"Psychic,Psychic,Colorless",150,在下個對手的回合，受到這個招式的寶可夢無法撤退。,,,,,,Darkness,,Fighting,3,20,normal,H,強化擴充包「黑夜漫遊者」,SV6a,danciao,在這個世界與另一個世界間往返。<br/>據說會吸入並帶走遊蕩的靈魂，<br/>因此遭到人們畏懼。,彷徨夜靈 → 黑夜魔靈,,B+,15.00,Base:5.0|Meta:0.0|Exp:3.0|Func:2.0|Syn:0.0|Eff:0.0|Dmg:5.0|Mod:1.00,"傷害指示物, 撤退封鎖, 昏厥條件",撤退效果
仙子伊布,1階進化,11473,https://asia.pokemon-card.com/hk/card-img/hk00011473.png,寶可夢,120,Psychic,,,奧密迴旋,Psychic,,擲1次硬幣若為正面，則選擇1隻對手的備戰寶可夢，將那隻寶可夢與附加的卡全部放回對手的牌庫並重洗。,魅惑之聲,"Psychic,Colorless,Colorless",90,將對手的戰鬥寶可夢【混亂】。,,Metal,,,1,22,normal,H,強化擴充包「黑夜漫遊者」,SV6a,Kuroimori,搖曳著觸角跳著輕快<br/>舞蹈的樣子相當優雅，<br/>但招式卻會直搗對手要害。,伊布 → 仙子伊布 → 冰伊布 → 葉伊布 → 太陽伊布 → 月亮伊布 → 雷伊布 → 水伊布 → 火伊布 → 冰伊布GX → 葉伊布GX → 仙子伊布GX → 月亮伊布GX → 太陽伊布GX → 雷伊布GX → 水伊布GX → 火伊布GX → 月亮伊布ex → 仙子伊布ex → 太陽伊布ex → 雷伊布ex → 冰伊布ex → 水伊布ex → 火伊布ex → 葉伊布ex,,A+,20.00,Base:5.0|Meta:0.0|Exp:3.0|Func:5.0|Syn:4.0|Eff:0.0|Dmg:3.0|Mod:1.00,"搜索效果, 狀態異常, 硬幣判定",無
仙子伊布,1階進化,12658,https://asia.pokemon-card.com/hk/card-img/hk00012658.png,寶可夢,120,Psychic,神秘守護,這隻寶可夢不會受到對手的「寶可夢【ex】」招式的傷害。,魔法射擊,"Psychic,Colorless,Colorless",100,,,,,,,Metal,,,1,50,normal,H,雙ex初階牌組 Generations,SVM,MINAMINAMI Take,搖曳著觸角跳著輕快<br/>舞蹈的樣子相當優雅，<br/>但招式卻會直搗對手要害。,伊布 → 仙子伊布 → 冰伊布 → 葉伊布 → 太陽伊布 → 月亮伊布 → 雷伊布 → 水伊布 → 火伊布 → 冰伊布GX → 葉伊布GX → 仙子伊布GX → 月亮伊布GX → 太陽伊布GX → 雷伊布GX → 水伊布GX → 火伊布GX → 月亮伊布ex → 仙子伊布ex → 太陽伊布ex → 雷伊布ex → 冰伊布ex → 水伊布ex → 火伊布ex → 葉伊布ex,,B,12.00,Base:5.0|Meta:0.0|Exp:2.0|Func:2.0|Syn:0.0|Eff:0.0|Dmg:3.0|Mod:1.00,"傷害防禦, 效果免疫",無
月月熊 赫月,基礎,11476,https://asia.pokemon-card.com/hk/card-img/hk00011476.png,寶可夢,150,Fighting,經驗法則,在自己的回合，從手牌將這張卡放置於備戰區時，可使用1次。從自己的手牌選擇最多2張「基本【鬥】能量」卡，附於這隻寶可夢身上。,瘋狂啃咬,"Fighting,Fighting,Colorless",100+,增加對手的戰鬥寶可夢身上放置的傷害指示物的數量×30點傷害。,,,,,,Grass,,,4,25,normal,H,強化擴充包「黑夜漫遊者」,SV6a,Souichirou Gunjima,會用堅硬如鐵的泥巴保護身體，<br/>且擁有能夠看穿黑暗的左眼。<br/>是特別的月月熊。,月月熊 赫月,,A,18.00,Base:5.0|Meta:0.0|Exp:3.0|Func:5.0|Syn:0.0|Eff:0.0|Dmg:5.0|Mod:1.00,"備戰傷害加成, 傷害指示物, 能量附著",放置效果
夠讚狗ex,基礎,11487,https://asia.pokemon-card.com/hk/card-img/hk00011487.png,寶可夢,250,Darkness,,,猛毒筋力,Colorless,,從自己的牌庫選擇最多2張「基本【惡】能量」卡，附於這隻寶可夢身上。並且重洗牌庫。附上卡的情況下，將這隻寶可夢【中毒】。,瘋狂連鎖,"Darkness,Darkness,Colorless",130+,若這隻寶可夢【中毒】，則增加130點傷害。,,Fighting,,,3,36,normal,H,強化擴充包「黑夜漫遊者」,SV6a,takuyoa,,夠讚狗ex,ex,A,18.00,Base:5.0|Meta:0.0|Exp:3.0|Func:3.0|Syn:2.0|Eff:0.0|Dmg:5.0|Mod:1.00,"搜索效果, 條件傷害, 狀態異常, 能量操作",無
願增猿ex,基礎,11488,https://asia.pokemon-card.com/hk/card-img/hk00011488.png,寶可夢,210,Darkness,‌鬆口氣,這隻寶可夢受到對手的寶可夢招式的傷害而【昏厥】時，若自己的場上有「桃歹郎ex」，則被獲得的獎賞卡減少1張。,惡劣頭擊,"Darkness,Darkness,Colorless",190,在下個自己的回合，這隻寶可夢無法使用「惡劣頭擊」。,,,,,,Fighting,,,1,37,normal,H,強化擴充包「黑夜漫遊者」,SV6a,takuyoa,,願增猿ex,ex,B+,15.00,Base:5.0|Meta:0.0|Exp:3.0|Func:2.0|Syn:0.0|Eff:0.0|Dmg:5.0|Mod:1.00,"招式鎖定, 昏厥條件, 獎賞控制",無
吉雉雞ex,基礎,11489,https://asia.pokemon-card.com/hk/card-img/hk00011489.png,寶可夢,210,Darkness,‌‌扭轉乾坤,在上個對手的回合，若自己的寶可夢【昏厥】了，則在自己的回合時可使用1次。從自己的牌庫抽出3張卡。在這個回合，若已經使出了其他的「扭轉乾坤」，則這個特性無法使用。,殘酷箭,"Colorless,Colorless,Colorless",,對手的1隻寶可夢受到100點傷害。[在備戰區不計算弱點・抵抗力。],,,,,,Fighting,,,1,38,normal,H,強化擴充包「黑夜漫遊者」,SV6a,takuyoa,,吉雉雞ex,ex,B+,14.00,Base:5.0|Meta:0.0|Exp:3.0|Func:6.0|Syn:0.0|Eff:0.0|Dmg:0.0|Mod:1.00,"抽卡效果, 招式鎖定, 搜索效果, 昏厥條件, 連鎖傷害",特性效果
大王銅象,1階進化,11493,https://asia.pokemon-card.com/hk/card-img/hk00011493.png,寶可夢,200,Metal,‌‌爆大身軀,只要這隻寶可夢在戰鬥場上，對手無法從手牌使出競技場卡。,鼻之金勾臂,"Metal,Metal,Metal,Colorless",130+,若希望，增加100點傷害。這個情況下，在下個自己的回合，這隻寶可夢無法使用招式。,,,,,,Fire,,Grass,4,42,normal,H,強化擴充包「黑夜漫遊者」,SV6a,kawayoo,自尊心強，脾氣刁鑽。<br/>皮膚的綠色越是鮮豔，<br/>就越受到同伴的尊敬。,銅象 → 大王銅象 → 大王銅象ex,,A,17.00,Base:5.0|Meta:0.0|Exp:3.0|Func:2.0|Syn:2.0|Eff:0.0|Dmg:5.0|Mod:1.00,"使用限制, 傷害防禦, 招式鎖定, 條件傷害",競技場效果
大王銅象,1階進化,12695,https://asia.pokemon-card.com/hk/card-img/hk00012695.png,寶可夢,190,Metal,,,衝撞,"Metal,Metal,Colorless",100,,超級衝擊,"Metal,Metal,Colorless,Colorless",160,,,Fire,,Grass,4,87,normal,H,雙ex初階牌組 Generations,SVM,Ryuta Fuse,自尊心強，脾氣刁鑽。<br/>皮膚的綠色越是鮮豔，<br/>就越受到同伴的尊敬。,銅象 → 大王銅象 → 大王銅象ex,,B,12.00,Base:5.0|Meta:0.0|Exp:2.0|Func:0.0|Syn:0.0|Eff:0.0|Dmg:5.0|Mod:1.00,無,無
酋雷姆,基礎,11498,https://asia.pokemon-card.com/hk/card-img/hk00011498.png,寶可夢,130,Dragon,‌‌反等離子,若對手的棄牌區有‌名稱中有「‌阿克羅瑪」的卡，則這隻寶可夢使用「‌三重冰霜」所需的能量，改為1個【無】能量。,三重冰霜,"Water,Water,Metal,Metal,Colorless",,將這隻寶可夢身上附加的能量卡全部丟棄，對手的3隻寶可夢各受到110點傷害。[在備戰區不計算弱點・抵抗力。],,,,,,,,,2,47,normal,H,強化擴充包「黑夜漫遊者」,SV6a,Shiburingaru,雖然擁有凌駕於萊希拉姆和<br/>捷克羅姆之上的力量，但是那<br/>力量已被極低溫冷氣封住了。,酋雷姆,,B+,16.00,Base:5.0|Meta:0.0|Exp:3.0|Func:6.0|Syn:2.0|Eff:0.0|Dmg:0.0|Mod:1.00,"其他效果, 能量操作, 連鎖傷害",丟棄效果
多麗米亞,基礎,11502,https://asia.pokemon-card.com/hk/card-img/hk00011502.png,寶可夢,100,Colorless,,,能量支援,Colorless,30,從自己的棄牌區選擇1張基本能量卡，附於備戰寶可夢身上。,,,,,,Fighting,,,1,51,normal,H,強化擴充包「黑夜漫遊者」,SV6a,Shinya Komatsu,修整好蓬亂的體毛後，<br/>不只是模樣變得美麗，<br/>就連身體也會變得更敏捷。,多麗米亞,,B,12.00,Base:5.0|Meta:0.0|Exp:3.0|Func:3.0|Syn:0.0|Eff:0.0|Dmg:1.0|Mod:1.00,搜索效果,無
多麗米亞,基礎,12718,https://asia.pokemon-card.com/hk/card-img/hk00012718.png,寶可夢,100,Colorless,毛皮大衣,這隻寶可夢受到招式的傷害「-20」點。,咬住,"Colorless,Colorless,Colorless",80,,,,,,,Fighting,,,1,110,normal,H,雙ex初階牌組 Generations,SVM,Keisin,曾經有過一個時代，<br/><br/>貴族之間會互相比較<br/><br/>誰能把牠的體毛修剪得更美麗。,多麗米亞,,C+,9.00,Base:5.0|Meta:0.0|Exp:2.0|Func:0.0|Syn:0.0|Eff:0.0|Dmg:2.0|Mod:1.00,其他效果,無
紫竽,,11889,https://asia.pokemon-card.com/hk/card-img/hk00011889.png,支援者卡,,,,,,,,將自己的手牌全部放回牌庫並重洗。然後，從牌庫抽出4張卡。若對手剩餘獎賞卡的張數為3張以下，則改爲抽出8張卡。,,,,,,,,,,98,normal,H,擴充包「星晶奇跡」,SV7,Sanosuke Sakuma,,,,A+,21.00,Base:8.0|Meta:0.0|Exp:3.0|Func:6.0|Syn:4.0|Eff:0.0|Dmg:0.0|Mod:1.00,"搜索效果, 牌庫重洗, 獎賞控制",大量抽卡
萊姆,,9617,https://asia.pokemon-card.com/hk/card-img/hk00009617.png,支援者卡,,,,,,,,從自己的牌庫抽出3張卡。將對手的戰鬥寶可夢與備戰寶可夢互換。[由對手選擇放置於戰鬥場的寶可夢。],,,,在自己的回合時，支援者卡只可使用1張。,,,,,,106,normal,G,擴充包「黯焰支配者」,SV3,nagimiso,,,,A,18.00,Base:8.0|Meta:0.0|Exp:2.0|Func:8.0|Syn:0.0|Eff:0.0|Dmg:0.0|Mod:1.00,"切換效果, 抽卡效果, 搜索效果",無
鎖鏈糬,,11508,https://asia.pokemon-card.com/hk/card-img/hk00011508.png,寶可夢道具,,,,,,,,附有這張卡的【中毒】的寶可夢使用的招式，對對手的戰鬥寶可夢造成的傷害「+40」點。,,,,,,,,,,57,normal,H,強化擴充包「黑夜漫遊者」,SV6a,5ban Graphics,,,,B,11.00,Base:6.0|Meta:0.0|Exp:3.0|Func:2.0|Syn:0.0|Eff:0.0|Dmg:0.0|Mod:1.00,"傷害效果, 狀態異常",無
力之沙漏,,11509,https://asia.pokemon-card.com/hk/card-img/hk00011509.png,寶可夢道具,,,,,,,,在自己的回合結束時，若附有這張卡的寶可夢在戰鬥場上，則可從自己的棄牌區選擇1張基本能量卡，附於那隻寶可夢身上。,,,,,,,,,,58,normal,H,強化擴充包「黑夜漫遊者」,SV6a,Studio Bora Inc.,,,,B+,15.00,Base:6.0|Meta:0.0|Exp:3.0|Func:2.0|Syn:4.0|Eff:0.0|Dmg:0.0|Mod:1.00,搜索效果,無
裁判,,13263,https://asia.pokemon-card.com/hk/card-img/hk00013263.png,支援者卡,,,,,,,,雙方玩家各自將手牌全部放回牌庫並重洗。然後，各從牌庫抽出4張。,,,,,,,,,,62,normal,G,強化擴充包「熱風競技場」,SV9a,kantaro,,,,A+,20.00,Base:8.0|Meta:3.0|Exp:3.0|Func:4.0|Syn:2.0|Eff:0.0|Dmg:0.0|Mod:1.00,"搜索效果, 牌庫重洗",大量抽卡
貴重手推車,,12046,https://asia.pokemon-card.com/hk/card-img/hk00012046.png,物品卡,,,,,,,,從自己的牌庫選擇任意數量的【基礎】寶可夢卡，放置於備戰區。並且重洗牌庫。,,,,,,,,,,20,normal,H,牌組構築BOX 樂園騰龍,SVK,inose yukie,,,,B,11.00,Base:7.0|Meta:0.0|Exp:2.0|Func:2.0|Syn:0.0|Eff:0.0|Dmg:0.0|Mod:1.00,搜索效果,放置效果
超大冰淇淋,,14537,https://asia.pokemon-card.com/hk/card-img/hk00014537.png,物品卡,,,,,,,,將自己的身上附有3個以上能量的戰鬥寶可夢恢復「80」HP。,,,,,,,,,,73,normal,I,擴充包「烈獄狂火X」,M2,AYUMI ODASHIMA,,,,C+,10.00,Base:7.0|Meta:0.0|Exp:-1.0|Func:4.0|Syn:0.0|Eff:0.0|Dmg:0.0|Mod:1.00,回復效果,無
超級信號,,14324,https://asia.pokemon-card.com/hk/card-img/hk00014324.png,物品卡,,,,,,,,從自己的牌庫選擇1張「超級進化【ex】」，在給對手看過後加入手牌。並且重洗牌庫。,,,,,,,,,,58,normal,I,擴充包「超級交響樂」,M1S,inose yukie,,,,B,13.00,Base:7.0|Meta:0.0|Exp:-1.0|Func:7.0|Syn:0.0|Eff:0.0|Dmg:0.0|Mod:1.00,"抽卡效果, 搜索效果, 進化支援",無
超級能量回收,,8653,https://asia.pokemon-card.com/hk/card-img/hk00008653.png,物品卡,,,,,,,,這張卡必須將自己的2張手牌丟棄才可使用。<br/>從自己的棄牌區選擇最多4張基本能量卡，在給對手看過後加入手牌。（不可選擇因這張卡的效果而丟棄的能量卡。）,,,,在自己的回合時，物品卡可不限張數使用。,,,,,,64,normal,G,強化擴充包「三連音爆」,SV1a,Studio Bora Inc.,,,,A+,22.00,Base:7.0|Meta:5.0|Exp:2.0|Func:5.0|Syn:3.0|Eff:0.0|Dmg:0.0|Mod:1.00,搜索效果,丟棄效果
芭瓢蟲,基礎,11792,https://asia.pokemon-card.com/hk/card-img/hk00011792.png,寶可夢,60,Grass,,,魯莽頭擊,"Colorless,Colorless",30,,,,,,,Fire,,,1,1,normal,H,擴充包「星晶奇跡」,SV7,Whisker,天氣變冷時，大量的芭瓢蟲<br/>會從各處聚集起來，<br/>互相靠在一起取暖。,芭瓢蟲 → 安瓢蟲,,C+,9.00,Base:5.0|Meta:0.0|Exp:3.0|Func:0.0|Syn:0.0|Eff:0.0|Dmg:1.0|Mod:1.00,無,無
安瓢蟲,1階進化,11793,https://asia.pokemon-card.com/hk/card-img/hk00011793.png,寶可夢,90,Grass,‌繁星花紋,在自己的回合，從手牌使出這張卡並完成進化時，可使用1次。選擇1隻對手備戰區剩餘HP為「90」以下的寶可夢，與戰鬥寶可夢互換。,高速星星,"Colorless,Colorless",70,這個招式的傷害不計算弱點・抵抗力與對手的戰鬥寶可夢身上的附加效果。,,,,,,Fire,,,0,2,normal,H,擴充包「星晶奇跡」,SV7,Masako Tomii,夜空中星光閃爍時，<br/>牠會一邊灑著閃亮的粉末，<br/>一邊翩翩飛過。,芭瓢蟲 → 安瓢蟲,,A+,20.00,Base:5.0|Meta:0.0|Exp:3.0|Func:10.0|Syn:0.0|Eff:0.0|Dmg:2.0|Mod:1.00,"切換效果, 無視弱點/效果",進化效果
觸手百合,1階進化,11794,https://asia.pokemon-card.com/hk/card-img/hk00011794.png,寶可夢,100,Grass,,,束縛,Grass,50,在下個對手的回合，受到這個招式的寶可夢無法撤退。,,,,,,Fire,,,2,3,normal,H,擴充包「星晶奇跡」,SV7,Ounishi,從化石復原而來的寶可夢。<br/>曾經棲息在大約１億年前<br/>的溫暖大海裡。,觸手百合 → 搖籃百合,,B,11.00,Base:5.0|Meta:0.0|Exp:3.0|Func:2.0|Syn:0.0|Eff:0.0|Dmg:1.0|Mod:1.00,撤退封鎖,撤退效果
搖籃百合,2階進化,11795,https://asia.pokemon-card.com/hk/card-img/hk00011795.png,寶可夢,150,Grass,‌任選黏液,在自己的回合時可使用1次。擲1次硬幣若為正面，則從【中毒】・【灼傷】・【混亂】中選擇1種，將對手的戰鬥寶可夢處於那個狀態。,瘴氣之風,Grass,100×,造成對手的戰鬥寶可夢處於特殊狀態的數量×100點傷害。,,,,,,Fire,,,3,4,normal,H,擴充包「星晶奇跡」,SV7,miki kudo,雖然腳短且走得慢，但<br/>脖子和觸手能伸長３倍<br/>去捕捉在遠處的獵物。,觸手百合 → 搖籃百合,,B+,16.00,Base:5.0|Meta:0.0|Exp:3.0|Func:2.0|Syn:0.0|Eff:0.0|Dmg:6.0|Mod:1.00,"備戰傷害加成, 傷害效果, 狀態施加, 狀態異常, 硬幣判定",無
尖牙籠,基礎,11796,https://asia.pokemon-card.com/hk/card-img/hk00011796.png,寶可夢,110,Grass,,,偷食,Colorless,,將這隻寶可夢恢復「40」HP。,覆蓋,"Grass,Colorless,Colorless",130-,減少這隻寶可夢身上放置的傷害指示物的數量×10點傷害。,,Fire,,,2,5,normal,H,擴充包「星晶奇跡」,SV7,Mousho,以散發甜甜香氣的唾液吸引獵物，<br/>再用大顎一口咬住。<br/>會花上一整天吃掉獵物。,尖牙籠,,C+,10.00,Base:5.0|Meta:0.0|Exp:3.0|Func:2.0|Syn:0.0|Eff:0.0|Dmg:0.0|Mod:1.00,"備戰傷害加成, 傷害指示物, 回復效果",無
幼棉棉,基礎,11799,https://asia.pokemon-card.com/hk/card-img/hk00011799.png,寶可夢,60,Grass,,,雙重旋轉,Colorless,10×,擲2次硬幣，造成正面出現的次數×10點傷害。,,,,,,Fire,,,1,8,normal,H,擴充包「星晶奇跡」,SV7,Heisuke Kitazawa,當牠把單腳紮進地面裡，<br/>並且沐浴充分的陽光，<br/>花瓣就會染上鮮豔的顏色。,幼棉棉 → 白蓬蓬,,C+,9.00,Base:5.0|Meta:0.0|Exp:3.0|Func:0.0|Syn:0.0|Eff:0.0|Dmg:1.0|Mod:1.00,"傷害效果, 硬幣判定",無
白蓬蓬,1階進化,11800,https://asia.pokemon-card.com/hk/card-img/hk00011800.png,寶可夢,90,Grass,,,微風之禮,Colorless,,將這隻寶可夢與附加的卡，全部放回自己的牌庫。然後，從牌庫任意選擇最多3張卡加入手牌。並且重洗牌庫。,樹葉,Grass,50,,,Fire,,,1,9,normal,H,擴充包「星晶奇跡」,SV7,Yuka Tanaka,棉絮的種子營養豐富。<br/>牠會藉由風散播種子，<br/>讓草木和寶可夢變得活力十足。,幼棉棉 → 白蓬蓬,,B+,14.00,Base:5.0|Meta:0.0|Exp:3.0|Func:3.0|Syn:2.0|Eff:0.0|Dmg:1.0|Mod:1.00,"抽卡效果, 搜索效果",無
蜜集大蛇ex,2階進化,11803,https://asia.pokemon-card.com/hk/card-img/hk00011803.png,寶可夢,330,Grass,‌熟成充能,在自己的回合時可使用1次。從自己的手牌選擇1張「基本【草】能量」卡，附於自己的寶可夢身上。然後，將附上那張卡的寶可夢恢復「30」HP。,蜜糖風暴,"Colorless,Colorless",30+,增加自己的所有寶可夢身上附加的【草】能量的數量×30點傷害。,,,,,,Fire,,,3,12,normal,H,擴充包「星晶奇跡」,SV7,5ban Graphics,,啃果蟲 → 蘋裹龍 → 豐蜜龍 → 裹蜜蟲 → 蜜集大蛇 → 蜜集大蛇ex,ex,B+,15.00,Base:5.0|Meta:0.0|Exp:3.0|Func:5.0|Syn:0.0|Eff:0.0|Dmg:2.0|Mod:1.00,"備戰傷害加成, 回復效果, 能量操作, 能量附著",無
爆焰龜獸,基礎,11806,https://asia.pokemon-card.com/hk/card-img/hk00011806.png,寶可夢,130,Fire,,,火焰陣,"Fire,Colorless,Colorless",50,將對手的戰鬥寶可夢【灼傷】。在下個對手的回合，受到這個招式的寶可夢無法撤退。,猛火猛撞,"Fire,Fire,Colorless,Colorless",180,這隻寶可夢也受到60點傷害。,,Water,,,3,15,normal,H,擴充包「星晶奇跡」,SV7,AKIRA EGAWA,背上的甲殼上敷了炸藥。<br/>會用大爆炸去回擊<br/>來攻擊自己的敵人。,爆焰龜獸,,B+,15.00,Base:5.0|Meta:0.0|Exp:3.0|Func:2.0|Syn:0.0|Eff:0.0|Dmg:5.0|Mod:1.00,"反噬傷害, 撤退封鎖, 簡單灼傷",撤退效果
爆焰龜獸,基礎,11970,https://asia.pokemon-card.com/hk/card-img/hk00011970.png,寶可夢,120,Dragon,,,灼燒盡,Fire,,選擇1個對手的戰鬥場的「寶可夢【ex】」身上附加的能量，將其丟棄。,爆熱踩踏,"Fighting,Colorless,Colorless",100,,,,,,3,44,normal,H,強化擴充包「樂園騰龍」,SV7a,Rianti Hidayat,背上的甲殼上敷了炸藥。<br/>會用大爆炸去回擊<br/>來攻擊自己的敵人。,爆焰龜獸,,B+,16.00,Base:5.0|Meta:0.0|Exp:3.0|Func:5.0|Syn:0.0|Eff:0.0|Dmg:3.0|Mod:1.00,能量操作,丟棄效果
爆焰龜獸,基礎,10942,https://asia.pokemon-card.com/hk/card-img/hk00010942.png,寶可夢,120,Fire,,,吐出射擊,"Fire,Colorless",,對手的1隻備戰寶可夢受到40點傷害。[在備戰區不計算弱點・抵抗力。],爆熱炮,"Fire,Fire,Colorless",100,,,Water,,,2,3,normal,H,起始組合「古代故勒頓ex」,SVHK,Shigenori Negishi,背上的甲殼上敷了炸藥。會用大爆炸去回擊<br/>來攻擊自己的敵人。,爆焰龜獸,,B,13.00,Base:5.0|Meta:0.0|Exp:2.0|Func:3.0|Syn:0.0|Eff:0.0|Dmg:3.0|Mod:1.00,連鎖傷害,無
閃焰王牌ex,2階進化,11809,https://asia.pokemon-card.com/hk/card-img/hk00011809.png,寶可夢,320,Fire,,,閃焰強襲,"Fire,Colorless,Colorless",280,在下個自己的回合，這隻寶可夢無法使用「閃焰強襲」。,石榴石截擊,"Fire,Fighting,Darkness",,對手的1隻寶可夢受到180點傷害。[在備戰區不計算弱點・抵抗力。],,Water,,,0,18,normal,H,擴充包「星晶奇跡」,SV7,5ban Graphics,,炎兔兒 → 騰蹴小將 → 閃焰王牌 → 閃焰王牌ex,"太晶,ex",A,17.00,Base:5.0|Meta:0.0|Exp:3.0|Func:3.0|Syn:0.0|Eff:0.0|Dmg:6.0|Mod:1.00,"招式鎖定, 連鎖傷害",無
螢光魚,基礎,11811,https://asia.pokemon-card.com/hk/card-img/hk00011811.png,寶可夢,50,Water,,,潑灑清水,Water,20,,,,,,,Lightning,,,1,20,normal,H,擴充包「星晶奇跡」,SV7,Yukiko Baba,粉紅色的皮膚部分<br/>會儲存太陽光發光。<br/>聽說是用來做保護色的。,螢光魚 → 霓虹魚,,C,8.00,Base:5.0|Meta:0.0|Exp:3.0|Func:0.0|Syn:0.0|Eff:0.0|Dmg:0.0|Mod:1.00,無,無
霓虹魚,1階進化,11812,https://asia.pokemon-card.com/hk/card-img/hk00011812.png,寶可夢,110,Water,,,報恩,Colorless,20,若希望，從牌庫抽卡直到自己的手牌滿6張為止。,鰭快刀,"Water,Colorless",70,,,Lightning,,,1,21,normal,H,擴充包「星晶奇跡」,SV7,Shigenori Negishi,在深海的海底發光的霓虹魚<br/>看起來就像是夜空中<br/>閃閃發亮的星星。,螢光魚 → 霓虹魚,,B+,15.00,Base:5.0|Meta:0.0|Exp:3.0|Func:3.0|Syn:2.0|Eff:0.0|Dmg:2.0|Mod:1.00,抽卡效果,無
咬咬龜,基礎,11816,https://asia.pokemon-card.com/hk/card-img/hk00011816.png,寶可夢,80,Water,,,頭錘,"Colorless,Colorless,Colorless",60,,,,,,,Lightning,,,2,25,normal,H,擴充包「星晶奇跡」,SV7,Yuka Morii,拿起咬咬龜咬著的樹枝，<br/>比賽誰的能咬住不放最久，<br/>是種在孩童間很流行的遊戲。,咬咬龜 → 暴噬龜,,C+,10.00,Base:5.0|Meta:0.0|Exp:3.0|Func:0.0|Syn:0.0|Eff:0.0|Dmg:2.0|Mod:1.00,無,無
暴噬龜,1階進化,11817,https://asia.pokemon-card.com/hk/card-img/hk00011817.png,寶可夢,140,Water,鐵壁硬殼,這隻寶可夢不會受到對手的寶可夢「200」以上的招式的傷害。,堅硬嚼碎,"Colorless,Colorless,Colorless",80+,若對手的戰鬥寶可夢身上放置有傷害指示物，則增加80點傷害。,,,,,,Lightning,,,3,26,normal,H,擴充包「星晶奇跡」,SV7,Dsuke,這種寶可夢會潛伏在岸邊，<br/>趁獵物來喝水時伸長脖子，<br/>將其一口緊緊咬住。,咬咬龜 → 暴噬龜,,B+,16.00,Base:5.0|Meta:0.0|Exp:3.0|Func:2.0|Syn:2.0|Eff:0.0|Dmg:4.0|Mod:1.00,"傷害指示物, 傷害防禦, 效果免疫, 條件傷害",無
呆呆王,1階進化,11830,https://asia.pokemon-card.com/hk/card-img/hk00011830.png,寶可夢,120,Psychic,,,耀閃挑戰,"Psychic,Colorless",,將自己的牌庫上方1張卡丟棄，若那張卡為寶可夢卡（「擁有規則的寶可夢」除外），則選擇1個那隻寶可夢持有的招式，作為這個招式使用。,超念力,"Psychic,Psychic,Colorless",120,,,Darkness,,Fighting,3,39,normal,H,擴充包「星晶奇跡」,SV7,Tetsu Kayama,有著非凡的智慧和靈感。<br/>不論何時都不慌不忙，<br/>一副悠然自得的樣子。,呆呆獸 → 呆殼獸 → 呆呆王 → 呆呆王ex,,B+,14.00,Base:5.0|Meta:0.0|Exp:3.0|Func:0.0|Syn:2.0|Eff:0.0|Dmg:4.0|Mod:1.00,"招式複製, 招式複製對手, 搜索效果",無
呆呆王,1階進化,12636,https://asia.pokemon-card.com/hk/card-img/hk00012636.png,寶可夢,130,Water,,,付諸東流,"Water,Colorless,Colorless",70,若希望，選擇2個對手的戰鬥寶可夢身上附加的能量，放回對手的手牌。,,,,,,Lightning,,,2,28,normal,H,雙ex初階牌組 Generations,SVM,Oswaldo KATO,有著非凡的智慧和靈感。<br/>不論何時都不慌不忙，<br/>一副悠然自得的樣子。,呆呆獸 → 呆殼獸 → 呆呆王 → 呆呆王ex,,B+,16.00,Base:5.0|Meta:0.0|Exp:2.0|Func:5.0|Syn:2.0|Eff:0.0|Dmg:2.0|Mod:1.00,能量操作,無
花療環環,基礎,11833,https://asia.pokemon-card.com/hk/card-img/hk00011833.png,寶可夢,70,Psychic,,,花流浴,Psychic,,雙方玩家各從牌庫抽出3張卡。,嬉鬧,Psychic,20+,擲1次硬幣若為正面，則增加20點傷害。,,Metal,,,1,42,normal,H,擴充包「星晶奇跡」,SV7,saino misaki,如果身上黏著花就會很開心，<br/> 並且發揮出治癒的效果。<br/> 喜歡有很多花的地方。,花療環環,,B+,15.00,Base:5.0|Meta:0.0|Exp:3.0|Func:3.0|Syn:2.0|Eff:0.0|Dmg:2.0|Mod:1.00,"抽卡效果, 搜索效果, 條件傷害, 硬幣判定",無
麻花犬ex,1階進化,11837,https://asia.pokemon-card.com/hk/card-img/hk00011837.png,寶可夢,250,Psychic,‌飽腹時間,在自己的回合，從手牌使出這張卡並完成進化時，可使用1次。將自己的所有進化寶可夢的HP全部恢復。然後，將恢復的寶可夢身上附加的能量全部丟棄。,奇跡閃耀,"Colorless,Colorless",130,將對手的戰鬥寶可夢【混亂】。,,,,,,Metal,,,2,46,normal,H,擴充包「星晶奇跡」,SV7,You Iribi,,狗仔包 → 麻花犬 → 麻花犬ex,ex,A+,22.00,Base:5.0|Meta:0.0|Exp:3.0|Func:10.0|Syn:0.0|Eff:0.0|Dmg:4.0|Mod:1.00,"回復效果, 狀態異常, 能量操作",進化效果
鐵磐岩,基礎,11838,https://asia.pokemon-card.com/hk/card-img/hk00011838.png,寶可夢,140,Psychic,,,調整角擊,"Psychic,Colorless",170,若自己的手牌與對手的手牌不是相同張數，則這個招式失敗。,,,,,,Darkness,,Fighting,3,47,normal,H,擴充包「星晶奇跡」,SV7,GIDORA,身體似乎是由金屬構成。<br/><br/> 牠的名字來自記載於<br/><br/> 古老書籍裡的神秘物體。,鐵磐岩,,A,17.00,Base:5.0|Meta:0.0|Exp:3.0|Func:2.0|Syn:2.0|Eff:0.0|Dmg:5.0|Mod:1.00,條件失敗,無
超甲狂犀,2階進化,11843,https://asia.pokemon-card.com/hk/card-img/hk00011843.png,寶可夢,200,Fighting,廣域堡壘,只要這隻寶可夢在戰鬥場上，對手從手牌使出支援者卡時，自己的所有寶可夢不會受到那個效果的影響。,直衝鑽,"Fighting,Colorless,Colorless",180,選擇1個對手的戰鬥寶可夢身上附加的能量，將其丟棄。,,,,,,Grass,,,4,52,normal,H,擴充包「星晶奇跡」,SV7,Mitsuhiro Arita,雖然大腦比鑽角犀獸還小，<br/> 但可以把因而多出的能量<br/> 全用在戰鬥上，所以非常強。,獨角犀牛 → 鑽角犀獸 → 超甲狂犀,,A,18.00,Base:5.0|Meta:0.0|Exp:3.0|Func:5.0|Syn:0.0|Eff:0.0|Dmg:5.0|Mod:1.00,"效果免疫, 能量操作",丟棄效果
恰雷姆ex,1階進化,11845,https://asia.pokemon-card.com/hk/card-img/hk00011845.png,寶可夢,260,Fighting,,,氣功指壓,"Colorless,Colorless",,在對手的戰鬥寶可夢身上放置傷害指示物直到剩餘HP變為「50」為止。,瑜伽踢,"Fighting,Colorless,Colorless",190,這個招式的傷害不計算弱點・抵抗力。,,Psychic,,,1,54,normal,H,擴充包「星晶奇跡」,SV7,PLANETA Yamashita,,瑪沙那 → 恰雷姆 → 恰雷姆ex,ex,B+,16.00,Base:5.0|Meta:0.0|Exp:3.0|Func:3.0|Syn:0.0|Eff:0.0|Dmg:5.0|Mod:1.00,"傷害指示物, 無視弱點/效果",無
頑皮熊貓,基礎,11848,https://asia.pokemon-card.com/hk/card-img/hk00011848.png,寶可夢,70,Fighting,,,瞪眼,Colorless,,擲1次硬幣若為正面，則將對手的戰鬥寶可夢【麻痺】。,踢倒,"Colorless,Colorless",20,,,Psychic,,,2,57,normal,H,擴充包「星晶奇跡」,SV7,Tomomi Ozaki,會模仿自己敬為頭領的<br/>流氓熊貓，向牠學習戰鬥<br/>及捕捉獵物的方法。,頑皮熊貓 → 流氓熊貓,,B,12.00,Base:5.0|Meta:0.0|Exp:3.0|Func:2.0|Syn:2.0|Eff:0.0|Dmg:0.0|Mod:1.00,"狀態異常, 硬幣判定",無
頑皮熊貓,基礎,13044,https://asia.pokemon-card.com/hk/card-img/hk00013044.png,寶可夢,60,Fighting,,,推擊,Colorless,10,,真氣突刺,"Colorless,Colorless,Colorless",50,擲1次硬幣若為反面，則這個招式失敗。,,Psychic,,,1,50,normal,I,擴充包「對戰搭檔」,SV9,Yuriko Akase,為了不被小看而一直瞪著對手，<br/>然而繃緊的神經一旦稍有放鬆，<br/>牠就會在無意中露出笑臉。,頑皮熊貓 → 流氓熊貓,,B,11.00,Base:5.0|Meta:0.0|Exp:3.0|Func:0.0|Syn:2.0|Eff:0.0|Dmg:1.0|Mod:1.00,"條件失敗, 硬幣判定",無
蒂安希,基礎,11849,https://asia.pokemon-card.com/hk/card-img/hk00011849.png,寶可夢,110,Fighting,,,漫反射,Colorless,40×,造成對手的所有寶可夢身上附加的特殊能量卡的張數×40點傷害。,力量寶石,"Fighting,Colorless",60,,,Grass,,,1,58,normal,H,擴充包「星晶奇跡」,SV7,Jiro Sasumo,小碎鑽的突變種。<br/>散發著粉紅光輝的身體<br/>被譽為世界第一美麗。,蒂安希,,A+,21.00,Base:5.0|Meta:0.0|Exp:3.0|Func:5.0|Syn:0.0|Eff:0.0|Dmg:8.0|Mod:1.00,"傷害效果, 棄牌區傷害加成, 能量操作",無
溶食獸,基礎,11852,https://asia.pokemon-card.com/hk/card-img/hk00011852.png,寶可夢,70,Darkness,,,口水,Darkness,10,,毒之氣息,"Darkness,Darkness,Colorless",30,將對手的戰鬥寶可夢【中毒】。,,Fighting,,,2,61,normal,H,擴充包「星晶奇跡」,SV7,Shimaris Yukichi,心臟和大腦都很小，<br/>身體的大部分是胃。<br/>會分泌出什麼都能溶解的胃液。,溶食獸 → 吞食獸,,B,11.00,Base:5.0|Meta:0.0|Exp:3.0|Func:2.0|Syn:0.0|Eff:0.0|Dmg:1.0|Mod:1.00,狀態異常,無
吞食獸,1階進化,11853,https://asia.pokemon-card.com/hk/card-img/hk00011853.png,寶可夢,130,Darkness,,,張大嘴,Darkness,10+,若這隻寶可夢身上附加的能量的數量，比對手的戰鬥寶可夢身上附加的能量的數量多，則增加160點傷害。,毒液一擊,"Darkness,Darkness,Colorless",100,將對手的戰鬥寶可夢【中毒】。,,Fighting,,,3,62,normal,H,擴充包「星晶奇跡」,SV7,OKACHEKE,就連輪胎都是整個吞掉。<br/>會從身上的毛孔分泌出<br/>帶有劇毒的體液。,溶食獸 → 吞食獸,,A,18.00,Base:5.0|Meta:0.0|Exp:3.0|Func:5.0|Syn:2.0|Eff:0.0|Dmg:3.0|Mod:1.00,"條件傷害, 狀態異常, 能量操作",無
流氓熊貓,1階進化,11854,https://asia.pokemon-card.com/hk/card-img/hk00011854.png,寶可夢,140,Darkness,,,拉扯,Darkness,,選擇1隻對手的備戰寶可夢，與戰鬥寶可夢互換。,暴走,"Darkness,Darkness,Colorless",160,將這隻寶可夢【混亂】。,,Grass,,,3,63,normal,H,擴充包「星晶奇跡」,SV7,KEIICHIRO ITO,性情暴躁，靠力氣解決問題。<br/>為與堵攔熊一對一比拼<br/>而燃燒自己的鬥志。,頑皮熊貓 → 流氓熊貓,,A,18.00,Base:5.0|Meta:0.0|Exp:3.0|Func:5.0|Syn:0.0|Eff:0.0|Dmg:5.0|Mod:1.00,"切換效果, 狀態異常",無
流氓熊貓,1階進化,13056,https://asia.pokemon-card.com/hk/card-img/hk00013056.png,寶可夢,140,Darkness,,,無理取鬧,Darkness,30,選擇1個對手的戰鬥寶可夢持有的招式。在下個對手的回合，受到這個招式的寶可夢無法使用被選擇的招式。,力量衝撞,"Darkness,Darkness,Colorless",160,在下個自己的回合，這隻寶可夢無法使用招式。,,Grass,,,3,62,normal,I,擴充包「對戰搭檔」,SV9,nagimiso,透過葉子來洞悉敵人的動向。<br/>只要使出一記拳擊就能<br/>讓大型砂石車變成廢鐵。,頑皮熊貓 → 流氓熊貓,,B+,15.00,Base:5.0|Meta:0.0|Exp:3.0|Func:2.0|Syn:0.0|Eff:0.0|Dmg:5.0|Mod:1.00,"使用限制, 招式封鎖, 招式鎖定",無
搗蛋小妖,基礎,11855,https://asia.pokemon-card.com/hk/card-img/hk00011855.png,寶可夢,70,Darkness,,,掌擊,Colorless,10,,利爪劈擊,"Darkness,Colorless,Colorless",40,,,Grass,,,1,64,normal,H,擴充包「星晶奇跡」,SV7,Tomokazu Komiya,會成群住在一起，並透過<br/>惡搞對方和彼此找碴<br/>來磨練製造麻煩的身手。,搗蛋小妖 → 詐唬魔 → 長毛巨魔,,C+,9.00,Base:5.0|Meta:0.0|Exp:3.0|Func:0.0|Syn:0.0|Eff:0.0|Dmg:1.0|Mod:1.00,無,無
詐唬魔,1階進化,11856,https://asia.pokemon-card.com/hk/card-img/hk00011856.png,寶可夢,90,Darkness,,,重摑,"Colorless,Colorless",40,,暗之牙,"Darkness,Colorless,Colorless",70,,,Grass,,,1,65,normal,H,擴充包「星晶奇跡」,SV7,Mékayu,吸收負面情緒來轉化成<br/>自身能量的寶可夢。<br/>深受有負面思考習慣的人歡迎。,搗蛋小妖 → 詐唬魔 → 長毛巨魔,,C+,10.00,Base:5.0|Meta:0.0|Exp:3.0|Func:0.0|Syn:0.0|Eff:0.0|Dmg:2.0|Mod:1.00,無,無
長毛巨魔,2階進化,11857,https://asia.pokemon-card.com/hk/card-img/hk00011857.png,寶可夢,170,Darkness,,,挑釁抓擊,"Colorless,Colorless",,將對手的戰鬥寶可夢與備戰寶可夢互換（由對手選擇放置於戰鬥場的寶可夢）。然後，新上場的寶可夢受到160點傷害。,擊拳,"Darkness,Colorless,Colorless",160,選擇2個這隻寶可夢身上附加的能量，將其丟棄。,,Grass,,,3,66,normal,H,擴充包「星晶奇跡」,SV7,Kazumasa Yasukuni,生活在森林深處。即使因進化<br/>而變得強壯挺拔，也改不掉做<br/>無謂的壞事和惡作劇的習慣。,搗蛋小妖 → 詐唬魔 → 長毛巨魔,,A+,21.00,Base:5.0|Meta:0.0|Exp:3.0|Func:8.0|Syn:0.0|Eff:0.0|Dmg:5.0|Mod:1.00,"切換效果, 能量操作",無
長毛巨魔,2階進化,12666,https://asia.pokemon-card.com/hk/card-img/hk00012666.png,寶可夢,170,Psychic,,,影繩結,Psychic,50×,造成對手的戰鬥寶可夢【撤退】所需的能量的數量×50點傷害。,百萬噸重拳,"Psychic,Colorless",120,,,Metal,,,2,58,normal,H,雙ex初階牌組 Generations,SVM,Nisota Niso,生活在森林深處。即使因進化<br/>而變得強壯挺拔，也改不掉做<br/>無謂的壞事和惡作劇的習慣。,搗蛋小妖 → 詐唬魔 → 長毛巨魔,,A,19.00,Base:5.0|Meta:0.0|Exp:2.0|Func:4.0|Syn:0.0|Eff:0.0|Dmg:8.0|Mod:1.00,"備戰傷害加成, 傷害效果, 撤退干擾",撤退效果
拖拖蚓ex,基礎,11865,https://asia.pokemon-card.com/hk/card-img/hk00011865.png,寶可夢,220,Metal,‌快掃拳返,這隻寶可夢受到對手的寶可夢招式的傷害時，將與這隻寶可夢身上附加的【鋼】能量的數量×2個的相同數量的傷害指示物，放置於使用招式的寶可夢身上。,岩石封鎖,"Colorless,Colorless,Colorless,Colorless",150,在下個對手的回合，受到這個招式的寶可夢無法撤退。,,,,,,Fire,,Grass,4,74,normal,H,擴充包「星晶奇跡」,SV7,PLANETA Yamashita,,拖拖蚓ex,ex,A,18.00,Base:5.0|Meta:0.0|Exp:3.0|Func:5.0|Syn:0.0|Eff:0.0|Dmg:5.0|Mod:1.00,"備戰傷害加成, 傷害指示物, 屬性防禦, 撤退封鎖, 能量操作",撤退效果
猛雷鼓,基礎,11866,https://asia.pokemon-card.com/hk/card-img/hk00011866.png,寶可夢,130,Dragon,,,落雷風暴,"Lightning,Fighting",,對手的1隻寶可夢受到這隻寶可夢身上附加的能量的數量×30點傷害。[在備戰區不計算弱點・抵抗力。],龍之頭擊,"Lightning,Fighting,Colorless",130,,,,,,3,75,normal,H,擴充包「星晶奇跡」,SV7,kodama,據說會從體毛釋放出<br/><br/>雷電將周圍燒成焦土。<br/><br/>具體詳情不明。,猛雷鼓,,A,18.00,Base:5.0|Meta:0.0|Exp:3.0|Func:6.0|Syn:0.0|Eff:0.0|Dmg:4.0|Mod:1.00,"備戰傷害加成, 能量操作, 連鎖傷害",無
魅力喵,基礎,11869,https://asia.pokemon-card.com/hk/card-img/hk00011869.png,寶可夢,60,Colorless,,,鉤住,Colorless,20,,,,,,,Fighting,,,1,78,normal,H,擴充包「星晶奇跡」,SV7,Yuriko Akase,一不高興就會豎起爪子。<br/>但有時也會從喉嚨發出聲響來撒嬌。<br/>這樣的性格很受部分人的喜愛。,魅力喵 → 東施喵,,C,8.00,Base:5.0|Meta:0.0|Exp:3.0|Func:0.0|Syn:0.0|Eff:0.0|Dmg:0.0|Mod:1.00,無,無
東施喵,1階進化,11870,https://asia.pokemon-card.com/hk/card-img/hk00011870.png,寶可夢,120,Colorless,,,喵打滾,"Colorless,Colorless",80,擲1次硬幣若為正面，則在下個對手的回合，這隻寶可夢不會受到招式的傷害與效果的影響。,,,,,,Fighting,,,1,79,normal,H,擴充包「星晶奇跡」,SV7,Saboteri,即使是其他寶可夢的住所，<br/>如果感覺很舒服的話，<br/>就會當成自己的住所賴著不走。,魅力喵 → 東施喵,,B+,14.00,Base:5.0|Meta:0.0|Exp:3.0|Func:2.0|Syn:2.0|Eff:0.0|Dmg:2.0|Mod:1.00,"傷害防禦, 效果免疫, 硬幣判定",無
毛辮羊,基礎,11877,https://asia.pokemon-card.com/hk/card-img/hk00011877.png,寶可夢,70,Colorless,,,搗碎,"Colorless,Colorless",30,若希望，將場上的競技場卡丟棄。,,,,,,Fighting,,,1,86,normal,H,擴充包「星晶奇跡」,SV7,Wintr Wandr,捲捲的體毛彈性十足。<br/>就算從懸崖上掉下去，<br/>也不會受傷。,毛辮羊 → 毛毛角羊,,B,13.00,Base:5.0|Meta:0.0|Exp:3.0|Func:0.0|Syn:4.0|Eff:0.0|Dmg:1.0|Mod:1.00,無,競技場效果
毛毛角羊,1階進化,11878,https://asia.pokemon-card.com/hk/card-img/hk00011878.png,寶可夢,130,Colorless,柔軟羊毛,這隻寶可夢受到招式的傷害「-30」點。,搗碎,"Colorless,Colorless",70,若希望，將場上的競技場卡丟棄。,,,,,,Fighting,,,2,87,normal,H,擴充包「星晶奇跡」,SV7,HYOGONOSUKE,用牠那彈力十足的毛<br/>織成的地毯就像是彈簧墊，<br/>可以站上去蹦蹦跳。,毛辮羊 → 毛毛角羊,,B+,14.00,Base:5.0|Meta:0.0|Exp:3.0|Func:0.0|Syn:4.0|Eff:0.0|Dmg:2.0|Mod:1.00,其他效果,競技場效果
超級球,,13838,https://asia.pokemon-card.com/hk/card-img/hk00013838.png,物品卡,,,,,,,,查看自己的牌庫上方7張卡。從其中選擇1張寶可夢卡，在給對手看過後加入手牌。將剩餘卡放回牌庫並重洗。,,,,,,,,,,14,normal,G,ex初階牌組 噴火龍,SVQL,Studio Bora Inc.,,,,A+,22.00,Base:7.0|Meta:5.0|Exp:2.0|Func:5.0|Syn:3.0|Eff:0.0|Dmg:0.0|Mod:1.00,"抽卡效果, 搜索效果",無
福祿果,,11883,https://asia.pokemon-card.com/hk/card-img/hk00011883.png,寶可夢道具,,,,,,,,附有這張卡的寶可夢受到對手的【超】寶可夢招式的傷害時，那個傷害「-60」點，將這張卡丟棄。,,,,,,,,,,92,normal,H,擴充包「星晶奇跡」,SV7,Studio Bora Inc.,,,,B,11.00,Base:6.0|Meta:0.0|Exp:3.0|Func:2.0|Syn:0.0|Eff:0.0|Dmg:0.0|Mod:1.00,無,丟棄效果
巧可果,,11884,https://asia.pokemon-card.com/hk/card-img/hk00011884.png,寶可夢道具,,,,,,,,‌附有這張卡的寶可夢受到對手的【火】寶可夢招式的傷害時，那個傷害「-60」點，將這張卡丟棄。,,,,,,,,,,93,normal,H,擴充包「星晶奇跡」,SV7,Studio Bora Inc.,,,,B,11.00,Base:6.0|Meta:0.0|Exp:3.0|Func:2.0|Syn:0.0|Eff:0.0|Dmg:0.0|Mod:1.00,無,丟棄效果
璀璨結晶,,11885,https://asia.pokemon-card.com/hk/card-img/hk00011885.png,寶可夢道具,,,,,,,,附有這張卡的「太晶」寶可夢使用招式時，使用那個招式所需的能量減少1個。（減少的能量任何屬性皆可。）,,,,,,,,,,94,normal,H,擴充包「星晶奇跡」,SV7,Toyste Beach,,,,B,11.00,Base:6.0|Meta:0.0|Exp:3.0|Func:2.0|Syn:0.0|Eff:0.0|Dmg:0.0|Mod:1.00,其他效果,無
重力之玉,,11886,https://asia.pokemon-card.com/hk/card-img/hk00011886.png,寶可夢道具,,,,,,,,只要附有這張卡的寶可夢在戰鬥場上，雙方的戰鬥寶可夢【撤退】所需的能量各增加1個。,,,,,,,,,,95,normal,H,擴充包「星晶奇跡」,SV7,Toyste Beach,,,,B,13.00,Base:6.0|Meta:0.0|Exp:3.0|Func:2.0|Syn:2.0|Eff:0.0|Dmg:0.0|Mod:1.00,"撤退干擾, 能量需求增加",撤退效果
奢華炸彈,,11887,https://asia.pokemon-card.com/hk/card-img/hk00011887.png,寶可夢道具,,,,,,,,附有這張卡的寶可夢在戰鬥場受到對手的寶可夢招式的傷害時，在使用招式的寶可夢身上放置12個傷害指示物。然後，將這張卡丟棄。,,,,,,,,,,96,normal,H,擴充包「星晶奇跡」,SV7,inose yukie,,,,B,11.00,Base:6.0|Meta:0.0|Exp:3.0|Func:2.0|Syn:0.0|Eff:0.0|Dmg:0.0|Mod:1.00,傷害指示物,丟棄效果
越橘的一步棋,,14540,https://asia.pokemon-card.com/hk/card-img/hk00014540.png,支援者卡,,,,,,,,查看自己的牌庫上方7張卡，從其中選擇1張【惡】寶可夢卡，放置於備戰區。將剩餘卡全部翻回反面並重洗，放回牌庫下方。（無法在自己的最初回合使用。）,,,,,,,,,,76,normal,I,擴充包「烈獄狂火X」,M2,GIDORA,,,,B,12.00,Base:8.0|Meta:0.0|Exp:-1.0|Func:3.0|Syn:2.0|Eff:0.0|Dmg:0.0|Mod:1.00,搜索效果,放置效果
開洞之鏟,,14201,https://asia.pokemon-card.com/hk/card-img/hk00014201.png,物品卡,,,,,,,,將自己的牌庫上方2張卡丟棄。,,,,,,,,,,16,promo,I,特典卡 超級進化,M,Toyste Beach,,,,D,6.00,Base:7.0|Meta:0.0|Exp:-1.0|Func:0.0|Syn:0.0|Eff:0.0|Dmg:0.0|Mod:1.00,其他效果,無
陽傘姐姐,,9906,https://asia.pokemon-card.com/hk/card-img/hk00009906.png,支援者卡,,,,,,,,將自己的手牌全部放回牌庫並重洗。然後，從牌庫抽出4張卡。若在後攻玩家的最初回合使用，則改爲抽出8張卡。,,,,,,,,,,61,normal,G,強化擴充包「激狂駭浪」,SV3a,Cona Nitanda,,,,A,18.00,Base:8.0|Meta:0.0|Exp:2.0|Func:4.0|Syn:4.0|Eff:0.0|Dmg:0.0|Mod:1.00,"搜索效果, 牌庫重洗",大量抽卡
黑連,,13791,https://asia.pokemon-card.com/hk/card-img/hk00013791.png,支援者卡,,,,,,,,從自己的牌庫抽出3張卡。,,,,,,,,,,256,promo,I,特典卡 朱&紫,SV,REND,,,,B,13.00,Base:8.0|Meta:0.0|Exp:2.0|Func:3.0|Syn:0.0|Eff:0.0|Dmg:0.0|Mod:1.00,"抽卡效果, 搜索效果",無
睡睡菇,基礎,11928,https://asia.pokemon-card.com/hk/card-img/hk00011928.png,寶可夢,60,Grass,,,附著,Colorless,10,,,,,,,Fire,,,1,2,normal,H,強化擴充包「樂園騰龍」,SV7a,Tomokazu Komiya,頭上的蘑菇傘非常好吃，<br/>雖然會被森林中的寶可夢吃掉，<br/>但是過了一晚上就會再生。,睡睡菇 → 燈罩夜菇,,C,8.00,Base:5.0|Meta:0.0|Exp:3.0|Func:0.0|Syn:0.0|Eff:0.0|Dmg:0.0|Mod:1.00,無,無
燈罩夜菇,1階進化,11929,https://asia.pokemon-card.com/hk/card-img/hk00011929.png,寶可夢,110,Grass,平靜之光,若這隻寶可夢在戰鬥場上，則在自己的回合時可使用1次。將對手的戰鬥寶可夢【睡眠】。,螺旋衝刺,"Grass,Colorless",60+,擲硬幣直到出現反面，增加正面出現的次數×30點傷害。,,,,,,Fire,,,2,3,normal,H,強化擴充包「樂園騰龍」,SV7a,Aya Kusube,用孢子閃爍著的光<br/>吸引獵物，讓對方睡著。<br/>會從指尖吸收精氣。,睡睡菇 → 燈罩夜菇,,B,13.00,Base:5.0|Meta:0.0|Exp:3.0|Func:2.0|Syn:0.0|Eff:0.0|Dmg:3.0|Mod:1.00,"狀態異常, 硬幣判定",無
薩戮德,基礎,11931,https://asia.pokemon-card.com/hk/card-img/hk00011931.png,寶可夢,120,Grass,,,綠葉吸取,Grass,20,將這隻寶可夢恢復「20」HP。,叢林鞭打,"Grass,Grass,Colorless",80+,若希望，將這隻寶可夢身上附加的能量卡全部放回手牌，增加80點傷害。,,Fire,,,1,5,normal,H,強化擴充包「樂園騰龍」,SV7a,GOSSAN,集結成群生活在密林裡。<br/>攻擊性很強，令棲息在<br/>森林的寶可夢們畏懼不已。,薩戮德,,A+,21.00,Base:5.0|Meta:0.0|Exp:3.0|Func:5.0|Syn:4.0|Eff:0.0|Dmg:4.0|Mod:1.00,"回復效果, 條件傷害, 能量操作",無
飄浮泡泡 太陽的樣子,基礎,11932,https://asia.pokemon-card.com/hk/card-img/hk00011932.png,寶可夢,70,Fire,,,灼熱,Fire,,將對手的戰鬥寶可夢【灼傷】。,陽光支援,"Fire,Colorless",50,將這隻寶可夢身上附加的能量卡，全部改附於1隻備戰寶可夢身上。,,Water,,,0,6,normal,H,強化擴充包「樂園騰龍」,SV7a,osare,飄浮泡泡在天氣晴朗時的樣子。<br/>在把牠放到暖爐前面的實驗中，<br/>牠並沒有變成這種形態。,飄浮泡泡 太陽的樣子,,A,19.00,Base:5.0|Meta:0.0|Exp:3.0|Func:8.0|Syn:2.0|Eff:0.0|Dmg:1.0|Mod:1.00,"簡單灼傷, 能量操作",無
闇黑酋雷姆ex,基礎,11937,https://asia.pokemon-card.com/hk/card-img/hk00011937.png,寶可夢,230,Water,,,冰河期,"Colorless,Colorless,Colorless",90,若對手的戰鬥寶可夢為【龍】寶可夢，則將那隻寶可夢【麻痺】。,闇黑冰霜,"Water,Water,Colorless,Colorless",250,這隻寶可夢也受到30點傷害。,,Metal,,,3,11,normal,H,強化擴充包「樂園騰龍」,SV7a,kawayoo,,闇黑酋雷姆ex,ex,A,18.00,Base:5.0|Meta:0.0|Exp:3.0|Func:2.0|Syn:2.0|Eff:0.0|Dmg:6.0|Mod:1.00,"反噬傷害, 狀態異常",無
狂歡浪舞鴨,2階進化,11941,https://asia.pokemon-card.com/hk/card-img/hk00011941.png,寶可夢,170,Water,‌快節奏,在自己的回合，若將1張自己的手牌放回牌庫下方，則可使用1次。從牌庫抽卡直到自己的手牌滿5張為止。,水炮濺射,"Water,Colorless",120,,,,,,,Lightning,,,2,15,normal,H,強化擴充包「樂園騰龍」,SV7a,nagimiso,會用充滿異國情調的舞蹈<br/>迷倒看到的對手，然後揮舞<br/>以水構成的羽飾將其劈裂。,潤水鴨 → 湧躍鴨 → 狂歡浪舞鴨 → 狂歡浪舞鴨ex,,B+,15.00,Base:5.0|Meta:0.0|Exp:3.0|Func:3.0|Syn:0.0|Eff:0.0|Dmg:4.0|Mod:1.00,抽卡效果,無
迷唇娃,基礎,11944,https://asia.pokemon-card.com/hk/card-img/hk00011944.png,寶可夢,30,Psychic,,,樂呵呵之吻,,,從自己的牌庫選擇最多2張「基本【超】能量」卡，附於1隻備戰寶可夢身上。並且重洗牌庫。,,,,,,Darkness,,Fighting,0,18,normal,H,強化擴充包「樂園騰龍」,SV7a,Saya Tsuruta,只要稍微弄髒了臉，就會<br/>馬上去用水沖乾淨。但對於<br/>身體的髒污似乎就不太在意。,迷唇娃,,B,12.00,Base:5.0|Meta:0.0|Exp:3.0|Func:4.0|Syn:0.0|Eff:0.0|Dmg:0.0|Mod:1.00,搜索效果,無
卡璞・蝶蝶,基礎,11947,https://asia.pokemon-card.com/hk/card-img/hk00011947.png,寶可夢,110,Psychic,,,蠱惑,"Colorless,Colorless",20,將對手的戰鬥寶可夢【混亂】。,心靈粉碎,"Psychic,Colorless,Colorless",90+,若對手的戰鬥寶可夢【混亂】，則增加90點傷害。,,Metal,,,1,21,normal,H,強化擴充包「樂園騰龍」,SV7a,Natsumi Yoshida,四處翩翩飛舞，<br/><br/>撒下閃著不可思議光芒的鱗粉。<br/><br/>據說碰到的人眨眼間就會恢復活力。,卡璞・蝶蝶,,B+,16.00,Base:5.0|Meta:0.0|Exp:3.0|Func:2.0|Syn:2.0|Eff:0.0|Dmg:4.0|Mod:1.00,"條件傷害, 狀態異常",無
沙漠蜻蜓ex,2階進化,11953,https://asia.pokemon-card.com/hk/card-img/hk00011953.png,寶可夢,310,Fighting,,,風暴返,Fighting,130,若希望，將這隻寶可夢與備戰寶可夢互換。,橄欖石音波,"Water,Fighting,Metal",,對手的所有「寶可夢【ex】・【V】」各受到100點傷害。這個招式的傷害不計算弱點・抵抗力。,,Grass,,,1,27,normal,H,強化擴充包「樂園騰龍」,SV7a,5ban Graphics,,大顎蟻 → 超音波幼蟲 → 沙漠蜻蜓 → 沙漠蜻蜓GX → 沙漠蜻蜓ex,"太晶,ex",A,19.00,Base:5.0|Meta:0.0|Exp:3.0|Func:5.0|Syn:2.0|Eff:0.0|Dmg:4.0|Mod:1.00,"切換效果, 無視弱點/效果",無
鋁鋼橋龍ex,1階進化,11963,https://asia.pokemon-card.com/hk/card-img/hk00011963.png,寶可夢,300,Metal,‌‌合金建造,在自己的回合，從手牌使出這張卡並完成進化時，可使用1次。從自己的棄牌區選擇最多2張「基本【鋼】能量」卡，以任意方式附於自己的【鋼】寶可夢身上。,金屬防禦強化,"Metal,Metal,Metal",220,在下個對手的回合，這隻寶可夢的弱點全部消除。,,,,,,Fire,,Grass,2,37,normal,H,強化擴充包「樂園騰龍」,SV7a,5ban Graphics,,鋁鋼龍 → 鋁鋼橋龍 → 鋁鋼橋龍ex,ex,S+,26.00,Base:5.0|Meta:0.0|Exp:3.0|Func:10.0|Syn:2.0|Eff:0.0|Dmg:6.0|Mod:1.00,"弱點消除, 搜索效果",進化效果
鐵頭殼,基礎,11965,https://asia.pokemon-card.com/hk/card-img/hk00011965.png,寶可夢,130,Metal,,,滅絕斬,"Metal,Colorless",40+,若對手的備戰寶可夢的數量為3隻以上，則增加80點傷害。,利刃切割,"Metal,Colorless,Colorless",100,,,Fire,,Grass,2,39,normal,H,強化擴充包「樂園騰龍」,SV7a,akagi,據說牠曾射出發光的刀刃<br/><br/>劈開了周遭的一切，但沒有<br/><br/>能得知其真面目的其他資訊。,鐵頭殼,,B+,16.00,Base:5.0|Meta:0.0|Exp:3.0|Func:3.0|Syn:2.0|Eff:0.0|Dmg:3.0|Mod:1.00,"備戰傷害加成, 條件傷害",無
阿羅拉 椰蛋樹ex,1階進化,11966,https://asia.pokemon-card.com/hk/card-img/hk00011966.png,寶可夢,300,Dragon,,,熱帶狂燒,"Grass,Water",150,從自己的手牌選擇任意數量的基本能量卡，以任意方式附於自己的寶可夢身上。,嗡嗡榍石,"Grass,Water,Fighting",,擲1次硬幣若為正面，則將對手的戰鬥場的【基礎】寶可夢【昏厥】。若為反面，則選擇1隻對手的備戰區的【基礎】寶可夢，將其【昏厥】。,,,,,3,40,normal,H,強化擴充包「樂園騰龍」,SV7a,aky CG Works,,蛋蛋 → 椰蛋樹 → 阿羅拉 椰蛋樹 → 阿羅拉 椰蛋樹GX → 阿羅拉 椰蛋樹ex,"太晶,ex",A+,20.00,Base:5.0|Meta:0.0|Exp:3.0|Func:5.0|Syn:2.0|Eff:0.0|Dmg:5.0|Mod:1.00,"昏厥條件, 硬幣判定, 能量附著",無
蘋裹龍,1階進化,11972,https://asia.pokemon-card.com/hk/card-img/hk00011972.png,寶可夢,80,Dragon,,,酸味噴吐,Colorless,20×,造成對手的戰鬥寶可夢身上放置的傷害指示物的數量×20點傷害。,高速飛行,"Grass,Fire",70,,,,,,1,46,normal,H,強化擴充包「樂園騰龍」,SV7a,GOTO minori,會用體液修補蘋果。<br/>身經百戰的強者，<br/>蘋果會佈滿黏土色。,啃果蟲 → 蘋裹龍 → 豐蜜龍 → 裹蜜蟲 → 蜜集大蛇 → 蜜集大蛇ex,,B,12.00,Base:5.0|Meta:0.0|Exp:3.0|Func:2.0|Syn:0.0|Eff:0.0|Dmg:2.0|Mod:1.00,"備戰傷害加成, 傷害指示物, 傷害效果",無
豐蜜龍,1階進化,11973,https://asia.pokemon-card.com/hk/card-img/hk00011973.png,寶可夢,90,Dragon,,,甜蜜熔化,"Colorless,Colorless",50,在下個對手的回合，受到這個招式的寶可夢無法使用招式。,狂野衝撞,"Grass,Fire",130,這隻寶可夢也受到20點傷害。,,,,,3,47,normal,H,強化擴充包「樂園騰龍」,SV7a,Oswaldo KATO,當有愛吃豚跑來舔食<br/>自己背上的甜甜蜜時，<br/>會吐出黏糊糊的蜜來擊退。,啃果蟲 → 蘋裹龍 → 豐蜜龍 → 裹蜜蟲 → 蜜集大蛇 → 蜜集大蛇ex,,B+,14.00,Base:5.0|Meta:0.0|Exp:3.0|Func:2.0|Syn:0.0|Eff:0.0|Dmg:4.0|Mod:1.00,"反噬傷害, 招式鎖定",無
黑暗球,,11980,https://asia.pokemon-card.com/hk/card-img/hk00011980.png,物品卡,,,,,,,,查看自己的牌庫下方7張卡，從其中選擇1張寶可夢卡，在給對手看過後加入手牌。將剩餘卡放回牌庫並重洗。,,,,,,,,,,54,normal,H,強化擴充包「樂園騰龍」,SV7a,Studio Bora Inc.,,,,A,18.00,Base:7.0|Meta:0.0|Exp:3.0|Func:5.0|Syn:3.0|Eff:0.0|Dmg:0.0|Mod:1.00,"抽卡效果, 搜索效果",無
傷藥,,4965,https://asia.pokemon-card.com/hk/card-img/hk00004965.png,物品卡,,,,,,,,將自己的1隻寶可夢恢復「30」HP。,,,,在自己的回合時，物品卡可不限張數使用。,,,,,,134,normal,G,G超起始牌組「眾星雲集組合篇」,AC1D,Toyste Beach,,,,C+,9.00,Base:7.0|Meta:1.0|Exp:-1.0|Func:2.0|Syn:0.0|Eff:0.0|Dmg:0.0|Mod:1.00,回復效果,無
奧琳博士的氣魄,,13113,https://asia.pokemon-card.com/hk/card-img/hk00013113.png,支援者卡,,,,,,,,選擇最多2隻自己的「古代」寶可夢，從棄牌區附給那些寶可夢各1張基本能量卡。然後，從自己的牌庫抽出3張卡。,,,,,,,,,,184,promo,G,特典卡 朱&紫,SV,Megumi Mizutani,,,,B+,15.00,Base:8.0|Meta:0.0|Exp:2.0|Func:5.0|Syn:0.0|Eff:0.0|Dmg:0.0|Mod:1.00,"抽卡效果, 搜索效果",無
奧爾迪加,,9615,https://asia.pokemon-card.com/hk/card-img/hk00009615.png,支援者卡,,,,,,,,查看對手的手牌，從其中任意選擇1張卡，放回對手的牌庫下方。然後，對手若希望，從牌庫抽出1張卡。,,,,在自己的回合時，支援者卡只可使用1張。,,,,,,104,normal,G,擴充包「黯焰支配者」,SV3,Naoki Saito,,,,A,18.00,Base:8.0|Meta:0.0|Exp:2.0|Func:6.0|Syn:2.0|Eff:0.0|Dmg:0.0|Mod:1.00,"抽卡效果, 搜索效果",無
暈眩山谷,,14544,https://asia.pokemon-card.com/hk/card-img/hk00014544.png,競技場卡,,,,,,,,雙方的【混亂】的寶可夢，就算進化・退化，【混亂】也不會恢復。,,,,,,,,,,80,normal,I,擴充包「烈獄狂火X」,M2,AYUMI ODASHIMA,,,,C+,9.00,Base:6.0|Meta:0.0|Exp:-1.0|Func:4.0|Syn:0.0|Eff:0.0|Dmg:0.0|Mod:1.00,"狀態異常, 進化支援",無
暗碼迷的解讀,,10935,https://asia.pokemon-card.com/hk/card-img/hk00010935.png,支援者卡,,,,,,,,從自己的牌庫任意選擇2張卡。重洗剩餘牌庫，將所選的卡以任意順序排列，放回牌庫上方。,,,,,,,,,,67,normal,H,擴充包「異度審判」,SV5M,Taira Akitsu,,,,B,11.00,Base:8.0|Meta:0.0|Exp:2.0|Func:1.0|Syn:0.0|Eff:0.0|Dmg:0.0|Mod:1.00,搜索效果,無
千香果,,11984,https://asia.pokemon-card.com/hk/card-img/hk00011984.png,寶可夢道具,,,,,,,,‌附有這張卡的寶可夢受到對手的【水】寶可夢招式的傷害時，那個傷害「-60」點，將這張卡丟棄。,,,,,,,,,,58,normal,H,強化擴充包「樂園騰龍」,SV7a,Studio Bora Inc.,,,,B,11.00,Base:6.0|Meta:0.0|Exp:3.0|Func:2.0|Syn:0.0|Eff:0.0|Dmg:0.0|Mod:1.00,無,丟棄效果
滑稽演員,,14190,https://asia.pokemon-card.com/hk/card-img/hk00014190.png,支援者卡,,,,,,,,雙方玩家各將手牌全部放回牌庫並重洗。然後，自己擲1次硬幣，若為正面，則從牌庫抽卡，自己抽出5張，對手抽出3張。若為反面，則從牌庫抽卡，自己抽出3張，對手抽出5張。,,,,,,,,,,83,normal,I,擴充包「純白閃焰」,SV11W,Teeziro,,,,S,23.00,Base:8.0|Meta:0.0|Exp:3.0|Func:8.0|Syn:4.0|Eff:0.0|Dmg:0.0|Mod:1.00,"牌庫重洗, 硬幣判定",大量抽卡
聖灰,,13257,https://asia.pokemon-card.com/hk/card-img/hk00013257.png,物品卡,,,,,,,,從自己的棄牌區選擇最多5張寶可夢卡，在給對手看過後放回牌庫並重洗。,,,,,,,,,,56,normal,I,強化擴充包「熱風競技場」,SV9a,Eske Yoshinob,,,,B,13.00,Base:7.0|Meta:0.0|Exp:3.0|Func:3.0|Syn:0.0|Eff:0.0|Dmg:0.0|Mod:1.00,搜索效果,無
道具拆除器,,14187,https://asia.pokemon-card.com/hk/card-img/hk00014187.png,物品卡,,,,,,,,選擇最多2張雙方的場上寶可夢身上附加的「寶可夢道具」卡，將其丟棄。,,,,,,,,,,80,normal,I,擴充包「純白閃焰」,SV11W,Studio Bora Inc.,,,,B,13.00,Base:7.0|Meta:0.0|Exp:3.0|Func:1.0|Syn:2.0|Eff:0.0|Dmg:0.0|Mod:1.00,道具移除,無
零之大空洞,,12022,https://asia.pokemon-card.com/hk/card-img/hk00012022.png,競技場卡,,,,,,,,自己的場上有「太晶」寶可夢的玩家的可放置於備戰區的寶可夢數量改為8隻。<br/> <br/> （這張卡被丟棄時，或‌自己的場上沒有了「太晶」寶可夢時，將備戰區的寶可夢丟棄直到變為5隻為止。若雙方都要丟棄，則這張卡的持有人先丟棄。）,,,,,,,,,,151,promo,H,特典卡 朱&紫,SV,MARINA Chikazawa,,,,B,13.00,Base:6.0|Meta:0.0|Exp:2.0|Func:1.0|Syn:4.0|Eff:0.0|Dmg:0.0|Mod:1.00,無,放置效果
富裕能量,,11990,https://asia.pokemon-card.com/hk/card-img/hk00011990.png,特殊能量卡,,,,,,,,只要這張卡附於寶可夢身上，視為提供1個【無】能量。<br/><br/><br/><br/>從手牌將這張卡附於寶可夢身上時，從自己的牌庫抽出4張卡。,,,,,,,,,,64,normal,H,強化擴充包「樂園騰龍」,SV7a,,,,,B,13.00,Base:5.0|Meta:0.0|Exp:3.0|Func:5.0|Syn:0.0|Eff:0.0|Dmg:0.0|Mod:1.00,"搜索效果, 特殊能量",大量抽卡
鐵蟻ex,基礎,12079,https://asia.pokemon-card.com/hk/card-img/hk00012079.png,寶可夢,190,Grass,突然削退,在自己的回合，從手牌將這張卡放置於備戰區時，可使用1次。將對手的牌庫上方1張卡丟棄。,復仇粉碎,"Grass,Colorless,Colorless",120+,增加對手已經獲得的獎賞卡的張數×30點傷害。,,,,,,Fire,,,2,3,normal,H,擴充包「超電突圍」,SV8,PLANETA Tsuji,,鐵蟻ex,ex,B+,16.00,Base:5.0|Meta:0.0|Exp:3.0|Func:3.0|Syn:0.0|Eff:0.0|Dmg:5.0|Mod:1.00,"搜索效果, 棄牌區傷害加成, 獎賞控制","丟棄效果, 放置效果"
骨紋巨聲鱷,2階進化,12095,https://asia.pokemon-card.com/hk/card-img/hk00012095.png,寶可夢,180,Fire,,,純樸,,,這隻寶可夢不會受到對手的寶可夢使用招式的效果的影響。,閃焰獨唱會,"Fire,Colorless",60+,增加雙方的備戰寶可夢的數量×20點傷害。,,Water,,,3,19,normal,H,擴充包「超電突圍」,SV8,akagi,溫柔的歌聲能療癒聽者的靈魂。<br/>會使用３０００度的火焰<br/>將敵人燒成灰燼。,呆火鱷 → 炙燙鱷 → 骨紋巨聲鱷 → 骨紋巨聲鱷ex,,B+,14.00,Base:5.0|Meta:0.0|Exp:3.0|Func:3.0|Syn:0.0|Eff:0.0|Dmg:3.0|Mod:1.00,"備戰傷害加成, 效果免疫",無
骨紋巨聲鱷,2階進化,8452,https://asia.pokemon-card.com/hk/card-img/hk00008452.png,寶可夢,180,Fire,,,熱情歌唱,Fire,50,從自己的棄牌區選擇最多2張基本能量卡，以任意方式附於自己的寶可夢身上。,火焰嚎叫,"Fire,Fire,Colorless",190,這隻寶可夢也受到30點傷害。,,Water,,,3,4,normal,G,起始組合ex 呆火鱷&電龍 ex,SVAL,nagimiso,溫柔的歌聲能療癒聽者的靈魂。會使用３０００度的火焰<br/>將敵人燒成灰燼。,呆火鱷 → 炙燙鱷 → 骨紋巨聲鱷 → 骨紋巨聲鱷ex,,B+,14.00,Base:5.0|Meta:0.0|Exp:2.0|Func:2.0|Syn:0.0|Eff:0.0|Dmg:5.0|Mod:1.00,"反噬傷害, 搜索效果",無
美納斯ex,1階進化,12102,https://asia.pokemon-card.com/hk/card-img/hk00012102.png,寶可夢,270,Water,‌璀璨鱗片,這隻寶可夢不會受到對手的「太晶」寶可夢招式的傷害與效果的影響。,昏睡飛濺,"Water,Colorless,Colorless",160,將對手的戰鬥寶可夢【睡眠】。,,,,,,Lightning,,,2,26,normal,H,擴充包「超電突圍」,SV8,hncl,,醜醜魚 → 美納斯 → 美納斯ex,ex,B+,15.00,Base:5.0|Meta:0.0|Exp:3.0|Func:2.0|Syn:0.0|Eff:0.0|Dmg:5.0|Mod:1.00,"傷害防禦, 效果免疫, 狀態異常",無
海豹球,基礎,12103,https://asia.pokemon-card.com/hk/card-img/hk00012103.png,寶可夢,70,Water,,,細雪,Water,10,將對手的戰鬥寶可夢【睡眠】。,,,,,,Metal,,,2,27,normal,H,擴充包「超電突圍」,SV8,Teeziro,身體被厚厚的脂肪包裹著，<br/>圓得令人讚嘆。用翻滾的<br/>方式移動反而比走路還要快。,海豹球 → 海魔獅 → 帝牙海獅,,B,13.00,Base:5.0|Meta:0.0|Exp:3.0|Func:2.0|Syn:3.0|Eff:0.0|Dmg:0.0|Mod:1.00,狀態異常,無
海魔獅,1階進化,12104,https://asia.pokemon-card.com/hk/card-img/hk00012104.png,寶可夢,100,Water,,,撞倒,Water,30,,冰球,"Water,Water",60,,,Metal,,,3,28,normal,H,擴充包「超電突圍」,SV8,Mina Nakai,在浮冰上生活。能夠一邊<br/>游泳一邊嗅出獵物的氣味，<br/>把對方找出來獵捕。,海豹球 → 海魔獅 → 帝牙海獅,,C+,10.00,Base:5.0|Meta:0.0|Exp:3.0|Func:0.0|Syn:0.0|Eff:0.0|Dmg:2.0|Mod:1.00,無,無
帝牙海獅,2階進化,12105,https://asia.pokemon-card.com/hk/card-img/hk00012105.png,寶可夢,170,Water,,,凍結獠牙,Water,60,在下個對手的回合，身上附加的能量為2個以下的所有寶可夢無法使用招式。（包含新上場的寶可夢。）,百萬噸墜落,"Water,Water",170,這隻寶可夢也受到50點傷害。,,Metal,,,3,29,normal,H,擴充包「超電突圍」,SV8,Mitsuhiro Arita,會由２、３０隻群居生活。<br/>受到敵人攻擊時，首領會<br/>奮不顧身地保護群體。,海豹球 → 海魔獅 → 帝牙海獅,,A,18.00,Base:5.0|Meta:0.0|Exp:3.0|Func:5.0|Syn:0.0|Eff:0.0|Dmg:5.0|Mod:1.00,"反噬傷害, 招式鎖定, 能量操作",無
無殼海兔,基礎,12106,https://asia.pokemon-card.com/hk/card-img/hk00012106.png,寶可夢,70,Water,,,潑灑清水,"Colorless,Colorless",30,,,,,,,Lightning,,,2,30,normal,H,擴充包「超電突圍」,SV8,Shinya Komatsu,經常能在岩岸發現牠的身影。<br/>即使是在陸地上，也有辦法<br/>活動上一定程度的時間。,無殼海兔 → 海兔獸,,C+,9.00,Base:5.0|Meta:0.0|Exp:3.0|Func:0.0|Syn:0.0|Eff:0.0|Dmg:1.0|Mod:1.00,無,無
卡璞・鳴鳴,基礎,12117,https://asia.pokemon-card.com/hk/card-img/hk00012117.png,寶可夢,120,Lightning,,,召喚雷電,Colorless,,從自己的牌庫選擇最多2張【雷】寶可夢卡，在給對手看過後加入手牌。並且重洗牌庫。,獎賞反擊,"Lightning,Lightning,Colorless",90+,若自己剩餘獎賞卡的張數，比對手剩餘獎賞卡的張數多，則增加90點傷害。,,Fighting,,,1,41,normal,H,擴充包「超電突圍」,SV8,Souichirou Gunjima,雖被稱為守護神，但會去<br/><br/>襲擊惹自己不開心的人或寶可夢，<br/><br/>是個性情凶悍的神。,卡璞・鳴鳴,,A,18.00,Base:5.0|Meta:0.0|Exp:3.0|Func:4.0|Syn:2.0|Eff:0.0|Dmg:4.0|Mod:1.00,"抽卡效果, 搜索效果, 條件傷害, 獎賞控制",無
由克希,基礎,12124,https://asia.pokemon-card.com/hk/card-img/hk00012124.png,寶可夢,70,Psychic,,,痛楚記憶,Psychic,,在對手的所有寶可夢身上各放置2個傷害指示物。,,,,,,Darkness,,Fighting,1,48,normal,H,擴充包「超電突圍」,SV8,HYOGONOSUKE,被稱為知識之神。<br/>擁有將與自己視線相對者的<br/>記憶消去的力量。,由克希,,C+,10.00,Base:5.0|Meta:0.0|Exp:3.0|Func:2.0|Syn:0.0|Eff:0.0|Dmg:0.0|Mod:1.00,傷害指示物,無
艾姆利多,基礎,12125,https://asia.pokemon-card.com/hk/card-img/hk00012125.png,寶可夢,70,Psychic,,,滿載心田,Colorless,,從自己的手牌選擇最多2張「基本【超】能量」卡，以任意方式附於自己的寶可夢身上。,神之爆炸,"Psychic,Psychic",160,若自己的備戰區沒有「由克希」「亞克諾姆」，則這個招式失敗。,,Darkness,,Fighting,1,49,normal,H,擴充包「超電突圍」,SV8,HYOGONOSUKE,教導了人們悲傷的痛苦<br/>以及喜悅的珍貴。<br/>被稱為感情之神。,艾姆利多,,A,18.00,Base:5.0|Meta:0.0|Exp:3.0|Func:3.0|Syn:2.0|Eff:0.0|Dmg:5.0|Mod:1.00,"條件失敗, 能量附著",無
亞克諾姆,基礎,12126,https://asia.pokemon-card.com/hk/card-img/hk00012126.png,寶可夢,70,Psychic,,,意志強念,"Psychic,Colorless",10+,增加對手的所有寶可夢身上放置的傷害指示物的數量×10點傷害。,,,,,,Darkness,,Fighting,1,50,normal,H,擴充包「超電突圍」,SV8,HYOGONOSUKE,被稱為意志之神。<br/>在湖底沉睡著，<br/>維持世界的平衡。,亞克諾姆,,B,12.00,Base:5.0|Meta:0.0|Exp:3.0|Func:2.0|Syn:0.0|Eff:0.0|Dmg:2.0|Mod:1.00,"備戰傷害加成, 傷害指示物",無
妙喵,基礎,12129,https://asia.pokemon-card.com/hk/card-img/hk00012129.png,寶可夢,60,Psychic,,,看透,Colorless,,查看對手的手牌。,精神射擊,"Psychic,Colorless",20,,,Darkness,,Fighting,1,53,normal,H,擴充包「超電突圍」,SV8,Natsumi Yoshida,雖然看起來面無表情，<br/>但其實內心正非常努力地<br/>在控制自己的精神力量。,妙喵 → 超能妙喵,,B,11.00,Base:5.0|Meta:0.0|Exp:3.0|Func:3.0|Syn:0.0|Eff:0.0|Dmg:0.0|Mod:1.00,情報收集,無
超能妙喵,1階進化,12130,https://asia.pokemon-card.com/hk/card-img/hk00012130.png,寶可夢,90,Psychic,誘導之尾,在自己的回合，若從自己的手牌將1張「悠哉尾草棒」丟棄，則可使用1次。選擇1隻對手的備戰寶可夢，與戰鬥寶可夢互換。,精神射擊,"Psychic,Colorless,Colorless",80,,,,,,,Darkness,,Fighting,1,54,normal,H,擴充包「超電突圍」,SV8,Yoriyuki Ikegami,如果持續不斷釋放強大的<br/>精神力量，超能妙喵的<br/>肉體也會受到傷害。,妙喵 → 超能妙喵,,B+,15.00,Base:5.0|Meta:0.0|Exp:3.0|Func:5.0|Syn:0.0|Eff:0.0|Dmg:2.0|Mod:1.00,切換效果,丟棄效果
噬沙堡爺ex,1階進化,12133,https://asia.pokemon-card.com/hk/card-img/hk00012133.png,寶可夢,280,Psychic,,,流沙地獄,"Colorless,Colorless,Colorless",160,在下個對手的回合，受到這個招式的寶可夢無法撤退。,重晶石之獄,"Water,Psychic,Fighting",,在對手的所有備戰寶可夢身上放置傷害指示物直到各自的剩餘HP變為「100」為止。,,Darkness,,Fighting,4,57,normal,H,擴充包「超電突圍」,SV8,5ban Graphics,,沙丘娃 → 噬沙堡爺 → 噬沙堡爺GX → 噬沙堡爺ex,"太晶,ex",A,17.00,Base:5.0|Meta:0.0|Exp:3.0|Func:4.0|Syn:0.0|Eff:0.0|Dmg:5.0|Mod:1.00,"傷害指示物, 撤退封鎖",撤退效果
海兔獸,1階進化,12142,https://asia.pokemon-card.com/hk/card-img/hk00012142.png,寶可夢,130,Fighting,黏著束縛,只要這隻寶可夢在備戰區，雙方的備戰區的【2階進化】寶可夢的特性全部消除。,泥巴射擊,"Fighting,Colorless,Colorless",80,,,,,,,Grass,,,3,66,normal,H,擴充包「超電突圍」,SV8,Scav,能在水淺的岩岸發現牠。<br/>會用黏液慢慢溶解<br/>並吸食捕捉到的獵物。,無殼海兔 → 海兔獸,,B+,14.00,Base:5.0|Meta:0.0|Exp:3.0|Func:4.0|Syn:0.0|Eff:0.0|Dmg:2.0|Mod:1.00,進化支援,特性效果
桃歹郎,基礎,12151,https://asia.pokemon-card.com/hk/card-img/hk00012151.png,寶可夢,80,Darkness,劇毒支配,只要這隻寶可夢在戰鬥場上，對手的【中毒】的寶可夢，因【中毒】而放置的傷害指示物的數量增加5個。,猛毒連鎖,"Darkness,Colorless",10,將對手的戰鬥寶可夢【中毒】。在下個對手的回合，受到這個招式的寶可夢無法撤退。,,,,,,Fighting,,,1,75,normal,H,擴充包「超電突圍」,SV8,Souichirou Gunjima,桃形的殼是劇毒的儲藏庫。<br/>會製作帶毒的麻糬<br/>送給人和寶可夢吃。,桃歹郎,,C+,10.00,Base:5.0|Meta:0.0|Exp:3.0|Func:2.0|Syn:0.0|Eff:0.0|Dmg:0.0|Mod:1.00,"傷害指示物, 撤退封鎖, 狀態異常","撤退效果, 放置效果"
阿羅拉 地鼠,基礎,12152,https://asia.pokemon-card.com/hk/card-img/hk00012152.png,寶可夢,50,Metal,,,偷襲,,30,擲1次硬幣若為反面，則這個招式失敗。,,,,,,Fire,,Grass,1,76,normal,H,擴充包「超電突圍」,SV8,Akino Fukuji,金色的鬍子擁有感應器的功能。<br/>會從洞裡伸出，查探周圍的狀態。,阿羅拉 地鼠 → 阿羅拉 三地鼠,,B,11.00,Base:5.0|Meta:0.0|Exp:3.0|Func:0.0|Syn:2.0|Eff:0.0|Dmg:1.0|Mod:1.00,"條件失敗, 硬幣判定",無
阿羅拉 三地鼠,1階進化,12153,https://asia.pokemon-card.com/hk/card-img/hk00012153.png,寶可夢,110,Metal,,,三賓果,,120,若自己的手牌不是3張，則這個招式失敗。,,,,,,Fire,,Grass,2,77,normal,H,擴充包「超電突圍」,SV8,Dsuke,金屬材質的鬍鬚很重，<br/>所以速度並不快，<br/>但擁有能夠挖穿堅硬岩盤的力量。,阿羅拉 地鼠 → 阿羅拉 三地鼠,,B+,14.00,Base:5.0|Meta:0.0|Exp:3.0|Func:0.0|Syn:2.0|Eff:0.0|Dmg:4.0|Mod:1.00,條件失敗,無
米立龍ex,基礎,12157,https://asia.pokemon-card.com/hk/card-img/hk00012157.png,寶可夢,160,Dragon,,,突襲水泵,"Fire,Water",100,這個招式的傷害不計算對手的戰鬥寶可夢身上的附加效果。,硃砂誘餌,"Fire,Water,Darkness",,查看自己的牌庫上方10張卡，從其中選擇任意數量的寶可夢卡，放置於備戰區。將剩餘卡放回牌庫並重洗。,,,,,1,81,normal,H,擴充包「超電突圍」,SV8,5ban Graphics,,米立龍ex,"太晶,ex",A,17.00,Base:5.0|Meta:0.0|Exp:3.0|Func:6.0|Syn:0.0|Eff:0.0|Dmg:3.0|Mod:1.00,"搜索效果, 無視弱點/效果",放置效果
請假王ex,2階進化,12160,https://asia.pokemon-card.com/hk/card-img/hk00012160.png,寶可夢,340,Colorless,懶怠個性,若對手的場上沒有「寶可夢【ex】・【V】」，則這隻寶可夢無法使用招式。,偉大橫掃,"Colorless,Colorless",280,選擇1個這隻寶可夢身上附加的能量，將其丟棄。,,,,,,Fighting,,,4,84,normal,H,擴充包「超電突圍」,SV8,PLANETA Igarashi,,懶人獺 → 過動猿 → 請假王 → 請假王ex,ex,A,19.00,Base:5.0|Meta:0.0|Exp:3.0|Func:5.0|Syn:0.0|Eff:0.0|Dmg:6.0|Mod:1.00,"招式鎖定, 能量操作",無
變隱龍,基礎,12162,https://asia.pokemon-card.com/hk/card-img/hk00012162.png,寶可夢,70,Colorless,躲藏高手,這隻寶可夢受到招式的傷害時，自己擲1次硬幣。若為正面，則這隻寶可夢不會受到那個傷害。,舌之鞭打,"Colorless,Colorless",,對手的1隻寶可夢受到30點傷害。[在備戰區不計算弱點・抵抗力。],,,,,,Fighting,,,1,86,normal,H,擴充包「超電突圍」,SV8,Shinji Kanda,能改變體色，融入周圍的景色中。<br/><br/>如果長時間不去理會牠，<br/><br/>牠就會鬧彆扭而不肯現身。,變隱龍,,B,11.00,Base:5.0|Meta:0.0|Exp:3.0|Func:3.0|Syn:0.0|Eff:0.0|Dmg:0.0|Mod:1.00,"傷害防禦, 效果免疫, 硬幣判定, 連鎖傷害",無
變隱龍,基礎,12708,https://asia.pokemon-card.com/hk/card-img/hk00012708.png,寶可夢,80,Colorless,,,隱形攻擊,"Colorless,Colorless,Colorless",80,擲1次硬幣若為正面，則在下個對手的回合，這隻寶可夢不會受到招式的傷害與效果的影響。,,,,,,Fighting,,,1,100,normal,H,雙ex初階牌組 Generations,SVM,313,能改變體色，融入周圍的景色中。<br/><br/>如果長時間不去理會牠，<br/><br/>牠就會鬧彆扭而不肯現身。,變隱龍,,B,13.00,Base:5.0|Meta:0.0|Exp:2.0|Func:2.0|Syn:2.0|Eff:0.0|Dmg:2.0|Mod:1.00,"傷害防禦, 效果免疫, 硬幣判定",無
太樂巴戈斯,基礎,12169,https://asia.pokemon-card.com/hk/card-img/hk00012169.png,寶可夢,120,Colorless,,,稜鏡充能,Colorless,,從自己的牌庫選擇最多3張各不同屬性的基本能量卡，以任意方式附於自己的「太晶」寶可夢身上。並且重洗牌庫。,堅硬衝撞,"Colorless,Colorless,Colorless",100,,,Fighting,,,2,93,normal,H,擴充包「超電突圍」,SV8,GIDORA,太晶的甲殼若受到對手的<br/>招式攻擊，就會把該招式<br/>的能量吸收來供自己使用。,太樂巴戈斯,,B+,14.00,Base:5.0|Meta:0.0|Exp:3.0|Func:3.0|Syn:0.0|Eff:0.0|Dmg:3.0|Mod:1.00,搜索效果,無
電氣發生器,,8439,https://asia.pokemon-card.com/hk/card-img/hk00008439.png,物品卡,,,,,,,,查看自己的牌庫上方5張卡，從其中選擇最多2張「基本【雷】能量」卡，以任意方式附於備戰區的【雷】寶可夢身上。將剩餘卡放回牌庫並重洗。,,,,在自己的回合時，物品卡可不限張數使用。,,,,,,69,normal,G,擴充包「紫ex」,SV1V,Toyste Beach,,,,B+,14.00,Base:7.0|Meta:0.0|Exp:2.0|Func:5.0|Syn:0.0|Eff:0.0|Dmg:0.0|Mod:1.00,搜索效果,無
對戰圓形競技場,,14543,https://asia.pokemon-card.com/hk/card-img/hk00014543.png,競技場卡,,,,,,,,雙方的所有備戰寶可夢，不會因對手的招式與特性的效果而被放置傷害指示物。[會受到招式的傷害。],,,,,,,,,,79,normal,I,擴充包「烈獄狂火X」,M2,MARINA Chikazawa,,,,C,8.00,Base:6.0|Meta:0.0|Exp:-1.0|Func:3.0|Syn:0.0|Eff:0.0|Dmg:0.0|Mod:1.00,傷害指示物,特性效果
滿充的體貼,,14326,https://asia.pokemon-card.com/hk/card-img/hk00014326.png,支援者卡,,,,,,,,將自己的1隻「超級進化【ex】」的HP全部恢復。然後，將恢復的寶可夢身上附加的能量卡全部放回手牌。,,,,,,,,,,60,normal,I,擴充包「超級交響樂」,M1S,Iori Suzuki,,,,A,17.00,Base:8.0|Meta:0.0|Exp:-1.0|Func:8.0|Syn:2.0|Eff:0.0|Dmg:0.0|Mod:1.00,"回復效果, 能量操作, 進化支援",無
希望護身符,,12174,https://asia.pokemon-card.com/hk/card-img/hk00012174.png,寶可夢道具,,,,,,,,附有這張卡的寶可夢受到對手的寶可夢招式的傷害而【昏厥】時，從自己的牌庫任意選擇最多3張卡加入手牌。並且重洗牌庫。,,,,,,,,,,98,normal,H,擴充包「超電突圍」,SV8,Toyste Beach,,,,B,13.00,Base:6.0|Meta:0.0|Exp:3.0|Func:4.0|Syn:0.0|Eff:0.0|Dmg:0.0|Mod:1.00,"抽卡效果, 搜索效果",無
刺耳果,,12175,https://asia.pokemon-card.com/hk/card-img/hk00012175.png,寶可夢道具,,,,,,,,附有這張卡的寶可夢受到對手的【惡】寶可夢招式的傷害時，那個傷害「-60」點，將這張卡丟棄。,,,,,,,,,,99,normal,H,擴充包「超電突圍」,SV8,Studio Bora Inc.,,,,B,11.00,Base:6.0|Meta:0.0|Exp:3.0|Func:2.0|Syn:0.0|Eff:0.0|Dmg:0.0|Mod:1.00,無,丟棄效果
霹霹果,,12176,https://asia.pokemon-card.com/hk/card-img/hk00012176.png,寶可夢道具,,,,,,,,附有這張卡的寶可夢受到對手的【鋼】寶可夢招式的傷害時，那個傷害「-60」點，將這張卡丟棄。,,,,,,,,,,100,normal,H,擴充包「超電突圍」,SV8,Studio Bora Inc.,,,,B,11.00,Base:6.0|Meta:0.0|Exp:3.0|Func:2.0|Syn:0.0|Eff:0.0|Dmg:0.0|Mod:1.00,無,丟棄效果
招式學習器 螢石,,12177,https://asia.pokemon-card.com/hk/card-img/hk00012177.png,寶可夢道具,,,,,,,,附有這張卡的寶可夢，可使用這張卡上寫的招式。[需要有足夠使用招式的能量。]將附於寶可夢身上的這張卡，在自己的回合結束時丟棄。,螢石,"Grass,Water,Psychic",,將這隻寶可夢身上附加的能量卡全部丟棄，將自己的所有「太晶」寶可夢的HP全部恢復。,,,,,,101,normal,H,擴充包「超電突圍」,SV8,Studio Bora Inc.,,,,B+,16.00,Base:6.0|Meta:0.0|Exp:3.0|Func:5.0|Syn:2.0|Eff:0.0|Dmg:0.0|Mod:1.00,"回復效果, 能量操作",無
管理員,,11178,https://asia.pokemon-card.com/hk/card-img/hk00011178.png,支援者卡,,,,,,,,從自己的牌庫抽出2張卡。然後，若場上有「居民會館」，則不丟棄這張「管理員」，而是放回牌庫並重洗。,,,,,,,,,,61,normal,H,強化擴充包「緋紅薄霧」,SV5a,Akira Komayama,,,,A,18.00,Base:8.0|Meta:0.0|Exp:2.0|Func:4.0|Syn:4.0|Eff:0.0|Dmg:0.0|Mod:1.00,"抽卡效果, 搜索效果",無
精靈球,,6362,https://asia.pokemon-card.com/hk/card-img/hk00006362.png,物品卡,,,,,,,,擲1次硬幣若為正面，則從自己的牌庫選擇1張寶可夢卡，在給對手看過後加入手牌。並且重洗牌庫。,,,,在自己的回合時，物品卡可不限張數使用。,,,,,,149,promo,G,特典卡 劍&盾,S,Studio Bora Inc.,,,,A,17.00,Base:7.0|Meta:1.0|Exp:0.0|Func:4.0|Syn:5.0|Eff:0.0|Dmg:0.0|Mod:1.00,"抽卡效果, 搜索效果, 硬幣判定",無
赫普的包包,,13085,https://asia.pokemon-card.com/hk/card-img/hk00013085.png,物品卡,,,,,,,,從自己的牌庫選擇最多2張【基礎】寶可夢的「赫普的寶可夢」，放置於備戰區。並且重洗牌庫。,,,,,,,,,,91,normal,I,擴充包「對戰搭檔」,SV9,AYUMI ODASHIMA,,,,B,12.00,Base:7.0|Meta:0.0|Exp:3.0|Func:2.0|Syn:0.0|Eff:0.0|Dmg:0.0|Mod:1.00,搜索效果,放置效果
厲害釣竿,,12011,https://asia.pokemon-card.com/hk/card-img/hk00012011.png,物品卡,,,,,,,,從自己的棄牌區選擇寶可夢卡與基本能量卡合計最多3張，在給對手看過後放回牌庫並重洗。,,,,,,,,,,112,promo,G,特典卡 朱&紫,SV,Toyste Beach,,,,B+,14.00,Base:7.0|Meta:0.0|Exp:2.0|Func:5.0|Syn:0.0|Eff:0.0|Dmg:0.0|Mod:1.00,"搜索效果, 能量回收",無
慶祝開場樂,,13095,https://asia.pokemon-card.com/hk/card-img/hk00013095.png,競技場卡,,,,,,,,雙方玩家在每個自己的回合時，可使用1次，可將自己的所有寶可夢各恢復「10」HP。這個情況下，自己的回合結束。,,,,,,,,,,58,promo,G,特典卡 朱&紫,SV,Yuu Nishida,,,,C+,10.00,Base:6.0|Meta:0.0|Exp:2.0|Func:2.0|Syn:0.0|Eff:0.0|Dmg:0.0|Mod:1.00,回復效果,無
含羞苞,基礎,12422,https://asia.pokemon-card.com/hk/card-img/hk00012422.png,寶可夢,30,Grass,,,癢癢花粉,,10,在下個對手的回合，對手無法從手牌使出物品卡。,,,,,,Fire,,,0,1,normal,H,高級擴充包「太晶慶典ex」,SV8a,Yoriyuki Ikegami,會散佈帶有毒素的花粉。<br/>培育時所用的水越乾淨，<br/>所含有的毒性就越高。,含羞苞,,C+,10.00,Base:5.0|Meta:0.0|Exp:3.0|Func:2.0|Syn:0.0|Eff:0.0|Dmg:0.0|Mod:1.00,物品卡封鎖,無
葉伊布ex,1階進化,12424,https://asia.pokemon-card.com/hk/card-img/hk00012424.png,寶可夢,270,Grass,,,綠葉風暴,"Grass,Colorless",60×,造成對手的所有寶可夢身上附加的能量的數量×60點傷害。,苔紋瑪瑙,"Grass,Fire,Water",230,將自己的所有備戰寶可夢各恢復「100」HP。,,Fire,,,2,3,normal,H,高級擴充包「太晶慶典ex」,SV8a,5ban Graphics,,伊布 → 仙子伊布 → 冰伊布 → 葉伊布 → 太陽伊布 → 月亮伊布 → 雷伊布 → 水伊布 → 火伊布 → 冰伊布GX → 葉伊布GX → 仙子伊布GX → 月亮伊布GX → 太陽伊布GX → 雷伊布GX → 水伊布GX → 火伊布GX → 月亮伊布ex → 仙子伊布ex → 太陽伊布ex → 雷伊布ex → 冰伊布ex → 水伊布ex → 火伊布ex → 葉伊布ex,"太晶,ex",S,24.00,Base:5.0|Meta:0.0|Exp:3.0|Func:8.0|Syn:0.0|Eff:0.0|Dmg:8.0|Mod:1.00,"備戰傷害加成, 傷害效果, 回復效果, 能量操作",無
火伊布ex,1階進化,12443,https://asia.pokemon-card.com/hk/card-img/hk00012443.png,寶可夢,270,Fire,,,燃燒充能,"Fire,Colorless",130,從自己的牌庫選擇最多2張基本能量卡，附於自己的1隻寶可夢身上。並且重洗牌庫。,紅玉髓,"Fire,Water,Lightning",280,在下個自己的回合，這隻寶可夢無法使用招式。,,Water,,,2,22,normal,H,高級擴充包「太晶慶典ex」,SV8a,5ban Graphics,,伊布 → 仙子伊布 → 冰伊布 → 葉伊布 → 太陽伊布 → 月亮伊布 → 雷伊布 → 水伊布 → 火伊布 → 冰伊布GX → 葉伊布GX → 仙子伊布GX → 月亮伊布GX → 太陽伊布GX → 雷伊布GX → 水伊布GX → 火伊布GX → 月亮伊布ex → 仙子伊布ex → 太陽伊布ex → 雷伊布ex → 冰伊布ex → 水伊布ex → 火伊布ex → 葉伊布ex,"太晶,ex",A,17.00,Base:5.0|Meta:0.0|Exp:3.0|Func:3.0|Syn:0.0|Eff:0.0|Dmg:6.0|Mod:1.00,"使用限制, 招式鎖定, 搜索效果",無
水伊布ex,1階進化,12452,https://asia.pokemon-card.com/hk/card-img/hk00012452.png,寶可夢,280,Water,,,重磅驟雨,"Water,Colorless",,對手的所有「寶可夢【ex】」各受到60點傷害。這個招式的傷害不計算弱點・抵抗力。,海藍寶石,"Fire,Water,Lightning",280,在下個自己的回合，這隻寶可夢無法使用招式。,,Lightning,,,2,31,normal,H,高級擴充包「太晶慶典ex」,SV8a,5ban Graphics,,伊布 → 仙子伊布 → 冰伊布 → 葉伊布 → 太陽伊布 → 月亮伊布 → 雷伊布 → 水伊布 → 火伊布 → 冰伊布GX → 葉伊布GX → 仙子伊布GX → 月亮伊布GX → 太陽伊布GX → 雷伊布GX → 水伊布GX → 火伊布GX → 月亮伊布ex → 仙子伊布ex → 太陽伊布ex → 雷伊布ex → 冰伊布ex → 水伊布ex → 火伊布ex → 葉伊布ex,"太晶,ex",B+,16.00,Base:5.0|Meta:0.0|Exp:3.0|Func:2.0|Syn:0.0|Eff:0.0|Dmg:6.0|Mod:1.00,"使用限制, 招式鎖定, 無視弱點/效果",無
冰伊布ex,1階進化,12462,https://asia.pokemon-card.com/hk/card-img/hk00012462.png,寶可夢,270,Water,,,冰霜子彈,"Water,Colorless",110,對手的1隻備戰寶可夢也受到30點傷害。[在備戰區不計算弱點・抵抗力。],藍柱石,"Grass,Water,Darkness",,選擇1隻對手的身上放置有6個傷害指示物的寶可夢，將其【昏厥】。,,Metal,,,1,41,normal,H,高級擴充包「太晶慶典ex」,SV8a,aky CG Works,,伊布 → 仙子伊布 → 冰伊布 → 葉伊布 → 太陽伊布 → 月亮伊布 → 雷伊布 → 水伊布 → 火伊布 → 冰伊布GX → 葉伊布GX → 仙子伊布GX → 月亮伊布GX → 太陽伊布GX → 雷伊布GX → 水伊布GX → 火伊布GX → 月亮伊布ex → 仙子伊布ex → 太陽伊布ex → 雷伊布ex → 冰伊布ex → 水伊布ex → 火伊布ex → 葉伊布ex,"太晶,ex",B+,14.00,Base:5.0|Meta:0.0|Exp:3.0|Func:3.0|Syn:0.0|Eff:0.0|Dmg:3.0|Mod:1.00,"傷害指示物, 連鎖傷害",無
雷伊布ex,1階進化,12473,https://asia.pokemon-card.com/hk/card-img/hk00012473.png,寶可夢,260,Lightning,,,閃光尖矛,"Lightning,Colorless",60+,若希望，將最多2張自己的備戰寶可夢身上附加的基本能量卡丟棄，增加其張數×90點傷害。,棕碧璽,"Fire,Water,Lightning",280,在下個自己的回合，這隻寶可夢無法使用招式。,,Fighting,,,0,52,normal,H,高級擴充包「太晶慶典ex」,SV8a,5ban Graphics,,伊布 → 仙子伊布 → 冰伊布 → 葉伊布 → 太陽伊布 → 月亮伊布 → 雷伊布 → 水伊布 → 火伊布 → 冰伊布GX → 葉伊布GX → 仙子伊布GX → 月亮伊布GX → 太陽伊布GX → 雷伊布GX → 水伊布GX → 火伊布GX → 月亮伊布ex → 仙子伊布ex → 太陽伊布ex → 雷伊布ex → 冰伊布ex → 水伊布ex → 火伊布ex → 葉伊布ex,"太晶,ex",A+,20.00,Base:5.0|Meta:0.0|Exp:3.0|Func:4.0|Syn:2.0|Eff:0.0|Dmg:6.0|Mod:1.00,"使用限制, 招式鎖定, 條件傷害, 棄牌區傷害加成, 能量操作",無
太陽伊布ex,1階進化,12484,https://asia.pokemon-card.com/hk/card-img/hk00012484.png,寶可夢,270,Psychic,,,精神出局,"Psychic,Colorless,Colorless",160,在不看正面的情況下，從對手的手牌選擇1張，將其丟棄。,阿賽斯特萊石,"Grass,Psychic,Darkness",,從對手的所有進化的寶可夢身上，各移除1張「進化卡」使其退化。將移除的卡放回對手的牌庫並重洗。,,Darkness,,Fighting,1,63,normal,H,高級擴充包「太晶慶典ex」,SV8a,5ban Graphics,,伊布 → 仙子伊布 → 冰伊布 → 葉伊布 → 太陽伊布 → 月亮伊布 → 雷伊布 → 水伊布 → 火伊布 → 冰伊布GX → 葉伊布GX → 仙子伊布GX → 月亮伊布GX → 太陽伊布GX → 雷伊布GX → 水伊布GX → 火伊布GX → 月亮伊布ex → 仙子伊布ex → 太陽伊布ex → 雷伊布ex → 冰伊布ex → 水伊布ex → 火伊布ex → 葉伊布ex,"太晶,ex",A,19.00,Base:5.0|Meta:0.0|Exp:3.0|Func:6.0|Syn:0.0|Eff:0.0|Dmg:5.0|Mod:1.00,"情報收集, 搜索效果, 進化支援",丟棄效果
仙子伊布ex,1階進化,12490,https://asia.pokemon-card.com/hk/card-img/hk00012490.png,寶可夢,270,Psychic,,,魔法魅惑,"Psychic,Colorless,Colorless",160,在下個對手的回合，受到這個招式的寶可夢使用招式的傷害「-100」點。,天仙石,"Water,Lightning,Psychic",,選擇2隻對手的備戰寶可夢，將那些寶可夢與附加的卡全部放回牌庫並重洗。在上個自己的回合，若自己的寶可夢使出了「天仙石」，則無法使用這個招式。,,Metal,,,2,69,normal,H,高級擴充包「太晶慶典ex」,SV8a,5ban Graphics,,伊布 → 仙子伊布 → 冰伊布 → 葉伊布 → 太陽伊布 → 月亮伊布 → 雷伊布 → 水伊布 → 火伊布 → 冰伊布GX → 葉伊布GX → 仙子伊布GX → 月亮伊布GX → 太陽伊布GX → 雷伊布GX → 水伊布GX → 火伊布GX → 月亮伊布ex → 仙子伊布ex → 太陽伊布ex → 雷伊布ex → 冰伊布ex → 水伊布ex → 火伊布ex → 葉伊布ex,"太晶,ex",A+,22.00,Base:5.0|Meta:0.0|Exp:3.0|Func:5.0|Syn:4.0|Eff:0.0|Dmg:5.0|Mod:1.00,"招式鎖定, 搜索效果, 牌庫重洗, 高額傷害減免",無
月亮伊布ex,1階進化,12514,https://asia.pokemon-card.com/hk/card-img/hk00012514.png,寶可夢,280,Darkness,,,月亮幻想,"Darkness,Colorless,Colorless",160,將對手的戰鬥寶可夢【混亂】。,縞瑪瑙,"Lightning,Psychic,Darkness",,將這隻寶可夢身上附加的能量卡全部丟棄，獲得1張自己的獎賞卡。,,Grass,,,2,93,normal,H,高級擴充包「太晶慶典ex」,SV8a,takuyoa,,伊布 → 仙子伊布 → 冰伊布 → 葉伊布 → 太陽伊布 → 月亮伊布 → 雷伊布 → 水伊布 → 火伊布 → 冰伊布GX → 葉伊布GX → 仙子伊布GX → 月亮伊布GX → 太陽伊布GX → 雷伊布GX → 水伊布GX → 火伊布GX → 月亮伊布ex → 仙子伊布ex → 太陽伊布ex → 雷伊布ex → 冰伊布ex → 水伊布ex → 火伊布ex → 葉伊布ex,"太晶,ex",A+,20.00,Base:5.0|Meta:0.0|Exp:3.0|Func:5.0|Syn:2.0|Eff:0.0|Dmg:5.0|Mod:1.00,"狀態異常, 獎賞控制, 能量操作",無
伊布ex,基礎,12547,https://asia.pokemon-card.com/hk/card-img/hk00012547.png,寶可夢,200,Colorless,虹色DNA,這隻寶可夢可從手牌使出從「伊布」進化而來的「寶可夢【ex】」，放置於這隻寶可夢身上完成進化。（在自己的最初回合或者剛使出的回合無法進化。）,石英閃耀,"Fire,Water,Lightning",200,,,,,,,Fighting,,,1,126,normal,H,高級擴充包「太晶慶典ex」,SV8a,aky CG Works,,伊布ex,"太晶,ex",A+,21.00,Base:5.0|Meta:0.0|Exp:3.0|Func:7.0|Syn:0.0|Eff:0.0|Dmg:6.0|Mod:1.00,進化支援,無
雷吉奇卡斯,基礎,12553,https://asia.pokemon-card.com/hk/card-img/hk00012553.png,寶可夢,160,Colorless,,,寶石破壞,"Colorless,Colorless,Colorless,Colorless",100+,若對手的戰鬥寶可夢為「太晶」寶可夢，則增加230點傷害。,,,,,,Fighting,,,4,132,normal,H,高級擴充包「太晶慶典ex」,SV8a,chibi,據說牠以特殊的冰山、<br/>岩石和熔岩做出了<br/>神似自己的寶可夢。,雷吉奇卡斯,,A,17.00,Base:5.0|Meta:0.0|Exp:3.0|Func:2.0|Syn:2.0|Eff:0.0|Dmg:5.0|Mod:1.00,條件傷害,無
月月熊 赫月ex,基礎,12555,https://asia.pokemon-card.com/hk/card-img/hk00012555.png,寶可夢,260,Colorless,老練招式,這隻寶可夢使用「血月」所需的【無】能量，減少對手已經獲得的獎賞卡的張數數量。,血月,"Colorless,Colorless,Colorless,Colorless,Colorless",240,在下個自己的回合，這隻寶可夢無法使用招式。,,,,,,Fighting,,,3,134,normal,H,高級擴充包「太晶慶典ex」,SV8a,aky CG Works,,月月熊 赫月ex,ex,A,18.00,Base:5.0|Meta:0.0|Exp:3.0|Func:4.0|Syn:0.0|Eff:0.0|Dmg:6.0|Mod:1.00,"使用限制, 招式鎖定, 獎賞控制",無
樂園度假地,,9794,https://asia.pokemon-card.com/hk/card-img/hk00009794.png,競技場卡,,,,,,,,雙方的所有「可達鴨」【撤退】所需的能量，各減少1個。,,,,在自己的回合時，可將1張競技場卡放置於戰鬥場旁邊。若其他競技場卡被放置，則將這張卡丟棄。不可放置名稱相同的競技場卡。,,,,,,SV-P,n/a,G,特典卡 朱&紫,SV,Naoki Saito,,,,B,12.00,Base:6.0|Meta:0.0|Exp:2.0|Func:2.0|Syn:2.0|Eff:0.0|Dmg:0.0|Mod:1.00,撤退干擾,"撤退效果, 競技場效果"
毅萬與馥好,,12014,https://asia.pokemon-card.com/hk/card-img/hk00012014.png,支援者卡,,,,,,,,從自己的牌庫抽出2張卡。然後，若自己的手牌有10張以上，則再抽出2張卡。,,,,,,,,,,115,promo,H,特典卡 朱&紫,SV,Sanosuke Sakuma,,,,B+,15.00,Base:8.0|Meta:0.0|Exp:2.0|Func:3.0|Syn:2.0|Eff:0.0|Dmg:0.0|Mod:1.00,"抽卡效果, 搜索效果",無
練習工房,,8660,https://asia.pokemon-card.com/hk/card-img/hk00008660.png,競技場卡,,,,,,,,雙方的【1階進化】寶可夢使用的招式，對對手的戰鬥寶可夢造成的傷害「+10」點。,,,,在自己的回合時，可將1張競技場卡放置於戰鬥場旁邊。若其他競技場卡被放置，則將這張卡丟棄。名稱相同的競技場卡無法放置於場上。,,,,,,71,normal,G,強化擴充包「三連音爆」,SV1a,AYUMI ODASHIMA,,,,A,17.00,Base:6.0|Meta:0.0|Exp:2.0|Func:5.0|Syn:4.0|Eff:0.0|Dmg:0.0|Mod:1.00,"傷害效果, 進化支援","放置效果, 競技場效果"
莓榴果,,12577,https://asia.pokemon-card.com/hk/card-img/hk00012577.png,寶可夢道具,,,,,,,,附有這張卡的寶可夢受到對手的【龍】寶可夢招式的傷害時，那個傷害「-60」點，將這張卡丟棄。,,,,,,,,,,156,normal,H,高級擴充包「太晶慶典ex」,SV8a,Studio Bora Inc.,,,,B,11.00,Base:6.0|Meta:0.0|Exp:3.0|Func:2.0|Syn:0.0|Eff:0.0|Dmg:0.0|Mod:1.00,無,丟棄效果
招式學習器 ‌衰退,,12582,https://asia.pokemon-card.com/hk/card-img/hk00012582.png,寶可夢道具,,,,,,,,附有這張卡的寶可夢，可使用這張卡上寫的招式。[需要有足夠使用招式的能量。]<br/>將附於寶可夢身上的這張卡，在自己的回合結束時丟棄。,衰退,Colorless,,從對手的所有進化的寶可夢身上，各移除1張「進化卡」使其退化。將移除的卡放回對手的手牌。,,,,,,161,normal,G,高級擴充包「太晶慶典ex」,SV8a,Studio Bora Inc.,,,,B+,16.00,Base:6.0|Meta:0.0|Exp:3.0|Func:7.0|Syn:0.0|Eff:0.0|Dmg:0.0|Mod:1.00,進化支援,無
衝浪手,,11987,https://asia.pokemon-card.com/hk/card-img/hk00011987.png,支援者卡,,,,,,,,將自己的戰鬥寶可夢與備戰寶可夢互換。然後，從牌庫抽卡直到自己的手牌滿5張為止。,,,,,,,,,,61,normal,H,強化擴充包「樂園騰龍」,SV7a,Sanosuke Sakuma,,,,A,17.00,Base:8.0|Meta:0.0|Exp:3.0|Func:6.0|Syn:0.0|Eff:0.0|Dmg:0.0|Mod:1.00,"切換效果, 抽卡效果",無
衝浪海灘,,14328,https://asia.pokemon-card.com/hk/card-img/hk00014328.png,競技場卡,,,,,,,,雙方玩家在每個自己的回合時，可使用1次，可將自己的戰鬥場的【水】寶可夢與備戰區的【水】寶可夢互換。,,,,,,,,,,62,normal,I,擴充包「超級交響樂」,M1S,AYUMI ODASHIMA,,,,C,8.00,Base:6.0|Meta:0.0|Exp:-1.0|Func:3.0|Syn:0.0|Eff:0.0|Dmg:0.0|Mod:1.00,切換效果,無
調換票,,13084,https://asia.pokemon-card.com/hk/card-img/hk00013084.png,物品卡,,,,,,,,數過自己的獎賞卡張數後，全部翻回反面並重洗，放回牌庫下方。然後，從牌庫上方抽出與放回張數相同數量的卡，作為獎賞卡放置。,,,,,,,,,,90,normal,I,擴充包「對戰搭檔」,SV9,Studio Bora Inc.,,,,B+,16.00,Base:7.0|Meta:0.0|Exp:3.0|Func:4.0|Syn:2.0|Eff:0.0|Dmg:0.0|Mod:1.00,"抽卡效果, 搜索效果, 獎賞控制",無
蒼炎刃鬼ex,1階進化,12816,https://asia.pokemon-card.com/hk/card-img/hk00012816.png,寶可夢,270,Fire,,,深淵熾火,Fire,30+,增加自己的棄牌區的能量卡的張數×20點傷害。,紫水晶激怒,"Fire,Psychic,Metal",280,將這隻寶可夢身上附加的能量卡全部丟棄。,,Water,,,2,203,high,H,高級擴充包「太晶慶典ex」,SV8a,akagi,,炭小侍 → 紅蓮鎧騎 → 蒼炎刃鬼 → 蒼炎刃鬼ex → 紅蓮鎧騎ex,"太晶,ex",A,19.00,Base:5.0|Meta:0.0|Exp:3.0|Func:3.0|Syn:2.0|Eff:0.0|Dmg:6.0|Mod:1.00,"棄牌區傷害加成, 能量操作",無
魔幻假面喵,2階進化,13006,https://asia.pokemon-card.com/hk/card-img/hk00013006.png,寶可夢,160,Grass,表演時間,若這隻寶可夢在備戰區，則在自己的回合時可使用1次。將這隻寶可夢與戰鬥寶可夢互換。,上升綻放,"Colorless,Colorless",90+,若對手的戰鬥寶可夢為「寶可夢【ex】」，則增加90點傷害。,,,,,,Fire,,,1,12,normal,I,擴充包「對戰搭檔」,SV9,kodama,看似浮在空中的花，<br/>是牠利用斗蓬內側的毛的反射<br/>將莖隱藏後呈現出的假象。,新葉喵 → 蒂蕾喵 → 魔幻假面喵 → 魔幻假面喵ex,,A,19.00,Base:5.0|Meta:0.0|Exp:3.0|Func:5.0|Syn:2.0|Eff:0.0|Dmg:4.0|Mod:1.00,"切換效果, 條件傷害",無
魔幻假面喵,2階進化,8477,https://asia.pokemon-card.com/hk/card-img/hk00008477.png,寶可夢,160,Grass,,,戲法斗篷,Colorless,40,若希望，選擇1個對手的戰鬥寶可夢身上附加的能量，放回對手的手牌。,鮮花炸彈,"Grass,Colorless",130,,,Fire,,,1,6,normal,G,起始組合ex 新葉喵&路卡利歐 ex,SVAM,Ryota Murayama,看似浮在空中的花，是牠利用斗蓬內側的毛的反射<br/>將莖隱藏後呈現出的假象。,新葉喵 → 蒂蕾喵 → 魔幻假面喵 → 魔幻假面喵ex,,A,18.00,Base:5.0|Meta:0.0|Exp:2.0|Func:5.0|Syn:2.0|Eff:0.0|Dmg:4.0|Mod:1.00,能量操作,無
鴨嘴炎獸,1階進化,13008,https://asia.pokemon-card.com/hk/card-img/hk00013008.png,寶可夢,130,Fire,熔岩波動,只要這隻寶可夢在場上，對手的【灼傷】的寶可夢因【灼傷】而放置的傷害指示物的數量增加3個。,灼燒,"Fire,Fire,Colorless",90,擲1次硬幣若為正面，則將對手的戰鬥寶可夢【灼傷】。,,,,,,Water,,,2,14,normal,I,擴充包「對戰搭檔」,SV9,Tonji Matsuno,從手腕前端射出<br/>攝氏２０００度的火球時，<br/>身體會因高溫而微微泛白。,鴨嘴火獸 → 鴨嘴炎獸,,B+,15.00,Base:5.0|Meta:0.0|Exp:3.0|Func:2.0|Syn:2.0|Eff:0.0|Dmg:3.0|Mod:1.00,"傷害指示物, 狀態施加, 硬幣判定",放置效果
鴨嘴炎獸,1階進化,9805,https://asia.pokemon-card.com/hk/card-img/hk00009805.png,寶可夢,140,Fire,,,火焰,Fire,40,,火山高溫,"Fire,Fire,Colorless",170,在下個自己的回合，這隻寶可夢無法使用招式。,,Water,,,3,2,normal,G,起始組合 太晶 骨紋巨聲鱷ex,SVEL,Hasuno,長久棲息在火山口，使得牠的身體變得像是一座火山，<br/>甚至擁有類似岩漿庫的器官。,鴨嘴火獸 → 鴨嘴炎獸,,B,12.00,Base:5.0|Meta:0.0|Exp:2.0|Func:0.0|Syn:0.0|Eff:0.0|Dmg:5.0|Mod:1.00,"使用限制, 招式鎖定",無
N的火紅不倒翁,基礎,13009,https://asia.pokemon-card.com/hk/card-img/hk00013009.png,寶可夢,80,Fire,,,滾動衝撞,"Colorless,Colorless",20,,火焰,"Fire,Fire,Colorless",50,,,Water,,,2,15,normal,I,擴充包「對戰搭檔」,SV9,Gemi,在牠睡覺的時候，<br/>無論是推是拉，牠都不會倒下。<br/>因為象徵著吉利而大受歡迎。,N的火紅不倒翁 → N的達摩狒狒,,C+,9.00,Base:5.0|Meta:0.0|Exp:3.0|Func:0.0|Syn:0.0|Eff:0.0|Dmg:1.0|Mod:1.00,無,無
N的達摩狒狒,1階進化,13010,https://asia.pokemon-card.com/hk/card-img/hk00013010.png,寶可夢,140,Fire,,,復燃,"Colorless,Colorless",30×,造成對手的棄牌區的基本能量卡的張數×30點傷害。,火人加農炮,"Fire,Fire,Colorless",90,將這隻寶可夢身上附加的能量卡全部丟棄，對手的1隻備戰寶可夢也受到90點傷害。[在備戰區不計算弱點・抵抗力。],,Water,,,3,16,normal,I,擴充包「對戰搭檔」,SV9,nagimiso,體內的火焰燃得越旺，<br/>力量就越大。火焰的溫度<br/>有時甚至能超過１４００度。,N的火紅不倒翁 → N的達摩狒狒,,S,24.00,Base:5.0|Meta:0.0|Exp:3.0|Func:6.0|Syn:2.0|Eff:0.0|Dmg:8.0|Mod:1.00,"傷害效果, 棄牌區傷害加成, 能量操作, 連鎖傷害",丟棄效果
波爾凱尼恩ex,基礎,13011,https://asia.pokemon-card.com/hk/card-img/hk00013011.png,寶可夢,220,Fire,燒灼蒸汽,若這隻寶可夢在戰鬥場上，則在自己的回合時可使用1次。將對手的戰鬥寶可夢【灼傷】。,高溫旋風,"Fire,Fire,Colorless",160,選擇1個這隻寶可夢身上附加的能量，改附於備戰寶可夢身上。,,,,,,Water,,,3,17,normal,I,擴充包「對戰搭檔」,SV9,5ban Graphics,,波爾凱尼恩ex,ex,A+,21.00,Base:5.0|Meta:0.0|Exp:3.0|Func:8.0|Syn:0.0|Eff:0.0|Dmg:5.0|Mod:1.00,"狀態施加, 能量操作",無
吼吼鯨,基礎,13018,https://asia.pokemon-card.com/hk/card-img/hk00013018.png,寶可夢,130,Water,,,衝浪,"Colorless,Colorless,Colorless",60,,,,,,,Lightning,,,3,24,normal,I,擴充包「對戰搭檔」,SV9,Shinya Mizuno,喝入大量的海水之後，<br/>身體會鼓成像球一樣。<br/>每天要吃掉１噸的食物。,吼吼鯨 → 吼鯨王,,C+,10.00,Base:5.0|Meta:0.0|Exp:3.0|Func:0.0|Syn:0.0|Eff:0.0|Dmg:2.0|Mod:1.00,無,無
吼鯨王,1階進化,13019,https://asia.pokemon-card.com/hk/card-img/hk00013019.png,寶可夢,240,Water,,,水炮,"Colorless,Colorless,Colorless,Colorless",10+,增加這隻寶可夢身上附加的【水】能量的數量×50點傷害。,,,,,,Lightning,,,4,25,normal,I,擴充包「對戰搭檔」,SV9,Takeshi Nakamura,因為無比巨大而受歡迎。<br/>觀看吼鯨王的生態在各地都是<br/>非常受歡迎的遊覽項目。,吼吼鯨 → 吼鯨王,,B,13.00,Base:5.0|Meta:0.0|Exp:3.0|Func:3.0|Syn:0.0|Eff:0.0|Dmg:2.0|Mod:1.00,"備戰傷害加成, 能量操作",無
奇樹的霹靂電球,基礎,13020,https://asia.pokemon-card.com/hk/card-img/hk00013020.png,寶可夢,70,Lightning,,,連鎖伏特,"Colorless,Colorless",20+,增加自己的所有「奇樹的寶可夢」身上附加的【雷】能量的數量×20點傷害。,,,,,,Fighting,,,1,26,normal,I,擴充包「對戰搭檔」,SV9,Kazumasa Yasukuni,靠著翻滾身體來移動，<br/>如果地面凹凸不平，<br/>就會受到衝擊而爆炸。,奇樹的霹靂電球 → 奇樹的頑皮雷彈,,B+,16.00,Base:5.0|Meta:0.0|Exp:3.0|Func:3.0|Syn:3.0|Eff:0.0|Dmg:2.0|Mod:1.00,"備戰傷害加成, 能量操作",無
奇樹的頑皮雷彈,1階進化,13021,https://asia.pokemon-card.com/hk/card-img/hk00013021.png,寶可夢,100,Lightning,,,怦怦炸彈,"Lightning,Lightning",,這隻寶可夢受到100點傷害。擲1次硬幣若為正面，則將對手的戰鬥寶可夢【昏厥】。,雷電球,"Lightning,Lightning,Colorless",100,,,Fighting,,,0,27,normal,I,擴充包「對戰搭檔」,SV9,GOTO minori,雖然儲存的電能越多，<br/>移動的速度也會變得越快，<br/>但同時也會變得更容易爆炸。,奇樹的霹靂電球 → 奇樹的頑皮雷彈,,B+,15.00,Base:5.0|Meta:0.0|Exp:3.0|Func:2.0|Syn:2.0|Eff:0.0|Dmg:3.0|Mod:1.00,"昏厥條件, 條件傷害, 硬幣判定",無
N的電電蟲,基礎,13022,https://asia.pokemon-card.com/hk/card-img/hk00013022.png,寶可夢,40,Lightning,,,劈哩啪啦短路,"Colorless,Colorless",30,在造成傷害前，將對手的戰鬥寶可夢身上附加的「寶可夢道具」卡丟棄。有丟棄的情況下，將對手的戰鬥寶可夢【麻痺】。,,,,,,Fighting,,,1,28,normal,I,擴充包「對戰搭檔」,SV9,Iori Suzuki,自己無法製造電力，<br/>會附在其他大型寶可夢身上<br/>吸取靜電。,N的電電蟲,,B,12.00,Base:5.0|Meta:0.0|Exp:3.0|Func:3.0|Syn:0.0|Eff:0.0|Dmg:1.0|Mod:1.00,"傷害效果, 狀態異常",丟棄效果
奇樹的光蚪仔,基礎,13023,https://asia.pokemon-card.com/hk/card-img/hk00013023.png,寶可夢,60,Lightning,,,小電氣,"Lightning,Colorless",30,,,,,,,Fighting,,,2,29,normal,I,擴充包「對戰搭檔」,SV9,kurumitsu,會搖尾巴來發電。<br/>感覺到有危險時，<br/>會閃爍頭部通知夥伴。,奇樹的光蚪仔 → 奇樹的電肚蛙ex,,C+,9.00,Base:5.0|Meta:0.0|Exp:3.0|Func:0.0|Syn:0.0|Eff:0.0|Dmg:1.0|Mod:1.00,無,無
奇樹的電肚蛙ex,1階進化,13024,https://asia.pokemon-card.com/hk/card-img/hk00013024.png,寶可夢,280,Lightning,電氣流,在自己的回合時，可不限次數使用。從自己的手牌選擇1張「基本【雷】能量」卡，附於自己的「奇樹的寶可夢」身上。,閃電伏特,"Lightning,Lightning,Lightning,Colorless",230,在下個自己的回合，這隻寶可夢無法使用招式。,,,,,,Fighting,,,2,30,normal,I,擴充包「對戰搭檔」,SV9,5ban Graphics,,奇樹的光蚪仔 → 奇樹的電肚蛙ex,ex,B+,16.00,Base:5.0|Meta:0.0|Exp:3.0|Func:2.0|Syn:0.0|Eff:0.0|Dmg:6.0|Mod:1.00,"使用限制, 招式鎖定, 能量附著",無
奇樹的電海燕,基礎,13025,https://asia.pokemon-card.com/hk/card-img/hk00013025.png,寶可夢,60,Lightning,,,電光一閃,Lightning,10+,擲1次硬幣若為正面，則增加20點傷害。,,,,,,Lightning,,Fighting,1,31,normal,I,擴充包「對戰搭檔」,SV9,Akira Komayama,當翅膀的骨頭受到風吹時，<br/>就能製造出電力。會衝進<br/>海裡讓獵物觸電後將其捕獲。,奇樹的電海燕 → 奇樹的大電海燕,,B,12.00,Base:5.0|Meta:0.0|Exp:3.0|Func:0.0|Syn:2.0|Eff:0.0|Dmg:2.0|Mod:1.00,"條件傷害, 硬幣判定",無
奇樹的大電海燕,1階進化,13026,https://asia.pokemon-card.com/hk/card-img/hk00013026.png,寶可夢,120,Lightning,閃光抽出,在自己的回合，若將1個這隻寶可夢身上附加的「基本【雷】能量」丟棄，則可使用1次。從牌庫抽卡直到自己的手牌滿6張為止。,音速伏特,"Lightning,Colorless,Colorless",70,,,,,,,Lightning,,Fighting,1,32,normal,I,擴充包「對戰搭檔」,SV9,chibi,會膨脹喉囊來增強電力。<br/>可以乘著風在１天內<br/>就飛上７００公里。,奇樹的電海燕 → 奇樹的大電海燕,,B+,16.00,Base:5.0|Meta:0.0|Exp:3.0|Func:6.0|Syn:0.0|Eff:0.0|Dmg:2.0|Mod:1.00,"抽卡效果, 能量操作",無
莉莉艾的皮皮ex,基礎,13027,https://asia.pokemon-card.com/hk/card-img/hk00013027.png,寶可夢,190,Psychic,妖精領域,只要這隻寶可夢在場上，對手的場上的所有【龍】寶可夢的弱點全部改爲【超】屬性。[弱點以「×2」計算傷害。],滿月輪舞,"Psychic,Colorless",20+,增加雙方的備戰寶可夢的數量×20點傷害。,,,,,,Metal,,,1,33,normal,I,擴充包「對戰搭檔」,SV9,5ban Graphics,,莉莉艾的皮皮ex,ex,B,13.00,Base:5.0|Meta:0.0|Exp:3.0|Func:3.0|Syn:0.0|Eff:0.0|Dmg:2.0|Mod:1.00,"備戰傷害加成, 弱點改變",無
詛咒娃娃,1階進化,13030,https://asia.pokemon-card.com/hk/card-img/hk00013030.png,寶可夢,90,Psychic,,,詛咒言語,Psychic,,對手選擇3張對手自己的手牌，放回牌庫並重洗。,陰森射擊,"Psychic,Colorless",70,,,Darkness,,Fighting,1,36,normal,I,擴充包「對戰搭檔」,SV9,Anesaki Dynamic,怨念積存在被丟棄的<br/>布偶裡而變成了寶可夢。<br/>可以在昏暗的巷子裡發現牠。,怨影娃娃 → 詛咒娃娃 → 詛咒娃娃GX → 詛咒娃娃ex,,B,13.00,Base:5.0|Meta:0.0|Exp:3.0|Func:3.0|Syn:0.0|Eff:0.0|Dmg:2.0|Mod:1.00,搜索效果,無
N的象徵鳥,基礎,13034,https://asia.pokemon-card.com/hk/card-img/hk00013034.png,寶可夢,110,Psychic,,,‌念動彈,Psychic,20,,勝利象徵,"Psychic,Colorless,Colorless",,使用這個招式時，若自己剩餘獎賞卡的張數為1張，則這場對戰己方獲勝。,,Lightning,,Fighting,1,40,normal,I,擴充包「對戰搭檔」,SV9,Shiburingaru,人們在象徵鳥飛過的沙漠<br/>地下進行調查，結果在那裡<br/>發現了疑似古代都市的遺跡。,N的象徵鳥,,C+,10.00,Base:5.0|Meta:0.0|Exp:3.0|Func:0.0|Syn:2.0|Eff:0.0|Dmg:0.0|Mod:1.00,獎賞控制,無
莉莉艾的萌虻,基礎,13035,https://asia.pokemon-card.com/hk/card-img/hk00013035.png,寶可夢,30,Psychic,,,紋絲不動,Psychic,,將這隻寶可夢恢復「10」HP。,,,,,,Metal,,,0,41,normal,I,擴充包「對戰搭檔」,SV9,Saya Tsuruta,只要感覺到人類或寶可夢<br/>發出的快樂氣場，就會靠過去<br/>用長長的嘴戳對方。被戳會很痛。,莉莉艾的萌虻 → 莉莉艾的蝶結萌虻,,C+,10.00,Base:5.0|Meta:0.0|Exp:3.0|Func:2.0|Syn:0.0|Eff:0.0|Dmg:0.0|Mod:1.00,回復效果,無
莉莉艾的蝶結萌虻,1階進化,13036,https://asia.pokemon-card.com/hk/card-img/hk00013036.png,寶可夢,70,Psychic,邀請眨眼,在自己的回合，從手牌使出這張卡並完成進化時，可使用1次。查看對手的手牌，從其中選擇任意數量的【基礎】寶可夢卡，放置於對手的備戰區。,魔法射擊,Psychic,50,,,,,,,Metal,,,0,42,normal,I,擴充包「對戰搭檔」,SV9,mashu,只要感覺到人類或寶可夢<br/>沮喪的情緒，就會送上<br/>自製的花粉團來為其打氣。,莉莉艾的萌虻 → 莉莉艾的蝶結萌虻,,A,19.00,Base:5.0|Meta:0.0|Exp:3.0|Func:10.0|Syn:0.0|Eff:0.0|Dmg:1.0|Mod:1.00,情報收集,"放置效果, 進化效果"
莉莉艾的花療環環,基礎,13037,https://asia.pokemon-card.com/hk/card-img/hk00013037.png,寶可夢,70,Psychic,,,招花,Colorless,,從自己的牌庫選擇任意數量的【基礎】寶可夢的「莉莉艾的寶可夢」，放置於備戰區。並且重洗牌庫。,憑空消失,Psychic,30,將這隻寶可夢與附加的卡，全部放回手牌。,,Metal,,,1,43,normal,I,擴充包「對戰搭檔」,SV9,Narumi Sato,會用藤蔓來摘花。<br/>黏在身上的花會<br/>產生療癒的效果。,莉莉艾的花療環環,,B+,14.00,Base:5.0|Meta:0.0|Exp:3.0|Func:3.0|Syn:2.0|Eff:0.0|Dmg:1.0|Mod:1.00,"其他效果, 搜索效果",放置效果
象牙豬ex,2階進化,13040,https://asia.pokemon-card.com/hk/card-img/hk00013040.png,寶可夢,340,Fighting,毛象搬運,在自己的回合時可使用1次。從自己的牌庫選擇1張寶可夢卡，在給對手看過後加入手牌。並且重洗牌庫。,雷鳴行進,"Fighting,Fighting",180+,增加自己的備戰區的【2階進化】寶可夢的數量×40點傷害。,,,,,,Grass,,,4,46,normal,I,擴充包「對戰搭檔」,SV9,Nisota Niso,,小山豬 → 長毛豬 → 象牙豬 → 象牙豬ex,ex,A+,22.00,Base:5.0|Meta:0.0|Exp:3.0|Func:8.0|Syn:0.0|Eff:0.0|Dmg:6.0|Mod:1.00,"備戰傷害加成, 抽卡效果, 搜索效果, 進化支援",無
雷吉洛克,基礎,13043,https://asia.pokemon-card.com/hk/card-img/hk00013043.png,寶可夢,130,Fighting,岩石盔甲,若這隻寶可夢身上附有能量卡，則這隻寶可夢受到招式的傷害「-30」點。,毀壞者金勾臂,"Fighting,Fighting,Fighting",120,這個招式的傷害不計算抵抗力。,,,,,,Grass,,,3,49,normal,I,擴充包「對戰搭檔」,SV9,Uta,有人利用最新的科學技術<br/>調查了牠的岩石身體，但<br/>卻找不到牠的大腦或心臟。,雷吉洛克,,B+,14.00,Base:5.0|Meta:0.0|Exp:3.0|Func:2.0|Syn:0.0|Eff:0.0|Dmg:4.0|Mod:1.00,"其他效果, 無視弱點/效果",無
赫普的沙包蛇,基礎,13047,https://asia.pokemon-card.com/hk/card-img/hk00013047.png,寶可夢,80,Fighting,,,築窩,Colorless,,從自己的牌庫選擇1張競技場卡，在給對手看過後加入手牌。並且重洗牌庫。,咬,"Fighting,Colorless",20,,,Grass,,,2,53,normal,I,擴充包「對戰搭檔」,SV9,aspara,頸部的囊袋就像氣球一樣<br/>能伸縮自如，而隨著不斷<br/>蛻皮，伸縮性會隨之增加。,赫普的沙包蛇 → 赫普的沙螺蟒,,B,12.00,Base:5.0|Meta:0.0|Exp:3.0|Func:4.0|Syn:0.0|Eff:0.0|Dmg:0.0|Mod:1.00,"抽卡效果, 搜索效果",競技場效果
赫普的沙螺蟒,1階進化,13048,https://asia.pokemon-card.com/hk/card-img/hk00013048.png,寶可夢,140,Fighting,,,地鳴,"Fighting,Colorless",30,在下個對手的回合，受到這個招式的寶可夢無法撤退。,大地裂破,"Fighting,Colorless,Colorless",140,自己的所有備戰寶可夢也各受到20點傷害。[在備戰區不計算弱點・抵抗力。],,Grass,,,3,54,normal,I,擴充包「對戰搭檔」,SV9,Sanosuke Sakuma,會把身體伸長到極限後，<br/>用足以沖走大卡車的<br/>氣勢噴射出沙子。,赫普的沙包蛇 → 赫普的沙螺蟒,,B+,15.00,Base:5.0|Meta:0.0|Exp:3.0|Func:3.0|Syn:0.0|Eff:0.0|Dmg:4.0|Mod:1.00,"撤退封鎖, 連鎖傷害",撤退效果
N的扒手貓,基礎,13053,https://asia.pokemon-card.com/hk/card-img/hk00013053.png,寶可夢,70,Darkness,,,暗槓,"Darkness,Colorless",30,查看對手的手牌，從其中選擇1張卡，放回對手的牌庫下方。,,,,,,Grass,,,1,59,normal,I,擴充包「對戰搭檔」,SV9,Keisin,會用可愛的動作讓對手放下戒心，<br/>趁對方靠過來時冷不防用爪子<br/>猛抓，然後得意地大笑。,N的扒手貓,,B,12.00,Base:5.0|Meta:0.0|Exp:3.0|Func:3.0|Syn:0.0|Eff:0.0|Dmg:1.0|Mod:1.00,搜索效果,無
N的索羅亞,基礎,13054,https://asia.pokemon-card.com/hk/card-img/hk00013054.png,寶可夢,70,Darkness,,,抓,Darkness,20,,,,,,,Grass,,,1,60,normal,I,擴充包「對戰搭檔」,SV9,Jiro Sasumo,會幻化成對手的樣子<br/>嚇唬對方。似乎經常<br/>幻化成沉默寡言的小孩。,N的索羅亞 → N的索羅亞克ex,,C,8.00,Base:5.0|Meta:0.0|Exp:3.0|Func:0.0|Syn:0.0|Eff:0.0|Dmg:0.0|Mod:1.00,無,無
N的索羅亞克ex,1階進化,13055,https://asia.pokemon-card.com/hk/card-img/hk00013055.png,寶可夢,280,Darkness,交易,在自己的回合，若將自己的1張手牌丟棄，則可使用1次。從自己的牌庫抽出2張卡。,暗黑底牌,"Darkness,Darkness",,選擇1個自己的備戰區的「N的寶可夢」持有的招式，作為這個招式使用。,,,,,,Grass,,,2,61,normal,I,擴充包「對戰搭檔」,SV9,takuyoa,,N的索羅亞 → N的索羅亞克ex,ex,B,12.00,Base:5.0|Meta:0.0|Exp:3.0|Func:4.0|Syn:0.0|Eff:0.0|Dmg:0.0|Mod:1.00,"抽卡效果, 招式複製, 招式複製對手, 搜索效果",無
N的齒輪兒,基礎,13058,https://asia.pokemon-card.com/hk/card-img/hk00013058.png,寶可夢,60,Metal,,,雙重旋轉,Colorless,10×,擲2次硬幣，造成正面出現的次數×10點傷害。,,,,,,Fire,,Grass,1,64,normal,I,擴充包「對戰搭檔」,SV9,Saboteri,２個身體比雙胞胎還要親近。<br/>要是換成別的齒輪兒，<br/>就沒有辦法好好咬合。,N的齒輪兒 → N的齒輪組 → N的齒輪怪,,C+,9.00,Base:5.0|Meta:0.0|Exp:3.0|Func:0.0|Syn:0.0|Eff:0.0|Dmg:1.0|Mod:1.00,"傷害效果, 硬幣判定",無
N的齒輪組,1階進化,13059,https://asia.pokemon-card.com/hk/card-img/hk00013059.png,寶可夢,90,Metal,,,轉轉齒輪,Colorless,20,將對手的戰鬥寶可夢【混亂】。,正面對決,"Metal,Colorless",40,,,Fire,,Grass,3,65,normal,I,擴充包「對戰搭檔」,SV9,KEIICHIRO ITO,如果認真起來，大齒輪外圈的<br/>齒輪會和小齒輪完全接合。<br/>此時轉速將會大幅提升。,N的齒輪兒 → N的齒輪組 → N的齒輪怪,,B,11.00,Base:5.0|Meta:0.0|Exp:3.0|Func:2.0|Syn:0.0|Eff:0.0|Dmg:1.0|Mod:1.00,狀態異常,無
N的齒輪怪,2階進化,13060,https://asia.pokemon-card.com/hk/card-img/hk00013060.png,寶可夢,160,Metal,,,磁力爆破,Colorless,50,,三重粉碎,"Metal,Metal,Colorless",120×,擲3次硬幣，造成正面出現的次數×120點傷害。,,Fire,,Grass,3,66,normal,I,擴充包「對戰搭檔」,SV9,matazo,會從尖刺的前端發出強力<br/>電擊。紅色核心裡填充著<br/>非常多的能量。,N的齒輪兒 → N的齒輪組 → N的齒輪怪,,B+,16.00,Base:5.0|Meta:0.0|Exp:3.0|Func:0.0|Syn:0.0|Eff:0.0|Dmg:8.0|Mod:1.00,"傷害效果, 硬幣判定",無
瑪機雅娜,基礎,13061,https://asia.pokemon-card.com/hk/card-img/hk00013061.png,寶可夢,90,Metal,自動治癒,只要這隻寶可夢在戰鬥場上，每次從自己的手牌將能量卡附於寶可夢身上時，將那隻寶可夢恢復「90」HP。,扣殺抽出,Colorless,20,從自己的牌庫抽出2張卡。,,,,,,Fire,,Grass,1,67,normal,I,擴充包「對戰搭檔」,SV9,rika,由大約５００年前的<br/><br/>科學家所製造。<br/><br/>本體是被稱為魂心的零件。,瑪機雅娜,,B+,15.00,Base:5.0|Meta:0.0|Exp:3.0|Func:7.0|Syn:0.0|Eff:0.0|Dmg:0.0|Mod:1.00,"回復效果, 抽卡效果, 搜索效果",無
赫普的鋼鎧鴉,2階進化,13062,https://asia.pokemon-card.com/hk/card-img/hk00013062.png,寶可夢,170,Metal,,,穿通,Colorless,50,對手的1隻備戰寶可夢也受到50點傷害。[在備戰區不計算弱點・抵抗力。],鋼翼,"Metal,Metal,Colorless",150,在下個對手的回合，這隻寶可夢受到招式的傷害「-60」點。,,Lightning,,Fighting,2,68,normal,I,擴充包「對戰搭檔」,SV9,GIDORA,部分的羽毛變成了鋼鐵。<br/>即使翅膀沉重也能夠<br/>悠遊自在地飛在空中。,赫普的稚山雀 → 赫普的藍鴉 → 赫普的鋼鎧鴉,,B+,16.00,Base:5.0|Meta:0.0|Exp:3.0|Func:3.0|Syn:0.0|Eff:0.0|Dmg:5.0|Mod:1.00,"其他效果, 連鎖傷害",無
赫普的蒼響ex,基礎,13063,https://asia.pokemon-card.com/hk/card-img/hk00013063.png,寶可夢,230,Metal,,,剎那斬,Colorless,30,對手的1隻備戰寶可夢也受到30點傷害。[在備戰區不計算弱點・抵抗力。],無畏斬,"Metal,Metal,Metal,Colorless",240,在下個自己的回合，這隻寶可夢無法使用「無畏斬」。,,Fire,,Grass,2,69,normal,I,擴充包「對戰搭檔」,SV9,aky CG Works,,赫普的蒼響ex,ex,A,17.00,Base:5.0|Meta:0.0|Exp:3.0|Func:3.0|Syn:0.0|Eff:0.0|Dmg:6.0|Mod:1.00,"招式鎖定, 連鎖傷害",無
寶貝龍,基礎,13064,https://asia.pokemon-card.com/hk/card-img/hk00013064.png,寶可夢,70,Dragon,,,咬住,Colorless,10,,突擊,"Fire,Water",50,這隻寶可夢也受到10點傷害。,,,,,2,70,normal,I,擴充包「對戰搭檔」,SV9,Miki Tanaka,腦袋有如鋼鐵般堅硬，<br/>就連岩石都能撞得粉碎。<br/>會一直等待長出翅膀的那一刻。,寶貝龍 → 甲殼龍 → 暴飛龍GX → 暴飛龍 → 暴飛龍ex,,C+,9.00,Base:5.0|Meta:0.0|Exp:3.0|Func:0.0|Syn:0.0|Eff:0.0|Dmg:1.0|Mod:1.00,反噬傷害,無
甲殼龍,1階進化,13065,https://asia.pokemon-card.com/hk/card-img/hk00013065.png,寶可夢,100,Dragon,,,防守壓制,"Colorless,Colorless",30,在下個對手的回合，這隻寶可夢受到招式的傷害「-30」點。,重磅衝擊,"Fire,Water,Colorless",80,,,,,,2,71,normal,I,擴充包「對戰搭檔」,SV9,Julie Hang,細胞在殼中<br/>以爆發般的速度變化，<br/>正在為進化做準備。,寶貝龍 → 甲殼龍 → 暴飛龍GX → 暴飛龍 → 暴飛龍ex,,B,12.00,Base:5.0|Meta:0.0|Exp:3.0|Func:2.0|Syn:0.0|Eff:0.0|Dmg:2.0|Mod:1.00,其他效果,無
暴飛龍ex,2階進化,13066,https://asia.pokemon-card.com/hk/card-img/hk00013066.png,寶可夢,320,Dragon,,,廣域爆破,"Fire,Colorless,Colorless",,對手的所有備戰寶可夢各受到50點傷害。[在備戰區不計算弱點・抵抗力。],狂龍衝擊,"Fire,Water,Colorless,Colorless",300,選擇2個這隻寶可夢身上附加的能量，將其丟棄。,,,,,2,72,normal,I,擴充包「對戰搭檔」,SV9,toriyufu,,寶貝龍 → 甲殼龍 → 暴飛龍GX → 暴飛龍 → 暴飛龍ex,ex,A+,22.00,Base:5.0|Meta:0.0|Exp:3.0|Func:6.0|Syn:0.0|Eff:0.0|Dmg:8.0|Mod:1.00,"能量操作, 連鎖傷害",無
N的萊希拉姆,基礎,13068,https://asia.pokemon-card.com/hk/card-img/hk00013068.png,寶可夢,130,Dragon,,,強力激怒,"Fire,Lightning",20×,造成這隻寶可夢身上放置的傷害指示物的數量×20點傷害。,純真火焰,"Fire,Fire,Lightning,Colorless",170,,,,,,2,74,normal,I,擴充包「對戰搭檔」,SV9,rika,在神話的敘述裡，如果人類<br/>蔑視真實、放縱欲望，牠就會<br/>用火焰燒盡他們的王國。,N的萊希拉姆,,B,13.00,Base:5.0|Meta:0.0|Exp:3.0|Func:0.0|Syn:0.0|Eff:0.0|Dmg:5.0|Mod:1.00,"備戰傷害加成, 傷害指示物, 傷害效果",無
赫普的卡比獸,基礎,13069,https://asia.pokemon-card.com/hk/card-img/hk00013069.png,寶可夢,150,Colorless,大方,只要這隻寶可夢在場上，自己的「赫普的寶可夢」使用的招式，對對手的戰鬥寶可夢造成的傷害「+30」點。無論有多少隻擁有這個特性的寶可夢，這個效果也不會重複。,極限壓制,"Colorless,Colorless,Colorless",140,這隻寶可夢也受到80點傷害。,,,,,,Fighting,,,4,75,normal,I,擴充包「對戰搭檔」,SV9,GOSSAN,除了睡著時之外，總是不斷<br/>在進食。是個一天能吃光<br/>４００公斤食物的大胃王。,赫普的卡比獸,,B+,14.00,Base:5.0|Meta:0.0|Exp:3.0|Func:2.0|Syn:0.0|Eff:0.0|Dmg:4.0|Mod:1.00,"HP提升, 傷害效果, 反噬傷害",特性效果
尾立,基礎,13070,https://asia.pokemon-card.com/hk/card-img/hk00013070.png,寶可夢,60,Colorless,,,掌擊,Colorless,20,,,,,,,Fighting,,,1,76,normal,I,擴充包「對戰搭檔」,SV9,Taiga Kayama,警戒心強的寶可夢。<br/>能夠柔韌擺動的尾巴<br/>肌肉發達，摸起來很硬。,尾立 → 大尾立,,C,8.00,Base:5.0|Meta:0.0|Exp:3.0|Func:0.0|Syn:0.0|Eff:0.0|Dmg:0.0|Mod:1.00,無,無
大尾立,1階進化,13071,https://asia.pokemon-card.com/hk/card-img/hk00013071.png,寶可夢,120,Colorless,,,抓,Colorless,40,,噴射頭擊,"Colorless,Colorless",70,,,Fighting,,,1,77,normal,I,擴充包「對戰搭檔」,SV9,Tomomi Ozaki,在細長的巢穴中養育孩子。<br/>孩子長大後，就會到巢穴外<br/>讓孩子準備獨立生活。,尾立 → 大尾立,,C+,10.00,Base:5.0|Meta:0.0|Exp:3.0|Func:0.0|Syn:0.0|Eff:0.0|Dmg:2.0|Mod:1.00,無,無
土龍節節ex,1階進化,13073,https://asia.pokemon-card.com/hk/card-img/hk00013073.png,寶可夢,270,Colorless,,,逆境之尾,Colorless,60×,造成對手的場上的「寶可夢【ex】」的數量×60點傷害。,鑽破壞,"Colorless,Colorless,Colorless",150,這個招式的傷害不計算對手的戰鬥寶可夢身上的附加效果。,,Fighting,,,3,79,normal,I,擴充包「對戰搭檔」,SV9,5ban Graphics,,土龍弟弟 → 土龍節節ex → 土龍節節,ex,A,18.00,Base:5.0|Meta:0.0|Exp:3.0|Func:3.0|Syn:2.0|Eff:0.0|Dmg:5.0|Mod:1.00,"備戰傷害加成, 傷害效果, 無視弱點/效果",無
音波龍,1階進化,13075,https://asia.pokemon-card.com/hk/card-img/hk00013075.png,寶可夢,110,Colorless,調諧迴響,若自己的手牌與對手的手牌張數相同，則這隻寶可夢使用「恐慌嚎鳴」所需的能量全部消除。,恐慌嚎鳴,"Colorless,Colorless,Colorless",110,將對手的戰鬥寶可夢【混亂】。,,,,,,Lightning,,Fighting,0,81,normal,I,擴充包「對戰搭檔」,SV9,Anesaki Dynamic,會發出連巨大的岩石<br/>都能碎成粉狀的超音波。<br/>是性情殘忍的寶可夢。,嗡蝠 → 音波龍 → 音波龍GX → 音波龍ex,,B+,15.00,Base:5.0|Meta:0.0|Exp:3.0|Func:4.0|Syn:0.0|Eff:0.0|Dmg:3.0|Mod:1.00,"其他效果, 狀態異常",無
樹枕尾熊,基礎,13076,https://asia.pokemon-card.com/hk/card-img/hk00013076.png,寶可夢,100,Colorless,,,晚安敲擊,Colorless,30,將雙方的戰鬥寶可夢【睡眠】。在下個自己的回合，這隻寶可夢使用的招式，對對手的戰鬥寶可夢造成的傷害「+100」點。,,,,,,Fighting,,,2,82,normal,I,擴充包「對戰搭檔」,SV9,Natsumi Yoshida,終其一生都在睡覺。<br/>作為主食的樹葉帶有劇毒，<br/>只有樹枕尾熊才能將毒分解。,樹枕尾熊,,B,11.00,Base:5.0|Meta:0.0|Exp:3.0|Func:2.0|Syn:0.0|Eff:0.0|Dmg:1.0|Mod:1.00,"傷害效果, 狀態異常",無
赫普的稚山雀,基礎,13077,https://asia.pokemon-card.com/hk/card-img/hk00013077.png,寶可夢,60,Colorless,,,恐怖視線,Colorless,,在下個對手的回合，受到這個招式的寶可夢使用招式的傷害「-20」點。,啄,"Colorless,Colorless",20,,,Lightning,,Fighting,1,83,normal,I,擴充包「對戰搭檔」,SV9,Shinya Mizuno,雌性比雄性還要神經質。<br/>一旦羽毛被弄髒了，<br/>就會滿腔怒火地用鳥嘴猛啄。,赫普的稚山雀 → 赫普的藍鴉 → 赫普的鋼鎧鴉,,C+,10.00,Base:5.0|Meta:0.0|Exp:3.0|Func:2.0|Syn:0.0|Eff:0.0|Dmg:0.0|Mod:1.00,其他效果,無
赫普的藍鴉,1階進化,13078,https://asia.pokemon-card.com/hk/card-img/hk00013078.png,寶可夢,90,Colorless,,,高速飛行,Colorless,30,,銳利羽,"Colorless,Colorless,Colorless",80,,,Lightning,,Fighting,1,84,normal,I,擴充包「對戰搭檔」,SV9,Souichirou Gunjima,頭腦聰明，凡是靠鳥嘴<br/>和爪子能夠操控的工具，<br/>牠都可以輕易地學會用法。,赫普的稚山雀 → 赫普的藍鴉 → 赫普的鋼鎧鴉,,C+,10.00,Base:5.0|Meta:0.0|Exp:3.0|Func:0.0|Syn:0.0|Eff:0.0|Dmg:2.0|Mod:1.00,無,無
赫普的毛辮羊,基礎,13079,https://asia.pokemon-card.com/hk/card-img/hk00013079.png,寶可夢,70,Colorless,,,踢飛,"Colorless,Colorless,Colorless",50,,,,,,,Fighting,,,1,85,normal,I,擴充包「對戰搭檔」,SV9,Tomomi Ozaki,要是身上的毛長得太長就會<br/>不能動彈。用毛辮羊的體毛<br/>織成的布結實得讓人吃驚。,赫普的毛辮羊 → 赫普的毛毛角羊,,C+,9.00,Base:5.0|Meta:0.0|Exp:3.0|Func:0.0|Syn:0.0|Eff:0.0|Dmg:1.0|Mod:1.00,無,無
赫普的毛毛角羊,1階進化,13080,https://asia.pokemon-card.com/hk/card-img/hk00013080.png,寶可夢,120,Colorless,挑戰角擊,在自己的回合，從手牌使出這張卡並完成進化時，可使用1次。選擇1隻對手的備戰寶可夢，與戰鬥寶可夢互換。,頭錘,"Colorless,Colorless,Colorless",80,,,,,,,Fighting,,,2,86,normal,I,擴充包「對戰搭檔」,SV9,Ryota Murayama,長得長長的角是為了<br/>向異性求愛而存在的。<br/>牠從不會把角當作武器。,赫普的毛辮羊 → 赫普的毛毛角羊,,A+,20.00,Base:5.0|Meta:0.0|Exp:3.0|Func:10.0|Syn:0.0|Eff:0.0|Dmg:2.0|Mod:1.00,切換效果,進化效果
赫普的古月鳥,基礎,13081,https://asia.pokemon-card.com/hk/card-img/hk00013081.png,寶可夢,110,Colorless,,,浮躁噴吐,Colorless,120,若對手剩餘獎賞卡的張數不是4張・3張，則這個招式失敗。,,,,,,Lightning,,Fighting,1,87,normal,I,擴充包「對戰搭檔」,SV9,Saboteri,擁有大口吞下任何東西的習性。<br/>越是為著喉嚨卡的過大獵物而<br/>煩惱的古月鳥，越是難以對付。,赫普的古月鳥,,B+,16.00,Base:5.0|Meta:0.0|Exp:3.0|Func:2.0|Syn:2.0|Eff:0.0|Dmg:4.0|Mod:1.00,"條件失敗, 獎賞控制",無
戰鬥牛奶,,8729,https://asia.pokemon-card.com/hk/card-img/hk00008729.png,物品卡,,,,,,,,這張卡只有在自己剩餘獎賞卡的張數比對手剩餘獎賞卡的張數多時才可使用。<br/>將自己的1隻寶可夢恢復「60」HP。,,,,在自己的回合時，物品卡可不限張數使用。,,,,,,67,normal,G,擴充包「冰雪險境」,SV2P,Ayaka Yoshida,,,,B+,15.00,Base:7.0|Meta:0.0|Exp:2.0|Func:4.0|Syn:2.0|Eff:0.0|Dmg:0.0|Mod:1.00,"回復效果, 獎賞控制",無
戰鬥鑼,,14262,https://asia.pokemon-card.com/hk/card-img/hk00014262.png,物品卡,,,,,,,,從自己的牌庫選擇1張【鬥】屬性的【基礎】寶可夢卡或者「基本【鬥】能量」卡，在給對手看過後加入手牌。並且重洗牌庫。,,,,,,,,,,59,normal,I,擴充包「超級勇氣」,M1L,Toyste Beach,,,,B,12.00,Base:7.0|Meta:0.0|Exp:-1.0|Func:6.0|Syn:0.0|Eff:0.0|Dmg:0.0|Mod:1.00,"抽卡效果, 搜索效果",無
激動競技場,,12181,https://asia.pokemon-card.com/hk/card-img/hk00012181.png,競技場卡,,,,,,,,雙方場上所有【基礎】寶可夢的最大HP各「+30」。,,,,,,,,,,105,normal,H,擴充包「超電突圍」,SV8,imoniii,,,,B,12.00,Base:6.0|Meta:0.0|Exp:3.0|Func:1.0|Syn:2.0|Eff:0.0|Dmg:0.0|Mod:1.00,HP提升,無
瓢太,,10088,https://asia.pokemon-card.com/hk/card-img/hk00010088.png,支援者卡,,,,,,,,從自己的牌庫抽出2張卡。從自己的棄牌區選擇1張基本能量卡，在給對手看過後加入手牌。,,,,,,,,,,64,normal,G,擴充包「未來閃光」,SV4M,Ryuta Fuse,,,,A,18.00,Base:8.0|Meta:0.0|Exp:2.0|Func:8.0|Syn:0.0|Eff:0.0|Dmg:0.0|Mod:1.00,"抽卡效果, 搜索效果",無
赫普的講究頭帶,,13086,https://asia.pokemon-card.com/hk/card-img/hk00013086.png,寶可夢道具,,,,,,,,附有這張卡的「赫普的寶可夢」，使用招式所需的能量減少1個【無】能量，那隻寶可夢使用的招式，對對手的戰鬥寶可夢造成的傷害「+30」點。,,,,,,,,,,92,normal,I,擴充包「對戰搭檔」,SV9,Toyste Beach,,,,B,13.00,Base:6.0|Meta:0.0|Exp:3.0|Func:4.0|Syn:0.0|Eff:0.0|Dmg:0.0|Mod:1.00,"HP提升, 傷害效果, 能量需求增加",無
莉莉艾的珍珠,,13087,https://asia.pokemon-card.com/hk/card-img/hk00013087.png,寶可夢道具,,,,,,,,附有這張卡的「莉莉艾的寶可夢」受到對手的寶可夢招式的傷害而【昏厥】時，被獲得的獎賞卡減少1張。,,,,,,,,,,93,normal,I,擴充包「對戰搭檔」,SV9,AYUMI ODASHIMA,,,,B,11.00,Base:6.0|Meta:0.0|Exp:3.0|Func:2.0|Syn:0.0|Eff:0.0|Dmg:0.0|Mod:1.00,獎賞控制,無
親送無人機,,8799,https://asia.pokemon-card.com/hk/card-img/hk00008799.png,物品卡,,,,,,,,擲2次硬幣，若全部為正面，則從自己的牌庫任意選擇1張卡加入手牌。並且重洗牌庫。,,,,在自己的回合時，物品卡可不限張數使用。,,,,,,66,normal,G,擴充包「碟旋暴擊」,SV2D,inose yukie,,,,B+,15.00,Base:7.0|Meta:0.0|Exp:2.0|Func:2.0|Syn:4.0|Eff:0.0|Dmg:0.0|Mod:1.00,"抽卡效果, 搜索效果, 硬幣判定",無
險惡廢墟,,14266,https://asia.pokemon-card.com/hk/card-img/hk00014266.png,競技場卡,,,,,,,,雙方玩家每次在自己的回合將【基礎】寶可夢（【惡】寶可夢除外）放置於備戰區時，在那隻寶可夢身上放置2個傷害指示物。,,,,,,,,,,63,normal,I,擴充包「超級勇氣」,M1L,imoniii,,,,D,6.00,Base:6.0|Meta:0.0|Exp:-1.0|Func:1.0|Syn:0.0|Eff:0.0|Dmg:0.0|Mod:1.00,傷害指示物,放置效果
龍之秘藥,,11983,https://asia.pokemon-card.com/hk/card-img/hk00011983.png,物品卡,,,,,,,,將自己的戰鬥場的【龍】寶可夢恢復「60」HP。,,,,,,,,,,57,normal,H,強化擴充包「樂園騰龍」,SV7a,AYUMI ODASHIMA,,,,B,12.00,Base:7.0|Meta:0.0|Exp:3.0|Func:2.0|Syn:0.0|Eff:0.0|Dmg:0.0|Mod:1.00,回復效果,無
幫忙鈴,,11979,https://asia.pokemon-card.com/hk/card-img/hk00011979.png,物品卡,,,,,,,,這張卡只可在後攻玩家的最初回合使用。<br/> <br/>從自己的牌庫選擇1張支援者卡，在給對手看過後加入手牌。並且重洗牌庫。,,,,,,,,,,53,normal,H,強化擴充包「樂園騰龍」,SV7a,Ayaka Yoshida,,,,B+,14.00,Base:7.0|Meta:0.0|Exp:3.0|Func:4.0|Syn:0.0|Eff:0.0|Dmg:0.0|Mod:1.00,"抽卡效果, 搜索效果",無
蕾荷,,10109,https://asia.pokemon-card.com/hk/card-img/hk00010109.png,支援者卡,,,,,,,,查看自己的牌庫上方5張卡，從其中選擇任意數量的卡，將其丟棄。將剩餘卡以任意順序排列，放回牌庫上方。,,,,在自己的回合時，支援者卡只可使用1張。,,,,,,65,promo,G,特典卡 朱&紫,SV,hncl,,,,B,11.00,Base:8.0|Meta:0.0|Exp:2.0|Func:1.0|Syn:0.0|Eff:0.0|Dmg:0.0|Mod:1.00,搜索效果,無
扣殺能量,,13094,https://asia.pokemon-card.com/hk/card-img/hk00013094.png,特殊能量卡,,,,,,,,只要這張卡附於寶可夢身上，視為提供1個【無】能量。<br/><br/>附有這張卡的寶可夢在戰鬥場受到對手的寶可夢招式的傷害時，在使用招式的寶可夢身上放置2個傷害指示物。,,,,,,,,,,100,normal,I,擴充包「對戰搭檔」,SV9,,,,,B,12.00,Base:5.0|Meta:0.0|Exp:3.0|Func:4.0|Syn:0.0|Eff:0.0|Dmg:0.0|Mod:1.00,"傷害指示物, 特殊能量",無
<阿響的>凱羅斯,基礎,13202,https://asia.pokemon-card.com/hk/card-img/hk00013202.png,寶可夢,120,Grass,,,夾住,Grass,20,,一力反攻,"Colorless,Colorless,Colorless",70+,在上個對手的回合，若自己的「阿響的寶可夢」因招式的傷害而【昏厥】了，則增加100點傷害。,,Fire,,,2,1,normal,I,強化擴充包「熱風競技場」,SV9a,GIDORA,會用角緊緊夾住獵物，<br/>就這樣把對方剪成兩半<br/>或是把牠硬扔到天邊去。,<阿響的>凱羅斯,,B+,16.00,Base:5.0|Meta:0.0|Exp:3.0|Func:2.0|Syn:2.0|Eff:0.0|Dmg:4.0|Mod:1.00,"昏厥條件, 條件傷害",無
遠古巨蜓ex,1階進化,13204,https://asia.pokemon-card.com/hk/card-img/hk00013204.png,寶可夢,280,Grass,振翅高飛,在自己的回合，從備戰區將這隻寶可夢放置於戰鬥場時，可使用1次。從自己的牌庫選擇最多3張「基本【草】能量」卡，附於這隻寶可夢身上。並且重洗牌庫。,噴射旋風,"Grass,Grass,Grass,Colorless",210,選擇3個這隻寶可夢身上附加的能量，改附於1隻備戰寶可夢身上。,,,,,,Lightning,,Fighting,1,3,normal,I,強化擴充包「熱風競技場」,SV9a,takuyoa,,蜻蜻蜓 → 遠古巨蜓 → 遠古巨蜓ex,ex,A+,21.00,Base:5.0|Meta:0.0|Exp:3.0|Func:7.0|Syn:0.0|Eff:0.0|Dmg:6.0|Mod:1.00,"搜索效果, 能量操作",放置效果
<竹蘭的>毒薔薇,基礎,13205,https://asia.pokemon-card.com/hk/card-img/hk00013205.png,寶可夢,70,Grass,,,針刺,Colorless,20,,,,,,,Fire,,,1,4,normal,I,強化擴充包「熱風競技場」,SV9a,nisimono,會用右手和左手分別施放<br/>２種不同的毒來進行攻擊。<br/>香氣越濃越有活力。,<竹蘭的>毒薔薇,,C,8.00,Base:5.0|Meta:0.0|Exp:3.0|Func:0.0|Syn:0.0|Eff:0.0|Dmg:0.0|Mod:1.00,無,無
<竹蘭的>羅絲雷朵,1階進化,13206,https://asia.pokemon-card.com/hk/card-img/hk00013206.png,寶可夢,130,Grass,輝煌聲援,只要這隻寶可夢在場上，自己的「竹蘭的寶可夢」使用的招式，對對手的戰鬥寶可夢造成的傷害「+30」點。,綠葉舞步,"Grass,Colorless,Colorless",80,,,,,,,Fire,,,1,5,normal,I,強化擴充包「熱風競技場」,SV9a,En Morikura,右手的毒是速效的，<br/>左手的毒則是慢性的。<br/>無論哪邊的毒性都能致命。,<竹蘭的>羅絲雷朵,,B,12.00,Base:5.0|Meta:0.0|Exp:3.0|Func:2.0|Syn:0.0|Eff:0.0|Dmg:2.0|Mod:1.00,"HP提升, 傷害效果",無
蜜集大蛇,2階進化,13212,https://asia.pokemon-card.com/hk/card-img/hk00013212.png,寶可夢,170,Grass,,,大蛇吐息,Grass,,從自己的手牌將6張「基本【草】能量」卡丟棄，將對手的戰鬥寶可夢【昏厥】。若無法丟棄6張，則這個招式失敗。,鞭打粉碎,"Grass,Colorless,Colorless",140,,,Fire,,,3,11,normal,I,強化擴充包「熱風競技場」,SV9a,Anesaki Dynamic,７隻蛇蟲蟲住在<br/>蜜糖製成的蘋果裡。<br/>由正中央的蛇蟲蟲發號施令。,啃果蟲 → 蘋裹龍 → 豐蜜龍 → 裹蜜蟲 → 蜜集大蛇 → 蜜集大蛇ex,,A,18.00,Base:5.0|Meta:0.0|Exp:3.0|Func:4.0|Syn:2.0|Eff:0.0|Dmg:4.0|Mod:1.00,"昏厥條件, 條件失敗",丟棄效果
<阿響的>火球鼠,基礎,13216,https://asia.pokemon-card.com/hk/card-img/hk00013216.png,寶可夢,70,Fire,,,火花,Fire,30,選擇1個這隻寶可夢身上附加的能量，將其丟棄。,,,,,,Water,,,1,15,normal,I,強化擴充包「熱風競技場」,SV9a,Susumu Maeya,總是蜷起背把身體縮成一團。<br/>生氣或受到驚嚇的時候，<br/>背上就會噴出火焰。,<阿響的>火球鼠,,B+,15.00,Base:5.0|Meta:0.0|Exp:3.0|Func:3.0|Syn:3.0|Eff:0.0|Dmg:1.0|Mod:1.00,能量操作,無
<阿響的>火岩鼠,1階進化,13217,https://asia.pokemon-card.com/hk/card-img/hk00013217.png,寶可夢,100,Fire,旅途牽絆,在自己的回合時可使用1次。從自己的牌庫選擇1張「阿響的冒險」，在給對手看過後加入手牌。並且重洗牌庫。,烈焰,Fire,40,,,,,,,Water,,,1,16,normal,I,強化擴充包「熱風競技場」,SV9a,Souichirou Gunjima,戰鬥前會轉身背向對手，<br/>向對手展示自己的火焰<br/>有多麼厲害。,<阿響的>火岩鼠,,B,13.00,Base:5.0|Meta:0.0|Exp:3.0|Func:4.0|Syn:0.0|Eff:0.0|Dmg:1.0|Mod:1.00,"抽卡效果, 搜索效果",無
<阿響的>火爆獸,2階進化,13218,https://asia.pokemon-card.com/hk/card-img/hk00013218.png,寶可夢,170,Fire,,,拍檔爆破,Fire,40+,增加自己的棄牌區的「阿響的冒險」的張數×60點傷害。,爆熱炮,"Fire,Fire,Colorless",160,,,Water,,,2,17,normal,I,強化擴充包「熱風競技場」,SV9a,danciao,會摩擦熊熊燃燒著的體毛，<br/>掀起爆炸氣浪進行攻擊。<br/>擁有深藏不露的大絕招。,<阿響的>火爆獸,,B,13.00,Base:5.0|Meta:0.0|Exp:3.0|Func:0.0|Syn:0.0|Eff:0.0|Dmg:5.0|Mod:1.00,棄牌區傷害加成,無
<阿響的>熔岩蟲,基礎,13219,https://asia.pokemon-card.com/hk/card-img/hk00013219.png,寶可夢,80,Fire,,,吐火,Fire,20,,,,,,,Water,,,2,18,normal,I,強化擴充包「熱風競技場」,SV9a,Sanosuke Sakuma,由熔岩構成的身體有時會因<br/>冷卻而碎缺，但只要浸泡在<br/>岩漿中就會恢復了。,<阿響的>熔岩蟲,,C,8.00,Base:5.0|Meta:0.0|Exp:3.0|Func:0.0|Syn:0.0|Eff:0.0|Dmg:0.0|Mod:1.00,無,無
<阿響的>熔岩蝸牛,1階進化,13220,https://asia.pokemon-card.com/hk/card-img/hk00013220.png,寶可夢,130,Fire,溶化流動,若這隻寶可夢身上沒有附加能量卡，則這隻寶可夢【撤退】所需的能量全部消除。,熔岩爆炸,"Fire,Fire,Fire",70×,將最多5張這隻寶可夢身上附加的【火】能量卡丟棄，造成其張數×70點傷害。,,,,,,Water,,,3,19,normal,I,強化擴充包「熱風競技場」,SV9a,kodama,生活在火山口附近。<br/>在熔岩冷卻後凝固而成的<br/>殼裡面儲存火之能量。,<阿響的>熔岩蝸牛,,A,19.00,Base:5.0|Meta:0.0|Exp:3.0|Func:3.0|Syn:0.0|Eff:0.0|Dmg:8.0|Mod:1.00,"傷害效果, 撤退干擾, 棄牌區傷害加成, 能量操作",撤退效果
<阿響的>鳳王ex,基礎,13221,https://asia.pokemon-card.com/hk/card-img/hk00013221.png,寶可夢,230,Fire,金色火焰,在自己的回合時可使用1次。從自己的手牌選擇最多2張「基本【火】能量」卡，附於備戰區的1隻「阿響的寶可夢」身上。,閃耀羽毛,"Fire,Fire,Fire,Fire",160,將自己的所有寶可夢各恢復「50」HP。,,,,,,Water,,,2,20,normal,I,強化擴充包「熱風競技場」,SV9a,aky CG Works,,<阿響的>鳳王ex,ex,A,18.00,Base:5.0|Meta:0.0|Exp:3.0|Func:5.0|Syn:0.0|Eff:0.0|Dmg:5.0|Mod:1.00,"回復效果, 能量附著",無
厄鬼椪 火灶面具,基礎,13222,https://asia.pokemon-card.com/hk/card-img/hk00013222.png,寶可夢,110,Fire,,,火之神樂,Colorless,,從自己的牌庫選擇1張「基本【火】能量」卡，附於自己的寶可夢身上。並且重洗牌庫。,灼燒,"Fire,Fire,Colorless",80,將對手的戰鬥寶可夢【灼傷】。,,Water,,,1,21,normal,I,強化擴充包「熱風競技場」,SV9a,HYOGONOSUKE,這是牠最具攻擊性的樣子。<br/>會如熊熊燃燒的爐火一般，<br/>氣勢猛烈地攻擊敵人。,厄鬼椪 火灶面具,,B+,15.00,Base:5.0|Meta:0.0|Exp:3.0|Func:5.0|Syn:0.0|Eff:0.0|Dmg:2.0|Mod:1.00,"搜索效果, 簡單灼傷",無
<小霞的>可達鴨,基礎,13223,https://asia.pokemon-card.com/hk/card-img/hk00013223.png,寶可夢,70,Water,重步跳躍,若這隻寶可夢在備戰區，則在自己的回合時可使用1次。將自己的牌庫下方1張卡丟棄。然後，將這隻寶可夢身上附加的卡全部丟棄，將這隻寶可夢放回牌庫上方。,潑灑清水,Water,30,,,,,,,Lightning,,,1,22,normal,I,強化擴充包「熱風競技場」,SV9a,Yuu Nishida,一直受到頭痛的困擾。<br/>當頭痛欲裂時，<br/>就會開始使用神奇的力量。,<小霞的>可達鴨,,B,11.00,Base:5.0|Meta:0.0|Exp:3.0|Func:2.0|Syn:0.0|Eff:0.0|Dmg:1.0|Mod:1.00,無,無
<小霞的>海星星,基礎,13224,https://asia.pokemon-card.com/hk/card-img/hk00013224.png,寶可夢,70,Water,,,泡沫光線,Water,20,擲1次硬幣若為正面，則將對手的戰鬥寶可夢【麻痺】。,,,,,,Lightning,,,1,23,normal,I,強化擴充包「熱風競技場」,SV9a,Shinya Komatsu,會被魚寶可夢啄食，但是<br/>即使身體被咬斷也能很快就<br/>再生，所以一點都不在意。,<小霞的>海星星,,B,12.00,Base:5.0|Meta:0.0|Exp:3.0|Func:2.0|Syn:2.0|Eff:0.0|Dmg:0.0|Mod:1.00,"狀態異常, 硬幣判定",無
<小霞的>寶石海星,1階進化,13225,https://asia.pokemon-card.com/hk/card-img/hk00013225.png,寶可夢,100,Water,,,乍然閃光,Water,60+,在這個回合，若這隻寶可夢從「小霞的海星星」進化，則增加80點傷害。,,,,,,Lightning,,,1,24,normal,I,強化擴充包「熱風競技場」,SV9a,Natsumi Yoshida,會高速旋轉著身體在<br/>海裡游泳，並且同時<br/>吸食微小的浮游生物。,<小霞的>寶石海星,,B+,16.00,Base:5.0|Meta:0.0|Exp:3.0|Func:3.0|Syn:2.0|Eff:0.0|Dmg:3.0|Mod:1.00,"條件傷害, 進化支援",無
<小霞的>鯉魚王,基礎,13226,https://asia.pokemon-card.com/hk/card-img/hk00013226.png,寶可夢,30,Water,深度下潛,只要這隻寶可夢在備戰區，不會受到對手的寶可夢招式的傷害與效果的影響。,躍起,Water,10,,,,,,,Lightning,,,1,25,normal,I,強化擴充包「熱風競技場」,SV9a,Shimaris Yukichi,沒力量的可憐寶可夢。<br/>偶爾跳得比較高時，<br/>也只是勉強高過2公尺而已。,<小霞的>鯉魚王,,B,11.00,Base:5.0|Meta:0.0|Exp:3.0|Func:3.0|Syn:0.0|Eff:0.0|Dmg:0.0|Mod:1.00,"傷害防禦, 效果免疫",無
<小霞的>暴鯉龍,1階進化,13227,https://asia.pokemon-card.com/hk/card-img/hk00013227.png,寶可夢,180,Water,,,嘩啦嘩啦恐慌,Water,70×,將自己的牌庫上方7張卡丟棄，造成其中「小霞的寶可夢」的張數×70點傷害。,攀瀑,"Water,Water,Colorless",120,,,Lightning,,,4,26,normal,I,強化擴充包「熱風競技場」,SV9a,GOSSAN,據說暴鯉龍一旦現身，<br/>如果不把周圍的一切都<br/>燃燒殆盡，怒火就不會平息。,<小霞的>暴鯉龍,,B,12.00,Base:5.0|Meta:0.0|Exp:3.0|Func:0.0|Syn:0.0|Eff:0.0|Dmg:4.0|Mod:1.00,"傷害效果, 棄牌區傷害加成",無
<小霞的>拉普拉斯,基礎,13228,https://asia.pokemon-card.com/hk/card-img/hk00013228.png,寶可夢,110,Water,,,一起游水,Water,,從自己的牌庫選擇最多3張「小霞的寶可夢」，在給對手看過後加入手牌。並且重洗牌庫。,衝浪,"Water,Colorless",60,,,Lightning,,,1,27,normal,I,強化擴充包「熱風競技場」,SV9a,En Morikura,會把人類載在背上渡過大海。<br/>據說在牠心情好的時候，<br/>還會用美妙的叫聲來唱歌。,<小霞的>拉普拉斯,,B+,14.00,Base:5.0|Meta:0.0|Exp:3.0|Func:4.0|Syn:0.0|Eff:0.0|Dmg:2.0|Mod:1.00,"抽卡效果, 搜索效果",無
<竹蘭的>醜醜魚,基礎,13229,https://asia.pokemon-card.com/hk/card-img/hk00013229.png,寶可夢,30,Water,,,搖搖游水,Colorless,10,擲1次硬幣若為正面，則在下個對手的回合，這隻寶可夢不會受到招式的傷害與效果的影響。,,,,,,Lightning,,,1,28,normal,I,強化擴充包「熱風競技場」,SV9a,kamonabe,即使在髒水裡也毫不介意的<br/>堅強寶可夢。但那一副破破爛爛的<br/>寒酸樣子並不受到歡迎。,<竹蘭的>醜醜魚,,B,12.00,Base:5.0|Meta:0.0|Exp:3.0|Func:2.0|Syn:2.0|Eff:0.0|Dmg:0.0|Mod:1.00,"傷害防禦, 效果免疫, 硬幣判定",無
<竹蘭的>美納斯,1階進化,13230,https://asia.pokemon-card.com/hk/card-img/hk00013230.png,寶可夢,130,Water,,,水分岔,"Water,Colorless",60,對手的2隻備戰寶可夢也各受到30點傷害。[在備戰區不計算弱點・抵抗力。],,,,,,Lightning,,,2,29,normal,I,強化擴充包「熱風競技場」,SV9a,You Iribi,被稱為是虹色的美麗鱗片<br/>若是改變觀看的方向，<br/>就會變化成各種顏色。,<竹蘭的>美納斯,,B,13.00,Base:5.0|Meta:0.0|Exp:3.0|Func:3.0|Syn:0.0|Eff:0.0|Dmg:2.0|Mod:1.00,連鎖傷害,無
吃吼霸ex,基礎,13233,https://asia.pokemon-card.com/hk/card-img/hk00013233.png,寶可夢,260,Water,,,駭浪反攻,"Water,Colorless",30+,增加這隻寶可夢身上放置的傷害指示物的數量×10點傷害。,極限俯衝,"Water,Water,Colorless,Colorless",120+,若希望，增加120點傷害。這個情況下，這隻寶可夢也受到50點傷害。,,Lightning,,,4,32,normal,I,強化擴充包「熱風競技場」,SV9a,N-DESIGN Inc.,,吃吼霸ex,ex,B+,15.00,Base:5.0|Meta:0.0|Exp:3.0|Func:0.0|Syn:2.0|Eff:0.0|Dmg:5.0|Mod:1.00,"備戰傷害加成, 傷害指示物, 反噬傷害, 條件傷害",無
厄鬼椪 水井面具,基礎,13234,https://asia.pokemon-card.com/hk/card-img/hk00013234.png,寶可夢,110,Water,,,水之神樂,Colorless,,從自己的牌庫選擇1張「基本【水】能量」卡，附於自己的寶可夢身上。並且重洗牌庫。,泡沫吸取,"Water,Water,Colorless",100,將這隻寶可夢恢復「30」HP。,,Lightning,,,1,33,normal,I,強化擴充包「熱風競技場」,SV9a,rika,這是牠攻守兼備的樣子。<br/>會如源源不絕的湧水一般，<br/>絲毫不間斷地使出招式。,厄鬼椪 水井面具,,B+,16.00,Base:5.0|Meta:0.0|Exp:3.0|Func:5.0|Syn:0.0|Eff:0.0|Dmg:3.0|Mod:1.00,"回復效果, 搜索效果",無
電擊魔獸ex,1階進化,13236,https://asia.pokemon-card.com/hk/card-img/hk00013236.png,寶可夢,280,Lightning,,,二重伏特,"Lightning,Colorless",,對手的2隻寶可夢各受到50點傷害。[在備戰區不計算弱點・抵抗力。],高電壓壓制,"Lightning,Lightning,Colorless",180+,若身上附有的能量比使用這個招式所需的能量多2個，則增加100點傷害。,,Fighting,,,4,35,normal,I,強化擴充包「熱風競技場」,SV9a,PLANETA Mochizuki,,電擊獸 → 電擊魔獸 → 電擊魔獸ex,ex,A+,21.00,Base:5.0|Meta:0.0|Exp:3.0|Func:5.0|Syn:2.0|Eff:0.0|Dmg:6.0|Mod:1.00,"條件傷害, 連鎖傷害",無
<阿響的>皮丘,基礎,13237,https://asia.pokemon-card.com/hk/card-img/hk00013237.png,寶可夢,30,Lightning,,,麻麻抽出,,30,從自己的牌庫抽出1張卡。,,,,,,Fighting,,,0,36,normal,I,強化擴充包「熱風競技場」,SV9a,Narumi Sato,很不擅長蓄電。<br/>只要受到什麼驚嚇，<br/>就會馬上開始放電。,<阿響的>皮丘,,B,12.00,Base:5.0|Meta:0.0|Exp:3.0|Func:3.0|Syn:0.0|Eff:0.0|Dmg:1.0|Mod:1.00,"抽卡效果, 搜索效果",無
雷電獸,1階進化,13239,https://asia.pokemon-card.com/hk/card-img/hk00013239.png,寶可夢,120,Lightning,,,電氣踢,Colorless,30,,閃光衝擊,"Lightning,Colorless",120,自己的1隻備戰寶可夢也受到40點傷害。[在備戰區不計算弱點・抵抗力。],,Fighting,,,1,38,normal,I,強化擴充包「熱風競技場」,SV9a,Izucch,極少在人們面前現身，<br/>據說牠的住所就在<br/>雷電落下的地方。,落雷獸 → 雷電獸,,B,13.00,Base:5.0|Meta:0.0|Exp:3.0|Func:1.0|Syn:0.0|Eff:0.0|Dmg:4.0|Mod:1.00,連鎖傷害,無
<阿響的>樹才怪,基礎,13242,https://asia.pokemon-card.com/hk/card-img/hk00013242.png,寶可夢,110,Fighting,,,圍困,Fighting,20,在下個對手的回合，受到這個招式的寶可夢無法撤退。,試著模仿,"Colorless,Colorless",,擲1次硬幣若為正面，則選擇1個對手的戰鬥寶可夢持有的招式，作為這個招式使用。,,Grass,,,1,41,normal,I,強化擴充包「熱風競技場」,SV9a,OKACHEKE,總是偽裝成樹的樣子。<br/>身體構造比起植物來，<br/>好像更接近石頭或岩石之類的東西。,<阿響的>樹才怪,,B,12.00,Base:5.0|Meta:0.0|Exp:3.0|Func:2.0|Syn:2.0|Eff:0.0|Dmg:0.0|Mod:1.00,"招式複製, 招式複製對手, 撤退封鎖, 硬幣判定",撤退效果
<竹蘭的>圓陸鯊,基礎,13243,https://asia.pokemon-card.com/hk/card-img/hk00013243.png,寶可夢,70,Fighting,,,岩石投擲,Fighting,20,這個招式的傷害不計算抵抗力。,,,,,,Grass,,,1,42,normal,I,強化擴充包「熱風競技場」,SV9a,Tomomi Ozaki,潛伏在地洞內，如果有獵物<br/>或敵人經過，就會撲出來咬住。<br/>有時會用力過猛而咬壞牙齒。,<竹蘭的>圓陸鯊,,C,8.00,Base:5.0|Meta:0.0|Exp:3.0|Func:0.0|Syn:0.0|Eff:0.0|Dmg:0.0|Mod:1.00,無視弱點/效果,無
<竹蘭的>尖牙陸鯊,1階進化,13244,https://asia.pokemon-card.com/hk/card-img/hk00013244.png,寶可夢,100,Fighting,王者呼聲,在自己的回合時可使用1次。從自己的牌庫選擇1張「竹蘭的寶可夢」，在給對手看過後加入手牌。並且重洗牌庫。,龍切,Fighting,40,,,,,,,Grass,,,1,43,normal,I,強化擴充包「熱風競技場」,SV9a,Taira Akitsu,偶爾脫皮，鱗片會脫落。<br/>含有其成分的藥可以<br/>讓疲勞的身體活力四射。,<竹蘭的>尖牙陸鯊,,B,13.00,Base:5.0|Meta:0.0|Exp:3.0|Func:4.0|Syn:0.0|Eff:0.0|Dmg:1.0|Mod:1.00,"抽卡效果, 搜索效果",無
<竹蘭的>烈咬陸鯊ex,2階進化,13245,https://asia.pokemon-card.com/hk/card-img/hk00013245.png,寶可夢,330,Fighting,,,螺旋俯衝,Fighting,100,若希望，從牌庫抽卡直到自己的手牌滿6張為止。,龍之爆發,"Fighting,Fighting",260,將這隻寶可夢身上附加的能量卡全部丟棄。,,Grass,,,0,44,normal,I,強化擴充包「熱風競技場」,SV9a,5ban Graphics,,<竹蘭的>烈咬陸鯊ex,ex,S,24.00,Base:5.0|Meta:0.0|Exp:3.0|Func:6.0|Syn:4.0|Eff:0.0|Dmg:6.0|Mod:1.00,"抽卡效果, 能量操作",無
<派帕的>原野水母,基礎,13248,https://asia.pokemon-card.com/hk/card-img/hk00013248.png,寶可夢,70,Fighting,,,撞一下,Colorless,30,這隻寶可夢也受到10點傷害。,,,,,,Grass,,,1,47,normal,I,強化擴充包「熱風競技場」,SV9a,Fujimoto Gold,棲息在潮濕的森林裡。<br/>從身體上剝落的薄片<br/>富有嚼勁，極為美味。,<派帕的>原野水母,,C+,9.00,Base:5.0|Meta:0.0|Exp:3.0|Func:0.0|Syn:0.0|Eff:0.0|Dmg:1.0|Mod:1.00,反噬傷害,無
<派帕的>陸地水母,1階進化,13249,https://asia.pokemon-card.com/hk/card-img/hk00013249.png,寶可夢,140,Fighting,,,拉扯,Colorless,,選擇1隻對手的備戰寶可夢，與戰鬥寶可夢互換。,突擊,"Colorless,Colorless,Colorless",120,這隻寶可夢也受到30點傷害。,,Grass,,,2,48,normal,I,強化擴充包「熱風競技場」,SV9a,Yuya Oka,會在森林深處建造<br/>集體生活用的聚落。<br/>極為厭惡有外來者靠近。,<派帕的>陸地水母,,A,17.00,Base:5.0|Meta:0.0|Exp:3.0|Func:5.0|Syn:0.0|Eff:0.0|Dmg:4.0|Mod:1.00,"切換效果, 反噬傷害",無
厄鬼椪 礎石面具,基礎,13250,https://asia.pokemon-card.com/hk/card-img/hk00013250.png,寶可夢,110,Fighting,,,石之神樂,Colorless,,從自己的牌庫選擇1張「基本【鬥】能量」卡，附於自己的寶可夢身上。並且重洗牌庫。,推山,"Fighting,Fighting,Colorless",100,將對手的牌庫上方1張卡丟棄。,,Grass,,,1,49,normal,I,強化擴充包「熱風競技場」,SV9a,Kazumasa Yasukuni,這是牠優於防禦的樣子。<br/>會如穩穩支撐房屋的地基一般，<br/>泰然自若地抵擋衝擊。,厄鬼椪 礎石面具,,B+,16.00,Base:5.0|Meta:0.0|Exp:3.0|Func:5.0|Syn:0.0|Eff:0.0|Dmg:3.0|Mod:1.00,搜索效果,丟棄效果
<竹蘭的>花岩怪,基礎,13251,https://asia.pokemon-card.com/hk/card-img/hk00013251.png,寶可夢,70,Darkness,,,激怒咒詛,Colorless,10×,造成自己的備戰區的所有「竹蘭的寶可夢」身上放置的傷害指示物的數量×10點傷害。這個招式的傷害不計算弱點。,,,,,,Grass,,,1,50,normal,I,強化擴充包「熱風競技場」,SV9a,satoma,總是作惡多端，<br/>不料有一天本體被<br/>神奇法術綁縛到了楔石上。,<竹蘭的>花岩怪,,C+,9.00,Base:5.0|Meta:0.0|Exp:3.0|Func:1.0|Syn:0.0|Eff:0.0|Dmg:0.0|Mod:1.00,"備戰傷害加成, 傷害指示物, 傷害效果, 無視弱點/效果",放置效果
<派帕的>偶叫獒,基礎,13252,https://asia.pokemon-card.com/hk/card-img/hk00013252.png,寶可夢,70,Darkness,,,踩,Colorless,10,,正面對決,"Colorless,Colorless,Colorless",50,,,Grass,,,2,51,normal,I,強化擴充包「熱風競技場」,SV9a,Mina Nakai,為了不被對手看扁而總是<br/>皺著的那張臉，卻反而會<br/>讓哭泣的孩子破涕為笑。,<派帕的>偶叫獒,,C+,9.00,Base:5.0|Meta:0.0|Exp:3.0|Func:0.0|Syn:0.0|Eff:0.0|Dmg:1.0|Mod:1.00,無,無
<派帕的>獒教父ex,1階進化,13253,https://asia.pokemon-card.com/hk/card-img/hk00013253.png,寶可夢,270,Darkness,,,幹勁衝撞,Colorless,30+,若這隻寶可夢身上沒有放置傷害指示物，則增加120點傷害。,大佬頭擊,"Colorless,Colorless,Colorless",210,在下個自己的回合，這隻寶可夢無法使用「大佬頭擊」。,,Grass,,,3,52,normal,I,強化擴充包「熱風競技場」,SV9a,akagi,,<派帕的>獒教父ex,ex,B+,16.00,Base:5.0|Meta:0.0|Exp:3.0|Func:0.0|Syn:2.0|Eff:0.0|Dmg:6.0|Mod:1.00,"傷害指示物, 招式鎖定, 條件傷害",無
<派帕的>貪心栗鼠,基礎,13255,https://asia.pokemon-card.com/hk/card-img/hk00013255.png,寶可夢,60,Colorless,,,咬取,Colorless,10,在造成傷害前，將對手的戰鬥寶可夢身上附加的「寶可夢道具」卡丟棄。,,,,,,Fighting,,,1,54,normal,I,強化擴充包「熱風競技場」,SV9a,Oswaldo KATO,會把樹果囤積在雙頰裡。<br/>沒有樹果而感到嘴裡空虛時，<br/>會含著小石子來忍過去。,<派帕的>貪心栗鼠,,B,11.00,Base:5.0|Meta:0.0|Exp:3.0|Func:3.0|Syn:0.0|Eff:0.0|Dmg:0.0|Mod:1.00,傷害效果,丟棄效果
<派帕的>藏飽栗鼠,1階進化,13256,https://asia.pokemon-card.com/hk/card-img/hk00013256.png,寶可夢,120,Colorless,貪慾點餐,在自己的回合，從手牌使出這張卡並完成進化時，可使用1次。從自己的棄牌區選擇最多2張「派帕的三明治」，在給對手看過後加入手牌。,滾動衝撞,"Colorless,Colorless",50,,,,,,,Fighting,,,2,55,normal,I,強化擴充包「熱風競技場」,SV9a,Akira Komayama,只要發現長有樹果的樹，<br/>即使是在對戰當中，<br/>也會一溜煙地前去採集。,<派帕的>藏飽栗鼠,,A,19.00,Base:5.0|Meta:0.0|Exp:3.0|Func:10.0|Syn:0.0|Eff:0.0|Dmg:1.0|Mod:1.00,搜索效果,進化效果
賽吉,,10936,https://asia.pokemon-card.com/hk/card-img/hk00010936.png,支援者卡,,,,,,,,從自己的牌庫選擇1張自己的1隻場上寶可夢進化而來的卡（擁有特性的寶可夢除外），放置於那隻寶可夢身上完成進化。並且重洗牌庫。（對對戰準備時使出的寶可夢或這個回合剛使出的寶可夢也可使用。）,,,,,,,,,,68,normal,H,擴充包「異度審判」,SV5M,Ryuta Fuse,,,,A+,20.00,Base:8.0|Meta:0.0|Exp:2.0|Func:8.0|Syn:2.0|Eff:0.0|Dmg:0.0|Mod:1.00,"搜索效果, 進化支援","放置效果, 特性效果"
聶凱,,10289,https://asia.pokemon-card.com/hk/card-img/hk00010289.png,支援者卡,,,,,,,,查看對手的手牌，從自己的牌庫抽出與其中支援者卡的張數×2張相同數量的卡。,,,,,,,,,,175,normal,G,高級擴充包「閃色寶藏ex」,SV4a,GOSSAN,,,,B+,16.00,Base:8.0|Meta:0.0|Exp:2.0|Func:6.0|Syn:0.0|Eff:0.0|Dmg:0.0|Mod:1.00,"抽卡效果, 搜索效果",無
竹蘭的力量負重,,13261,https://asia.pokemon-card.com/hk/card-img/hk00013261.png,寶可夢道具,,,,,,,,附有這張卡的「竹蘭的寶可夢」的最大HP「+70」。,,,,,,,,,,60,normal,I,強化擴充包「熱風競技場」,SV9a,Studio Bora Inc.,,,,C+,10.00,Base:6.0|Meta:0.0|Exp:3.0|Func:1.0|Syn:0.0|Eff:0.0|Dmg:0.0|Mod:1.00,HP提升,無
薩瓦羅,,8801,https://asia.pokemon-card.com/hk/card-img/hk00008801.png,支援者卡,,,,,,,,選擇最多2隻自己的寶可夢，各恢復「50」HP。,,,,在自己的回合時，支援者卡只可使用1張。,,,,,,68,normal,G,擴充包「碟旋暴擊」,SV2D,nagimiso,,,,B,12.00,Base:8.0|Meta:0.0|Exp:2.0|Func:2.0|Syn:0.0|Eff:0.0|Dmg:0.0|Mod:1.00,回復效果,無
寶可生機劑A,,11506,https://asia.pokemon-card.com/hk/card-img/hk00011506.png,物品卡,,,,,,,,將自己的1隻寶可夢恢復「150」HP。<br/><br/><br/><br/>這張卡只要在棄牌區，無法加入手牌，無法放回牌庫。,,,,,,,,,,55,normal,H,強化擴充包「黑夜漫遊者」,SV6a,Toyste Beach,,,,B,13.00,Base:7.0|Meta:0.0|Exp:3.0|Func:3.0|Syn:0.0|Eff:0.0|Dmg:0.0|Mod:1.00,"回復效果, 抽卡效果",無
咩利羊,基礎,8453,https://asia.pokemon-card.com/hk/card-img/hk00008453.png,寶可夢,60,Lightning,,,劈哩啪啦,Lightning,10,,電球,"Lightning,Colorless,Colorless",40,,,Fighting,,,1,5,normal,G,起始組合ex 呆火鱷&電龍 ex,SVAL,Narumi Sato,體毛會不斷地變長。即使每到夏天就會掉光，<br/>也能在１週內長回原樣。,咩利羊 → 茸茸羊 → 電龍 → 電龍GX → 電龍ex,,C,8.00,Base:5.0|Meta:0.0|Exp:2.0|Func:0.0|Syn:0.0|Eff:0.0|Dmg:1.0|Mod:1.00,無,無
電龍ex,2階進化,8455,https://asia.pokemon-card.com/hk/card-img/hk00008455.png,寶可夢,330,Lightning,,,電球,Lightning,60,,雷電尾,"Lightning,Colorless,Colorless",140+,若希望，將2個這隻寶可夢身上附加的能量丟棄，增加100點傷害。,,Fighting,,,2,7,normal,G,起始組合ex 呆火鱷&電龍 ex,SVAL,PLANETA Tsuji,,咩利羊 → 茸茸羊 → 電龍 → 電龍GX → 電龍ex,ex,A,17.00,Base:5.0|Meta:0.0|Exp:2.0|Func:3.0|Syn:2.0|Eff:0.0|Dmg:5.0|Mod:1.00,"條件傷害, 能量操作",無
寶可裝置3.0,,14102,https://asia.pokemon-card.com/hk/card-img/hk00014102.png,物品卡,,,,,,,,查看自己的牌庫上方7張卡，從其中選擇1張支援者卡，在給對手看過後加入手牌。將剩餘卡放回牌庫並重洗。,,,,,,,,,,81,normal,I,擴充包「漆黑伏特」,SV11B,Toyste Beach,,,,B+,15.00,Base:7.0|Meta:0.0|Exp:3.0|Func:5.0|Syn:0.0|Eff:0.0|Dmg:0.0|Mod:1.00,"抽卡效果, 搜索效果, 牌庫操作",無
路卡利歐ex,1階進化,8480,https://asia.pokemon-card.com/hk/card-img/hk00008480.png,寶可夢,260,Fighting,,,下盤踢,"Fighting,Colorless",60,,波導彈,"Fighting,Fighting,Colorless",160,對手的1隻備戰寶可夢也受到50點傷害。[在備戰區不計算弱點・抵抗力。],,Psychic,,,2,9,normal,G,起始組合ex 新葉喵&路卡利歐 ex,SVAM,5ban Graphics,,利歐路 → 路卡利歐 → 路卡利歐GX → 路卡利歐ex,ex,B+,15.00,Base:5.0|Meta:0.0|Exp:2.0|Func:3.0|Syn:0.0|Eff:0.0|Dmg:5.0|Mod:1.00,連鎖傷害,無
謎擬Ｑex,基礎,8502,https://asia.pokemon-card.com/hk/card-img/hk00008502.png,寶可夢,190,Psychic,,,虛無折返,Psychic,30,若希望，將這隻寶可夢與備戰寶可夢互換。,能量爆炸,"Psychic,Colorless,Colorless",30,造成雙方的戰鬥寶可夢身上附加的能量的數量×30點傷害。,,Metal,,,1,6,normal,G,起始組合ex 潤水鴨&謎擬Ｑ ex,SVAW,PLANETA Yamashita,,謎擬Ｑex,ex,B+,16.00,Base:5.0|Meta:0.0|Exp:2.0|Func:6.0|Syn:2.0|Eff:0.0|Dmg:1.0|Mod:1.00,"備戰傷害加成, 傷害效果, 切換效果, 能量操作",無
謎擬Ｑex,基礎,12662,https://asia.pokemon-card.com/hk/card-img/hk00012662.png,寶可夢,190,Psychic,,,惡作劇之手,"Psychic,Colorless",,在對手的2隻寶可夢身上各放置3個傷害指示物。,幽靈之旅,"Psychic,Psychic,Colorless",120,將對手的戰鬥寶可夢【混亂】。,,Darkness,,Fighting,1,54,normal,H,雙ex初階牌組 Generations,SVM,PLANETA Igarashi,,謎擬Ｑex,ex,B,13.00,Base:5.0|Meta:0.0|Exp:2.0|Func:2.0|Syn:0.0|Eff:0.0|Dmg:4.0|Mod:1.00,"傷害指示物, 狀態異常",無
狙射樹梟ex,2階進化,9230,https://asia.pokemon-card.com/hk/card-img/hk00009230.png,寶可夢,320,Grass,無拘無束,在自己的回合時可使用1次。將在備戰區的這隻寶可夢與戰鬥寶可夢互換。或者將在戰鬥場的這隻寶可夢與備戰寶可夢互換。,狩獵箭,"Grass,Colorless",130,對手的1隻備戰寶可夢也受到30點傷害。[在備戰區不計算弱點・抵抗力。],[ex規則],,,寶可夢【ex】【昏厥】時，對手獲得2張獎賞卡。,,Fire,,,2,8,normal,G,ex初階牌組,SVD,PLANETA Mochizuki,,木木梟 → 投羽梟 → 洗翠 狙射樹梟 → 狙射樹梟GX → 狙射樹梟 → 狙射樹梟ex,ex,B+,16.00,Base:5.0|Meta:0.0|Exp:2.0|Func:5.0|Syn:0.0|Eff:0.0|Dmg:4.0|Mod:1.00,"切換效果, 獎賞控制, 連鎖傷害",無
皮可西ex,1階進化,9270,https://asia.pokemon-card.com/hk/card-img/hk00009270.png,寶可夢,260,Psychic,月表領域,只要這隻寶可夢在場上，自己的所有身上附有【超】能量的寶可夢【撤退】所需的能量全部消除。,月亮奇跡,"Psychic,Psychic,Psychic",170,選擇自己的場上寶可夢身上附加的任意數量的【超】能量，以任意方式改附於自己的寶可夢身上。,[ex規則],,,寶可夢【ex】【昏厥】時，對手獲得2張獎賞卡。,,Metal,,,2,48,normal,G,ex初階牌組,SVD,Satoshi Shirai,,皮皮 → 皮可西 → 皮可西ex,ex,A+,21.00,Base:5.0|Meta:0.0|Exp:2.0|Func:7.0|Syn:2.0|Eff:0.0|Dmg:5.0|Mod:1.00,"撤退干擾, 獎賞控制, 能量操作",撤退效果
黑魯加ex,1階進化,9294,https://asia.pokemon-card.com/hk/card-img/hk00009294.png,寶可夢,270,Darkness,,,邪惡爪,"Darkness,Darkness",90,在下個對手的回合，受到這個招式的【基礎】寶可夢，無法使用招式。,追獵獠牙,"Darkness,Darkness,Darkness",220,這隻寶可夢也受到30點傷害。,,Grass,,,2,72,normal,G,ex初階牌組,SVD,PLANETA Tsuji,,戴魯比 → 黑魯加 → 黑魯加ex,ex,B+,15.00,Base:5.0|Meta:0.0|Exp:2.0|Func:2.0|Syn:0.0|Eff:0.0|Dmg:6.0|Mod:1.00,"反噬傷害, 招式鎖定",無
美錄梅塔ex,1階進化,9307,https://asia.pokemon-card.com/hk/card-img/hk00009307.png,寶可夢,300,Metal,,,金屬吸收,Metal,,從自己的牌庫選擇最多2張「基本【鋼】能量」卡，附於這隻寶可夢身上。並且重洗牌庫。,全金屬關節,"Colorless,Colorless,Colorless,Colorless",90+,增加這隻寶可夢身上附加的【鋼】能量的數量×30點傷害。,,Fire,,Grass,4,85,normal,G,ex初階牌組,SVD,PLANETA Igarashi,,美錄坦 → 美錄梅塔 → 美錄梅塔GX → 美錄梅塔ex,ex,B+,15.00,Base:5.0|Meta:0.0|Exp:2.0|Func:4.0|Syn:0.0|Eff:0.0|Dmg:4.0|Mod:1.00,"備戰傷害加成, 搜索效果, 能量操作",無
美錄梅塔ex,1階進化,12228,https://asia.pokemon-card.com/hk/card-img/hk00012228.png,寶可夢,280,Metal,,,鐵之橫掃,"Metal,Metal,Colorless,Colorless",100×,擲2次硬幣，造成正面出現的次數×100點傷害。,,,,,,Fire,,Grass,3,41,normal,H,Trianers Camp,SVI,takuyoa,,美錄坦 → 美錄梅塔 → 美錄梅塔GX → 美錄梅塔ex,ex,B+,15.00,Base:5.0|Meta:0.0|Exp:2.0|Func:0.0|Syn:0.0|Eff:0.0|Dmg:8.0|Mod:1.00,"傷害效果, 硬幣判定",無
快龍ex,2階進化,9312,https://asia.pokemon-card.com/hk/card-img/hk00009312.png,寶可夢,330,Dragon,,,翅膀攻擊,Colorless,70,,流星破壞,"Water,Lightning",140+,擲1次硬幣若為正面，則增加140點傷害。若為反面，則在下個自己的回合，這隻寶可夢無法使用招式。,,,,,2,90,normal,G,ex初階牌組,SVD,5ban Graphics,,迷你龍 → 哈克龍 → 快龍 → 快龍GX → 快龍ex,"太晶,ex",B+,14.00,Base:5.0|Meta:0.0|Exp:2.0|Func:0.0|Syn:2.0|Eff:0.0|Dmg:5.0|Mod:1.00,"使用限制, 傷害防禦, 招式鎖定, 條件傷害, 硬幣判定",無
藏飽栗鼠ex,1階進化,9322,https://asia.pokemon-card.com/hk/card-img/hk00009322.png,寶可夢,260,Colorless,,,超貪心,Colorless,,查看自己的牌庫上方3張卡。將那些卡加入手牌。或者將那些卡丟棄，從自己的牌庫抽出3張卡。,滑落回轉,"Colorless,Colorless,Colorless",210,在下個自己的回合，這隻寶可夢無法使用「滑落回轉」。,,Fighting,,,2,100,normal,G,ex初階牌組,SVD,5ban Graphics,,貪心栗鼠 → 藏飽栗鼠 → 藏飽栗鼠ex,"太晶,ex",A,18.00,Base:5.0|Meta:0.0|Exp:2.0|Func:5.0|Syn:0.0|Eff:0.0|Dmg:6.0|Mod:1.00,"抽卡效果, 招式鎖定, 搜索效果",無
‌寶可夢中心的姐姐,,13111,https://asia.pokemon-card.com/hk/card-img/hk00013111.png,支援者卡,,,,,,,,將自己的1隻寶可夢恢復「60」HP，特殊狀態也全部恢復。,,,,,,,,,,214,promo,I,特典卡 朱&紫,SV,Tomowaka,,,,B+,15.00,Base:8.0|Meta:1.0|Exp:2.0|Func:2.0|Syn:2.0|Eff:0.0|Dmg:0.0|Mod:1.00,"回復效果, 狀態恢復",無
寶可夢交替,,4972,https://asia.pokemon-card.com/hk/card-img/hk00004972.png,物品卡,,,,,,,,將自己的戰鬥寶可夢與備戰寶可夢互換。,,,,在自己的回合時，物品卡可不限張數使用。,,,,,,141,normal,G,G超起始牌組「眾星雲集組合篇」,AC1D,Ryo Ueda,,,,A,17.00,Base:7.0|Meta:5.0|Exp:-1.0|Func:3.0|Syn:3.0|Eff:0.0|Dmg:0.0|Mod:1.00,切換效果,無
寶可夢捕捉器,,4973,https://asia.pokemon-card.com/hk/card-img/hk00004973.png,物品卡,,,,,,,,擲1次硬幣若為正面，則選擇對手的1隻備戰寶可夢，與戰鬥寶可夢互換。,,,,在自己的回合時，物品卡可不限張數使用。,,,,,,142,normal,G,G超起始牌組「眾星雲集組合篇」,AC1D,Toyste Beach,,,,B+,16.00,Base:7.0|Meta:3.0|Exp:-1.0|Func:5.0|Syn:2.0|Eff:0.0|Dmg:0.0|Mod:1.00,"切換效果, 硬幣判定",無
超夢ex,基礎,9825,https://asia.pokemon-card.com/hk/card-img/hk00009825.png,寶可夢,230,Lightning,,,轉移充能,Psychic,,從自己的棄牌區選擇最多2張「基本【超】能量」卡，以任意方式附於自己的寶可夢身上。,光子強念,"Psychic,Psychic",10+,增加自己的所有寶可夢身上附加的【超】能量的數量×30點傷害。,,Fighting,,,2,1,normal,G,起始組合 太晶 超夢ex,SVEM,aky CG Works,,超夢ex,"太晶,ex",B,12.00,Base:5.0|Meta:0.0|Exp:2.0|Func:3.0|Syn:0.0|Eff:0.0|Dmg:2.0|Mod:1.00,"備戰傷害加成, 搜索效果, 能量操作",無
代歐奇希斯,基礎,9830,https://asia.pokemon-card.com/hk/card-img/hk00009830.png,寶可夢,120,Psychic,,,精神拳,Psychic,30,,基因螺旋,"Psychic,Psychic,Psychic",120,將這隻寶可夢身上附加的所有能量卡，以任意方式改附於備戰寶可夢身上。,,Darkness,,Fighting,1,6,normal,G,起始組合 太晶 超夢ex,SVEM,Saya Tsuruta,宇宙病毒發生突變後變成了寶可夢。<br/>出現在極光的附近。,代歐奇希斯,,A,17.00,Base:5.0|Meta:0.0|Exp:2.0|Func:6.0|Syn:0.0|Eff:0.0|Dmg:4.0|Mod:1.00,能量操作,無
沙鐵皮,基礎,10948,https://asia.pokemon-card.com/hk/card-img/hk00010948.png,寶可夢,120,Fighting,,,磁場炸裂,Fighting,20+,若自己的場上的能量有3個以上，則增加70點傷害。這個招式的傷害不計算弱點。,力量寶石,"Fighting,Colorless",60,,,Grass,,,2,9,normal,H,起始組合「古代故勒頓ex」,SVHK,DOM,無捕獲紀錄。資料不足。其特徵與某本探險記裡<br/><br/>所記載的生物一致。,沙鐵皮,,B+,15.00,Base:5.0|Meta:0.0|Exp:2.0|Func:2.0|Syn:4.0|Eff:0.0|Dmg:2.0|Mod:1.00,"條件傷害, 無視弱點/效果",無
寶可夢旋風回收機,,11377,https://asia.pokemon-card.com/hk/card-img/hk00011377.png,物品卡,,,,,,,,選擇1隻自己的場上寶可夢，將那隻寶可夢與附加的卡，全部放回手牌。,,,,,,,,,,93,normal,H,擴充包「變幻假面」,SV6,Toyste Beach,,,,B+,16.00,Base:7.0|Meta:0.0|Exp:3.0|Func:1.0|Syn:5.0|Eff:0.0|Dmg:0.0|Mod:1.00,其他效果,無
鐵臂膀,基礎,10991,https://asia.pokemon-card.com/hk/card-img/hk00010991.png,寶可夢,140,Lightning,,,衝擊波,"Lightning,Colorless",30,擲1次硬幣若為正面，則將對手的戰鬥寶可夢【麻痺】。,超合金之手,"Lightning,Lightning,Colorless",80+,若對手的戰鬥寶可夢為「寶可夢【ex】・【V】」，則增加80點傷害。,,Fighting,,,3,4,normal,H,起始組合「未來密勒頓ex」,SVHM,Souichirou Gunjima,與某本探險記裡記載的一種叫做鐵臂膀的物體<br/><br/>有許多相似處的寶可夢。,鐵臂膀,,B+,15.00,Base:5.0|Meta:0.0|Exp:2.0|Func:2.0|Syn:2.0|Eff:0.0|Dmg:4.0|Mod:1.00,"條件傷害, 狀態異常, 硬幣判定",無
新葉喵ex,基礎,12184,https://asia.pokemon-card.com/hk/card-img/hk00012184.png,寶可夢,200,Grass,,,抓,Colorless,20,,魔法葉,"Grass,Colorless,Colorless",100,將這隻寶可夢恢復「30」HP。,,Fire,,,1,2,normal,H,Trianers Camp,SVI,takuyoa,,新葉喵ex,ex,B,12.00,Base:5.0|Meta:0.0|Exp:2.0|Func:2.0|Syn:0.0|Eff:0.0|Dmg:3.0|Mod:1.00,回復效果,無
電龍,2階進化,12207,https://asia.pokemon-card.com/hk/card-img/hk00012207.png,寶可夢,160,Lightning,,,雷電球,"Lightning,Colorless",110,,,,,,,Fighting,,,2,21,normal,H,Trianers Camp,SVI,GIDORA,尾巴發出的耀眼光芒<br/>被船員們當成引路的路標，<br/>從過去就一直深受重視。,咩利羊 → 茸茸羊 → 電龍 → 電龍GX → 電龍ex,,C+,10.00,Base:5.0|Meta:0.0|Exp:2.0|Func:0.0|Syn:0.0|Eff:0.0|Dmg:3.0|Mod:1.00,無,無
墓揚犬ex,1階進化,12215,https://asia.pokemon-card.com/hk/card-img/hk00012215.png,寶可夢,260,Psychic,,,恐怖獠牙,"Psychic,Colorless,Colorless",100+,擲硬幣直到出現反面，增加正面出現的次數×20點傷害。,,,,,,Darkness,,Fighting,3,28,normal,H,Trianers Camp,SVI,takuyoa,,墓仔狗 → 墓揚犬ex → 墓揚犬,ex,B,12.00,Base:5.0|Meta:0.0|Exp:2.0|Func:0.0|Syn:0.0|Eff:0.0|Dmg:5.0|Mod:1.00,硬幣判定,無
墓揚犬ex,1階進化,8862,https://asia.pokemon-card.com/hk/card-img/hk00008862.png,寶可夢,260,Psychic,,,咬緊,Psychic,30,在下個對手的回合，受到這個招式的寶可夢無法撤退。,掃墓,"Psychic,Colorless,Colorless",160+,增加自己的棄牌區的【超】寶可夢卡的張數×10點傷害。,,Darkness,,Fighting,3,7,normal,G,ex特別組合,SVP1,5ban Graphics,,墓仔狗 → 墓揚犬ex → 墓揚犬,ex,B+,15.00,Base:5.0|Meta:0.0|Exp:2.0|Func:2.0|Syn:0.0|Eff:0.0|Dmg:6.0|Mod:1.00,"撤退封鎖, 棄牌區傷害加成",撤退效果
達克萊伊ex,基礎,12221,https://asia.pokemon-card.com/hk/card-img/hk00012221.png,寶可夢,210,Darkness,,,暗之風,"Darkness,Colorless",40,,暗黑衝擊,"Darkness,Darkness,Colorless",110,,,Grass,,,2,34,normal,H,Trianers Camp,SVI,5ban Graphics,,達克萊伊ex,ex,C+,10.00,Base:5.0|Meta:0.0|Exp:2.0|Func:0.0|Syn:0.0|Eff:0.0|Dmg:3.0|Mod:1.00,無,無
寶可夢聯盟總部,,9619,https://asia.pokemon-card.com/hk/card-img/hk00009619.png,競技場卡,,,,,,,,雙方場上【基礎】寶可夢使用招式所需的能量，各增加1個【無】能量。,,,,在自己的回合時，可將1張競技場卡放置於戰鬥場旁邊。若其他競技場卡被放置，則將這張卡丟棄。不可放置名稱相同的競技場卡。,,,,,,108,normal,G,擴充包「黯焰支配者」,SV3,Oswaldo KATO,,,,B+,14.00,Base:6.0|Meta:0.0|Exp:2.0|Func:2.0|Syn:4.0|Eff:0.0|Dmg:0.0|Mod:1.00,能量需求增加,競技場效果
寶可齒輪3.0,,3276,https://asia.pokemon-card.com/hk/card-img/hk00003276.png,物品卡,,,,,,,,從自己的牌庫上方抽出7張並查看。可將其中的1張支援者卡，在給對手看過後加入手牌。將剩餘卡放回牌庫並重洗。,,,,在自己的回合時，物品卡可不限張數使用。,,,,,,153,normal,G,擴充包「雙倍爆擊」SET A,AS5a,Studio Bora Inc.,,,,A+,20.00,Base:7.0|Meta:5.0|Exp:0.0|Func:8.0|Syn:0.0|Eff:0.0|Dmg:0.0|Mod:1.00,"抽卡效果, 搜索效果, 牌庫操作",無
覺醒戰鼓,,10859,https://asia.pokemon-card.com/hk/card-img/hk00010859.png,物品卡,,,,,,,,從牌庫抽出與自己的場上的「古代」寶可夢相同數量的卡。,,,,,,,,,,62,normal,H,擴充包「狂野之力」,SV5K,Toyste Beach,,,,B+,14.00,Base:7.0|Meta:0.0|Exp:2.0|Func:3.0|Syn:2.0|Eff:0.0|Dmg:0.0|Mod:1.00,"抽卡效果, 搜索效果",無
敗露球菇ex,1階進化,12618,https://asia.pokemon-card.com/hk/card-img/hk00012618.png,寶可夢,260,Grass,,,孢子彈,Grass,30,將對手的戰鬥寶可夢【睡眠】。,蘑菇橫掃,"Grass,Colorless",100+,擲1次硬幣若為正面，則增加80點傷害。,,Fire,,,2,10,normal,H,雙ex初階牌組 Generations,SVM,PLANETA Mochizuki,,哎呀球菇 → 敗露球菇 → 敗露球菇ex,ex,A,19.00,Base:5.0|Meta:0.0|Exp:2.0|Func:2.0|Syn:5.0|Eff:0.0|Dmg:5.0|Mod:1.00,"條件傷害, 狀態異常, 硬幣判定",無
火焰雞ex,2階進化,12624,https://asia.pokemon-card.com/hk/card-img/hk00012624.png,寶可夢,320,Fire,沸騰鬥志,在自己的回合時可使用1次。從自己的棄牌區選擇1張基本能量卡，附於自己的寶可夢身上。,燃燒旋踢,"Fire,Colorless",200,在下個自己的回合，這隻寶可夢無法使用招式。,,,,,,Water,,,2,16,normal,H,雙ex初階牌組 Generations,SVM,takuyoa,,火稚雞 → 力壯雞 → 火焰雞 → 火焰雞GX → 火焰雞ex,ex,B+,15.00,Base:5.0|Meta:0.0|Exp:2.0|Func:2.0|Syn:0.0|Eff:0.0|Dmg:6.0|Mod:1.00,"使用限制, 招式鎖定, 搜索效果",無
雷吉艾斯,基礎,12644,https://asia.pokemon-card.com/hk/card-img/hk00012644.png,寶可夢,120,Water,,,冰柱,"Water,Colorless",30,,暴風雪,"Water,Colorless,Colorless",90,對手的所有備戰寶可夢也各受到10點傷害。[在備戰區不計算弱點・抵抗力。],,Metal,,,3,36,normal,H,雙ex初階牌組 Generations,SVM,Takumi Wada,能操控降至零下２００度<br/>的寒氣，將靠近牠的東西<br/>都在一瞬間就冰封起來。,雷吉艾斯,,B,13.00,Base:5.0|Meta:0.0|Exp:2.0|Func:3.0|Syn:0.0|Eff:0.0|Dmg:3.0|Mod:1.00,連鎖傷害,無
蓋歐卡ex,基礎,12645,https://asia.pokemon-card.com/hk/card-img/hk00012645.png,寶可夢,230,Water,,,蜿蜒浪,"Water,Colorless,Colorless",80,若希望，將對手的戰鬥寶可夢與備戰寶可夢互換。[由對手選擇放置於戰鬥場的寶可夢。],潮汐巨浪,"Water,Water,Colorless,Colorless",230,選擇2個這隻寶可夢身上附加的能量，將其丟棄。,,Lightning,,,3,37,normal,H,雙ex初階牌組 Generations,SVM,takuyoa,,蓋歐卡ex,ex,S,23.00,Base:5.0|Meta:0.0|Exp:2.0|Func:8.0|Syn:2.0|Eff:0.0|Dmg:6.0|Mod:1.00,"切換效果, 能量操作",無
阿羅拉 小拳石,基礎,12647,https://asia.pokemon-card.com/hk/card-img/hk00012647.png,寶可夢,60,Lightning,,,拳骨,Colorless,10,,小電氣,"Lightning,Colorless",30,,,Fighting,,,2,39,normal,H,雙ex初階牌組 Generations,SVM,svlt,如果踩到在地面睡覺的小拳石，<br/>就會發出叮──的響聲，<br/>全身會一下子變得麻痺。,阿羅拉 小拳石 → 阿羅拉 隆隆石 → 阿羅拉 隆隆岩GX → 阿羅拉 隆隆岩,,C,8.00,Base:5.0|Meta:0.0|Exp:2.0|Func:0.0|Syn:0.0|Eff:0.0|Dmg:1.0|Mod:1.00,無,無
阿羅拉 隆隆石,1階進化,12648,https://asia.pokemon-card.com/hk/card-img/hk00012648.png,寶可夢,100,Lightning,,,滾動衝撞,Colorless,30,,麻麻拳,"Lightning,Colorless",50,,,Fighting,,,3,40,normal,H,雙ex初階牌組 Generations,SVM,HYOGONOSUKE,受到愛吃的石頭影響，<br/>牠的全身都帶著電。<br/>性格非常好鬥。,阿羅拉 小拳石 → 阿羅拉 隆隆石 → 阿羅拉 隆隆岩GX → 阿羅拉 隆隆岩,,C,8.00,Base:5.0|Meta:0.0|Exp:2.0|Func:0.0|Syn:0.0|Eff:0.0|Dmg:1.0|Mod:1.00,無,無
阿羅拉 隆隆岩,2階進化,12649,https://asia.pokemon-card.com/hk/card-img/hk00012649.png,寶可夢,180,Lightning,,,電磁彈射台,Lightning,70×,擲硬幣直到出現反面，造成正面出現的次數×70點傷害。,百萬噸墜落,"Lightning,Colorless",160,這隻寶可夢也受到40點傷害。,,Fighting,,,4,41,normal,H,雙ex初階牌組 Generations,SVM,Takeshi Nakamura,發射出帶著電的岩石。<br/>即使沒有擊中，只是擦到就能<br/>令對手因麻痺而失去意識。,阿羅拉 小拳石 → 阿羅拉 隆隆石 → 阿羅拉 隆隆岩GX → 阿羅拉 隆隆岩,,B,13.00,Base:5.0|Meta:0.0|Exp:2.0|Func:0.0|Syn:0.0|Eff:0.0|Dmg:6.0|Mod:1.00,"傷害效果, 反噬傷害, 硬幣判定",無
阿羅拉 嘎啦嘎啦,1階進化,12655,https://asia.pokemon-card.com/hk/card-img/hk00012655.png,寶可夢,120,Psychic,,,報仇,Psychic,30+,在上個對手的回合，若自己的寶可夢因招式的傷害而【昏厥】了，則增加90點傷害。,鬼火,"Psychic,Colorless,Colorless",90,,,Darkness,,Fighting,2,47,normal,H,雙ex初階牌組 Generations,SVM,Uta,會點燃手上的骨頭，<br/>通宵達旦地跳著<br/>憑弔夥伴的舞蹈。,卡拉卡拉 → 嘎啦嘎啦 → 阿羅拉 嘎啦嘎啦 → 阿羅拉 嘎啦嘎啦GX,,B+,14.00,Base:5.0|Meta:0.0|Exp:2.0|Func:2.0|Syn:2.0|Eff:0.0|Dmg:3.0|Mod:1.00,"昏厥條件, 條件傷害",無
粉香香,基礎,12656,https://asia.pokemon-card.com/hk/card-img/hk00012656.png,寶可夢,60,Psychic,,,妖精之風,Psychic,20,,,,,,,Metal,,,1,48,normal,H,雙ex初階牌組 Generations,SVM,ryoma uratsuka,用體內的香囊製造香氣的寶可夢。<br/>如果更換餵給牠的食物，<br/>製造出的香氣也會隨之改變。,粉香香 → 芳香精,,C,7.00,Base:5.0|Meta:0.0|Exp:2.0|Func:0.0|Syn:0.0|Eff:0.0|Dmg:0.0|Mod:1.00,無,無
芳香精,1階進化,12657,https://asia.pokemon-card.com/hk/card-img/hk00012657.png,寶可夢,120,Psychic,,,芬香壓制,"Psychic,Colorless",60,將對手的戰鬥寶可夢【混亂】。,,,,,,Metal,,,1,49,normal,H,雙ex初階牌組 Generations,SVM,Wintr Wandr,由於牠會不斷從體毛裡<br/>散發出強烈的香氣，<br/>導致夥伴訓練家的嗅覺失靈。,粉香香 → 芳香精,,B,11.00,Base:5.0|Meta:0.0|Exp:2.0|Func:2.0|Syn:0.0|Eff:0.0|Dmg:2.0|Mod:1.00,狀態異常,無
哲爾尼亞斯ex,基礎,12660,https://asia.pokemon-card.com/hk/card-img/hk00012660.png,寶可夢,210,Psychic,,,極光束,"Psychic,Colorless",50,,上升角擊,"Psychic,Psychic,Colorless",120+,若對手的戰鬥寶可夢為「寶可夢【ex】」，則增加100點傷害。,,Metal,,,1,52,normal,H,雙ex初階牌組 Generations,SVM,PLANETA Igarashi,,哲爾尼亞斯ex,ex,B+,16.00,Base:5.0|Meta:0.0|Exp:2.0|Func:2.0|Syn:2.0|Eff:0.0|Dmg:5.0|Mod:1.00,條件傷害,無
霜奶仙ex,1階進化,12668,https://asia.pokemon-card.com/hk/card-img/hk00012668.png,寶可夢,250,Psychic,甜點之禮,在自己的回合時可使用1次。將自己的1隻寶可夢恢復「30」HP。,奶泡射擊,"Psychic,Colorless,Colorless",160,,,,,,,Metal,,,2,60,normal,H,雙ex初階牌組 Generations,SVM,PLANETA Mochizuki,,小仙奶 → 霜奶仙 → 霜奶仙ex,ex,B+,14.00,Base:5.0|Meta:0.0|Exp:2.0|Func:2.0|Syn:0.0|Eff:0.0|Dmg:5.0|Mod:1.00,回復效果,無
帝牙盧卡ex,基礎,12691,https://asia.pokemon-card.com/hk/card-img/hk00012691.png,寶可夢,220,Metal,,,時空吶喊,Metal,20,從自己的牌庫抽出1張卡。,金屬爆破,"Colorless,Colorless,Colorless",100+,增加這隻寶可夢身上附加的【鋼】能量的數量×20點傷害。,,Fire,,Grass,2,83,normal,H,雙ex初階牌組 Generations,SVM,PLANETA Tsuji,,帝牙盧卡ex,ex,A,18.00,Base:5.0|Meta:0.0|Exp:2.0|Func:6.0|Syn:0.0|Eff:0.0|Dmg:5.0|Mod:1.00,"備戰傷害加成, 抽卡效果, 搜索效果, 能量操作",無
伽勒爾 泥巴魚,基礎,12693,https://asia.pokemon-card.com/hk/card-img/hk00012693.png,寶可夢,100,Metal,,,擲泥,"Colorless,Colorless",40,,飛撲啃咬,"Colorless,Colorless,Colorless",100,這隻寶可夢也受到30點傷害。,,Fire,,Grass,2,85,normal,H,雙ex初階牌組 Generations,SVM,Aya Kusube,棲息在富含鐵質的<br/>泥巴裡，因此獲得了<br/>結實堅固的鋼鐵身軀。,伽勒爾 泥巴魚,,C+,10.00,Base:5.0|Meta:0.0|Exp:2.0|Func:0.0|Syn:0.0|Eff:0.0|Dmg:3.0|Mod:1.00,反噬傷害,無
蒼響ex,基礎,12697,https://asia.pokemon-card.com/hk/card-img/hk00012697.png,寶可夢,220,Metal,,,鋼鐵武器,Colorless,20,從自己的牌庫選擇1張「基本【鋼】能量」卡，附於這隻寶可夢身上。並且重洗牌庫。,猛擊在地,"Metal,Metal,Colorless",210,在下個自己的回合，這隻寶可夢無法使用「猛擊在地」。,,Fire,,Grass,2,89,normal,H,雙ex初階牌組 Generations,SVM,PLANETA Mochizuki,,蒼響ex,ex,B+,16.00,Base:5.0|Meta:0.0|Exp:2.0|Func:3.0|Syn:0.0|Eff:0.0|Dmg:6.0|Mod:1.00,"招式鎖定, 搜索效果",無
‌喵喵,基礎,12699,https://asia.pokemon-card.com/hk/card-img/hk00012699.png,寶可夢,70,Colorless,,,亂抓,"Colorless,Colorless",20×,擲3次硬幣，造成正面出現的次數×20點傷害。,,,,,,Fighting,,,1,91,normal,H,雙ex初階牌組 Generations,SVM,sui,非常喜歡耀眼的發光物。<br/>找到發光物時，不知為何<br/>額頭的金幣也會跟著發光。,喵喵 → 貓老大 → 貓老大GX,,C+,9.00,Base:5.0|Meta:0.0|Exp:2.0|Func:0.0|Syn:0.0|Eff:0.0|Dmg:2.0|Mod:1.00,"傷害效果, 硬幣判定",無
卡比獸ex,基礎,12702,https://asia.pokemon-card.com/hk/card-img/hk00012702.png,寶可夢,260,Colorless,,,怪力,"Colorless,Colorless,Colorless",80,,翻身壓制,"Colorless,Colorless,Colorless,Colorless",120×,擲3次硬幣，造成正面出現的次數×120點傷害。,,Fighting,,,4,94,normal,H,雙ex初階牌組 Generations,SVM,N-DESIGN Inc.,,卡比獸ex,ex,B+,15.00,Base:5.0|Meta:0.0|Exp:2.0|Func:0.0|Syn:0.0|Eff:0.0|Dmg:8.0|Mod:1.00,"傷害效果, 硬幣判定",無
洛奇亞ex,基礎,12705,https://asia.pokemon-card.com/hk/card-img/hk00012705.png,寶可夢,220,Colorless,,,破壞潮旋,"Colorless,Colorless,Colorless",140,擲硬幣直到出現反面，選擇與正面出現的次數相同數量的對手的戰鬥寶可夢身上附加的能量，將其丟棄。,,,,,,Lightning,,Fighting,2,97,normal,H,雙ex初階牌組 Generations,SVM,5ban Graphics,,洛奇亞ex,ex,B+,16.00,Base:5.0|Meta:0.0|Exp:2.0|Func:5.0|Syn:0.0|Eff:0.0|Dmg:4.0|Mod:1.00,"硬幣判定, 能量操作",丟棄效果
鐵之防禦強化,,14260,https://asia.pokemon-card.com/hk/card-img/hk00014260.png,物品卡,,,,,,,,在下個對手的回合，自己的所有【鋼】寶可夢，受到對手的寶可夢招式的傷害「-30」點。（包含新上場的寶可夢。）,,,,,,,,,,57,normal,I,擴充包「超級勇氣」,M1L,Studio Bora Inc.,,,,C,8.00,Base:7.0|Meta:0.0|Exp:-1.0|Func:2.0|Syn:0.0|Eff:0.0|Dmg:0.0|Mod:1.00,"全體防禦, 屬性防禦",無
<大吾的>天秤偶,基礎,13124,https://asia.pokemon-card.com/hk/card-img/hk00013124.png,寶可夢,60,Psychic,,,召集標誌,Colorless,,從自己的牌庫選擇最多2張【基礎】寶可夢的「大吾的寶可夢」，放置於備戰區。並且重洗牌庫。,‌念動彈,Psychic,20,,,Darkness,,Fighting,1,1,normal,I,挑戰牌組 大吾的鐵啞鈴&巨金怪ex,SVOD,Tonji Matsuno,在古代遺跡被發現。<br/>會一邊旋轉一邊移動。<br/>晚上睡覺的時候也是單腳站著。,<大吾的>天秤偶,,C+,9.00,Base:5.0|Meta:0.0|Exp:2.0|Func:2.0|Syn:0.0|Eff:0.0|Dmg:0.0|Mod:1.00,搜索效果,放置效果
<大吾的>念力土偶,1階進化,13125,https://asia.pokemon-card.com/hk/card-img/hk00013125.png,寶可夢,120,Psychic,,,不祥之光,Psychic,20,將對手的戰鬥寶可夢【混亂】。,黏土爆破,"Psychic,Psychic,Colorless",220,將這隻寶可夢身上附加的能量卡全部丟棄。,,Darkness,,Fighting,2,2,normal,I,挑戰牌組 大吾的鐵啞鈴&巨金怪ex,SVOD,nagimiso,似乎是從古代人做的<br/>泥偶誕生而來的寶可夢。<br/>能靠念力飄浮在空中移動。,<大吾的>念力土偶,,A+,20.00,Base:5.0|Meta:0.0|Exp:2.0|Func:5.0|Syn:2.0|Eff:0.0|Dmg:6.0|Mod:1.00,"狀態異常, 能量操作",無
<大吾的>小碎鑽,基礎,13126,https://asia.pokemon-card.com/hk/card-img/hk00013126.png,寶可夢,80,Psychic,岩石宮殿,只要這隻寶可夢在備戰區，自己的所有「大吾的寶可夢」受到對手的寶可夢招式的傷害「-30」點。無論有多少隻擁有這個特性的寶可夢，這個效果也不會重複。,魔法射擊,"Psychic,Colorless,Colorless",80,,,,,,,Metal,,,2,3,normal,I,挑戰牌組 大吾的鐵啞鈴&巨金怪ex,SVOD,Ligton,出生後的幾億年之間<br/>一直在地底下沉睡。<br/>挖掘洞窟時偶爾會挖到。,<大吾的>小碎鑽,,B,12.00,Base:5.0|Meta:0.0|Exp:2.0|Func:3.0|Syn:0.0|Eff:0.0|Dmg:2.0|Mod:1.00,特定寶可夢防禦,特性效果
<大吾的>盔甲鳥,基礎,13128,https://asia.pokemon-card.com/hk/card-img/hk00013128.png,寶可夢,120,Metal,,,銳利羽,"Colorless,Colorless",30,,雙音波,"Metal,Metal,Colorless",,對手的2隻寶可夢各受到50點傷害。[在備戰區不計算弱點・抵抗力。],,Lightning,,Fighting,1,5,normal,I,挑戰牌組 大吾的鐵啞鈴&巨金怪ex,SVOD,Nisota Niso,鐵的身體雖然看起來結實沉重，<br/>但其實又薄又輕，因此牠的<br/>飛行速度可達時速３００公里。,<大吾的>盔甲鳥,,B,11.00,Base:5.0|Meta:0.0|Exp:2.0|Func:3.0|Syn:0.0|Eff:0.0|Dmg:1.0|Mod:1.00,連鎖傷害,無
<大吾的>鐵啞鈴,基礎,13129,https://asia.pokemon-card.com/hk/card-img/hk00013129.png,寶可夢,70,Metal,,,衝撞,"Metal,Colorless",30,,,,,,,Fire,,Grass,1,6,normal,I,挑戰牌組 大吾的鐵啞鈴&巨金怪ex,SVOD,Takeshi Nakamura,會讓身上發出的磁力和<br/>地上的磁力相互排斥，<br/>藉此飄浮在空中。,<大吾的>鐵啞鈴,,C,8.00,Base:5.0|Meta:0.0|Exp:2.0|Func:0.0|Syn:0.0|Eff:0.0|Dmg:1.0|Mod:1.00,無,無
<大吾的>金屬怪,1階進化,13130,https://asia.pokemon-card.com/hk/card-img/hk00013130.png,寶可夢,100,Metal,,,金屬斬,"Metal,Colorless",70,在下個自己的回合，這隻寶可夢無法使用招式。,,,,,,Fire,,Grass,2,7,normal,I,挑戰牌組 大吾的鐵啞鈴&巨金怪ex,SVOD,Anesaki Dynamic,由２隻鐵啞鈴組合而成。<br/>因為２個大腦互相連結，<br/>所以精神力量變得更強了。,<大吾的>金屬怪,,C+,9.00,Base:5.0|Meta:0.0|Exp:2.0|Func:0.0|Syn:0.0|Eff:0.0|Dmg:2.0|Mod:1.00,"使用限制, 招式鎖定",無
<大吾的>巨金怪ex,2階進化,13131,https://asia.pokemon-card.com/hk/card-img/hk00013131.png,寶可夢,340,Metal,X啟動,在自己的回合時可使用1次。從自己的牌庫選擇「基本【超】能量」卡與「基本【鋼】能量」卡最多各1張，以任意方式附於自己的【超】或者【鋼】寶可夢身上。並且重洗牌庫。,金屬踩踏,"Metal,Colorless,Colorless",200,,,,,,,Fire,,Grass,3,8,normal,I,挑戰牌組 大吾的鐵啞鈴&巨金怪ex,SVOD,PLANETA Mochizuki,,<大吾的>巨金怪ex,ex,B+,16.00,Base:5.0|Meta:0.0|Exp:2.0|Func:3.0|Syn:0.0|Eff:0.0|Dmg:6.0|Mod:1.00,搜索效果,無
釀光市,,13092,https://asia.pokemon-card.com/hk/card-img/hk00013092.png,競技場卡,,,,,,,,雙方玩家在每個自己的回合時，可使用1次，可從自己的棄牌區選擇最多2張「基本【雷】能量」卡，在給對手看過後加入手牌。,,,,,,,,,,98,normal,I,擴充包「對戰搭檔」,SV9,MARINA Chikazawa,,,,B+,14.00,Base:6.0|Meta:0.0|Exp:3.0|Func:5.0|Syn:0.0|Eff:0.0|Dmg:0.0|Mod:1.00,搜索效果,無
<瑪俐的>扒手貓,基礎,13147,https://asia.pokemon-card.com/hk/card-img/hk00013147.png,寶可夢,60,Darkness,,,鋒利爪,Darkness,20+,若對手的戰鬥寶可夢為「寶可夢【ex】」，則增加40點傷害。,,,,,,Grass,,,1,1,normal,I,挑戰牌組 瑪俐的莫魯貝可&長毛巨魔ex,SVOM,REND,會用可愛的動作讓對手放下戒心，<br/>趁對方靠過來時冷不防用爪子<br/>猛抓，然後得意地大笑。,<瑪俐的>扒手貓,,B,13.00,Base:5.0|Meta:0.0|Exp:2.0|Func:2.0|Syn:2.0|Eff:0.0|Dmg:2.0|Mod:1.00,條件傷害,無
<瑪俐的>酷豹,1階進化,13148,https://asia.pokemon-card.com/hk/card-img/hk00013148.png,寶可夢,100,Darkness,,,鋒利利爪,"Darkness,Darkness",70+,若對手的戰鬥寶可夢為「寶可夢【ex】」，則增加70點傷害。,,,,,,Grass,,,1,2,normal,I,挑戰牌組 瑪俐的莫魯貝可&長毛巨魔ex,SVOM,Hasuno,和狐大盜爭搶地盤。<br/>能夠悄無聲息地<br/>從背後偷偷靠近獵物。,<瑪俐的>酷豹,,B+,15.00,Base:5.0|Meta:0.0|Exp:2.0|Func:2.0|Syn:2.0|Eff:0.0|Dmg:4.0|Mod:1.00,條件傷害,無
<瑪俐的>滑滑小子,基礎,13149,https://asia.pokemon-card.com/hk/card-img/hk00013149.png,寶可夢,70,Darkness,,,咬碎,"Darkness,Darkness,Colorless",50,選擇1個對手的戰鬥寶可夢身上附加的能量，將其丟棄。,,,,,,Grass,,,1,3,normal,I,挑戰牌組 瑪俐的莫魯貝可&長毛巨魔ex,SVOM,Teeziro,會把鬆垮垮的皮拉到脖子上<br/>來保護自己。皮越是鬆垮的<br/>滑滑小子，地位似乎就越高。,<瑪俐的>滑滑小子,,B,13.00,Base:5.0|Meta:0.0|Exp:2.0|Func:5.0|Syn:0.0|Eff:0.0|Dmg:1.0|Mod:1.00,能量操作,丟棄效果
<瑪俐的>頭巾混混,1階進化,13150,https://asia.pokemon-card.com/hk/card-img/hk00013150.png,寶可夢,120,Darkness,,,後踢,Darkness,40,,狂野衝撞,"Darkness,Darkness,Colorless",160,這隻寶可夢也受到30點傷害。,,Grass,,,2,4,normal,I,挑戰牌組 瑪俐的莫魯貝可&長毛巨魔ex,SVOM,Kazumasa Yasukuni,會成群結隊去擊垮<br/>進到地盤裡的對手。<br/>能從口中吐出酸性的體液。,<瑪俐的>頭巾混混,,B,12.00,Base:5.0|Meta:0.0|Exp:2.0|Func:0.0|Syn:0.0|Eff:0.0|Dmg:5.0|Mod:1.00,反噬傷害,無
<瑪俐的>搗蛋小妖,基礎,13151,https://asia.pokemon-card.com/hk/card-img/hk00013151.png,寶可夢,70,Darkness,,,偷盜,Colorless,,從自己的牌庫抽出1張卡。,推擊,Darkness,10,,,Grass,,,1,5,normal,I,挑戰牌組 瑪俐的莫魯貝可&長毛巨魔ex,SVOM,KEIICHIRO ITO,之所以會欺負與自己親密<br/>的對象，是因為如果不攝取<br/>負面情緒，就會變得很煩躁。,<瑪俐的>搗蛋小妖,,C+,10.00,Base:5.0|Meta:0.0|Exp:2.0|Func:3.0|Syn:0.0|Eff:0.0|Dmg:0.0|Mod:1.00,"抽卡效果, 搜索效果",無
<瑪俐的>詐唬魔,1階進化,13152,https://asia.pokemon-card.com/hk/card-img/hk00013152.png,寶可夢,100,Darkness,,,推擊,"Darkness,Darkness",60,,,,,,,Grass,,,1,6,normal,I,挑戰牌組 瑪俐的莫魯貝可&長毛巨魔ex,SVOM,NC Empire,牠之所以喜歡採取偷襲<br/>之類的卑鄙戰術，是因為<br/>牠對自己的肌力沒信心。,<瑪俐的>詐唬魔,,C+,9.00,Base:5.0|Meta:0.0|Exp:2.0|Func:0.0|Syn:0.0|Eff:0.0|Dmg:2.0|Mod:1.00,無,無
<瑪俐的>長毛巨魔ex,2階進化,13153,https://asia.pokemon-card.com/hk/card-img/hk00013153.png,寶可夢,320,Darkness,龐克練肌,在自己的回合，從手牌使出這張卡並完成進化時，可使用1次。從自己的牌庫選擇最多5張「基本【惡】能量」卡，以任意方式附於自己的「瑪俐的寶可夢」身上。並且重洗牌庫。,暗影子彈,"Darkness,Darkness",180,對手的1隻備戰寶可夢也受到30點傷害。[在備戰區不計算弱點・抵抗力。],,,,,,Grass,,,2,7,normal,I,挑戰牌組 瑪俐的莫魯貝可&長毛巨魔ex,SVOM,PLANETA Mochizuki,,<瑪俐的>長毛巨魔ex,ex,A+,22.00,Base:5.0|Meta:0.0|Exp:2.0|Func:10.0|Syn:0.0|Eff:0.0|Dmg:5.0|Mod:1.00,"搜索效果, 連鎖傷害",進化效果
<瑪俐的>莫魯貝可,基礎,13154,https://asia.pokemon-card.com/hk/card-img/hk00013154.png,寶可夢,70,Darkness,,,扣殺輪,"Colorless,Colorless,Colorless",20+,增加這隻寶可夢身上附加的【惡】能量的數量×40點傷害。,,,,,,Grass,,,0,8,normal,I,挑戰牌組 瑪俐的莫魯貝可&長毛巨魔ex,SVOM,Mina Nakai,總是靠吃種子來抑制飢餓感。<br/>但若是餓肚子餓過了頭，<br/>就會心煩意亂，變得粗暴。,<瑪俐的>莫魯貝可,,B,12.00,Base:5.0|Meta:0.0|Exp:2.0|Func:3.0|Syn:0.0|Eff:0.0|Dmg:2.0|Mod:1.00,"備戰傷害加成, 能量操作",無
觀光客,,3984,https://asia.pokemon-card.com/hk/card-img/hk00003984.png,支援者卡,,,,,,,,從牌庫抽卡直到自己的手牌滿5張為止。若希望，可在從牌庫抽卡前，將自己的任意數量的手牌丟到棄牌區。,,,,在自己的回合時，支援者卡只可使用1張。,,,,,,162,normal,G,G超起始牌組「雙倍爆擊」,AS5D,Naoki Saito,,,,A,17.00,Base:8.0|Meta:1.0|Exp:0.0|Func:6.0|Syn:2.0|Eff:0.0|Dmg:0.0|Mod:1.00,抽卡效果,無
巴布土撥ex,2階進化,8860,https://asia.pokemon-card.com/hk/card-img/hk00008860.png,寶可夢,300,Lightning,,,電氣踢,Lightning,60,,閃電強襲,"Lightning,Lightning",,將2個這隻寶可夢身上附加的【雷】能量丟棄，對手的1隻寶可夢受到220點傷害。[在備戰區不計算弱點・抵抗力。],,Fighting,,,0,5,normal,G,ex特別組合,SVP1,aky CG Works,,布撥 → 布土撥 → 巴布土撥 → 巴布土撥ex,ex,B+,15.00,Base:5.0|Meta:0.0|Exp:2.0|Func:6.0|Syn:0.0|Eff:0.0|Dmg:2.0|Mod:1.00,"能量操作, 連鎖傷害",丟棄效果
鳳王,基礎,11993,https://asia.pokemon-card.com/hk/card-img/hk00011993.png,寶可夢,130,Fire,,,羽擊,"Fire,Colorless",50,,閃耀火焰,"Fire,Fire,Colorless",100+,若自己的備戰區有「太晶」寶可夢，則增加100點傷害。,,Lightning,,Fighting,2,3,normal,H,ex特別組合 太晶屬性：星晶 蒼炎刃鬼ex,SVPS,kodama,記載於神話中的寶可夢。 據說牠的身體閃耀著七彩光芒， 飛過的地方會形成彩虹。,鳳王,,B+,15.00,Base:5.0|Meta:0.0|Exp:2.0|Func:1.0|Syn:2.0|Eff:0.0|Dmg:5.0|Mod:1.00,條件傷害,無
雷吉斯奇魯,基礎,11998,https://asia.pokemon-card.com/hk/card-img/hk00011998.png,寶可夢,130,Metal,,,激怒之錘,"Metal,Colorless",60+,增加這隻寶可夢身上放置的傷害指示物的數量×10點傷害。,,,,,,Fire,,Grass,3,8,normal,H,ex特別組合 太晶屬性：星晶 蒼炎刃鬼ex,SVPS,Shiburingaru,構成牠身體的神奇物質<br/><br/>具有能夠伸縮的柔軟性，<br/><br/>但卻比任何金屬都還要堅韌。,雷吉斯奇魯,,C+,10.00,Base:5.0|Meta:0.0|Exp:2.0|Func:0.0|Syn:0.0|Eff:0.0|Dmg:3.0|Mod:1.00,"備戰傷害加成, 傷害指示物",無
